text_id	suddenness	familiarity	predict_event	pleasantness	unpleasantness	goal_relevance	chance_responsblt	self_responsblt	other_responsblt	predict_conseq	goal_support	urgency	self_control	other_control	chance_control	accept_conseq	standards	social_norms	attention	not_consider	effort
21	0.7703664	0.3580967	0.33854425	0.814806	0.36586645	0.4705689	0.30251464	0.33194354	0.99230945	0.64333963	0.3523612	0.63235444	0.45075127	0.99842435	0.2729457	0.65872943	0.3211873	0.19604775	0.61505	0.362848	0.44439805
23	1.1310799	0.20823325	0.26521757	0.21721208	0.985046	0.6802886	0.4507376	0.653254	0.669332	0.5951929	0.16526866	0.8335033	0.39858657	0.44139487	0.31271943	0.45833528	0.60347986	0.3643604	0.7277785	0.6378442	0.83750284
26	0.7322772	0.37742585	0.6699096	0.20665863	0.99921715	0.79973763	0.38291624	0.73510486	1.0058228	0.6579538	0.23176266	0.8692884	0.36338678	1.0325543	0.2680195	0.40994003	0.87907666	0.55928713	0.6773614	0.96733975	0.89844257
30	0.942401	0.6496816	0.42148548	0.22735503	0.9472182	0.7338934	0.30923897	0.28703967	1.0134135	0.7888479	0.186655	0.8688227	0.32794556	1.0077592	0.25314763	0.5787645	0.85777134	0.7242362	0.67577755	0.9396554	0.754027
39	0.30597425	0.48509145	0.63007826	0.31114572	0.98920655	0.8388081	0.32242632	0.33652526	1.0209295	0.7072087	0.1824733	0.3947534	0.3735612	0.9918992	0.28891703	0.4432286	0.84316987	0.30166578	0.6005221	0.84662324	0.803812
47	1.1142627	0.2705184	0.33359617	0.23001823	0.97600913	0.58999336	0.32311493	0.34557697	1.0071954	0.6431277	0.1480452	0.8765708	0.35347453	1.0294343	0.26665464	0.47084963	0.7787278	0.6017852	0.6451419	0.80176854	0.80936784
60	0.44192603	0.4264967	0.4794649	0.209398	0.9546947	0.56794745	0.58514696	0.3566806	0.7499284	0.6690106	0.29314765	0.4729349	0.3976443	0.6238621	0.42353714	0.5050379	0.6389928	0.3399133	0.6846463	0.82046574	0.62176675
68	0.5374355	0.5512861	0.6562914	0.25461492	0.9454122	0.6292551	0.34044814	0.6391644	0.9592886	0.6434222	0.30055177	0.7065919	0.47232658	0.9588011	0.28117642	0.46968535	0.8469989	0.52399117	0.6993599	0.8613356	0.7420599
69	0.690875	0.37749055	0.47065336	0.25046238	0.97455025	0.8992364	0.3239897	0.32862642	1.0162994	0.6986639	0.4616677	0.51258844	0.35044786	1.0285022	0.26513192	0.54978204	0.8553302	0.30859077	0.71617526	0.5940999	0.68303555
71	0.29924166	0.54975384	0.8296863	0.28210202	0.4784748	0.41489983	0.23087595	0.92812043	0.5402664	0.7689094	0.4535656	0.14318146	0.47815403	0.7787334	0.28699693	0.63968426	0.3690558	0.17057687	0.521964	0.6944005	0.42913783
74	0.8819415	0.38552222	0.56679726	0.2755789	0.9255665	0.608433	0.7657728	0.24029645	0.77114844	0.61107236	0.27379686	0.22241694	0.22740181	1.0213444	0.7378471	0.6114226	0.50491005	0.17675506	0.5964417	0.6761097	0.48685002
81	0.26968354	0.89148986	0.77678204	0.35665837	0.83873814	0.39178222	0.3004593	0.9263257	0.38729566	0.72118276	0.34311235	0.21449646	0.66908485	0.35306233	0.3531628	0.6383514	0.50003386	0.21433166	0.62495995	0.82532376	0.4356621
84	0.24702658	0.69953597	0.9502137	0.25689232	0.9659505	0.44256234	0.2439291	0.3437463	0.97349584	0.7222976	0.34358966	0.75955874	0.2771537	0.9365335	0.30387598	0.5968668	0.6548385	0.22630972	0.73097026	0.7832373	0.6357921
86	0.39726555	0.45542166	0.58780503	0.9691113	0.26202455	0.77586526	0.4339296	0.51680666	0.7072166	0.70826566	0.6711808	0.6498771	0.48770884	0.5858059	0.32356653	0.6170568	0.26366484	0.21906582	0.7057166	0.4399729	0.6830011
89	0.71440154	0.40578592	0.7730821	0.80010504	0.5711561	0.96586907	0.26796767	0.38504007	0.6632175	0.7351169	0.6214436	0.42335334	0.4745722	0.95640093	0.27604553	0.6861261	0.24113485	0.18659581	0.6948144	0.5020503	0.63296473
90	0.88684446	0.3421626	0.40988466	0.23003158	0.97886443	0.8842144	0.377649	0.3594864	0.9963987	0.73915994	0.24760772	0.8219535	0.36165425	1.0120682	0.27922833	0.5053183	0.79014033	0.42399374	0.6501849	0.82929045	0.8264904
93	0.4065694	0.51944214	0.6354829	0.20193143	0.9996116	0.5197761	0.35611337	0.3080014	1.0091324	0.6522389	0.27009416	0.49589843	0.3423005	1.0014769	0.317203	0.49145383	0.93758374	0.55243427	0.67785513	0.91949445	0.5870159
96	0.44657758	0.5475268	0.92195445	0.24213278	0.95226926	0.64082026	0.3114508	1.0663493	0.41189677	0.77417094	0.319088	0.395526	0.6009256	0.3785813	0.29495522	0.5493172	0.6607032	0.29689917	0.65364164	0.84363973	0.50820655
99	0.5329204	0.81706965	0.90962917	0.22985357	0.9505347	0.6042651	0.29819423	1.1078253	0.35310638	0.79945046	0.32575163	0.556273	0.7927701	0.37983742	0.25741562	0.64520764	0.42020833	0.2069348	0.6492608	0.77195597	0.7500987
213	0.328398	0.67850864	0.66624284	0.25032723	0.9116862	0.7271366	0.423939	0.69251555	0.44935957	0.7717564	0.3088778	0.5763639	0.54736876	0.4600346	0.34611055	0.47006625	0.6447766	0.3115433	0.68792105	0.73460007	0.82659006
220	0.2687275	0.8216267	0.8340914	0.5090555	0.6979778	0.49515408	0.3118845	0.9436388	0.5495956	0.7434906	0.43977043	0.45817572	0.59293574	0.5970625	0.33935064	0.65333545	0.42339882	0.20179206	0.67569447	0.67141837	0.53146905
224	0.9596099	0.40037662	0.43436724	0.25831035	0.80903184	0.5597831	0.7575507	0.24760473	0.6790742	0.75654364	0.27849764	0.2911544	0.20403653	0.931693	0.83202	0.6561103	0.5554879	0.22216621	0.50950813	0.70516664	0.34196866
228	0.3180793	0.43875286	0.70359653	0.74254143	0.70173734	0.38156357	0.23602663	0.562919	0.7469193	0.6774228	0.5438029	0.14421043	0.48405233	0.9263716	0.27668852	0.68591094	0.38988402	0.20090872	0.5236791	0.41333762	0.39101157
230	0.25510117	0.5892775	0.93969333	0.38367036	0.89940804	0.5950721	0.24048086	0.75354594	0.49457198	0.8469087	0.40255794	0.374468	0.6267724	0.40244463	0.25215518	0.7273654	0.30009213	0.18074703	0.71904963	0.47398672	0.54943633
249	0.44236743	0.39225203	0.5251369	0.21396181	0.9818698	0.5090998	0.3851295	0.32038143	1.0230778	0.63523465	0.20000182	0.69275326	0.2676238	1.0187216	0.27296117	0.45113036	0.9198545	0.44569838	0.66533023	0.66741323	0.6353345
253	0.5165663	0.45136797	0.61680907	0.32250023	0.6582528	0.4622115	0.3296183	0.31840286	0.89637136	0.60208	0.46394706	0.50277317	0.23195548	0.9572249	0.3617561	0.6446129	0.5677197	0.4343766	0.5967173	0.5975406	0.39534685
255	0.92777	0.35475105	0.38515228	0.21347836	0.9890312	0.31276825	0.58591855	0.36837682	0.7234308	0.6615351	0.17321499	0.881843	0.5665408	0.34283072	0.7303052	0.5750509	0.51094174	0.3061971	0.5758945	0.9275865	0.65157205
256	1.0703707	0.29208857	0.29488173	0.22655001	0.958084	0.3962038	0.6157673	0.39807084	0.39744005	0.6170108	0.17467126	0.9191142	0.46296093	0.3649922	0.6614513	0.6136229	0.38410455	0.19137235	0.6091231	0.61568105	0.5242152
261	0.87142086	0.52046883	0.27787098	0.24924111	0.96086085	0.49097747	0.3961008	0.44082066	0.9705062	0.69689524	0.19130114	0.7092896	0.31345326	1.0176333	0.29089254	0.5280115	0.46722397	0.6622302	0.6856637	0.9827529	0.7457315
271	0.3455955	0.8243289	0.9104228	0.8135795	0.22001958	0.96419656	0.26383305	1.0689437	0.4315679	0.8144122	0.7875847	0.29476017	0.64579296	0.5259083	0.25905517	0.71658987	0.20995176	0.17124209	0.6901259	0.24144664	0.44839108
272	0.2863478	0.36223835	0.72410524	0.7106079	0.40348932	0.57425416	0.3884141	0.9775464	0.5152282	0.7557536	0.5173518	0.24644165	0.75008684	0.5143883	0.2949291	0.67210853	0.22922164	0.18116263	0.71850395	0.31517735	0.66168886
276	0.5702314	0.36015216	0.26925004	0.24436164	0.78525585	0.7058784	0.7538896	0.3328716	0.6069793	0.7059315	0.34095448	0.6639364	0.31992158	0.5697117	0.65997446	0.47828555	0.43447465	0.21400651	0.7255195	0.6299413	0.7877261
280	0.31129482	0.5621781	0.8679901	0.21955942	0.9101853	0.52494353	0.29355466	0.9635924	0.5268505	0.7466056	0.26185548	0.21294959	0.56288654	0.6328341	0.29651123	0.54958534	0.52427715	0.24006599	0.5840223	0.6899512	0.5686816
281	0.40040478	0.24733646	0.3816929	0.36314428	0.95146334	0.56291056	0.29003072	1.0035478	0.7155842	0.65914357	0.21432142	0.52737886	0.62287134	0.83069175	0.29158634	0.5817264	0.67495584	0.21965304	0.555534	0.9278125	0.58826166
287	0.3131941	0.44939813	0.90269256	1.0879792	0.21464215	0.5017649	0.210829	0.48442662	0.7996986	0.6847214	0.7569916	0.15393251	0.43668398	0.90252864	0.3021653	0.70789325	0.28173083	0.1846293	0.62553555	0.20788224	0.4688122
289	1.0473062	0.35732847	0.26954335	1.025194	0.21822257	0.8664278	0.36572605	0.32929495	0.98803556	0.58906734	0.8536704	0.8533591	0.35509858	1.0409691	0.2606637	0.6342586	0.23370668	0.2625948	0.7053007	0.27280423	0.3750847
294	0.72181547	0.42921555	0.52498436	1.0090007	0.21568453	0.9931426	0.25653797	1.1329986	0.42573804	0.73297733	0.88527876	0.2437452	0.4407843	0.43593112	0.2439572	0.76578695	0.1631186	0.14568067	0.6984644	0.22594938	0.4255363
299	1.0679617	0.8364977	0.39336547	0.2615381	0.48679727	0.45425892	0.3206842	0.6431457	0.7188604	0.7705352	0.15945236	0.7687152	0.46933848	0.52619284	0.32230556	0.6043559	0.26732305	0.21261743	0.6400419	0.77384794	0.42990544
313	0.6821681	0.46415833	0.6950019	0.25277635	0.9541596	0.681321	0.71483517	0.78982186	0.39342165	0.7616531	0.3511625	0.6041609	0.3991269	0.37835127	0.4823255	0.57182944	0.6024427	0.2753599	0.69095236	0.8465456	0.6129211
314	0.79578495	0.2740919	0.37478718	0.21525878	0.9901836	0.8604108	0.27679604	0.499404	0.94971263	0.71740234	0.26101753	0.8449141	0.36342767	0.906081	0.26844814	0.4745621	0.7379168	0.22501096	0.70626545	0.92298937	0.99776036
315	0.863283	0.31649116	0.39235416	0.22170801	0.9509689	0.49123955	0.7909825	0.2800528	0.84444606	0.6201314	0.24554233	0.6797575	0.32837602	0.87514037	0.7638734	0.5327334	0.54005957	0.26008275	0.6766249	0.7060151	0.7291036
323	1.159438	0.26801497	0.26835698	0.21597473	0.97594166	0.6468096	0.5565711	0.3365463	0.9944985	0.59138256	0.15616944	0.89998204	0.41065228	1.0038114	0.30751532	0.513217	0.7871945	0.5900313	0.8093054	0.7060657	0.86701006
340	0.37889278	0.62683076	0.37788847	0.43571562	0.25536197	0.4901709	0.3121546	0.25481343	1.0029297	0.75513536	0.1834681	0.4915076	0.30736145	1.0462656	0.29597864	0.67258555	0.67532367	0.502391	0.66113335	0.33374977	0.61036825
347	0.5532692	0.40708068	0.6984266	0.43172577	0.9983305	0.8390162	0.35350612	0.44649535	0.9857278	0.74084854	0.28068766	0.72674364	0.2847165	0.9755588	0.29844767	0.44585407	0.8723863	0.42807558	0.68585265	0.78403276	0.83304596
348	0.8158465	0.5708655	0.6235738	0.20938534	0.9669081	0.749126	0.34630537	0.2821548	1.0145764	0.71636516	0.17178406	0.7596571	0.3163781	1.0427747	0.3033758	0.46026045	0.8996526	0.47296563	0.67844564	0.85466766	0.8803628
349	0.45335877	0.24014215	0.38716096	0.21348356	0.99735034	0.5584942	0.28801876	0.30733117	1.0136949	0.6918624	0.16811965	0.8299663	0.30435628	1.0327861	0.2695672	0.49896884	0.8227006	0.62282044	0.6325229	0.6843876	0.67991376
352	0.48940745	0.42824653	0.7087073	0.21747874	0.9739659	0.7579918	0.3041289	0.89980257	0.8325765	0.7367188	0.2418793	0.6635861	0.43475646	1.0018183	0.2847312	0.4597857	0.799453	0.33944032	0.6136518	0.94234806	0.72379255
358	1.0580636	0.2703871	0.23844272	0.2128469	0.9821863	0.572568	0.5135137	0.45080256	1.0058537	0.59368825	0.17288025	0.8927552	0.42090407	0.9886537	0.2804822	0.45417634	0.845005	0.6385331	0.7383363	0.81266016	0.78941226
363	0.27374408	0.8251828	0.8764047	0.27992788	0.6983115	0.5177984	0.32445344	0.76373404	0.8888503	0.6994581	0.28798527	0.53875136	0.4889376	0.9724273	0.3009469	0.5319987	0.74086183	0.35914892	0.63713616	0.98472846	0.5164387
367	0.94607705	0.3446852	0.45378554	0.21037258	1.0214437	0.9197181	0.3305448	0.387498	0.99134576	0.6740984	0.23194595	0.93961734	0.30564544	1.0445098	0.27097863	0.48120064	0.8054726	0.57537895	0.7079198	0.97965074	0.97313637
378	0.40754038	0.44522747	0.5976814	0.20927225	1.0048393	0.7473208	0.3559544	0.3262701	1.0124396	0.6739508	0.21288966	0.8686905	0.38832968	1.0262175	0.26636267	0.44193953	0.8734637	0.58497053	0.705768	0.90967715	0.8079288
381	1.0746135	0.22114003	0.28066504	0.22083881	0.99704564	0.72717154	0.37589222	0.7275903	0.6417459	0.5643078	0.16907372	0.92782	0.3340124	0.7804675	0.27511075	0.49234086	0.63716626	0.45191684	0.7063283	0.7867563	0.7972035
382	0.47559074	0.41472602	0.77532226	0.2173647	0.96040875	0.5057436	0.37441692	0.3144005	1.0117556	0.7004712	0.22981648	0.77658993	0.30205557	1.0320487	0.26157475	0.5588326	0.8800953	0.27275205	0.6585746	0.4611343	0.5291641
387	0.9559177	0.34590954	0.3336851	0.2738884	0.9412769	0.7937303	0.51853937	1.0395832	0.38291585	0.70719945	0.21165688	0.83312476	0.44683477	0.43335474	0.4505645	0.5352632	0.560969	0.2801614	0.68967044	0.68326604	0.7783553
393	0.3171424	0.49793947	0.72855467	0.21429841	0.9956269	0.8418049	0.42331833	0.3831083	0.999333	0.69076407	0.25227538	0.50899833	0.38514265	1.0250701	0.29501384	0.44982585	0.92133176	0.45292014	0.6666778	0.8018368	0.89479786
399	0.9056814	0.45326453	0.33484346	0.2120622	0.95027626	0.38179472	0.94711715	0.2745317	0.6586428	0.6958814	0.19943602	0.73804057	0.34316528	0.5204296	0.5849007	0.6778798	0.50409144	0.2008106	0.6183669	0.8388215	0.5824399
410	0.5049114	0.27024576	0.43219945	0.25602826	0.9525323	0.7675108	0.3097009	0.31367007	1.0168078	0.7161976	0.20890246	0.72425526	0.40873417	1.0087693	0.27997223	0.58865255	0.84616125	0.20683768	0.62461746	0.8650597	0.767759
414	1.0313218	0.24722336	0.27330804	0.22649312	0.93430924	0.860147	0.68592536	0.69765365	0.7772411	0.7552893	0.26088366	0.9152285	0.43157613	0.4173199	0.5178411	0.5903817	0.42561695	0.1689325	0.7380083	0.862799	0.9884637
417	1.0177575	0.30772185	0.55170053	0.21196365	0.9742024	0.9272291	0.34884402	0.34129336	0.96480376	0.6828485	0.26553038	0.84714544	0.31495675	0.9665755	0.31514373	0.54500735	0.77875334	0.40372598	0.7559008	0.7090633	0.8807203
428	1.0028828	0.39238182	0.43884227	0.29339677	0.9374985	0.47951174	0.32840508	0.6051601	0.96367115	0.5969528	0.26115385	0.43509036	0.3759169	0.9993035	0.25606555	0.5334434	0.65061986	0.22106622	0.6598509	0.73213494	0.569034
429	1.0649406	0.3499107	0.27153778	0.2136004	0.99319553	0.73392344	0.4968121	0.37135088	1.0057008	0.58616596	0.19846544	0.8824253	0.31800753	1.0245897	0.25282222	0.41930082	0.81828105	0.67902815	0.7269328	0.74141437	0.9335746
437	0.8152413	0.37989235	0.45860612	0.20342927	0.94602203	0.6809889	0.40757948	0.66006356	1.0007172	0.6613047	0.22881912	0.7225058	0.29438484	1.0069245	0.27024043	0.5640006	0.82609636	0.35277563	0.6999048	0.6010004	0.69634
438	0.3285774	0.60549986	0.507395	0.2419076	0.9728167	0.8312663	0.3481751	0.3029194	1.0021683	0.71900827	0.23839243	0.60632694	0.3303078	1.0275669	0.26881632	0.51516956	0.78218085	0.52867573	0.64273494	0.9077693	0.63463354
439	0.40585935	0.3659085	0.5614611	0.2523403	0.96395016	0.7059286	0.33177254	0.27149662	1.0420233	0.65666956	0.24321647	0.74502766	0.26023078	1.0537257	0.27526596	0.55324876	0.7232734	0.33746707	0.7040988	0.67684764	0.58151174
441	0.42651963	0.23928307	0.43433443	0.22588849	0.9871527	0.823357	0.2798976	0.3206185	0.9935919	0.75753343	0.20932192	0.89397544	0.28497887	0.967059	0.25638154	0.44985616	0.83393115	0.63613904	0.6415105	0.8781049	0.9007596
449	0.50821704	0.4198306	0.53736657	0.29428816	1.002132	0.78172874	0.3710166	0.49533373	0.98258615	0.64904594	0.25677887	0.585937	0.46183553	0.9923075	0.2727234	0.41849786	0.8529679	0.47929314	0.665583	0.7872962	0.7301995
454	0.2903019	0.87452316	0.8642008	0.4192321	0.7549219	0.48717958	0.3070961	0.9042052	0.5147246	0.7875498	0.49914876	0.46407938	0.7285672	0.43535927	0.29177615	0.64889073	0.38040265	0.21396741	0.6575672	0.62716687	0.5970109
458	1.1417724	0.42980108	0.33787245	0.23269993	0.92731845	0.5552152	0.5115821	0.41234165	0.9949666	0.5749701	0.19292633	0.81847507	0.44186366	1.0054005	0.2597075	0.51656663	0.6342264	0.5268503	0.73686045	0.53683215	0.75597465
466	0.9127283	0.27861232	0.32058957	0.24899378	0.9464133	0.77203506	0.41967165	0.5322737	0.9541952	0.6370395	0.20653631	0.5548216	0.32622176	1.0132257	0.2626325	0.49030447	0.5684784	0.5165751	0.61835593	0.61054945	0.8708664
468	0.8747229	0.34052977	0.6807717	0.21138602	1.008109	0.9199058	0.32121086	0.26716542	1.0123535	0.69790274	0.18346311	0.90080816	0.26112393	0.9862701	0.26543635	0.4675983	0.89990735	0.66397345	0.67033434	0.89357126	1.0170693
476	0.40759143	0.32498574	0.33295846	0.20517947	1.0242658	0.90340143	0.32940108	0.29700404	1.0319725	0.6647671	0.18260148	0.71452516	0.30261147	1.0118661	0.265253	0.4163514	0.900539	0.6101016	0.6636741	0.9830518	0.8988268
479	0.43232232	0.44633552	0.5696969	0.3895063	0.9603254	0.6819476	0.37979046	0.5067636	0.99506223	0.7351473	0.4334764	0.43274277	0.40398884	1.021088	0.28299296	0.5320696	0.84346056	0.5534153	0.68842536	0.6994341	0.48306376
481	0.86373794	0.3603185	0.38720995	0.22364122	0.95577055	0.6357857	0.4778273	0.37971303	0.63486254	0.6056961	0.22671156	0.79042405	0.30222133	0.93743414	0.29557082	0.5920524	0.86383605	0.33016533	0.67274266	0.7214852	0.6354948
494	1.0239336	0.42341375	0.45629653	0.21946679	1.0083395	0.60317105	0.32210147	0.25471404	1.0047928	0.6789864	0.15850848	0.90135366	0.37575132	1.0098673	0.2854714	0.4761752	0.7515585	0.3741216	0.61760587	0.7196783	0.82165945
495	0.2999473	0.8354787	0.866002	0.22740105	0.8865362	0.44014916	0.32820877	0.9388376	0.5334059	0.83871084	0.30440181	0.38949507	0.57030886	0.52326965	0.32753143	0.57480645	0.34254116	0.20402728	0.60384154	0.7248215	0.46797013
510	0.47366104	0.5255742	0.5834974	0.64482784	0.20276132	0.6754833	0.27980733	0.5161362	0.93216974	0.69550043	0.6386256	0.7134133	0.7260432	0.99596864	0.2441336	0.6620956	0.25123778	0.18023	0.7167256	0.3674754	0.5323246
517	0.48538557	0.30001515	0.3465177	0.23293352	0.8681782	0.62219095	0.31550163	0.3818796	0.98125505	0.7000482	0.28355584	0.5016768	0.25815812	1.0385578	0.31041235	0.5132511	0.61687255	0.6047147	0.6622294	0.75801915	0.586489
521	0.9303206	0.6272424	0.8498268	0.20658588	0.9688136	0.47724676	0.39876622	0.34490818	1.0283298	0.7277435	0.1969329	0.89285576	0.54398364	1.0457	0.27902249	0.50331354	0.7479899	0.29743916	0.64262754	0.7050223	0.7557892
525	1.0932708	0.23643874	0.28402635	0.21246144	0.9837227	0.6055797	0.31791776	0.2923782	1.0161555	0.6258974	0.1153704	0.854122	0.33486697	1.0336908	0.25525403	0.47227746	0.8553102	0.6547306	0.62724763	0.75410885	0.8237074
548	0.7723665	0.38977775	0.40752622	0.20671162	0.99605894	0.8441097	0.38306516	0.9327244	0.55407995	0.62318754	0.28545412	0.8570794	0.341764	0.8745002	0.3017294	0.47155493	0.7501087	0.43985882	0.6350896	0.91018194	0.82475084
553	0.532135	0.33335805	0.30192512	0.23619568	0.9444321	0.5227727	0.40582052	0.30393797	1.0218453	0.66864735	0.26869434	0.77302164	0.41337803	1.0294544	0.35904706	0.4911592	0.7809024	0.37245855	0.7088439	0.5637989	0.6536522
559	0.75582534	0.50265163	0.78787774	0.24702442	0.88639396	0.56316274	0.3279506	0.9832539	0.41285852	0.7570508	0.2619748	0.55327797	0.504983	0.6764423	0.42582604	0.57455254	0.61558163	0.26985028	0.5571075	0.6381357	0.538155
560	0.60905665	0.6834712	0.86685246	0.23357582	0.98770773	0.5206309	0.4059005	1.0792725	0.37449044	0.72287524	0.3087974	0.34038612	0.77654195	0.49442852	0.28965023	0.6347979	0.5277284	0.20762952	0.70863503	0.7742539	0.678006
562	1.0235814	0.44373983	0.57212394	0.21962115	0.9577324	0.6240534	0.594169	0.288221	0.9589815	0.6700797	0.17488429	0.50676274	0.26587257	0.9893072	0.5669802	0.52631086	0.62213844	0.28370246	0.6704499	0.6957814	0.6455906
564	0.8333728	0.36271062	0.47124046	0.31660146	0.9536901	0.7877008	0.37513873	0.9746557	0.97287047	0.66676855	0.47968653	0.8371702	0.4245074	1.0494343	0.25695688	0.63632417	0.821397	0.26906797	0.6736434	0.4212854	0.50464636
583	0.2906911	0.6228263	0.74300236	0.21206348	0.99589694	0.8117108	0.32111716	0.5095571	0.6854444	0.6925664	0.34071004	0.35175037	0.5041883	0.8636088	0.2895338	0.57653856	0.8585668	0.30117914	0.7322362	0.87672985	0.58899593
588	0.48338166	0.24026598	0.3599068	0.24145493	0.985466	0.880286	0.31437424	0.37546244	1.0061183	0.7170057	0.20018314	0.8626308	0.48231545	0.812199	0.25676727	0.46109867	0.7252885	0.48236266	0.6473526	0.81908506	0.96168303
589	0.87268054	0.34108117	0.27252638	0.21621114	0.9688865	0.6989211	0.2806967	0.35033432	1.0050975	0.69819134	0.2299716	0.5732863	0.2765729	1.0042319	0.27260813	0.5041664	0.7519357	0.24125868	0.62807095	0.74360913	0.519997
594	1.0842795	0.2291774	0.2720788	0.21465553	1.0051359	0.87981284	0.88208914	0.23237818	0.3893377	0.6834102	0.18517698	0.67493045	0.20617744	0.4758947	0.8518447	0.41404104	0.34916022	0.2174608	0.73290443	0.8455745	0.91612244
612	0.42630115	0.3132972	0.24051553	0.2101667	0.99856746	0.43405408	0.344011	0.27803615	1.015074	0.6936782	0.16392653	0.7885764	0.26351917	1.0504333	0.25056157	0.46616787	0.9775845	0.62111074	0.7134992	0.74577904	0.875217
614	0.4589335	0.75771475	0.8709919	0.2408356	0.9431852	0.5584266	0.40684256	0.33702946	1.018292	0.6887415	0.2888956	0.3176961	0.336313	0.9753669	0.29587165	0.46100813	0.87243956	0.43839005	0.659321	0.84392875	0.57910967
617	0.8804718	0.28739813	0.3380794	0.22073868	0.989203	0.7607666	0.3523444	0.35990265	0.9714561	0.7138861	0.2117085	0.81982356	0.39662325	0.9864947	0.26529112	0.48685247	0.7812237	0.44106376	0.6847305	0.7167741	0.766417
620	1.034647	0.39155263	0.42865625	0.22319557	0.98538196	0.5728794	0.36457354	0.38116956	1.0274674	0.7239248	0.17284492	0.92055005	0.41655645	1.0175608	0.26981914	0.52945375	0.8543182	0.5803465	0.63462967	0.58407724	0.82131857
623	0.62769777	0.40571856	0.45923218	0.24682784	0.97750854	0.91647196	0.3599149	0.4613948	1.0021673	0.679976	0.28813526	0.5738711	0.28132653	1.0221701	0.27280903	0.45892155	0.8122921	0.543575	0.6864404	0.7618052	0.83916014
628	0.6110437	0.46485433	0.7606941	0.22874862	0.97872066	0.7815125	0.35326865	0.4117161	1.005295	0.66757965	0.351038	0.45902196	0.29939213	0.97576874	0.31265253	0.62315375	0.80011684	0.27211806	0.70904696	0.72013503	0.57487583
641	0.47736332	0.53702736	0.79109466	0.21965067	0.9081383	0.7533737	0.38720825	1.0636463	0.45416856	0.72314954	0.34134844	0.7320702	0.3870322	0.6935853	0.27010927	0.5994981	0.7769538	0.3528825	0.68672556	0.775989	0.5330499
657	0.28920767	0.6201036	0.6730364	0.33220127	0.88031983	0.39640045	0.40689245	0.354331	0.94227684	0.69845086	0.19452146	0.24968807	0.378242	0.9948768	0.3895646	0.558013	0.5480827	0.2567872	0.569715	0.66605985	0.4891643
670	0.97333246	0.35830253	0.5555132	0.20784137	1.0154033	0.8712759	0.3719382	0.39113232	0.75000966	0.7704754	0.18627764	0.90523225	0.37376758	1.0287536	0.2355047	0.46716332	0.8912376	0.55316764	0.7225246	0.86575806	0.88665134
678	0.46181783	0.63950723	0.7917914	0.20704089	1.0095303	0.91620195	0.3408246	0.3078141	1.0116473	0.7968714	0.404891	0.36014584	0.28648874	0.9948407	0.31931722	0.63170934	0.8361315	0.36177638	0.67815286	0.91331816	0.7449506
686	0.32329506	0.34775287	0.64717484	0.6193791	0.8483763	0.8726172	0.275395	0.9111834	0.57782894	0.7947928	0.43070433	0.8160824	0.66961974	0.64926624	0.26173896	0.6139439	0.3668754	0.20408599	0.6911763	0.8065815	0.8353601
689	0.4445189	0.57050985	0.7017369	0.24464428	0.96721506	0.50069577	0.34628022	0.86411965	0.5562566	0.69336784	0.32212082	0.50287986	0.74242	0.6089481	0.3200991	0.62020284	0.56995606	0.20427871	0.6571835	0.7817968	0.59547794
690	0.54733104	0.47025636	0.4433276	0.20199652	1.0071765	0.9304836	0.33434966	0.6487177	1.0022995	0.7246646	0.2367398	0.7193523	0.26298222	1.048533	0.27209756	0.48781377	0.8614215	0.4494842	0.7469003	0.9199353	0.9750764
697	0.5905268	0.61998844	0.8856867	0.29081905	0.88043165	0.57040495	0.37801585	0.32345998	0.66418123	0.79131967	0.3720287	0.19805788	0.22088142	0.84152806	0.32796156	0.599729	0.4742117	0.18920459	0.60780066	0.44871062	0.43633533
711	0.29699764	0.8138263	0.9255373	0.47818783	0.934243	0.32745785	0.3032821	0.57518387	0.49491918	0.6929978	0.38176176	0.3185694	0.5655716	0.52529764	0.34177017	0.5524207	0.43819478	0.27436143	0.6154667	0.6827147	0.4324606
713	0.3067631	0.72287	0.9323655	0.487075	0.58445126	0.54004896	0.36918932	0.5065978	0.8131483	0.7305002	0.5013661	0.45689622	0.7247664	0.5993383	0.29248244	0.67544216	0.59978175	0.19154303	0.68854904	0.5480554	0.5608438
720	0.26114938	0.6659516	0.7989843	0.26480284	0.9833709	0.831108	0.2545235	0.45680967	0.7731321	0.7165592	0.2936753	0.56068707	0.39206284	1.0286745	0.303965	0.5106671	0.6724834	0.2734392	0.78298104	0.84307563	0.92816776
726	0.26630542	0.9685737	0.9492399	0.3274643	0.71949345	0.61844826	0.24447332	0.9855103	0.4498414	0.82005745	0.5859932	0.6463817	0.47459576	0.4497383	0.2977978	0.70751834	0.2641952	0.19501935	0.7454551	0.49687985	0.6050419
734	0.2862462	0.9458843	0.9538682	0.36586204	0.82535666	0.35983795	0.33643773	1.0408831	0.40607128	0.7778662	0.3439183	0.22016488	0.6812527	0.3322719	0.35130608	0.6117496	0.53125393	0.21913111	0.61668026	0.72346026	0.4691037
736	0.34226176	0.59019756	0.7934326	0.42033604	0.7011589	0.7240666	0.3737756	0.6431364	0.5396012	0.79203135	0.51999587	0.40348503	0.30027857	0.81681854	0.3840806	0.69909394	0.47831166	0.21222144	0.6511703	0.3755615	0.41272837
740	0.27562565	0.45761698	0.7964169	0.6085712	0.6269057	0.5995737	0.3136971	0.43511772	0.9428818	0.7738204	0.5130316	0.47372293	0.48648682	0.9853205	0.27677915	0.67116064	0.5212407	0.19843456	0.72612834	0.38457888	0.5393307
743	0.9989976	0.44092786	0.59652334	0.23165691	0.99226713	0.5814769	0.68845075	0.30633202	0.51949954	0.74548423	0.23379295	0.68728715	0.31425554	0.66794664	0.5397981	0.5263467	0.5551045	0.26590523	0.66029286	0.7112975	0.7708606
744	0.30425328	0.8266658	0.7423414	0.3247702	0.8963157	0.42736048	0.54337543	0.8756982	0.62044924	0.686575	0.33128086	0.4897204	0.58412427	0.5280405	0.3799833	0.6203619	0.46046647	0.19628593	0.59880364	0.7300496	0.5661809
745	0.5168104	0.3659388	0.66154283	0.23235112	0.95575	0.48022705	0.87150335	0.3603584	0.4649311	0.6431672	0.21996114	0.40727502	0.3238722	0.42190644	0.8517106	0.63961756	0.2668991	0.23775649	0.5734786	0.8102794	0.43521574
751	0.38463554	0.3041423	0.23453012	0.20995767	1.0179218	0.75279015	0.39297268	0.28831917	1.0217022	0.59664065	0.15634191	0.92305636	0.26100647	1.0442457	0.27084327	0.4249936	0.70688236	0.63953125	0.7157654	0.5161533	0.856525
762	0.34362745	0.56617093	0.9345974	0.5093708	0.7197549	0.9489104	0.25303003	0.81974655	0.5068627	0.7672814	0.5948382	0.39656752	0.21486172	0.39071232	0.33618227	0.73693484	0.40047953	0.19257504	0.73792535	0.62270015	0.5158773
764	0.27504385	0.47338623	0.9818546	0.82116425	0.32674733	0.89955974	0.23989843	0.9031956	0.83518827	0.7939874	0.80924237	0.6197094	0.36115935	0.9486995	0.270364	0.7001178	0.19119245	0.1772426	0.71626383	0.2677153	0.5979877
781	0.54952747	0.38973442	0.3324162	1.005767	0.194024	0.4956479	0.30990183	0.7215715	0.9908353	0.6672881	0.5489147	0.7921746	0.7516818	0.97213477	0.28586394	0.6155129	0.47890103	0.24398598	0.6101575	0.51035327	0.4207975
783	0.46416485	0.26749745	0.33172825	1.0625416	0.20407742	0.8913517	0.25502676	0.8949768	0.98267746	0.6620661	0.7887635	0.73295736	0.46106198	0.9896572	0.28546578	0.64452887	0.23830512	0.18944722	0.6310787	0.23231545	0.41281638
784	0.4297863	0.2723787	0.54695964	1.0218709	0.20907402	0.7809517	0.4444743	0.41166157	0.83370286	0.67758524	0.8856801	0.8117275	0.5401782	0.94555193	0.34952235	0.6733555	0.2185969	0.15742697	0.6870309	0.27066645	0.66338515
786	0.7094543	0.52086407	0.52151924	1.0518953	0.25181767	0.41836944	0.2629641	0.4137975	1.0376176	0.627773	0.5695206	0.47349757	0.6626353	0.9882744	0.2928668	0.666786	0.30781937	0.20995669	0.6239022	0.23177561	0.46998802
787	0.4418101	0.3731936	0.41544652	0.43554184	0.28592116	0.5374259	0.4711899	0.7543869	0.7961347	0.7231446	0.46079808	0.6624157	0.3937904	0.99487895	0.4681756	0.59751016	0.35379514	0.25172105	0.6667827	0.4008045	0.7619356
797	0.5789074	0.6917796	0.7691262	0.98055506	0.27499607	0.5935413	0.45182067	1.1270494	0.41627607	0.7899258	0.7047503	0.6011679	0.625456	0.44294935	0.2778	0.65437907	0.29085866	0.19850898	0.68711925	0.21851288	0.6349375
815	1.0308932	0.2316014	0.20098701	0.207465	1.0018574	0.63616097	0.8411118	0.23156178	0.36059743	0.5455866	0.17154367	0.8559416	0.21294148	0.50437695	0.8858359	0.48019242	0.39099252	0.19789249	0.7301008	0.7728919	0.77541083
816	0.50145435	0.3538194	0.5943639	0.2391921	0.8384696	0.83262026	0.30725333	0.3991136	0.7402286	0.6907172	0.36229637	0.32731947	0.28197342	0.79883856	0.3158426	0.50314534	0.4905399	0.25359085	0.58346635	0.83002937	0.70615274
822	0.49235603	0.32732508	0.44326404	0.22072428	0.97002536	0.85460365	0.3442303	0.64291847	0.7419085	0.6694221	0.285808	0.8732216	0.27020806	0.9681761	0.29325202	0.54068035	0.52887607	0.28267267	0.6986185	0.81590945	0.8010689
825	0.68847734	0.36444217	0.68123806	0.6450984	0.8114062	0.785972	0.32365933	1.0525377	0.59264773	0.77808744	0.47484222	0.35034892	0.61163783	0.65427274	0.2743616	0.58795774	0.40127674	0.21488115	0.5866695	0.80684596	0.8786864
910	0.2766577	0.8061476	0.9095098	0.56174064	0.31131724	0.54945385	0.31296805	0.8403723	0.6851651	0.7701548	0.459316	0.4495855	0.75611174	0.64197296	0.33890462	0.613664	0.3498142	0.25145164	0.66315955	0.29159516	0.45625255
912	0.7326382	0.37290776	0.53290075	0.2102102	0.9389566	0.65424967	0.38524854	0.3449503	0.9832736	0.72865206	0.2565809	0.84022397	0.36424312	1.0282367	0.25088593	0.46883878	0.8828698	0.48406824	0.665084	0.7548361	0.7747767
915	0.46139634	0.359118	0.5206367	0.2222863	0.96028835	0.7978464	0.3282953	0.37081325	0.9924215	0.70879483	0.24987428	0.7751281	0.50558114	0.9051619	0.2812797	0.4702218	0.83116174	0.56120473	0.684074	0.94303715	0.83979654
916	1.024508	0.4576613	0.23745942	1.0344199	0.19661935	0.43024766	0.26406628	0.31204572	1.0025313	0.6756282	0.34423518	0.7469627	0.3741331	0.99068326	0.25499007	0.69246745	0.23598555	0.20732139	0.5450328	0.38053247	0.33348057
922	0.2933407	0.36928934	0.8527947	1.0282501	0.19813854	0.94774485	0.33376744	1.0279968	0.8845301	0.741312	0.9160614	0.6680061	0.7404899	0.8928627	0.27477273	0.6553818	0.24359974	0.18484938	0.73719996	0.24006322	0.6940617
923	0.60955817	0.32570767	0.7334121	1.0649896	0.20818476	0.5950494	0.27344814	0.31797847	0.98398864	0.69596654	0.6214673	0.69182175	0.4496285	1.0201055	0.28293225	0.6928551	0.23769426	0.19339213	0.5922498	0.20185916	0.48173916
2105	0.33670825	0.76484066	0.6085852	0.4538151	0.33485326	0.9003499	0.279264	1.1171777	0.44604638	0.8328947	0.8425812	0.5713424	0.6965791	0.460745	0.2715658	0.7341376	0.18153086	0.18843965	0.7074272	0.25180542	0.5259789
2109	0.44281602	0.311275	0.32322204	0.20993707	1.0046492	0.8266462	0.77978957	0.2842658	0.37024516	0.6899978	0.22007936	0.7603194	0.21249919	0.49811482	0.8859713	0.40372255	0.32473627	0.20697662	0.7068527	0.8586276	0.9028976
2115	0.26330033	0.8765405	0.87392014	0.8596703	0.26892143	0.36987567	0.28857428	1.0451955	0.3944262	0.7919221	0.54332525	0.38585964	0.8571714	0.43747061	0.27353898	0.6429902	0.23232308	0.18674073	0.65907854	0.21803759	0.43200162
2117	0.33435026	0.8955284	0.75922835	0.2691935	0.6398805	0.48070884	0.39861664	0.5873198	0.9178006	0.7673206	0.42705682	0.5979976	0.64929235	0.7534917	0.30382568	0.5914603	0.35673538	0.21575698	0.6983666	0.5788799	0.6420313
2118	0.6784231	0.6148195	0.3515708	0.81095135	0.78258413	0.34363016	0.72396076	0.9880696	0.39793268	0.82057685	0.2795578	0.5948244	0.30728757	0.45917317	0.39044696	0.62189406	0.41399243	0.40087605	0.59686685	0.7725481	0.42146683
2120	0.6581347	0.5049444	0.77645266	0.8028499	0.23345846	0.86074466	0.32831365	1.1055195	0.4383996	0.8265676	0.85968417	0.40037563	0.8168314	0.43387684	0.26704782	0.7550444	0.19828278	0.1880867	0.703761	0.33989632	0.47010148
2129	0.25447634	0.5467491	0.56593317	0.9262595	0.24895895	0.42151627	0.23127438	0.8920695	0.6419057	0.7548427	0.7644853	0.54611087	0.69715923	0.7481183	0.269353	0.63805276	0.23848027	0.17792661	0.63294214	0.21609938	0.47652823
2134	0.48004344	0.35738677	0.55915767	1.0407772	0.2110861	0.89020306	0.30851653	0.36629665	0.9963405	0.70394886	0.83286315	0.805605	0.3708308	1.0146624	0.27771378	0.67000276	0.22123116	0.16643716	0.6993641	0.20929827	0.451163
2138	0.5189328	0.5685663	0.5658202	0.8178512	0.4480713	0.5763121	0.33991066	1.0680591	0.48968136	0.7346934	0.30748808	0.59417707	0.6206419	0.57912666	0.28882837	0.6340237	0.31427354	0.20213675	0.66166645	0.2924764	0.7034071
2142	0.43480673	0.3157528	0.742774	0.7056995	0.5121002	0.87985927	0.47978878	0.85643595	0.73403	0.8366803	0.9345881	0.86946964	0.39158255	0.58212507	0.48418522	0.62620664	0.22836718	0.16608836	0.77662826	0.24369198	0.9760985
2143	0.2733931	0.50078875	0.7065659	0.8862188	0.21740897	0.33777648	0.22427125	1.0387988	0.44185174	0.75443625	0.7505663	0.4949456	0.7142611	0.36973298	0.2565375	0.62855726	0.22625417	0.19158196	0.5695603	0.22662991	0.43774146
2144	0.772033	0.39381593	0.75888735	0.7981081	0.24902803	0.9517411	0.28008988	1.0830852	0.53171664	0.79073465	0.7872186	0.44025153	0.41581893	0.6467835	0.2811	0.7118227	0.20971718	0.19831714	0.7296602	0.3803067	0.55484164
2145	0.34818202	0.32645622	0.5531291	1.0140165	0.2065863	1.0128834	0.24405344	1.1398017	0.42002624	0.7341479	0.8856648	0.26819563	0.55382335	0.45204872	0.24212287	0.7826754	0.14632782	0.160781	0.73131114	0.22122708	0.40059444
2158	0.32546377	0.3076948	0.81765354	0.8409924	0.3604169	0.8214066	0.33115184	0.68263066	0.491597	0.7509811	0.70987475	0.46093658	0.30856952	1.0199862	0.66339487	0.5219548	0.38307324	0.19531856	0.69271517	0.46496186	0.5933574
2161	0.64937323	0.3921071	0.60454416	0.8997631	0.2501574	0.9108521	0.2689238	1.1000909	0.45344928	0.7997573	0.7789915	0.47761357	0.757413	0.45526493	0.24830101	0.69567204	0.20292282	0.1820766	0.70657456	0.2940651	0.5187257
2163	0.434255	0.22882907	0.33707255	0.21122594	1.0225072	0.8333221	0.91073483	0.24128658	0.36820364	0.6803597	0.15145573	0.662348	0.19748561	0.48552984	0.94615245	0.39019057	0.38200015	0.20191677	0.7805968	0.8518825	0.9421087
2168	0.39511016	0.6849682	0.9722118	0.24957538	0.8404256	0.60033125	0.32420248	0.695358	0.86972785	0.7854937	0.28611898	0.7622629	0.8231924	0.81076455	0.2885931	0.4155973	0.7996304	0.37963086	0.6828987	0.7796757	0.7937588
2169	0.81042963	0.25931224	0.28911716	0.21971974	1.0212226	0.83416677	0.8686566	0.2670834	0.36774942	0.7505393	0.20080388	0.7677886	0.23125763	0.5240618	0.85831964	0.39218152	0.33004552	0.20706207	0.74489444	0.8519866	0.9149881
2172	0.3490962	0.448993	0.66599697	0.32272866	0.95265615	0.883194	0.44347018	0.26768187	0.38357913	0.7650231	0.2614283	0.86441547	0.28991812	0.7535169	0.85185814	0.45343077	0.41267747	0.22703245	0.7854537	0.7940857	1.024203
2179	0.9822239	0.26758063	0.262292	0.21270423	0.99853885	0.8968824	0.921328	0.27826992	0.40379068	0.7487902	0.24113773	0.9003446	0.2515061	0.40351775	0.60920835	0.49252343	0.48863155	0.21419841	0.76089257	0.9310632	0.97953385
2180	0.70693177	0.30907395	0.55925465	0.20477617	0.97635806	0.934677	0.3451147	1.0024006	0.4092541	0.7683801	0.40298328	0.6049503	0.5078134	0.47210994	0.26478153	0.6267893	0.5870555	0.1848892	0.75276244	0.82337767	0.76221776
2182	0.5261521	0.6047843	0.5537978	0.21413434	1.008385	0.80497175	0.3887022	0.49629956	1.0070839	0.67378086	0.23048408	0.7206293	0.3998356	1.0116239	0.28516793	0.4436593	0.86495686	0.53611237	0.6523995	1.0122212	0.87703896
2187	0.74607563	0.5942885	0.78189427	0.21335359	0.99588716	0.67102	0.32309547	1.0190182	0.93967795	0.6906872	0.20764147	0.7872338	0.56485134	0.94150126	0.26926783	0.48881352	0.82676363	0.35407358	0.7100786	0.8224568	0.897738
2193	0.99268156	0.2676946	0.40617582	0.6294346	0.9309538	0.79541844	0.6242594	0.6370644	0.41477162	0.653468	0.17346853	0.8808753	0.57334065	0.35291806	0.36178243	0.5407241	0.44650704	0.24304542	0.647806	0.7842043	0.79859424
2194	0.36957753	0.40019494	0.5009322	0.9599223	0.8685091	0.6050727	0.26800844	0.6407437	0.9766841	0.74154615	0.710987	0.6527393	0.5236129	1.0196478	0.26351875	0.66529095	0.3238423	0.20441937	0.6867555	0.20697878	0.47090572
2195	0.40932506	0.36691663	0.58382416	0.92046916	0.25154847	0.65008	0.31471977	1.0943123	0.41287786	0.73611057	0.5167541	0.33467814	0.7490486	0.3235457	0.28440624	0.69903505	0.33044204	0.19322565	0.6824547	0.4572452	0.73720986
2198	0.74066764	0.48338753	0.59106153	1.0149127	0.2846402	0.5427267	0.304966	0.3470541	0.99392533	0.65920484	0.61086315	0.5752052	0.29597005	0.9821779	0.29865977	0.597814	0.27620494	0.21206196	0.59811413	0.26908454	0.5343668
2210	0.28709757	0.37341997	0.50556165	0.9974867	0.1946774	0.91884285	0.43784487	1.097322	0.83854437	0.6699538	0.8775775	0.6946472	0.48373213	0.7809421	0.29158816	0.65261674	0.2597842	0.2063841	0.73480916	0.23227566	0.7355703
2211	0.28036302	0.47090644	0.9235096	0.7933356	0.2319034	0.6771262	0.29555884	0.9438251	0.8592503	0.7454408	0.7446886	0.8065086	0.6336426	0.50932175	0.24952672	0.6522561	0.23962447	0.2000658	0.7036765	0.25444138	0.4968794
2212	0.77938515	0.7535829	0.97351307	0.9332853	0.35003895	0.44227454	0.30804837	0.42984548	0.81435925	0.76681733	0.2015249	0.26726025	0.40843683	0.8847957	0.26659495	0.6200002	0.3330322	0.22140026	0.578919	0.4349076	0.42590207
2213	0.53133136	0.36135355	0.5718499	0.7723561	0.41898787	0.9185333	0.27852345	0.88156617	0.77988446	0.68215847	0.56629616	0.503303	0.45610055	0.99100035	0.31778473	0.59817845	0.4811468	0.22948337	0.74373174	0.4339739	0.46576932
2218	0.2734888	0.37720814	0.68778306	0.49390313	0.82074	0.889667	0.33787033	1.0767556	0.380782	0.71624464	0.65904933	0.699496	0.44135875	0.6048887	0.27163196	0.56060666	0.2394275	0.21385852	0.67188185	0.45537087	0.72047347
2224	0.3942466	0.47192985	0.7283534	0.9057424	0.47119856	0.58953226	0.37512946	0.81331617	0.7846222	0.73584604	0.6803079	0.48015934	0.68093085	0.7471547	0.3187539	0.53273296	0.45682302	0.24690717	0.62401706	0.34432936	0.58596957
2225	0.37156647	0.2918946	0.20926028	0.3011109	0.57374865	0.8564397	0.3424293	0.9150901	0.89596146	0.7439155	0.3460095	0.86374736	0.5389675	0.9841345	0.24483715	0.51153904	0.6075454	0.70730704	0.6514704	0.9768679	0.9579715
2226	0.29219717	0.600914	0.7704249	0.8664506	0.3874974	0.9143975	0.32527077	1.0406055	0.6458188	0.8141828	0.815348	0.86420465	0.844422	0.5834085	0.28202012	0.5957378	0.28205824	0.23428148	0.7544398	0.29720983	0.79649144
2227	0.39861685	0.5851388	0.7210163	0.9903954	0.23253176	0.6933568	0.4178501	0.9420521	0.6890773	0.69120353	0.65771383	0.4857055	0.5632583	0.728635	0.33335182	0.5218374	0.29190657	0.22422853	0.68323606	0.27712727	0.5841708
2228	0.8502975	0.42931452	0.8084427	0.7380412	0.8344948	0.5145275	0.2898845	0.7849195	0.43397862	0.76259255	0.23897804	0.80482304	0.5665453	0.5535556	0.31079873	0.69070476	0.3124127	0.20225	0.7216229	0.34537366	0.8512054
2230	0.48725167	0.28229982	0.263807	0.2617242	0.9738771	0.55499023	0.61281496	0.7873168	0.39057797	0.73225766	0.2457874	0.8377861	0.39983237	0.66916484	0.694738	0.5483134	0.47154504	0.23985812	0.6927911	0.86117804	0.83096445
2231	0.30545145	0.44104716	0.62167954	0.94413716	0.25274974	0.71510977	0.34706974	0.6292644	0.9706345	0.7340608	0.50076634	0.632826	0.5649943	0.9649497	0.27233958	0.54092294	0.43409228	0.27483243	0.67746925	0.29847264	0.550532
3107	0.5250901	0.6209864	0.72556084	0.24528387	1.0012819	0.7761603	0.36632967	0.8813361	1.0030094	0.69581133	0.5585821	0.7419281	0.37814188	1.0363654	0.29113778	0.59682596	0.3739384	0.5011371	0.67044014	0.7632385	0.8558543
3113	1.140216	0.22110829	0.22650456	0.20308015	0.99452436	0.65387064	0.44441128	0.32198945	1.0046288	0.7005228	0.13283405	0.9177858	0.3053802	1.0148263	0.26554957	0.4387824	0.7973978	0.70646477	0.75994945	0.80072	0.8716382
3117	0.42876002	0.23286052	0.44628367	0.2548763	0.98035586	0.8624498	0.3322204	0.36629683	0.97592306	0.75682104	0.20937707	0.86423117	0.5550142	0.86466175	0.2556481	0.4829921	0.76061356	0.46044794	0.6704995	0.7865449	0.9327877
3118	1.0822488	0.24406229	0.2691178	0.21518812	0.9873396	0.54983807	0.46476206	0.34634218	1.0171384	0.5785861	0.12016227	0.85859716	0.4258586	1.0307088	0.29756424	0.45507392	0.7440305	0.4815527	0.74522096	0.8526695	0.8625856
3131	0.31037927	0.64193475	0.81871915	0.24903506	0.920714	0.4714366	0.41513094	0.8936712	0.8361615	0.7380566	0.36485666	0.39341593	0.45177662	0.84325916	0.35796693	0.5802094	0.4206276	0.20170152	0.64653856	0.8850774	0.5568791
3137	0.28129628	0.9364071	0.8544291	0.5363062	0.8429505	0.3594392	0.2687131	1.0008128	0.40614897	0.74959326	0.28206608	0.19073163	0.7692128	0.4104105	0.28034487	0.5887209	0.4295312	0.21012005	0.421467	0.6096899	0.36415097
3138	0.49414214	0.57715476	0.4207163	0.28727514	0.9113532	0.46655005	0.2989905	0.4280852	0.66017234	0.6725946	0.24677597	0.16990829	0.41148823	0.77402663	0.34830034	0.6168096	0.38497436	0.17658311	0.4840001	0.63788646	0.38800284
3140	0.27437982	0.91262543	0.7855473	0.2973081	0.92067355	0.38670522	0.35824278	0.906841	0.42865163	0.7392059	0.27523986	0.20523094	0.63633764	0.44658604	0.4198282	0.5281089	0.5037618	0.220275	0.5172659	0.8904962	0.55583453
3143	0.28631628	0.9538482	0.90464437	0.39809132	0.7361317	0.36060113	0.37076023	0.85857826	0.41762656	0.75206864	0.29431105	0.15788965	0.6588386	0.4141569	0.33736336	0.6082708	0.41437596	0.20858426	0.38930592	0.7691707	0.41720155
3150	0.28366137	0.6846309	0.858343	0.6185883	0.5344981	0.8495286	0.29453778	1.0395355	0.5435418	0.80866086	0.7776203	0.5885145	0.4030643	0.5796783	0.26016527	0.6908882	0.3073138	0.19393855	0.73071253	0.5218885	0.68818355
3157	0.869642	0.54821515	0.447286	0.27799785	0.89101267	0.43339467	0.28681794	0.35531342	0.4155628	0.66284347	0.17952895	0.29124078	0.31458327	0.4960779	0.5846792	0.54665715	0.42900008	0.22135596	0.43448535	0.7455154	0.4849149
3159	0.27249718	0.79519916	0.8931664	0.25519046	0.94183195	0.39602005	0.30840632	0.58014524	0.4809671	0.7068512	0.23683198	0.22790395	0.48017868	0.5084285	0.34955502	0.5925815	0.46192807	0.21889591	0.47358435	0.6106647	0.4277334
3170	1.0290881	0.3728569	0.5278432	0.24335116	0.98042667	0.5870069	0.6315681	0.44386593	0.5600093	0.7515205	0.2181084	0.48818076	0.2949246	0.71713346	0.562517	0.55345243	0.48734784	0.26095873	0.6815068	0.7185281	0.819827
3187	0.2803643	0.8756372	1.00752	0.4334973	0.7354467	0.42151093	0.28699988	0.7561449	0.8184422	0.83919847	0.3754565	0.14361617	0.35772902	0.9661852	0.30860752	0.71619636	0.46308723	0.23975638	0.72837895	0.66815615	0.5431554
3189	0.28837654	0.70183414	0.6988291	0.27162388	0.90033567	0.5855509	0.32538038	0.76269567	0.45474124	0.72857684	0.30831388	0.24566014	0.47476408	0.47218266	0.40031126	0.62623674	0.4203827	0.19224812	0.65863186	0.6448359	0.44227985
3192	0.32547536	0.91956985	0.89382285	0.30447674	0.94296163	0.3849126	0.4334065	0.91181725	0.42693132	0.73415774	0.26121026	0.18406473	0.6272257	0.435957	0.3996507	0.5150438	0.4451686	0.23770231	0.42778888	0.6001321	0.40845788
3195	0.26935253	0.64389014	0.9110099	0.36362082	0.7303486	0.3333469	0.23323123	1.0036646	0.42307118	0.7128616	0.31112817	0.16941965	0.5939633	0.4548432	0.3400121	0.66845375	0.36779585	0.16940251	0.37903255	0.41485563	0.3807198
3207	0.2785031	0.52146286	0.820334	0.386818	0.8319713	0.47339422	0.2297381	0.33549038	0.74868274	0.7364721	0.44496003	0.50922316	0.3410554	0.8519141	0.31145355	0.59500307	0.48816597	0.21665087	0.6938492	0.54991317	0.5152078
3211	0.99701494	0.9122812	0.82814246	0.22693795	0.8885276	0.41991735	0.62137675	0.72024494	0.60492843	0.82621294	0.18355462	0.14245185	0.2978349	0.5474369	0.49055183	0.5394598	0.53492147	0.2390934	0.6755295	0.6823824	0.40691686
3214	0.57698095	0.79802597	0.5310396	0.26235634	0.87821394	0.37631655	0.67208016	0.5099822	0.63082135	0.6739361	0.2968544	0.28217503	0.35874066	0.7032499	0.5413807	0.53206605	0.4150604	0.25544417	0.52637833	0.58572984	0.38421062
3220	0.80285776	0.38859886	0.6514549	0.2531238	0.94670326	0.38409927	0.18134671	0.40395087	0.7546846	0.6850914	0.19628131	0.23655961	0.4743732	0.8022466	0.31680894	0.6664166	0.52338415	0.16983253	0.47607493	0.5096068	0.5680418
3223	0.29458585	0.91758865	0.99431294	0.34157023	0.77134466	0.5299812	0.29559043	1.0753485	0.37010518	0.8047128	0.3055672	0.58302575	0.68479425	0.3578492	0.32801232	0.55843467	0.5468027	0.29706874	0.64884824	0.8417748	0.7029791
3225	0.38940465	0.5294918	0.7560758	0.42662212	0.8729173	0.37210327	0.42673445	0.95609426	0.39665174	0.77696466	0.2091337	0.12588783	0.547932	0.3767487	0.38293654	0.5558663	0.43853432	0.20443833	0.43860656	0.72362614	0.36597073
3231	0.7497303	0.2937792	0.56888026	0.43160954	0.7899882	0.70903236	0.55105823	0.31131876	0.622668	0.74373525	0.21117017	0.8655794	0.30549413	1.0493315	0.70708936	0.508648	0.4756149	0.3396652	0.689371	0.8891059	0.76066005
3233	0.2677993	0.56735	0.9982293	0.48895654	0.2659904	0.6204456	0.30336544	0.6461213	0.8882867	0.79168814	0.4893206	0.475887	0.32373405	0.8999945	0.3127999	0.69984156	0.4971522	0.22754231	0.7083078	0.39572942	0.5756774
3237	0.28182408	0.8338291	0.76032126	0.3501927	0.8637653	0.3109048	0.4125148	0.65057796	0.3924955	0.6974328	0.29067972	0.2820051	0.6235078	0.3187654	0.5080739	0.6186247	0.46195117	0.20377576	0.48515695	0.59690684	0.37676138
3248	0.82865155	0.7709089	0.3026757	0.2157134	0.97467756	0.43522555	0.2612923	0.24708405	1.0177099	0.7520911	0.17890146	0.57114166	0.35800385	1.0465771	0.30256516	0.6506813	0.26197606	0.3403545	0.6082499	0.6841671	0.3963525
3254	0.37066257	0.6883709	0.41915572	0.22986186	0.84403956	0.35245165	0.91772074	0.37107557	0.7355481	0.6784985	0.27864957	0.7449791	0.33778092	0.40562943	0.70818	0.51850855	0.5134655	0.2911615	0.5494396	0.8653549	0.47116798
3260	0.96610135	0.28607044	0.38162327	0.21745114	0.98303723	0.6581135	0.3082435	0.35269588	1.0014964	0.6170805	0.17254977	0.92337835	0.28509417	1.047858	0.27360165	0.47969455	0.69163567	0.6396448	0.6711954	0.7399242	0.8230955
3263	0.3505831	0.53347063	0.52885085	0.30983794	0.90186834	0.45269448	0.41297668	0.34860006	1.0150868	0.66312015	0.28358027	0.52193993	0.38532364	1.0205747	0.27456865	0.40741244	0.783187	0.48051962	0.6051606	0.67316127	0.5823844
3264	0.56474495	0.3491184	0.46904677	0.21384773	0.9948019	0.63378847	0.3445085	0.27555668	1.0231241	0.6716273	0.2445936	0.72783345	0.28947353	1.0128958	0.2816433	0.49746472	0.86231154	0.5643777	0.67616165	0.92664707	0.5903494
3267	0.37369972	0.48860633	0.7573917	0.27137375	0.9389262	0.47712898	0.38557577	0.3011686	1.0133722	0.6631517	0.252465	0.4664025	0.3711139	0.92427444	0.36898127	0.56131124	0.7967499	0.49638525	0.6835752	0.8961853	0.5764949
3272	0.79597455	0.41999936	0.37671465	0.19895948	0.9978423	0.58050215	0.45143613	0.26217616	1.0158116	0.7157795	0.23387788	0.85359013	0.23120268	1.0219656	0.30692497	0.47109708	0.84414244	0.61623585	0.6701716	0.58246464	0.67064905
3274	1.045247	0.31062865	0.29341835	0.22515354	0.9553929	0.34488484	0.44143045	0.39593053	0.96237665	0.57711864	0.13654001	0.8667364	0.34569713	1.0148023	0.25892034	0.6137943	0.82260567	0.68821985	0.581626	0.9230069	0.6365403
3283	0.34128305	0.4141934	0.57422876	0.5584952	0.34812826	0.64221984	0.32591766	0.31739435	0.86999303	0.75681454	0.53317094	0.24360849	0.2373948	0.9592469	0.31685174	0.552835	0.8230151	0.52227384	0.6815581	0.6097357	0.5125415
3285	0.8222886	0.349001	0.39214462	0.42990494	0.91239214	0.52437234	0.380704	0.47845727	1.021646	0.5703294	0.26305023	0.4732659	0.34473735	1.0274041	0.2679307	0.5487153	0.85892147	0.5467309	0.6230459	0.56442976	0.46957877
3287	0.83837444	0.32790387	0.40360343	0.22806075	0.9997797	0.8685559	0.3530812	0.35292566	1.0092787	0.7060891	0.21488017	0.82446223	0.3000112	1.0170963	0.28429103	0.48012078	0.8536188	0.4484189	0.62729615	0.86463535	0.8157608
3290	0.9658878	0.41891712	0.21476296	0.20885712	0.9894539	0.45058313	0.8972125	0.31061295	0.47109714	0.6392483	0.18870059	0.90954757	0.45078465	0.32728225	0.8983783	0.5274051	0.50226843	0.20695513	0.65028363	0.8454302	0.7829478
3292	0.431931	0.21205118	0.4189034	0.22670206	0.9547821	0.47501034	0.2634535	0.29055017	0.8899642	0.6540698	0.16759329	0.42656142	0.22759493	0.99207026	0.36931515	0.54434997	0.47106156	0.20130354	0.6115804	0.842234	0.66648024
3302	0.40248382	0.69386023	0.9341472	0.9889188	0.2519845	0.47096562	0.42426202	0.8200542	0.94139266	0.71281075	0.61338985	0.6739374	0.62068415	0.86234856	0.3633422	0.65083396	0.25599954	0.23881248	0.5798004	0.37809536	0.39466214
3315	0.42274895	0.4524995	0.45785546	0.7817808	0.9083355	0.9353863	0.30562612	0.98052996	0.81311846	0.6315052	0.59088707	0.5616316	0.47337648	0.805428	0.2975945	0.70713943	0.57200986	0.20984314	0.7606539	0.69537777	0.6719267
3319	0.9755927	0.44349396	0.27105415	0.24680895	0.9196537	0.34662598	0.2308745	0.96389127	0.36342546	0.68128246	0.212645	0.8192397	0.5968985	0.284226	0.37451804	0.7111269	0.4780969	0.2007837	0.58470935	0.7078348	0.553797
3320	0.6101901	0.74368227	0.72625136	0.39455622	0.5802856	0.65428627	0.34800598	0.89928234	0.86534303	0.7210814	0.27661282	0.5546742	0.53192407	1.0314739	0.2704485	0.5883289	0.7828014	0.28559843	0.66796744	0.66840106	0.56330144
3321	0.26991388	0.48918986	0.6027789	0.49404964	0.8855696	0.4837187	0.25559843	0.39855582	0.89594686	0.6764421	0.29255337	0.5110797	0.5196444	0.8714346	0.2773409	0.62301797	0.51826483	0.35507444	0.628408	0.77016854	0.5410005
3325	0.40754575	0.6812539	0.7429561	0.7934835	0.74058616	0.80666393	0.34949884	0.37174225	0.91435266	0.69583595	0.61164373	0.46172547	0.67408746	0.98489004	0.29290882	0.7148367	0.44406635	0.23092937	0.69773453	0.4937344	0.6156195
3328	0.53721714	0.37388983	0.4287235	0.20364493	0.9087911	0.34584764	0.2502029	0.5685506	0.3724185	0.6594813	0.17824353	0.41551948	0.4240315	0.3084742	0.3245926	0.6604083	0.42969668	0.18680942	0.5055233	0.8221272	0.37509272
3338	0.47531137	0.40007317	0.5193877	0.74629563	0.3236333	0.5992484	0.3515865	0.2797529	1.0171037	0.6882783	0.34129038	0.6291442	0.33665267	1.0241696	0.28768438	0.61259276	0.8450487	0.4588849	0.62458	0.835066	0.52071965
3339	0.9299813	0.22243585	0.22694623	0.21387126	1.0136077	0.7301341	0.6539636	0.24848968	0.37781653	0.6050758	0.14022464	0.63301754	0.18881242	0.92229563	0.9174196	0.4026308	0.35103402	0.23480186	0.71508205	0.8238739	0.88587207
3344	0.9784251	0.28774732	0.5759254	0.21651757	0.9825038	0.37903884	0.57207024	0.2802895	0.9739623	0.6158034	0.15391906	0.8079596	0.32715887	0.96258813	0.44633725	0.565858	0.7092416	0.4666244	0.70323944	0.8131634	0.7743855
3347	0.9718769	0.3035215	0.21477717	0.21451356	0.92498857	0.3348148	0.77590376	0.25723174	1.00186	0.63815284	0.14434499	0.69890326	0.2435533	0.8392461	0.6839093	0.48055375	0.47534025	0.51270056	0.5942452	0.76743585	0.5190168
3348	0.6165264	0.47691464	0.60287946	0.8337868	0.4124101	0.4208739	0.30522445	0.28446937	0.9025496	0.66604793	0.27311108	0.3407813	0.31822288	1.0161002	0.28190568	0.6458282	0.3433038	0.21220443	0.6150182	0.43318287	0.42158276
3360	0.6210649	0.5589768	0.8016876	0.38952252	0.83075607	0.4577514	0.33287388	0.44431463	0.849734	0.79276913	0.38060743	0.23156513	0.2235658	0.8613753	0.32424444	0.70179945	0.27562883	0.17952587	0.5358619	0.79789674	0.46795517
3361	0.5486434	0.29935515	0.57981664	0.26960257	0.9957434	0.44672698	0.79364717	0.67344946	0.48346984	0.6490513	0.20145905	0.4964348	0.40589592	0.46490082	0.5119585	0.5783484	0.51735944	0.22503626	0.69568306	0.79592425	0.6622089
3366	0.8985709	0.19902132	0.2537267	0.21235898	0.98386335	0.7724042	0.73683894	0.27530837	0.41523266	0.6887353	0.18906143	0.6544896	0.24258022	0.64686286	0.77457273	0.4432044	0.4266672	0.20432861	0.72435945	0.8764892	0.8666631
3370	1.122865	0.20225447	0.22931015	0.21128143	0.99885094	0.68970925	0.47853023	0.32025903	0.9554392	0.632204	0.13676721	0.91980565	0.27438617	0.82674676	0.27579552	0.43634146	0.72361743	0.62059784	0.7788801	0.83165896	0.90445477
3373	1.1461531	0.22663723	0.41743246	0.22561097	0.99343264	0.58640206	0.6152203	0.2699003	0.9938153	0.65062106	0.14152575	0.90931123	0.34955135	1.0301208	0.44249648	0.46901459	0.41798443	0.27276877	0.7038776	0.7498487	0.8436711
3378	0.3346007	0.33503544	0.7202626	0.30054367	0.6341648	0.63121307	0.83544964	0.40023804	0.8363931	0.77711314	0.30525512	0.88755244	0.34776902	0.7408974	0.5826709	0.5232533	0.34828874	0.17631887	0.7378049	0.35587576	0.85390526
3399	1.0754852	0.20828223	0.20302409	0.22445148	0.9298709	0.7713376	0.7661548	0.29337862	0.7874685	0.5368753	0.15941061	0.9075902	0.26811826	0.97258514	0.7558007	0.42637718	0.4264214	0.24368408	0.7747986	0.59801984	0.7870772
3401	1.0700625	0.3729831	0.41029426	0.27269524	0.8845848	0.5159394	0.3914433	0.39732784	0.4549175	0.58179104	0.17321368	0.58862805	0.32663688	0.6104291	0.62620705	0.47292238	0.33057606	0.23912778	0.5759674	0.8517253	0.83083344
3404	0.5738593	0.24644943	0.36825734	0.22831774	0.98415637	0.71943617	0.5206895	0.2833862	0.63119364	0.71313745	0.20742202	0.86141235	0.24100037	1.0109607	0.74071217	0.46065775	0.3836617	0.22580838	0.7062798	0.6719396	0.93587863
3414	1.1514766	0.2696559	0.27770296	0.21515323	0.9828695	0.6188099	0.3607457	0.41678897	1.030353	0.69104564	0.113380305	0.9178421	0.37887022	1.0346913	0.248473	0.43554175	0.55208486	0.41242465	0.7381971	0.62555707	0.7879363
3422	0.68343264	0.45129246	0.5661991	0.2081615	0.8993978	0.4659798	0.41611895	0.35052618	1.0059229	0.7031544	0.29513413	0.83351505	0.35220405	0.96857727	0.2685986	0.49662596	0.8368047	0.5918707	0.629079	0.84489346	0.7258526
3423	0.876144	0.2821307	0.31124604	0.2172392	0.9841963	0.5165857	0.36227518	0.42149922	1.0140396	0.6518806	0.23338686	0.9098825	0.36512715	1.0273309	0.24014334	0.47410393	0.8701265	0.63044447	0.69981587	0.79363126	0.94234324
3426	1.0465118	0.2692313	0.27616602	0.21567574	0.9891621	0.62423635	0.47834098	0.37454116	1.0112962	0.596099	0.13357797	0.9112746	0.38243794	1.0243157	0.29790226	0.50725937	0.7262683	0.520875	0.7288238	0.6751079	0.8754559
3427	0.34961063	0.3378047	0.41901085	0.23985615	0.9624299	0.7537399	0.51011103	0.5410508	0.42635965	0.72403884	0.23127474	0.8329531	0.25892818	0.49196792	0.5913166	0.51455104	0.4375033	0.19897354	0.6912692	0.84785455	0.8092216
3431	0.36192396	0.46763664	0.23961961	0.25840992	0.9682469	0.51818407	0.33011132	0.5119478	0.42137766	0.7490597	0.285775	0.8699627	0.42138126	0.50141406	0.45284924	0.58173376	0.506903	0.30324227	0.6662652	0.9090844	0.79971755
3436	0.6175354	0.30367512	0.2359142	0.24212387	0.9626475	0.5777105	0.5797998	0.32907906	0.98458946	0.7044489	0.19046669	0.9130332	0.29485798	0.9947458	0.29991347	0.51048964	0.7195492	0.75343025	0.7079935	0.80778825	0.80448866
3437	0.61224353	0.3779089	0.35147536	0.23521706	0.93584347	0.45325893	0.61334085	0.6112917	0.8962736	0.64108354	0.1575705	0.7522945	0.36412883	0.71845037	0.35492143	0.58361566	0.6143491	0.48514453	0.6431116	1.0124459	0.55692357
3440	0.4871166	0.5386604	0.5644299	0.23187032	0.9329524	0.59124887	0.5613413	1.0486736	0.4228913	0.78551644	0.28125748	0.7981421	0.40486553	0.61931086	0.3439829	0.5920068	0.57373995	0.24774846	0.588665	0.68067956	0.58099264
3442	1.1767783	0.22453783	0.474904	0.2225378	0.979365	0.6018534	0.8510399	0.94293696	0.52685195	0.65969884	0.1407855	0.82974327	0.39972535	0.5334781	0.66384614	0.5169269	0.547295	0.30497295	0.7820336	0.741901	0.85927546
3443	0.596913	0.34477967	0.31624308	0.24198064	0.88452417	0.82192016	0.711151	0.4165627	0.44391468	0.6622809	0.7122894	0.7230885	0.31228277	0.40345022	0.59885675	0.6435491	0.49343956	0.23739421	0.655104	0.74455994	0.558604
3450	1.122775	0.25677994	0.30705202	0.2258825	0.9644148	0.6180437	0.62147754	0.90291667	0.4403098	0.7626908	0.15210089	0.90165097	0.4451017	0.46494374	0.46000266	0.5057942	0.5345252	0.29577604	0.8083425	0.687842	0.8888767
3451	0.99021155	0.2709507	0.5305257	0.23293734	0.9308995	0.5711005	0.6964353	0.337625	0.4894436	0.6653607	0.24236162	0.24987842	0.30467042	0.92467827	0.68269545	0.5492624	0.5314134	0.2511013	0.5962325	0.7605789	0.64976054
3462	0.40479043	0.45240775	0.691817	0.22662675	0.9556058	0.6130822	0.46563795	0.48530275	1.000548	0.70896274	0.1859773	0.8171151	0.3619005	1.0413213	0.29969573	0.56385076	0.73066235	0.5513247	0.7185495	0.76873887	0.8603264
3467	0.42833894	0.26979095	0.37718529	0.61357343	0.2386457	0.81867015	0.35738477	0.9487334	0.97984636	0.7578538	0.6353863	0.7807082	0.62561125	0.9993604	0.24817859	0.6914092	0.54901123	0.21959561	0.73124886	0.4617633	0.6019022
3469	1.0921992	0.26311895	0.22207633	0.2124185	0.9518724	0.6353313	0.6358409	0.45559117	0.9079959	0.6450224	0.1383783	0.9000415	0.33839837	0.94725627	0.33722535	0.43314385	0.7100208	0.6735604	0.7791346	0.81869227	0.9181313
3474	0.46606845	0.3293315	0.29736978	0.20572443	0.8094301	0.45429716	0.5330353	0.40829852	0.56473863	0.70422065	0.23075469	0.36207497	0.2703284	1.0159179	0.67584974	0.5252793	0.4822361	0.36843452	0.6668579	0.85261977	0.70894355
3480	0.28692737	0.7613686	0.9244178	0.23678264	0.8941695	0.70895153	0.36343	1.1059138	0.39986143	0.777404	0.3403051	0.3212613	0.825193	0.33806518	0.2752577	0.54564357	0.72354364	0.24452475	0.66975915	0.90465003	0.5929423
3481	0.35759214	0.75369066	0.777017	0.31909382	0.9593444	0.39844993	0.29612732	1.0606662	0.3613008	0.77172905	0.2853592	0.71654904	0.5485	0.3176459	0.407461	0.5342004	0.57146215	0.2677952	0.60079527	1.0045122	0.78062785
3492	0.77580667	0.34986898	0.28792527	0.2123245	0.9126788	0.6318223	0.5284742	0.31068185	0.93879604	0.66673386	0.2084508	0.8644376	0.26828405	0.90878755	0.34660256	0.46559396	0.605172	0.28047064	0.66110736	0.66746044	0.6239346
3493	0.46086645	0.3126842	0.63150495	0.39622134	0.85543495	0.72275186	0.34541184	1.0616297	0.78089565	0.7460404	0.24588339	0.30991378	0.85367954	0.90616435	0.25959048	0.4436201	0.74724424	0.48176786	0.48632634	0.9809127	0.8472635
3498	0.51656306	0.32291633	0.7609747	0.20900048	0.99744844	0.7361453	0.47618794	0.2998703	0.45985147	0.752836	0.2235672	0.42741215	0.27891296	0.547493	0.61773384	0.45307145	0.39047998	0.2011265	0.6170743	0.80667233	0.7707411
3502	0.31045687	0.26819307	0.718433	0.40607268	0.97204685	0.8112447	0.3415971	1.0502708	0.3969683	0.76520586	0.26339006	0.81048363	0.8051627	0.38744634	0.2463773	0.48803157	0.72143966	0.4296948	0.6341614	0.74736154	0.9106018
3514	0.33218282	0.22021595	0.5800601	0.2814771	0.9977298	0.85162365	0.28181526	0.6681457	0.769274	0.7285997	0.18936221	0.87709343	0.6137095	0.7867161	0.23846953	0.4650175	0.8400823	0.612046	0.6410974	0.9298492	0.99236494
3519	0.33611676	0.41430998	0.527149	0.8175749	0.7497688	0.45109195	0.29273325	1.0539312	0.396734	0.70217603	0.56001824	0.7842349	0.6793962	0.51362705	0.28314534	0.6739169	0.33368653	0.18482617	0.6184195	0.29716742	0.48346704
3522	0.3634254	0.45187628	0.7895228	0.2779601	0.98079026	0.6327176	0.5191193	0.9176903	0.43107888	0.7496965	0.3811342	0.6747084	0.6261415	0.7675362	0.31539986	0.5012967	0.5986971	0.28413647	0.62154967	0.67872214	0.60613936
3523	0.6895802	0.30877236	0.6787468	0.3357755	0.91009325	0.4784205	0.26257944	0.91088355	0.4752829	0.71885276	0.2665693	0.537169	0.6814578	0.8434592	0.29398242	0.5419916	0.42735946	0.22184104	0.54785764	0.522847	0.5098484
3525	0.38744715	0.5578399	0.71544117	0.24445146	0.76131594	0.5878206	0.33969206	0.48967838	0.8893018	0.7045845	0.52624375	0.59526014	0.5818724	0.94544905	0.2902972	0.62357223	0.79563457	0.22659841	0.62595814	0.9742465	0.49174094
3528	0.2704924	0.5054079	0.46923715	0.42021498	0.9097374	0.77581125	0.3169672	0.3669727	0.90954274	0.7304652	0.3337887	0.33392793	0.4526914	0.73158187	0.3309504	0.5665521	0.63304925	0.3164157	0.66516846	0.9393744	0.60916185
3533	0.4331373	0.64743686	0.8788522	0.26249424	0.9851395	0.64859563	0.3843502	1.0145488	0.42426422	0.71584857	0.27373052	0.5195404	0.5543925	0.7094294	0.34161472	0.51843125	0.80433244	0.31859633	0.6016188	0.83506453	0.6291017
3536	0.9018023	0.3360662	0.35265863	0.8669211	0.24137476	0.5141949	0.47619623	0.9103953	0.4454575	0.6999514	0.6955993	0.6328466	0.3494155	0.6773989	0.35387084	0.66872454	0.25931793	0.21329091	0.70107013	0.26298591	0.58115077
3538	0.7826075	0.27540988	0.5137807	1.0426728	0.21071452	0.98080325	0.26995268	1.0848731	0.75539607	0.788878	0.9605869	0.7460599	0.61910063	0.98918825	0.26404265	0.72825646	0.17920902	0.17439385	0.7433941	0.25239542	0.8649145
3542	0.29793456	0.2690023	0.6138344	1.016755	0.22105756	0.6041005	0.37426358	0.4205224	0.86998683	0.665191	0.83353156	0.7231949	0.55184025	0.8836242	0.36981106	0.6663456	0.2276353	0.15550952	0.683303	0.22707102	0.49867618
3546	0.8270757	0.34582454	0.72208863	1.036975	0.20886785	0.96967083	0.30604059	1.0825356	0.7559253	0.76317734	0.78038013	0.36311463	0.42218164	0.9703415	0.27558	0.7105952	0.21452144	0.18638797	0.64653575	0.27511144	0.61433935
3576	0.95522505	0.2751621	0.47779113	1.0633223	0.21904838	0.9671549	0.25903344	0.36889362	0.9864538	0.67387766	0.9439575	0.91168755	0.51152045	1.0009136	0.24954484	0.6748675	0.2116957	0.1774236	0.6805215	0.24923265	0.79468936
3579	0.26251197	0.2232186	0.7377864	0.8920142	0.20934561	0.4567527	0.21452364	1.0928836	0.5213225	0.78525734	0.7151013	0.77041256	0.48511836	0.4690474	0.2896034	0.7227235	0.19108194	0.17368829	0.67193633	0.24558467	0.8644365
3584	0.32328048	0.5780092	0.8214179	0.99160635	0.26302245	0.41320145	0.28316858	0.68227524	0.52330333	0.69506174	0.49905065	0.22116382	0.62751454	0.5667378	0.34802482	0.6684345	0.28277072	0.18767989	0.5535178	0.25694954	0.46619645
3586	0.5319061	0.21745284	0.76671654	0.9354028	0.24631158	0.556117	0.23070426	1.073247	0.43791616	0.75641644	0.21018368	0.7550377	0.51490027	0.42258248	0.31346726	0.7459534	0.22443211	0.1662091	0.6567793	0.22724003	0.7169453
3587	0.39287826	0.29302514	0.84246397	1.052631	0.20585865	0.9618219	0.31693423	0.7898383	0.98858225	0.68886936	0.84091663	0.82686436	0.71830934	1.0013386	0.26097864	0.6431848	0.22557858	0.17400779	0.7225637	0.2288369	0.70283836
3589	0.27982876	0.34206173	0.72719175	0.9505655	0.28900495	0.9196787	0.4123327	1.0908757	0.8950627	0.78838867	0.9551234	0.864467	0.5845171	0.6458321	0.3889272	0.64801854	0.22084296	0.18842891	0.76000124	0.23211396	0.7802668
3601	0.28297028	0.2862426	0.9438003	1.013867	0.19071214	0.5642925	0.23266287	0.45609656	0.90223235	0.7467836	0.9419055	0.7888128	0.7265104	0.9264071	0.30168518	0.6756302	0.18691155	0.1739554	0.67478466	0.21284866	0.39928603
3603	0.28091323	0.3369045	0.5630778	1.0106128	0.22444004	0.7193576	0.26147622	1.117889	0.37444955	0.7511116	0.7935428	0.5433592	0.7198847	0.4192665	0.2824829	0.67650735	0.36441377	0.1860097	0.71339625	0.29065186	0.5875886
3604	0.30930665	0.33992165	0.77463824	1.0248753	0.19844057	0.77158386	0.2312345	1.0055354	0.975549	0.7095463	0.7723656	0.48393172	0.54253596	0.9765275	0.27670887	0.68294334	0.20711657	0.18156973	0.6511466	0.20300543	0.47994387
3605	0.5158011	0.36013392	0.5053934	0.3908746	0.2306655	0.95832485	0.33118486	1.0344054	0.772831	0.73873276	0.79132813	0.64417464	0.65953	1.0302019	0.2897363	0.66468555	0.21449679	0.18852963	0.75363827	0.30398262	0.5816186
3612	0.2734152	0.43731385	0.8897079	0.85393566	0.24015379	0.81547487	0.2760539	1.0212204	0.76101404	0.8364043	0.7813976	0.75340354	0.55362725	0.46811014	0.30262604	0.6645979	0.22374368	0.16275439	0.7478889	0.22297797	0.86239415
3615	0.27449596	0.4436658	0.77719915	1.0473725	0.2101517	0.5384998	0.24674173	0.5087256	0.8293256	0.6962822	0.7575606	0.19639774	0.6705042	0.92453057	0.31776422	0.67848957	0.2503609	0.18820088	0.5738444	0.20572597	0.5209418
3618	0.5098066	0.3408009	0.5101971	0.99843836	0.21436708	0.97024393	0.31232005	1.0954136	0.77504134	0.68942934	0.88460314	0.7620713	0.6598227	1.0028627	0.26496574	0.6696007	0.16604578	0.17823896	0.7403878	0.2772886	0.7688579
3620	0.45904619	0.516679	0.7358645	0.9391148	0.24939102	0.6565013	0.5830401	1.0403547	0.40784615	0.6984771	0.8263683	0.41930282	0.69952357	0.42662203	0.2815632	0.7349252	0.23970196	0.18141648	0.6803214	0.2369869	0.47303122
3639	0.2828232	0.2963618	0.6923893	0.3797972	0.3630555	0.42302033	0.27673173	1.0881358	0.6594557	0.7958069	0.75046027	0.40157515	0.656839	0.7232689	0.29703218	0.644456	0.22780117	0.19851695	0.60922444	0.2728074	0.5483328
3641	0.65033215	0.3509479	0.4032448	1.0428103	0.20814863	0.95408887	0.39328462	1.0605927	0.7387567	0.7005223	0.88725156	0.7965963	0.6549533	0.86216956	0.40462977	0.71228546	0.21056563	0.177362	0.7401093	0.2459828	0.53999114
3644	0.29817566	0.42268494	0.8567401	0.7151369	0.38790303	0.44196665	0.26825732	0.37503433	0.8440002	0.69901407	0.4817997	0.19284166	0.26883993	0.96320933	0.3061859	0.66940695	0.31296924	0.22457919	0.5875208	0.35959426	0.57781404
3645	0.6769756	0.39593172	0.6721476	1.0380567	0.24633637	0.93105143	0.2754901	1.0580146	0.65148634	0.7493141	0.73394483	0.3982755	0.349934	0.85802305	0.30759093	0.666381	0.27214074	0.18745399	0.6725385	0.331954	0.62191993
3647	0.26395983	0.5853851	0.8387856	1.0021788	0.23172915	0.3830404	0.2476085	0.9231014	0.4472513	0.72823316	0.5723473	0.1842514	0.7375227	0.4367512	0.30962053	0.6829775	0.27139035	0.17082144	0.6181948	0.2568801	0.49188125
3649	0.26431757	0.33029518	0.8509984	0.9881679	0.27940562	0.72352666	0.2266912	1.0614206	0.40118897	0.7768166	0.8379818	0.23318066	0.8398028	0.34669003	0.23313664	0.7401661	0.202842	0.17421153	0.72343963	0.21193014	0.85983294
3651	0.28969303	0.70906985	0.9605944	0.9652857	0.26116848	0.39213055	0.26374438	1.0530461	0.39063343	0.7903986	0.6897256	0.21572116	0.84565	0.40439808	0.2385196	0.65850675	0.22508451	0.16249694	0.61880296	0.25900114	0.38585404
3662	0.83007026	0.28927696	0.4334604	0.30549508	0.3281648	0.82069975	0.31596243	0.55414534	0.9228098	0.658095	0.39225197	0.656924	0.39092535	0.9992314	0.2935671	0.56773067	0.22866929	0.2387838	0.7177587	0.53087693	0.7700123
3672	0.27655688	0.7172448	0.8603611	0.9226618	0.3270197	0.3802071	0.32548654	0.46869004	0.54216444	0.7417804	0.52937055	0.546311	0.6386894	0.52325535	0.29084122	0.6518953	0.3000715	0.19354784	0.6270232	0.23715073	0.41252056
3676	0.2685933	0.757785	0.9221433	0.5493649	0.3118093	0.41370955	0.24395199	0.791489	0.3985044	0.7421763	0.48817053	0.45960414	0.80256647	0.36307266	0.3635544	0.6511296	0.31578204	0.17218804	0.646797	0.25819603	0.47038794
3686	0.26751873	0.5691957	0.97181654	0.8997146	0.23980749	0.39054996	0.24837355	1.044663	0.3851611	0.75214905	0.6049149	0.38623977	0.79528886	0.37341318	0.2889592	0.6937373	0.31225896	0.18464422	0.5933626	0.35193598	0.36007634
3687	0.42971224	0.7769816	0.67552406	0.9490082	0.31657934	0.47441715	0.44826153	0.5647156	0.9281416	0.6659561	0.6534634	0.6455009	0.5229666	0.8223187	0.3877733	0.65281975	0.2759195	0.24026445	0.5609539	0.5813999	0.3856258
3697	0.31328657	0.8638991	0.91221607	0.44075346	0.8404479	0.3895807	0.30237862	1.0652905	0.37084237	0.79159933	0.2354558	0.2642389	0.68367827	0.31828266	0.31412363	0.57324755	0.5424169	0.2804764	0.522028	0.7503879	0.44040927
3701	0.48886582	0.6444556	0.7329421	0.23555544	0.95390594	0.7174679	0.33567625	0.78293693	0.8618686	0.72348064	0.2651622	0.49940246	0.5485374	0.78402203	0.31665227	0.42626378	0.54326856	0.32741353	0.611492	0.7877456	0.7160928
3704	0.32089406	0.6687148	0.95882976	0.7985421	0.26240942	0.63001674	0.3006476	0.9024803	0.48542416	0.7721311	0.7575998	0.33182484	0.66992503	0.55111957	0.33679837	0.5854968	0.33769637	0.2165987	0.6357036	0.43149534	0.4666346
3706	0.6021942	0.31616536	0.59281117	0.22068197	0.8041377	0.5941594	0.5362597	0.2459265	0.44118744	0.664776	0.2020462	0.48091662	0.2350478	0.54961276	0.54704034	0.47340792	0.41226062	0.22402635	0.658903	0.82709867	0.5473347
3708	0.28461084	0.93226105	0.9695427	0.74376357	0.21684879	0.34110433	0.26131922	0.94636387	0.3577046	0.77054334	0.4403244	0.34401378	0.84124315	0.33111158	0.2543514	0.6501917	0.24114871	0.1843159	0.46257323	0.25185254	0.32124284
3709	0.25833678	0.5248856	0.64320964	0.42273787	0.44107112	0.3839528	0.33783096	0.81821865	0.42885855	0.6820057	0.32527587	0.31769952	0.46359658	0.67029184	0.29846394	0.644763	0.35767603	0.1937904	0.6157045	0.4288421	0.3686697
3710	0.56450963	0.3449148	0.48729962	0.3160789	0.887629	0.57302696	0.5836208	0.5708666	0.91107345	0.6946187	0.28278604	0.6736008	0.38532066	0.9375194	0.3368086	0.4265394	0.6698002	0.3957629	0.65214753	0.6545103	0.69860446
3712	0.6740156	0.41950583	0.56521773	0.8532317	0.37103757	0.43819284	0.4502886	0.2820763	0.99142015	0.69399774	0.22044498	0.29782715	0.40433866	0.9767571	0.27079165	0.63652253	0.38621888	0.626883	0.5967433	0.818668	0.39256883
3725	0.26878676	0.7109255	0.8783682	0.46044675	0.8237227	0.59469676	0.28124654	0.759818	0.770168	0.7579223	0.40946132	0.7490881	0.69921094	0.6821789	0.25808442	0.62529016	0.39413124	0.2552181	0.6810196	0.26067016	0.59262794
3726	0.4127894	0.46201354	0.4403337	0.26497138	0.8736916	0.5904876	0.3613091	0.3511974	1.0134422	0.67962587	0.25157526	0.6115776	0.29492366	0.9645473	0.29191723	0.62716454	0.53173894	0.18986979	0.67081946	0.5982572	0.57836175
3733	0.273101	0.98538804	1.0449288	0.4729993	0.4451696	0.4273408	0.23811437	1.0636318	0.39807886	0.79838926	0.5485258	0.33690208	0.8785266	0.3796191	0.27560422	0.7004153	0.31543496	0.1686239	0.7047369	0.50380373	0.4231363
3734	0.99043244	0.24310066	0.30559367	0.20611344	0.9907626	0.75989944	0.8841689	0.26299012	0.37702465	0.6195942	0.19065978	0.3342752	0.19603847	0.49449408	0.8185707	0.41706145	0.28238654	0.22196132	0.6776182	0.70195776	0.73568726
3737	0.33724654	0.45046887	0.38137025	0.20754233	0.98834324	0.6819732	0.47884732	0.60931605	0.4134891	0.75603604	0.31651738	0.89087254	0.44153488	0.44045383	0.4835599	0.45454362	0.59649277	0.30626488	0.71516895	0.7823638	0.88092655
3748	0.28206065	0.93524694	0.98076504	0.37800863	0.3443	0.4560438	0.31546468	1.04666	0.41018584	0.83315516	0.5695643	0.30726397	0.7889703	0.4641329	0.33096257	0.61637086	0.2338992	0.18585524	0.6851441	0.3381199	0.38776317
3773	0.28996846	0.9521996	0.70357376	0.6429014	0.69880044	0.3652007	0.28483373	0.7633364	0.60813886	0.7530965	0.60170114	0.35813946	0.90112656	0.9859348	0.27218297	0.6684263	0.32661346	0.21652982	0.63368165	0.31773195	0.49305958
3779	0.27903458	0.38217437	0.9368714	0.94446427	0.19394435	0.8454871	0.24715967	1.1252717	0.44116378	0.78436106	0.8997906	0.26826313	0.75198966	0.4481034	0.25860897	0.7572786	0.17694548	0.1756219	0.6955339	0.22509792	0.41932377
3797	0.25988302	0.53100693	0.9559929	1.0189465	0.20585577	0.52206993	0.2244076	0.7228415	0.6526876	0.7685125	0.8736495	0.1976848	0.74796146	0.90428036	0.3198433	0.63114846	0.23071662	0.18121247	0.58515984	0.21563083	0.4211134
3804	0.27203354	0.34008434	0.68221885	1.021573	0.24667224	0.78015226	0.22225145	1.0534838	0.37797976	0.7272232	0.64344186	0.6998493	0.6059638	0.31058118	0.32143906	0.675336	0.27517936	0.16907471	0.73512864	0.24895146	0.6539489
3811	0.25500908	0.32760823	0.92656106	1.0304741	0.21195498	0.9297188	0.25439134	0.29291776	0.97852516	0.80539376	0.82972735	0.3684872	0.28774965	1.0149086	0.24356438	0.7228718	0.18260309	0.16781491	0.7255981	0.23368582	0.3798422
3816	0.7455494	0.7654795	0.5804123	0.9698917	0.21863933	0.76070863	0.3081475	1.1098216	0.44495165	0.7488132	0.75705814	0.26898974	0.71356493	0.44067425	0.25466186	0.7271327	0.22079727	0.2006734	0.6882274	0.7701101	0.4259041
3819	0.2669044	0.31495667	0.8237136	1.0286635	0.23147339	0.9512417	0.2607299	1.0930791	0.44156677	0.8180512	0.73510754	0.34876952	0.49455252	0.6227495	0.24414511	0.70847267	0.20069423	0.17429252	0.6938104	0.24029979	0.61649656
3827	0.7348225	0.35329548	0.67055297	1.0508903	0.19255069	0.9432312	0.23644672	1.1184366	0.59058726	0.7654693	0.8138114	0.4190412	0.36932373	0.81781733	0.26054624	0.6982092	0.16511038	0.17909656	0.67171144	0.23936808	0.39066294
3830	0.3464671	0.3232533	0.6811681	1.0074635	0.1998597	0.7382926	0.2977182	1.0232074	0.49951583	0.77554524	0.854346	0.60997516	0.72309774	0.54784465	0.28424606	0.71995264	0.19463217	0.18001413	0.6620973	0.2173612	0.5299391
3833	0.9798116	0.6521808	0.4256886	0.30144587	0.8572583	0.55960727	0.55851376	0.6249324	0.99743843	0.63100845	0.28724974	0.87017614	0.46240863	1.0053253	0.2702824	0.4662079	0.63268745	0.5439731	0.69129235	0.88123155	0.8273242
3836	0.4286309	0.49634403	0.551791	0.64507437	0.2898536	0.5699184	0.45775244	0.6659128	0.9553718	0.65599847	0.35718855	0.6996282	0.54116094	1.0029466	0.3573842	0.58395404	0.47217566	0.23381343	0.7242048	0.5538378	0.65001404
3850	0.33375794	0.34829742	0.80085	1.0112145	0.22700325	0.60357934	0.2639098	0.91560674	0.3912294	0.74899167	0.68681115	0.46170622	0.560365	0.36590075	0.3344579	0.74063045	0.20617253	0.17946786	0.64394176	0.23319241	0.8024827
3857	1.0907451	0.29849637	0.32016334	0.32606182	0.7464257	0.47216564	0.6295406	0.2962431	1.0316823	0.6033935	0.22923793	0.8902673	0.48947087	0.99573976	0.3070974	0.5365825	0.41977262	0.25432184	0.6576698	0.45790145	0.47076276
3859	0.37587437	0.41224238	0.48955643	0.6804133	0.43837252	0.8299162	0.34938037	0.645996	0.65980506	0.7176877	0.41684023	0.67210746	0.5241625	0.75816673	0.30744535	0.5738975	0.2639949	0.20373866	0.6833529	0.8239938	0.7983252
3864	0.5651609	0.29745865	0.31989855	1.0065562	0.20960557	0.50272405	0.32230976	0.3531197	1.0144981	0.6182561	0.47142828	0.77770364	0.33858904	1.0202707	0.31350648	0.6002152	0.2820103	0.20646206	0.6294445	0.2909403	0.46206126
3866	0.78113025	0.44456953	0.73360825	0.7802645	0.5247542	0.6843625	0.39518803	0.5149045	0.8278999	0.7272269	0.2966751	0.7995995	0.4814532	0.94800067	0.3127677	0.6271353	0.5121555	0.23810303	0.7107882	0.30524433	0.8214443
3868	0.6197506	0.34191594	0.79004234	1.0678811	0.19280572	0.9842408	0.22225086	1.1085733	0.4932177	0.71760327	0.8485325	0.23727565	0.28939688	0.80054754	0.2642692	0.7864707	0.1697453	0.1633447	0.682826	0.21712688	0.39132684
3873	0.2872794	0.48136395	0.6802708	0.5301092	0.27440676	0.7193661	0.40337107	0.4696745	1.0254806	0.7065054	0.4475977	0.59924316	0.34074214	1.0498909	0.3258965	0.5084961	0.70452756	0.26577634	0.6869127	0.4410756	0.6245784
3882	0.7274016	0.3658953	0.5863726	1.0048381	0.20860225	0.8304183	0.33525425	1.0192062	0.6636157	0.7689052	0.83824056	0.4529544	0.48705313	0.9454468	0.28592083	0.67275524	0.2756561	0.19460128	0.62795395	0.24288613	0.496341
3884	0.44684002	0.3442404	0.4460818	1.0129416	0.25096056	0.6256404	0.2507722	0.88395613	0.9264088	0.6067139	0.5965064	0.4662088	0.47415975	0.9866709	0.2324595	0.65900666	0.29325786	0.18661635	0.6691542	0.22909024	0.4437861
3887	0.36682928	0.32470298	0.5663116	0.9876907	0.21565026	0.96613824	0.258858	1.0846572	0.54923856	0.784931	0.83858633	0.7255513	0.6655357	0.81672996	0.27953118	0.6832473	0.2209858	0.17321154	0.7373208	0.2394006	0.6379469
3890	1.0673906	0.22523631	0.22533125	0.22240749	0.9670501	0.5810738	0.6558294	0.25556743	0.971648	0.6116279	0.13902876	0.8181701	0.2883436	0.90080696	0.5838207	0.4495676	0.5138518	0.37798664	0.6891698	0.8263903	0.74998426
3893	0.2738896	0.42319626	0.9080077	0.77031887	0.21601626	0.6170694	0.28767687	1.026	0.500498	0.8059575	0.81118786	0.25749552	0.6338612	0.7081455	0.32992676	0.6330944	0.2349157	0.18426657	0.51767516	0.24866402	0.47264516
3919	0.79296666	0.344805	0.4290349	0.20772421	0.9150503	0.930761	0.5675017	1.005068	0.7481256	0.7306757	0.37577912	0.6442782	0.36151305	0.34965116	0.28361955	0.58230823	0.5089998	0.19749525	0.6611598	0.9313125	0.88639367
3923	0.30814397	0.3714905	0.5374637	1.0361598	0.1992419	0.9269403	0.27180406	1.0781163	0.5758733	0.7834221	0.81277937	0.52339727	0.7048889	0.8385114	0.2786463	0.67894554	0.23898026	0.18747558	0.7007418	0.22769853	0.6706956
3926	0.33569273	0.67003495	0.5724816	1.0565559	0.24078435	0.55172694	0.2700529	1.0535854	0.40462336	0.79887867	0.7531653	0.3356575	0.8489051	0.40298983	0.2698888	0.63688844	0.24200705	0.20141259	0.6935212	0.32268763	0.38720497
3934	0.47244892	0.33884794	0.29938897	0.8210445	0.20218498	0.86188185	0.7903395	0.5275577	0.7998059	0.7413341	0.6130902	0.748378	0.37628704	1.030409	0.4495799	0.575756	0.30627942	0.24190924	0.720439	0.3357897	0.7115803
3936	0.30227557	0.35256258	0.7922377	0.90422463	0.21431959	0.8937104	0.27603197	1.0764297	0.6063734	0.8301748	0.77446467	0.51604337	0.5851716	0.6529515	0.2862905	0.7187326	0.19135904	0.18616435	0.67014307	0.33715656	0.5392792
3937	0.72532594	0.28840604	0.25857097	1.0436832	0.23429239	0.89725333	0.6764051	0.901576	0.72790164	0.6306869	0.26254556	0.8011996	0.53305537	0.45248276	0.39046317	0.64589185	0.20931947	0.17628342	0.7010926	0.26197526	0.97325104
3942	0.6236427	0.286506	0.27906248	0.95401275	0.24247625	0.9869858	0.56310225	1.0839407	0.906488	0.6638223	0.9529071	0.8775204	0.6441605	0.53073853	0.38890496	0.6209387	0.2137666	0.21798599	0.7733606	0.26340383	0.98968905
3944	0.57453537	0.50522184	0.74446684	1.0166376	0.2074865	0.7662358	0.2729435	0.947647	0.8926613	0.644854	0.757842	0.5198321	0.53988826	0.7566527	0.29480103	0.65151805	0.30182716	0.1961488	0.7351476	0.35550985	0.4572837
3948	0.7451806	0.3582881	0.66077304	0.91874474	0.3497622	0.9521135	0.828232	0.64585286	0.507733	0.76597816	0.4836013	0.4481276	0.25566775	0.45191857	0.58558476	0.5500465	0.43225268	0.19242792	0.7007445	0.7389742	0.7376919
3964	0.8498746	0.39448246	0.4821093	0.6679934	0.9226818	0.8118635	0.3704424	1.0122362	0.6060123	0.67455363	0.35467333	0.6875844	0.5505674	0.93308234	0.29794988	0.5307117	0.6822367	0.2940551	0.71486855	0.51483434	0.72274286
3966	0.80924785	0.50935715	0.6765721	0.23005047	0.8786155	0.71904904	0.4004403	0.4358745	0.8539631	0.71766156	0.33657476	0.4124877	0.34689313	0.9765542	0.30190703	0.58319914	0.5931852	0.23790723	0.6715749	0.7235431	0.6741739
3969	0.7832122	0.28326142	0.23809972	0.30045518	0.9603536	0.5293175	0.34663773	0.29862803	0.93448955	0.6036138	0.19980821	0.76476663	0.39028352	0.8763185	0.26602715	0.50475967	0.5917953	0.7059848	0.6746764	0.8338074	0.7371686
3973	0.38626063	0.44244382	0.58040786	1.044319	0.35116732	0.7605853	0.29852664	0.9487942	0.43256134	0.72222364	0.6534228	0.64416134	0.65769935	0.47526294	0.2822163	0.6258905	0.29788747	0.22061503	0.7340704	0.3849326	0.64093137
3975	0.3711682	0.3786366	0.4713926	1.038838	0.20023277	0.9262511	0.3182454	1.0935136	0.7395586	0.7861183	0.93857354	0.68718094	0.5964492	0.8761238	0.29110166	0.6786299	0.17244089	0.17829849	0.73208576	0.23738763	0.5205903
3983	0.27736422	0.5359625	0.8207424	1.0646613	0.20920525	0.56762433	0.24007364	1.0019288	0.44859174	0.7373313	0.90501666	0.5277194	0.72989297	0.83854616	0.2617632	0.64234656	0.28596538	0.18439147	0.6584141	0.21981083	0.4561178
3991	0.33917257	0.5204401	0.8941062	1.0273536	0.2191999	0.61496264	0.2778927	1.0638548	0.40060914	0.7795049	0.7672553	0.67253757	0.85724664	0.3175779	0.2671099	0.6623147	0.25628883	0.18371329	0.67443234	0.24663028	0.59477043
3998	0.26440147	0.3367843	0.8953236	0.2206274	0.23165792	0.7969229	0.2470076	1.029276	0.5930074	0.7815776	0.6735825	0.18568508	0.37864998	0.72666043	0.26937693	0.68203086	0.35347214	0.17497726	0.6188293	0.36764422	0.5493974
4117	0.95174783	0.547587	0.72339404	0.2968463	0.9296195	0.7766418	0.30849668	1.1187952	0.42234826	0.73339534	0.42885715	0.39505756	0.55717415	0.39136785	0.2835175	0.7031755	0.4854557	0.20489076	0.7067928	0.7355899	0.5648127
4146	0.97568625	0.29981795	0.2518009	0.22057603	0.99218774	0.40019685	0.61989725	0.32910758	0.8891185	0.6446598	0.16377842	0.86354226	0.35803154	0.9378339	0.24814273	0.580795	0.69816583	0.52171415	0.5022988	0.8642325	0.5448166
4150	0.9483708	0.340622	0.36719278	0.30270922	0.54660094	0.59094435	0.31510836	0.3204655	1.0241774	0.73436576	0.46558717	0.7039044	0.3276042	1.0697192	0.29895654	0.58656555	0.4560476	0.35834852	0.6452098	0.26316005	0.55015737
4151	0.79559594	0.3158695	0.23120826	0.24835089	0.9659368	0.40238592	0.2766123	0.37554386	0.96237147	0.5731142	0.18702914	0.8784065	0.25009358	0.8837875	0.34119326	0.47242016	0.47672045	0.6801351	0.7109944	0.80999887	0.7543315
4155	0.9884172	0.31487212	0.32980707	0.74127793	0.93768394	0.69633335	0.28037292	0.24528697	0.99786806	0.7311623	0.23370473	0.79969084	0.25466907	0.9894281	0.25367433	0.5785553	0.38136643	0.2122473	0.6576517	0.6979718	0.82009506
4163	0.25985172	0.40751308	0.7703949	0.5904984	0.48284173	0.43012795	0.3246634	0.37643725	0.47319412	0.7660212	0.27441537	0.35973746	0.69542927	0.5443765	0.35102582	0.6708009	0.3282874	0.22586808	0.6076934	0.48246458	0.50442755
4165	0.28565645	0.28184992	0.8046525	1.0248264	0.25988525	0.9435662	0.39498153	1.1094276	0.7229608	0.7772645	0.9945509	0.89238554	0.60667443	0.6880368	0.48625678	0.6987217	0.20623827	0.16151296	0.79448205	0.2491704	1.0110971
4170	0.2900145	0.9148557	0.9706867	0.37382212	0.7296219	0.37015057	0.2824228	0.99515516	0.4539589	0.78886074	0.29639694	0.5287825	0.6808799	0.55751204	0.25216863	0.6551988	0.42292756	0.19774076	0.55786514	0.5415634	0.53296095
4174	0.27850714	0.90741444	0.9395587	0.28212982	0.9205045	0.521605	0.3026437	0.45671114	0.6969646	0.7265732	0.4777505	0.17850666	0.33564863	0.64375204	0.35944226	0.543272	0.47330034	0.26318866	0.6780097	0.43830064	0.46794155
4213	0.25580686	0.9062632	0.89250106	0.40921387	0.756029	0.43539527	0.24698482	0.87769914	0.5853771	0.81129324	0.6732736	0.9090727	0.8317622	0.9556024	0.2540444	0.6686163	0.2922615	0.2055218	0.71228534	0.35767892	0.686623
4215	0.819307	0.6371098	0.76222	0.31418952	0.95902497	0.49549663	0.2932567	0.33170566	0.99439156	0.6958977	0.2499152	0.2413102	0.26174554	1.0257496	0.29362524	0.6670218	0.5727578	0.2893448	0.7286644	0.7092167	0.68624413
4217	0.27890432	0.6583103	0.9196374	0.41501036	0.90134424	0.5758129	0.3296868	0.70845485	0.81089795	0.7801776	0.385673	0.25281402	0.36940867	0.85436314	0.33433905	0.7014372	0.41995087	0.20188496	0.6482887	0.9210273	0.66451603
4254	0.26732096	0.51526856	1.0012494	0.23264652	0.90887284	0.4924608	0.24937965	0.30945322	0.89772904	0.72588694	0.37511745	0.17163303	0.27922043	1.02671	0.27818096	0.6412268	0.581221	0.1965648	0.72671545	0.73492944	0.4989031
4269	0.31126446	0.6492145	0.80848104	0.52140933	0.88658875	0.7078468	0.37739742	0.97803324	0.37178648	0.75599116	0.39258668	0.2678176	0.6593258	0.3953333	0.33752543	0.56856185	0.68543756	0.30326277	0.65329766	0.8553421	0.6022676
4281	0.31905422	0.870739	0.87722707	0.5603387	0.8837654	0.42604303	0.50846094	1.0054394	0.41067976	0.752922	0.41547805	0.2591575	0.675477	0.31401116	0.37813753	0.5833781	0.51643705	0.24407238	0.64118105	0.8584167	0.44224483
4288	0.29653582	0.7414891	0.7138492	0.34167263	0.92613214	0.3609135	0.40097436	0.89973485	0.47053948	0.7173555	0.20245561	0.19781268	0.635796	0.43476072	0.43275404	0.48996407	0.4316498	0.20185445	0.39092717	0.5862881	0.42173132
4290	0.3230182	0.7199441	0.8128357	0.2790122	0.9493614	0.41776714	0.38363862	0.6547996	0.501622	0.7696351	0.2215812	0.1615788	0.60276383	0.47672015	0.30617404	0.47007743	0.6071333	0.26837158	0.49857306	0.7031004	0.44525814
4304	0.6153428	0.911706	0.86579967	0.39718762	0.55932236	0.4069428	0.51435125	0.31166637	0.52308565	0.7678783	0.28708857	0.14207181	0.38397872	0.6484619	0.3667265	0.6971808	0.37515402	0.19540991	0.5501917	0.40227506	0.35508922
4306	0.25953484	0.5988916	0.9142916	0.64906365	0.81381375	0.40003848	0.22764097	0.6594548	0.9751133	0.78849524	0.6723121	0.21091211	0.55680585	0.95189375	0.24519224	0.6880719	0.3362951	0.18867008	0.6359431	0.32401037	0.44104502
4317	0.28523284	0.8876178	0.72771275	0.31779268	0.8288089	0.47201163	0.46268854	0.61932987	0.43152303	0.7880793	0.363938	0.3099314	0.56089383	0.4154407	0.376242	0.5837096	0.6049703	0.24188119	0.67182827	0.88036525	0.4580893
4327	0.40609884	0.62030125	0.7367173	0.21637954	1.0018315	0.831537	0.42617205	0.36754397	0.9915341	0.68455935	0.2511942	0.4856282	0.3292976	1.0320239	0.2844833	0.45381147	0.8772413	0.44524541	0.68717754	0.84681994	0.86116964
4337	0.65741354	0.2610264	0.34583524	0.2529941	0.9452454	0.45402217	0.42036527	0.30175534	1.0108378	0.6469055	0.16563536	0.76483923	0.31078362	1.0400953	0.25712946	0.5524541	0.9779836	0.7495902	0.6045628	0.90736735	0.5886316
4343	0.4622105	0.5144897	0.7866539	0.21223116	0.9829056	0.7177057	0.38161024	0.46437332	0.8042747	0.6676508	0.31556025	0.51439977	0.35186857	0.838587	0.35156506	0.48645055	0.7809196	0.55246246	0.67608315	0.86410886	0.6841797
4348	0.8172055	0.4596694	0.7268623	0.22521809	0.9551938	0.44670647	0.30778247	0.336079	0.9744383	0.7184706	0.24403296	0.24621318	0.3967617	0.9959387	0.289306	0.5316538	0.60767674	0.24574828	0.61122113	0.6154127	0.601764
4364	1.0874747	0.29932526	0.23356977	0.22076078	0.949317	0.53858954	0.39665994	0.3178373	0.98776543	0.60020643	0.21553917	0.857737	0.25588992	1.0135131	0.26278958	0.43936917	0.8092416	0.7050622	0.6815074	0.8048951	0.8081046
4387	0.66867054	0.275384	0.31820834	0.21235019	1.0201939	0.7320877	0.32909077	0.2748203	1.0076953	0.7055864	0.12777552	0.7145721	0.2590391	1.0232699	0.29974675	0.468924	0.8013131	0.53633475	0.6739381	0.721818	0.7802489
4400	0.97630733	0.2589057	0.23085079	0.21734582	0.99727035	0.35160246	0.91631734	0.2713532	0.53909403	0.5903036	0.19439296	0.7044969	0.3450802	0.3673545	0.86045605	0.49823546	0.49034137	0.2593306	0.59680796	0.9326014	0.6278
4408	0.7217334	0.37990248	0.60297745	0.27049047	0.97888756	0.85148776	0.41239163	0.5424421	0.9650694	0.6776447	0.2701451	0.72991353	0.48607555	0.8771151	0.2584747	0.45290598	0.8022668	0.4855902	0.6235715	0.9232725	0.8020431
4410	0.49071315	0.5837084	0.7986941	0.33034483	0.9477717	0.9333438	0.37591913	0.3854717	0.99730027	0.7380138	0.28370675	0.7793484	0.29474947	1.0068637	0.29267564	0.44177434	0.88499284	0.41645736	0.68749964	0.82542276	0.8819831
4431	1.0730962	0.2698195	0.21300122	0.20817135	0.987159	0.35074934	0.853246	0.26995704	0.85890085	0.53780913	0.13202938	0.4530839	0.37777182	0.3432449	0.8249666	0.49005026	0.5281378	0.308951	0.5659459	0.93897533	0.4994715
4454	0.84386533	0.27872697	0.33096442	0.21366371	0.9807888	0.31829268	0.88482785	0.26159015	0.99997795	0.7041795	0.1854949	0.9448892	0.30112618	0.8596856	0.50936604	0.49474365	0.63416755	0.37655398	0.5428512	0.8417947	0.45202804
4461	1.0392073	0.27754286	0.25308913	0.22116289	1.0108702	0.6703844	0.2672322	0.30432403	1.0048891	0.69830745	0.13182461	0.8948983	0.33604646	1.0324236	0.269942	0.433871	0.7696696	0.5307005	0.63404137	0.87100244	0.73298
4475	0.8958153	0.46220526	0.40736744	0.6389883	0.724104	0.77466464	0.33288833	0.34628198	0.9709531	0.6622667	0.25496507	0.69616187	0.5101246	0.9559757	0.2918647	0.5500433	0.7116218	0.35102814	0.661172	0.8205279	0.4821065
4490	0.83653	0.23702581	0.27737248	0.22722274	1.0011699	0.54181325	0.88809305	0.24433565	0.7063937	0.66312367	0.19507116	0.711868	0.25591794	0.61877227	0.81456614	0.4896564	0.4789943	0.29009387	0.6842278	0.68506485	0.88127893
4496	0.42295924	0.4512873	0.33846778	0.22479475	0.96113324	0.58590496	0.5663069	0.98963386	0.42509133	0.7121687	0.27172202	0.8281489	0.4985229	0.39952233	0.41136813	0.5030258	0.62751245	0.3040027	0.7621492	0.9028742	0.7916611
4497	1.0902894	0.297816	0.29460338	0.23306179	0.974921	0.49241138	0.9313873	0.2742458	0.6321064	0.6058062	0.20810072	0.7037054	0.2807845	0.580201	0.8040388	0.53613573	0.4651639	0.21907493	0.669663	0.7100132	0.70542395
4504	0.3768441	0.22879897	0.6633808	0.21897644	0.9968319	0.76445854	0.4155118	0.2919621	0.49126124	0.73728716	0.22546066	0.8659838	0.21553284	1.059809	0.73042643	0.4692572	0.34522864	0.22037268	0.740855	0.74030995	0.9582242
4510	0.71489865	0.42055988	0.46246073	0.20978595	0.9673737	0.5986549	0.32202846	0.25509763	1.0177436	0.68863165	0.11512048	0.60514265	0.32710928	1.0079339	0.26657796	0.5556395	0.76661855	0.6677455	0.5918739	0.8757466	0.73286784
4517	1.0528498	0.2891085	0.26474035	0.21713254	0.99708605	0.7818724	0.66888803	0.33282885	0.92884016	0.6308686	0.1539533	0.89159244	0.29648978	0.9594791	0.31027776	0.43682966	0.66210175	0.6475383	0.7252935	0.87914634	0.9307842
4519	0.2536289	0.22437133	0.42289984	0.2318803	0.8799502	0.87611973	0.45911953	0.71977437	0.41876423	0.79931724	0.2801337	0.9107854	0.33407468	0.47903466	0.737146	0.5295615	0.2980571	0.17013802	0.7258492	0.79832673	0.8967709
4538	1.0718802	0.24936046	0.20946404	0.2136037	0.9845772	0.5079506	0.93025756	0.40461594	0.97499824	0.47882771	0.1603945	0.9184745	0.26318187	0.38142866	0.8849295	0.50131136	0.42284784	0.2937442	0.6778247	0.7797838	0.83014536
4539	0.849897	0.3516956	0.5532713	0.36435395	0.89052945	0.5698278	0.48811895	1.0677811	0.36534467	0.6904913	0.1904314	0.83429337	0.5815339	0.282981	0.3739628	0.62904954	0.36332214	0.18652073	0.6913096	0.8411427	0.8395963
4571	0.5464102	0.37440133	0.43080968	0.2417413	0.98115075	0.7555047	0.3981958	0.3231465	1.0291563	0.69969255	0.18025294	0.83436483	0.29990044	1.0321003	0.27472052	0.50413275	0.9386852	0.7519219	0.6697523	0.9541535	0.8961367
4573	0.4295885	0.49484527	0.83306986	0.2392807	0.9606456	0.5199217	0.36636698	0.35710272	0.99199116	0.75198174	0.3279067	0.27022982	0.42402878	0.7604356	0.32326278	0.5817463	0.80178064	0.23962331	0.68878037	0.75104946	0.51006216
4579	0.77936125	0.53610885	0.65289634	0.21720228	0.97250557	0.7664381	0.39674458	0.75024396	0.99045384	0.6925257	0.25495848	0.7782086	0.6119091	0.92963177	0.30480748	0.48130608	0.8693573	0.4852552	0.68884283	0.7338304	0.80818856
4582	0.3224617	0.4694988	0.5031453	0.23571694	0.984985	0.51814634	0.24010201	0.79999495	0.6556968	0.667165	0.22467954	0.50560075	0.39498562	0.7121376	0.3807846	0.6039272	0.53140604	0.22202682	0.7201938	0.9838778	0.8044523
4583	0.8891563	0.2734425	0.26168314	0.23044175	0.95751965	0.46533662	0.49841386	0.28052622	0.9975519	0.7369194	0.15852435	0.7058579	0.29341272	1.026283	0.25585967	0.5220432	0.93432075	0.78609514	0.625024	0.82839566	0.63541716
4592	0.29725942	0.33315778	0.29197314	0.26813242	0.4788636	0.4339161	0.22920771	0.50937545	0.65205914	0.7729792	0.49632147	0.29121977	0.32393783	0.832574	0.3990143	0.6762288	0.4179361	0.2073713	0.56091297	0.85588247	0.5102912
4594	0.5809316	0.45324916	0.54214036	0.23431203	0.93351877	0.63911754	0.56061727	0.36361957	1.0091901	0.64562047	0.26681623	0.5607416	0.3724053	0.9714184	0.32592586	0.56714785	0.7361307	0.3035667	0.65557706	0.81195474	0.6065737
4600	0.29100555	0.63182503	0.57880867	0.23606902	0.9362934	0.57262933	0.48260063	0.976955	0.4283554	0.76835793	0.34047955	0.8730217	0.46211162	0.49307722	0.3706837	0.45079374	0.5580742	0.3176138	0.7070544	0.85979456	0.9303094
4609	1.1209949	0.27338678	0.20507228	0.21239014	0.99690974	0.5967069	0.7224789	0.71738833	0.80626756	0.6510257	0.14519303	0.89731663	0.32875618	0.5537751	0.282709	0.47517997	0.53646046	0.36128014	0.7613369	0.6752335	0.8330073
4633	1.0156157	0.29497635	0.28972194	0.21432376	0.98788965	0.6917273	0.7015612	0.23834062	0.6187385	0.7540317	0.18135375	0.86615187	0.27848265	0.57861537	0.8402955	0.41536012	0.56054014	0.33508635	0.70508224	0.59527546	0.8503717
4636	1.0970086	0.373591	0.46519142	0.22928125	0.9172228	0.51100993	0.3063208	0.7806689	0.68023634	0.66766125	0.18886416	0.8478212	0.39846072	0.5044937	0.3154355	0.5621379	0.57815766	0.37656116	0.6789058	0.7778635	0.83643925
4639	0.5532065	0.35772467	0.6878416	0.23914662	0.98363984	0.86465895	0.37132883	0.92345333	0.5503985	0.7408794	0.30973944	0.8164754	0.33420664	0.8349375	0.32425842	0.52091825	0.57206255	0.314215	0.72867817	0.76273	0.6571013
4649	0.27296394	0.6530642	0.7885621	0.9006903	0.24056035	0.3701163	0.28240117	0.94736826	0.54956406	0.75284344	0.68096924	0.27742708	0.7134587	0.4360565	0.2515182	0.6163058	0.21838605	0.2002158	0.57252115	0.22012725	0.43810338
4655	1.1079074	0.26416844	0.29625487	0.23200667	0.9641248	0.4213657	0.38510072	1.0408971	0.37925923	0.6075746	0.16453214	0.86071193	0.46744165	0.39122635	0.25001743	0.5467582	0.56781584	0.44594902	0.61526644	0.6351891	0.6718445
4659	0.31772268	0.5624095	0.4961769	0.42868945	0.66360366	0.74845266	0.34430036	0.8531274	0.388043	0.7379569	0.32486683	0.6886088	0.65467924	0.5564758	0.29785237	0.43383306	0.8147969	0.50408894	0.66511756	0.948483	0.7848682
4666	0.6396963	0.31570485	0.22736743	0.21609303	0.9645878	0.5119694	0.39354056	0.33671707	0.98302233	0.70257294	0.22335811	0.769857	0.44927624	0.8859777	0.3050365	0.36462995	0.5987483	0.64584726	0.6219885	0.8948714	0.66254276
4671	0.8108613	0.3210259	0.5800883	0.21457487	0.9837885	0.80949676	0.2873524	1.078472	0.38559842	0.66293705	0.17795913	0.75166136	0.48040214	0.7318987	0.24870013	0.50034046	0.85480577	0.38639686	0.6695307	0.80666757	0.7171065
4692	0.30142555	0.27003726	0.49760216	0.30612564	0.9846394	0.9101746	0.32603866	1.0500938	0.47868854	0.73356813	0.23279397	0.8006901	0.73567325	0.82585543	0.27064365	0.49593496	0.8300289	0.3144702	0.65503865	1.0135729	0.9641814
4706	0.28467977	0.44858673	0.80267835	0.24408835	0.9996544	0.8345995	0.28942844	1.0266922	0.37415385	0.78128946	0.21185224	0.808019	0.6787377	0.64739835	0.2529682	0.47651386	0.86775565	0.5616009	0.64027864	0.9298833	0.9621178
4745	0.2749928	0.35698843	0.7116948	0.98373795	0.2532621	0.42629284	0.23555575	0.64830244	0.6337108	0.67675775	0.6960253	0.23301934	0.54677325	0.7145635	0.3188184	0.72107595	0.27044302	0.18306239	0.617456	0.2244668	0.482988
4759	0.3392495	0.5614077	0.83801854	0.25743395	0.2263321	0.67029977	0.27794072	1.027656	0.41421992	0.7700981	0.8651765	0.46864966	0.7993332	0.34888154	0.2958137	0.67704177	0.29765713	0.19079342	0.6900374	0.3970093	0.5335781
4763	0.34362724	0.28265637	0.89799684	1.0548064	0.20921597	0.7953086	0.28451356	0.8301375	0.86000645	0.812924	0.7794374	0.7584058	0.65379304	0.81839997	0.31859025	0.6642582	0.19428596	0.18325062	0.6894516	0.24797547	0.79655963
4768	0.36405897	0.4051975	0.545499	1.0599952	0.1876655	0.63825023	0.24369653	0.93993074	0.86896664	0.68846184	0.8186632	0.55956364	0.6283665	0.9280653	0.2851339	0.66900706	0.24527508	0.17895897	0.5776367	0.20962156	0.40238467
4773	0.74691445	0.33438957	0.33453062	0.9726691	0.45213228	0.90268415	0.26569843	0.2943137	1.0110769	0.74122924	0.46130243	0.8640959	0.3413308	0.9613884	0.27633792	0.6098616	0.31580627	0.18088284	0.68658847	0.29928762	0.6894603
4778	0.32248703	0.21268257	0.24702775	0.29159543	0.6158353	0.76927626	0.6349103	0.36938387	0.61711794	0.75723284	0.8339915	0.8396097	0.27809668	0.6306878	0.6943088	0.6273521	0.27418786	0.1648845	0.73143107	0.28013358	0.9444981
4780	0.27992755	0.4996102	0.794301	1.0423198	0.20023043	0.83382916	0.2929467	0.86791617	0.9535183	0.74824107	0.83354104	0.8514392	0.78808624	0.91939384	0.29893726	0.6329309	0.3765459	0.19520237	0.7100572	0.22904247	0.6788962
4802	0.4350113	0.6088359	0.73764545	1.0298849	0.19805002	0.60308444	0.23917277	0.3771163	0.9437506	0.73951936	0.80126673	0.37756237	0.5963532	0.9760441	0.30165467	0.69408095	0.19133991	0.17714801	0.6357419	0.20680803	0.47692025
4804	0.2926418	0.5789181	0.8241655	1.0127181	0.22181597	0.5140111	0.2836161	0.36009365	0.98862374	0.77028245	0.75331366	0.45207796	0.6133119	0.9630626	0.26830307	0.7323141	0.23083928	0.19660252	0.6768611	0.21784386	0.5355987
4814	0.3375283	0.34591004	0.5662872	1.0169606	0.23122588	0.7430644	0.28918326	1.0526838	0.40622067	0.7409575	0.589501	0.57469326	0.72134876	0.44624296	0.27586186	0.59071875	0.30527315	0.19355963	0.6913995	0.2943882	0.5015742
4817	0.2690379	0.3926675	0.53983694	1.0200756	0.20642847	0.6814397	0.2595888	0.37282062	1.0161301	0.74419796	0.7562434	0.65033007	0.44331428	1.0406457	0.29048598	0.6783224	0.22235304	0.17580208	0.6646101	0.2180246	0.441227
4821	0.43951616	0.41001827	0.48447186	0.5509754	0.2936179	0.5326016	0.3860949	0.40434325	0.60027313	0.70389074	0.48416808	0.551935	0.6749844	0.66099113	0.27909726	0.5239299	0.36091018	0.2713028	0.6555766	0.357213	0.75781024
4842	0.28144148	0.33667412	0.74874574	0.95688885	0.20407557	0.6689908	0.23706158	1.0563401	0.6727426	0.7622614	0.9158934	0.2783243	0.815694	0.6932507	0.29448292	0.72642404	0.2000452	0.16123699	0.6727257	0.21948558	0.5017008
4868	0.5969588	0.8463377	0.7788914	0.89251065	0.51666576	0.49245286	0.23328768	0.682857	0.42183357	0.7530565	0.29382122	0.71765536	0.88481456	0.6361126	0.2572712	0.65815943	0.34027952	0.28394043	0.7060497	0.58679545	0.685204
4874	0.33427188	0.47081056	0.97735876	1.0714825	0.19536874	0.73944396	0.27801037	1.0669211	0.7303961	0.7689736	0.8455654	0.76338077	0.8216772	0.88259614	0.31876385	0.6633417	0.23786312	0.20890528	0.60082895	0.21748193	0.44452032
4904	0.88145775	0.22551848	0.17826527	0.21965225	1.0028574	0.65189254	0.76109684	0.27466512	0.42935044	0.6080796	0.2126203	0.90741473	0.23427017	0.7989406	0.9080373	0.4669678	0.5386375	0.307951	0.74404895	0.79057956	0.82868344
4925	0.4965205	0.6745989	0.76776814	0.5537646	0.5145652	0.8248623	0.34127903	0.36591846	0.4300598	0.7233809	0.38658765	0.6677509	0.47176844	0.9134353	0.33107847	0.42763558	0.56909335	0.30941442	0.72556156	0.77516764	0.81742215
4928	0.593759	0.5622516	0.779477	0.45014775	0.96652853	0.8137996	0.29725882	1.0967079	0.4166266	0.7160369	0.42078108	0.27882048	0.55175513	0.38555163	0.296549	0.6700734	0.5848814	0.20872782	0.6845921	0.8273597	0.42858192
4929	0.2636984	0.34130606	0.7697163	0.6783119	0.30513498	0.39809042	0.26710013	0.91627836	0.5155403	0.8396787	0.5476816	0.23737936	0.69364506	0.7031694	0.33446863	0.63041645	0.23244265	0.18154216	0.599023	0.21304177	0.42336738
4930	0.60112363	0.3218916	0.3104375	0.36117458	0.8716568	0.5649249	0.3601895	0.33372235	0.92833745	0.7094949	0.5054454	0.8442206	0.30645138	0.7551316	0.33931923	0.5330057	0.48152173	0.23461884	0.70021045	0.62385774	0.6648374
4940	0.26952067	0.33757082	0.7900126	0.74924743	0.22849342	0.9447552	0.30371216	1.07384	0.5208026	0.82805884	0.7405529	0.4673764	0.6174	0.61520404	0.30663863	0.7007775	0.19117588	0.18316442	0.67587334	0.26295322	0.71475
4943	0.87370116	0.28678757	0.39019507	0.21196017	0.9947957	0.9575294	0.28240284	0.30642635	0.99744785	0.69001323	0.2760912	0.7654252	0.31288016	1.0137326	0.2768317	0.47787565	0.62914026	0.2522346	0.71031386	0.78496957	0.98223215
4976	0.71630013	0.30940297	0.35914683	0.22222143	0.9895983	0.6280044	0.85644954	0.2244423	0.38982958	0.64674544	0.22549142	0.5799788	0.20421319	0.5378304	0.8396346	0.4854055	0.4356403	0.23216099	0.66065	0.7674637	0.68419
4981	0.26014733	0.83085126	0.89457077	0.57920915	0.33149436	0.42246252	0.27803442	0.9970738	0.44553322	0.80939794	0.63615113	0.57823086	0.7336911	0.5318865	0.2840757	0.7021942	0.2541012	0.20053628	0.6614479	0.3083863	0.38775647
4987	0.2646324	0.32962245	0.9223809	1.035711	0.22062068	0.9319764	0.26214546	1.0696955	0.42226958	0.77016944	0.71915525	0.4851967	0.540628	0.6014291	0.24381341	0.72133154	0.20323762	0.17807037	0.6898686	0.2369633	0.6110088
5103	0.83703667	0.40588078	0.77049404	0.21881568	0.9957093	0.6206926	0.30543548	0.31396484	1.0155051	0.6753748	0.32420158	0.7121658	0.306914	1.0398792	0.31255546	0.5373181	0.6252106	0.25665906	0.586829	0.36724377	0.58086914
5105	0.277247	0.91455185	1.0596381	0.33392006	0.7986418	0.50916785	0.29745463	0.34088856	1.0231875	0.80490124	0.1992308	0.32218114	0.44173628	0.9779776	0.26138276	0.57479584	0.41263896	0.22597432	0.5785968	0.66404414	0.40355232
5109	1.0153478	0.31339508	0.4211171	0.2343558	1.0001863	0.7524636	0.5614518	0.8103094	0.43188077	0.66609055	0.30068806	0.8044193	0.35300216	0.5629219	0.3892852	0.5520841	0.3619371	0.2153168	0.67251253	0.8143931	0.77849966
5123	0.9054562	0.36490628	0.7281062	0.2485443	0.9724244	0.6277852	0.5564592	0.95939624	0.43586108	0.7636524	0.3558557	0.65572214	0.39282644	0.7680164	0.4126202	0.6312104	0.60292083	0.26201257	0.65604836	0.6441877	0.70454663
5130	0.7770175	0.4022727	0.508455	0.24383256	0.9800117	0.89619714	0.32564524	0.4830138	0.9675644	0.6706725	0.30117872	0.42303047	0.3908659	0.93202627	0.27824315	0.54435533	0.83568805	0.28920957	0.7057524	0.6778517	0.73358977
5145	0.38555756	0.43670452	0.7639697	0.38203117	0.9089558	0.6335045	0.36701262	0.5181197	0.94949293	0.69654816	0.38311997	0.72580254	0.5798974	0.92008966	0.2780461	0.61778903	0.5848413	0.21915646	0.69447	0.54254794	0.53901
5149	0.32377437	0.84514004	0.8932466	0.265944	0.9685794	0.74076337	0.37647185	0.4442265	1.0107827	0.7091923	0.26317215	0.4923653	0.3903187	1.0149826	0.3216794	0.4377778	0.83906275	0.43954718	0.67875487	0.79448646	0.7545683
5158	1.0072955	0.30363494	0.26998267	0.22267294	0.98341	0.37502477	0.3192742	0.25217345	1.0073966	0.67441493	0.16100411	0.861186	0.30321836	1.036169	0.25038663	0.5065748	0.81215256	0.68822956	0.5678923	0.7749815	0.80959564
5166	0.80768263	0.4118201	0.50722754	0.23282501	0.9434005	0.91773653	0.3069355	0.3759834	0.9929458	0.6409814	0.45667857	0.6365099	0.370576	1.0102217	0.26060727	0.6217567	0.4825058	0.22159237	0.7006137	0.7147148	0.5305411
5189	0.5065745	0.33879238	0.5585644	0.23216799	0.9787185	0.4131589	0.24314849	0.31552482	0.93339276	0.64438325	0.14944552	0.5010731	0.4780576	0.94136316	0.28102937	0.6430326	0.70354205	0.21852665	0.5862376	0.5449164	0.52751076
5206	0.56113714	0.66028184	0.5802549	0.2260794	0.96653515	0.48495722	0.4714176	0.4203239	1.0030137	0.62936646	0.26622358	0.87290525	0.3075037	1.0165803	0.26263037	0.43827587	0.7995908	0.5415848	0.6404873	0.8775166	0.6010955
5208	0.7787419	0.3625947	0.4450041	0.46321303	0.9724555	0.7788787	0.38400328	0.39726377	0.95802164	0.610093	0.36357242	0.57561004	0.29919246	0.98452157	0.29663435	0.5886855	0.7997721	0.32545707	0.71551776	0.7390974	0.6388262
5210	0.9024076	0.3697819	0.37042937	0.22174695	0.92716086	0.59487796	0.42248735	0.3612529	1.0019891	0.6133762	0.23245676	0.744298	0.3154613	1.0096262	0.37007523	0.44091144	0.49605852	0.24718279	0.57808524	0.78039974	0.52518636
5225	0.6833805	0.62413776	0.7430453	0.32899207	0.8066744	0.6461805	0.3674864	0.343421	0.999881	0.70551914	0.2602582	0.60781413	0.44088563	0.9950977	0.27726114	0.52802217	0.6854322	0.29806828	0.59784824	0.76366323	0.5767915
5238	0.77087086	0.4961685	0.70242566	0.2437616	0.8821056	0.67555404	0.34803104	0.3074829	0.87367314	0.6310178	0.26396343	0.47598648	0.5430054	0.90575653	0.41300276	0.59366804	0.43821663	0.22672907	0.64135945	0.7283565	0.6905453
5240	0.2994808	0.76737183	0.83360654	0.3565795	0.7645639	0.39996955	0.3134124	0.5787191	0.4527397	0.79833215	0.20509543	0.120808125	0.57011473	0.71330947	0.4074588	0.6566465	0.22967917	0.17252289	0.5892795	0.45824456	0.46813264
5243	0.40764382	0.51112497	0.5458856	0.2381717	0.9945384	0.5115291	0.2513443	0.30832088	1.0110536	0.6619581	0.285039	0.19332556	0.26987782	1.0302163	0.27755645	0.56132275	0.7987206	0.26623338	0.6863459	0.8125497	0.5603681
5247	0.2674224	0.774201	0.8731649	0.27909347	0.9232083	0.35240856	0.23429139	1.025466	0.3762923	0.7809009	0.31620893	0.13966377	0.8893689	0.60197556	0.25934964	0.72675306	0.46524155	0.20791075	0.5778846	0.49717537	0.60202104
5254	0.66577715	0.56536394	0.76788265	0.6133684	0.5967628	0.507733	0.39651772	0.6109188	0.6448008	0.6743579	0.47547767	0.66062534	0.61975837	0.8424961	0.32127696	0.56025314	0.2778232	0.17041051	0.6663833	0.52822655	0.554537
5257	0.75717133	0.5437412	0.67557716	0.35205972	0.81378317	0.62739617	0.59352225	0.34546143	0.6339384	0.7478692	0.3274764	0.28812802	0.2193987	0.9007563	0.4631754	0.6077524	0.5094809	0.20832963	0.5562916	0.4574668	0.35177943
5263	0.28355506	0.69395435	0.9529571	0.33189303	0.6710099	0.44243217	0.26248497	0.38138843	0.7456867	0.78284365	0.4746473	0.51054037	0.3160557	0.97582215	0.32218313	0.6096983	0.27751875	0.18966421	0.68289423	0.44770655	0.5059048
5276	0.4390696	0.7490313	0.81345505	0.34592733	0.85303974	0.42567644	0.34631997	0.67367357	0.5008282	0.7806454	0.4264098	0.24140884	0.44131625	0.63984036	0.37578568	0.6650276	0.40419862	0.1863662	0.5623151	0.46152174	0.3538977
5284	0.40583977	0.70386535	0.6066464	0.8159446	0.9044062	0.50640494	0.27296975	0.353118	0.7382092	0.68926996	0.3165046	0.20430918	0.3043325	0.94955695	0.34295782	0.5628666	0.41491967	0.22900045	0.6200999	0.56595325	0.444859
5298	0.27893186	0.838567	0.8399256	0.8634627	0.55206484	0.37937698	0.211511	0.34753463	0.5621179	0.70243657	0.44836158	0.23346262	0.5571774	0.47544348	0.29281288	0.6593815	0.35867375	0.196002	0.51954824	0.5775364	0.41933253
5306	0.26566723	0.31309137	0.90299654	0.4600275	0.8921226	0.36306098	0.2172708	0.9958498	0.4514197	0.7636199	0.571919	0.2706426	0.7059091	0.6099356	0.3027372	0.6525358	0.3367665	0.1840323	0.4696405	0.23864445	0.41753647
5307	0.31100398	0.687641	0.8431379	0.29179206	0.97156227	0.35506013	0.5898698	0.48793048	0.4622912	0.70167184	0.23297755	0.16217707	0.50672597	0.38710624	0.5603224	0.60461104	0.5746829	0.19954632	0.4314255	0.7593944	0.41678438
5329	0.26926425	0.8384399	0.81657916	0.37156478	0.897969	0.4784227	0.2837605	1.0525415	0.3738858	0.78947634	0.37896505	0.44854754	0.381013	0.32078427	0.2814306	0.5909512	0.55984414	0.29130083	0.67038745	0.9729458	0.53751904
5339	0.2773038	0.6274136	0.78938544	0.37253085	0.75822866	0.77662456	0.27666354	0.74711585	0.4851464	0.78463984	0.6393344	0.43645847	0.2691526	0.9409865	0.46899432	0.65695477	0.33109424	0.18373194	0.6237188	0.41245413	0.41157806
5341	0.2536554	0.54485	0.9249302	0.26363754	0.91637295	0.55495983	0.2741385	0.6940321	0.6935221	0.7687915	0.30300704	0.6016992	0.29295158	0.57358867	0.32594866	0.66059715	0.5621624	0.2184716	0.7519278	0.62669474	0.742903
5356	0.32285455	0.78380394	0.82953787	0.34826285	0.91386265	0.64265794	0.44828072	0.91186595	0.49601614	0.7529353	0.4988295	0.33014435	0.7167739	0.49501806	0.43287775	0.5558547	0.4712199	0.20994827	0.65726316	0.6914259	0.50410104
5361	0.34311965	0.7356734	0.6923539	0.36954263	0.7379877	0.6484542	0.27298933	0.94211686	0.7980239	0.7623367	0.5942288	0.31569448	0.48402217	0.81630594	0.3276062	0.6551805	0.28302616	0.19463898	0.55454344	0.30982053	0.3824547
5371	0.293917	0.9211404	0.80980176	0.58006424	0.44390157	0.42131895	0.28270668	0.91023386	0.4555115	0.77480644	0.7007596	0.87249833	0.7196121	0.7845631	0.33766952	0.6812193	0.2417298	0.18308574	0.7079747	0.4077831	0.7027849
5382	0.27446014	0.8328934	0.8727092	0.40636724	0.79827684	0.40158892	0.31652632	0.6581832	0.65460557	0.7552851	0.36018914	0.33018637	0.35221612	0.84252787	0.39386448	0.5943068	0.45647436	0.2273927	0.68560123	0.51146716	0.5270895
5388	0.8471463	0.37171614	0.60469407	0.23489404	0.9591247	0.71620864	0.6532029	0.34404826	0.7265002	0.6866395	0.29843768	0.43155375	0.2978458	0.5365794	0.61901945	0.5990561	0.6326131	0.23952937	0.72109085	0.62780535	0.6703801
5389	0.25553417	0.41656008	0.7660973	0.48697045	0.9229434	0.720998	0.31431618	0.38164303	1.0064971	0.75353616	0.33338922	0.3641168	0.5138603	0.98966616	0.25704283	0.6470282	0.894694	0.31558645	0.70284605	0.4336592	0.5490793
5413	0.5685876	0.83685184	0.6523631	0.23156282	0.9136915	0.42746252	0.48554873	0.8264206	0.43095848	0.7499039	0.24695922	0.24743555	0.6097577	0.49383634	0.45201322	0.4904406	0.455067	0.23932457	0.56745845	0.7930465	0.47643518
5420	0.8400108	0.7419205	0.7543101	0.25586465	0.91596305	0.4078849	0.7383836	0.6194924	0.50807506	0.7406507	0.16483274	0.1459394	0.32520208	0.52368164	0.6191852	0.53360945	0.5974187	0.22378382	0.6404894	0.6877083	0.3696443
5454	0.37536594	0.5702305	0.9165566	0.30720404	0.921925	0.34719968	0.31546423	0.67593634	0.60814726	0.7798269	0.38784036	0.11733903	0.42207468	0.85938627	0.28000546	0.55982673	0.51427025	0.2549656	0.48921692	0.8926712	0.43993658
5456	1.0514635	0.3356769	0.46446565	0.22351444	0.9236285	0.62368596	0.7218934	0.25884062	0.5754578	0.6388611	0.23009457	0.3252278	0.2048511	0.9943618	0.83983487	0.5908632	0.4952274	0.24812838	0.57186913	0.6513308	0.497068
5471	0.28225437	0.6731025	0.9185066	0.46129957	0.8177961	0.59953445	0.2551394	0.8945862	0.5308534	0.7402582	0.40485582	0.19842604	0.39288118	0.9321503	0.30169913	0.6791766	0.42849305	0.20312312	0.7074085	0.7935122	0.4908706
5481	0.44312292	0.38711265	0.7237021	0.25163242	0.92389894	0.4411434	0.41262284	0.29320472	0.62625957	0.6872549	0.22572045	0.29817286	0.2402709	0.8497534	0.53888625	0.55636775	0.6085988	0.2330792	0.65389425	0.7311453	0.5406974
5502	1.129024	0.2926156	0.34264696	0.21906321	0.98405623	0.36258873	0.7228999	0.3062152	1.0191668	0.5956979	0.1777944	0.95683664	0.27665678	0.9869147	0.2843912	0.53202474	0.5554748	0.6136462	0.6435068	0.732567	0.72091055
5515	1.0718458	0.28684792	0.22823596	0.2191387	0.97354364	0.35264248	0.58630705	0.2740938	0.965305	0.6144151	0.16798031	0.9182558	0.39448053	0.35952076	0.7076111	0.60669905	0.48817658	0.35323048	0.5879223	0.8392723	0.61983013
5517	0.95605344	0.30872154	0.24894205	0.261863	0.9478523	0.51407593	0.3507554	0.33947816	1.0191493	0.57002103	0.17967366	0.8612522	0.3082066	1.0534065	0.2363637	0.42618337	0.9508984	0.72567135	0.6654508	0.8241264	0.7725044
5524	0.42876002	0.23286052	0.44628367	0.2548763	0.98035586	0.8624498	0.3322204	0.36629683	0.97592306	0.75682104	0.20937707	0.86423117	0.5550142	0.86466175	0.2556481	0.4829921	0.76061356	0.46044794	0.6704995	0.7865449	0.9327877
5538	0.8102429	0.495313	0.6657183	0.43286508	0.8388489	0.8964401	0.4109514	0.7161147	0.81850624	0.696823	0.3265294	0.25204265	0.41347122	0.9137526	0.35171193	0.55990857	0.57782394	0.23842624	0.6901466	0.6391933	0.65350825
5546	0.36573118	0.3182685	0.54527354	0.23232931	1.0039524	0.700516	0.32926372	0.25936976	1.0184816	0.70107937	0.21121076	0.8005216	0.26427552	1.0474187	0.28862295	0.42602423	0.8858385	0.46909583	0.62478304	0.90337324	0.7023078
5550	0.7384048	0.82478565	0.8719477	0.29841974	0.8505138	0.36188975	0.61137664	0.3669969	0.9682747	0.7400702	0.23870035	0.30316812	0.41094062	0.8319878	0.2675925	0.54471356	0.6825208	0.45143968	0.56554735	0.8275232	0.54419845
5556	0.48528472	0.5019294	0.5650022	0.2254082	0.9781071	0.6099186	0.3576411	0.30876774	0.9732443	0.6823866	0.31004104	0.86037874	0.5536969	0.9873529	0.27455044	0.59088993	0.672457	0.31431726	0.65253484	0.8656309	0.7540343
5561	0.8842984	0.28309602	0.23979333	1.021531	0.23538157	0.7021102	0.30859742	0.3325184	0.94352305	0.6062405	0.3347273	0.8882245	0.2437629	1.0556544	0.8486503	0.6522672	0.2654282	0.5943241	0.7127677	0.22130333	0.76594555
5567	0.9260535	0.3737345	0.26972204	0.21795583	0.9551193	0.4339594	0.4397424	0.3050456	0.9835274	0.62272936	0.19120085	0.48820096	0.27018192	0.97318333	0.34264034	0.50663817	0.7265077	0.43120632	0.6217338	0.8309248	0.49409086
5568	0.96619636	0.244866	0.34456846	0.21974054	1.0166088	0.9060565	0.39800113	0.38489422	0.9069228	0.7167051	0.21240821	0.8816623	0.3331789	0.9249848	0.25944582	0.48786658	0.8910551	0.54193264	0.68579334	0.8415969	0.868981
5572	0.98142093	0.37879038	0.25445062	0.2149852	0.93467	0.5602974	0.5020586	0.46822593	0.9124032	0.7052956	0.2998756	0.91755545	0.5033433	0.39727995	0.4525684	0.5900141	0.5961103	0.39849186	0.64040756	0.91824454	0.72303313
5575	1.0348039	0.33265612	0.24439657	0.2108811	0.9621551	0.43509	0.5042326	0.27655154	1.0038599	0.6740205	0.15020868	0.76466614	0.2735498	1.0428396	0.26702562	0.47562844	0.9285162	0.64350754	0.6591376	0.7195378	0.71167314
5577	0.59454775	0.30434006	0.3299616	0.21254843	0.96180964	0.57398295	0.32779357	0.30771682	1.014026	0.65359956	0.20230052	0.32751682	0.24809243	1.024868	0.3502573	0.5203391	0.84559953	0.53169733	0.65559244	0.75666183	0.64727217
5580	0.57913876	0.27255327	0.5169781	0.23228213	1.0027181	0.53006834	0.37590194	0.36453906	0.7020708	0.696168	0.14100073	0.9023225	0.47765455	0.7095736	0.37586015	0.60204864	0.61871374	0.37726393	0.5741121	0.78010017	0.7404772
5600	0.5762387	0.44390768	0.65569746	0.2048297	0.90466243	0.3574925	0.4010181	0.42636508	0.66255665	0.7050553	0.24174862	0.47710997	0.24735944	0.57301444	0.48343736	0.6551977	0.5872357	0.3055163	0.59616214	0.8783464	0.4761786
5601	0.3695205	0.4021721	0.59722006	0.7320534	0.27863193	0.9425977	0.34318563	0.82190764	0.5862996	0.67566806	0.5540731	0.8836797	0.5283238	0.9946645	0.32356894	0.5902458	0.28678346	0.21910405	0.7405458	0.24678099	0.85984325
5603	0.75957346	0.32927898	0.32119974	0.21639836	0.9911766	0.726189	0.36572912	0.29398987	1.0137724	0.717592	0.22655822	0.81392086	0.30662352	0.9875241	0.2794794	0.43469357	0.9255915	0.5971471	0.68454397	0.624446	0.8578845
5605	0.7805993	0.4672983	0.47944862	0.27321422	0.9431128	0.3814479	0.6537252	0.7348358	0.80432206	0.677262	0.19362734	0.5318478	0.50634456	0.40570602	0.2968405	0.63022715	0.5160808	0.3839574	0.54590267	0.88203824	0.6149135
5609	0.5424576	0.33174717	0.61914366	0.23159128	0.92354274	0.65526927	0.6945476	0.4201631	0.5530808	0.6696299	0.327795	0.77606416	0.3200702	0.91405946	0.5279238	0.5681112	0.518154	0.20913938	0.7258388	0.8244418	0.7446226
5627	0.89758736	0.41365	0.3875339	0.21370733	0.9469332	0.3204183	0.8326501	0.35234007	0.5387519	0.7049593	0.24380635	0.907523	0.53673285	0.36580127	0.44535407	0.59829676	0.45123512	0.20245339	0.49853468	0.696657	0.44655466
5629	0.857622	0.406335	0.3635013	0.22078595	0.9819584	0.46198905	0.42969283	0.30229414	1.0012568	0.68939185	0.21467379	0.57315326	0.28055137	1.0248593	0.26730037	0.46908408	0.89408	0.67054695	0.6139357	0.72364527	0.560873
5632	0.87839663	0.3871352	0.49514282	0.31820467	0.964504	0.4936173	0.4256486	0.41122553	0.99629295	0.59531736	0.27936506	0.5242352	0.38027865	0.96427673	0.24815802	0.50825727	0.8694876	0.5826673	0.61887324	0.91314256	0.68917346
5639	0.7763108	0.324299	0.40503618	0.22994787	0.9656706	0.4257572	0.42680323	0.29027185	1.0206741	0.6465496	0.17280748	0.77202654	0.26357672	1.0301673	0.24171565	0.505404	0.9648052	0.76993686	0.61926675	0.847676	0.6855679
5641	0.79230475	0.386883	0.47121865	0.22989142	0.9855006	0.7195637	0.3432293	0.3525741	1.0251726	0.6621691	0.18269472	0.7588771	0.3057871	1.0508392	0.2658773	0.49085343	0.88249683	0.567494	0.6875459	0.78613776	0.8313676
5642	0.8646329	0.22922392	0.25133598	0.22064888	0.9961715	0.8889563	0.33557928	0.30537328	1.0013534	0.7311443	0.19753516	0.79989815	0.3053318	1.0401314	0.25646418	0.5163778	0.81092954	0.5348396	0.71378696	0.9066983	1.0132625
5653	1.0621367	0.27423608	0.35718134	0.27132463	0.96909785	0.62203676	0.70006436	1.0099227	0.397968	0.6062573	0.1655636	0.88378465	0.4038908	0.48416275	0.54831886	0.5127363	0.54797614	0.27399704	0.67236334	0.7199321	0.7997942
5654	0.96304685	0.5124703	0.65243506	0.21544771	0.9251051	0.35824132	0.5087829	0.2570858	1.0060034	0.69750446	0.16602848	0.45578006	0.32367736	1.0516994	0.28346202	0.58164793	0.6902226	0.582852	0.55865574	0.8854112	0.5093383
5658	0.99043256	0.2934919	0.21692547	0.21855597	0.99321175	0.35209516	0.6653555	0.30316326	1.0156592	0.679698	0.16479425	0.9157764	0.31295738	1.0437137	0.2918015	0.55646056	0.7202612	0.57611567	0.6040593	0.7710041	0.60140866
5661	0.51236457	0.37370571	0.6739413	0.2145318	1.0179557	0.53548753	0.2766511	0.2802375	1.0033596	0.64792836	0.27034748	0.78426415	0.26613694	1.0214618	0.31605548	0.5882071	0.83443975	0.42997462	0.6880847	0.65321755	0.6862636
5680	0.8336113	0.2755551	0.35958916	0.2209606	0.98261905	0.39703605	0.29606366	0.2581845	1.0211886	0.6664992	0.11155016	0.83995056	0.29570544	0.9992078	0.26075643	0.49792147	0.8041414	0.5685614	0.532401	0.8800319	0.6596058
5684	0.91220886	0.2752985	0.33881646	0.2084178	1.0108169	0.88930506	0.36144167	0.29638058	1.0352334	0.6788006	0.16487727	0.8809847	0.23767053	1.0402889	0.27072483	0.46306312	0.9144662	0.75982547	0.7077163	0.8761397	0.954756
5688	0.34878275	0.37093148	0.63516736	0.51972806	0.6821499	0.4865322	0.32195994	0.28777534	1.0068718	0.74870586	0.2978803	0.4544909	0.42118734	1.0246744	0.27196965	0.672973	0.88380206	0.5654947	0.6149605	0.8902968	0.5380166
5689	0.98673695	0.35683575	0.41202992	0.20607464	0.9536729	0.4063007	0.52021575	0.3842787	0.57330954	0.7000134	0.23627456	0.62752527	0.33976543	0.3759435	0.30171722	0.57232577	0.562718	0.23820034	0.56364876	0.7734237	0.5138392
5691	0.8741138	0.26321092	0.56973875	0.25964844	0.90498096	0.75207895	0.33727923	0.32281703	1.0027689	0.665512	0.16604297	0.53586686	0.2484278	1.0003456	0.3072179	0.56735975	0.88433367	0.63790935	0.54365456	0.8594881	0.8113955
5700	0.7624857	0.3985054	0.30808377	0.20511658	0.9710936	0.5664501	0.5507557	0.26409397	1.0072463	0.6766887	0.23242037	0.8250751	0.3264532	0.9714287	0.29263416	0.4599312	0.9030854	0.6615861	0.6677406	0.85576266	0.7141107
5704	1.1232797	0.2896544	0.26531354	0.22243044	0.99495304	0.40385228	0.75015575	0.3118859	1.0011946	0.56538653	0.15983975	0.93068635	0.29877785	0.9671727	0.2969282	0.64909244	0.5179954	0.64426565	0.5396738	0.82159394	0.67180634
5705	0.53602076	0.2965668	0.36455762	0.20646362	0.9673015	0.54560447	0.40791503	0.24877024	1.0259022	0.7085366	0.24208371	0.6492456	0.2300271	1.034944	0.343792	0.4759187	0.8140647	0.6527564	0.6824091	0.8107614	0.6181614
5720	0.68796766	0.73856455	0.58175117	0.36796018	0.8900273	0.28305393	0.7868185	0.31363642	1.0103129	0.6595333	0.24191336	0.5853789	0.34351295	0.64018095	0.8319619	0.54021245	0.59538066	0.41769904	0.50514007	0.77783334	0.3859062
5725	0.84255606	0.39863223	0.26788104	0.20398009	0.99060774	0.7347833	0.3860957	0.28918716	1.020066	0.71660554	0.17236304	0.8223992	0.34778404	1.0361205	0.29151222	0.4483774	0.8211605	0.6581387	0.7025855	0.7963084	0.8677852
5727	1.0478417	0.21901076	0.24426392	0.2353389	0.96508354	0.51047224	0.8728646	0.3029156	0.49875897	0.6018923	0.2513676	0.5065343	0.24194805	0.42064404	0.82483125	0.5809448	0.49647474	0.2783313	0.6840972	0.7068533	0.51336855
5730	1.0683637	0.29050213	0.29365945	0.22045837	0.98134875	0.52366537	0.342534	0.3043968	1.0017867	0.5857791	0.15435074	0.86412686	0.33839336	1.0453924	0.2648184	0.43691033	0.77634084	0.6746638	0.6561004	0.76932526	0.8563493
5734	0.88161904	0.16700605	0.16958925	0.24027658	0.94279647	0.8330417	0.87812185	0.35621193	0.41896948	0.70556796	0.35282713	0.8949874	0.24842314	0.4839762	0.9362821	0.4994077	0.3531582	0.18680546	0.76905364	0.79944026	0.9390695
5752	0.28098947	0.43949217	0.8771041	0.35890293	0.77822167	0.8983586	0.25322917	1.0352294	0.4506763	0.77237594	0.662815	0.49751246	0.3074401	0.5496886	0.28890592	0.6977163	0.19467115	0.18244016	0.7409282	0.53467476	0.5997005
5753	0.79304063	0.48314464	0.49675983	0.22630027	1.0085635	0.8354102	0.76327837	0.5889104	0.5741326	0.7296804	0.30028233	0.7734497	0.3330046	0.6756337	0.5721682	0.49897242	0.63850504	0.30341905	0.7106064	0.92482066	0.8515296
5754	1.1492589	0.31213453	0.22759917	0.21878147	1.0007379	0.6335881	0.33645612	0.32450053	1.014135	0.6224075	0.1237152	0.8782115	0.30075744	1.0268489	0.2741423	0.41344205	0.8112983	0.6749813	0.7214624	0.8950516	0.92397887
5766	0.8236104	0.51586556	0.63155633	0.20698112	0.98933744	0.4914863	0.35282683	0.29617658	1.0057185	0.7309911	0.18568908	0.771518	0.3915316	0.9938542	0.28664842	0.44763315	0.8599586	0.42736796	0.6598205	0.7805902	0.60755795
5769	1.0765966	0.20097338	0.1668869	0.19994217	0.9792596	0.70705503	0.8155434	0.22886539	0.37936887	0.53276974	0.14229737	0.80547994	0.1881808	0.83289313	0.9255384	0.41122505	0.3629927	0.21410532	0.7688839	0.8219073	0.8510881
5773	0.95588475	0.2546728	0.26040387	0.2157179	1.0103376	0.7683967	0.916732	0.27547947	0.42944646	0.6027171	0.17581297	0.9530562	0.23925678	0.6559147	0.9169585	0.45370832	0.39161906	0.24450573	0.74143463	0.6624742	0.9210322
5774	0.7448644	0.4820603	0.3764331	0.2475416	0.9645411	0.6498239	0.8971309	0.8172047	0.39556757	0.6988118	0.20970787	0.7492987	0.31244972	0.3694755	0.8729585	0.53034437	0.5025974	0.23062697	0.7373206	0.6903194	0.8600792
5796	0.7208036	0.80785346	0.4747473	0.2750329	0.93915594	0.43017897	0.7552546	0.40429577	0.7452172	0.7097635	0.28234228	0.39475766	0.43925062	0.5642172	0.481054	0.4980269	0.47668427	0.33163282	0.6052735	0.8709619	0.58129525
5798	0.29106122	0.30234423	0.96864146	0.92352366	0.28086713	0.9783727	0.43778455	1.0739537	0.82375205	0.81909704	0.991725	0.8580206	0.5500302	0.6397555	0.386387	0.7058194	0.21648604	0.1605266	0.8075507	0.24203461	0.9802765
5802	0.7365257	0.3787605	0.61356086	0.2256217	0.8759019	0.9007506	0.29845476	1.0702242	0.4118093	0.76867324	0.31799972	0.45630214	0.5286598	0.4355573	0.26589325	0.66162217	0.5948198	0.21929573	0.6921796	0.6194802	0.7123149
5810	1.1558974	0.21027009	0.22464156	0.21187234	1.0117385	0.6367561	0.52865297	0.3997775	0.71575636	0.56820005	0.15187503	0.8817889	0.39939234	0.67833143	0.35282025	0.5039356	0.6405736	0.5491995	0.7349115	0.91036844	0.87059724
5813	1.0926164	0.24307765	0.46248195	0.21602614	0.9882324	0.53182983	0.3483184	1.0399173	0.45297602	0.63728094	0.1764359	0.84974295	0.5580574	0.6912387	0.4914822	0.6322178	0.40654886	0.2037795	0.6708483	0.7969712	0.85453796
5830	0.9242082	0.3165522	0.25501847	0.22253102	0.9550158	0.5141415	0.8659303	0.27009106	0.78612494	0.67768407	0.17017609	0.8801522	0.31639344	0.5346184	0.9304794	0.4734314	0.48384488	0.23716894	0.7355184	0.51926386	0.843782
5841	0.4009184	0.74845606	0.79938096	0.24300182	0.96664095	0.5125821	0.50701344	0.92718047	0.4069913	0.75686115	0.23813944	0.6360535	0.46061048	0.3985496	0.4695672	0.4621052	0.57563055	0.38541368	0.6673655	0.94525963	0.8536216
5848	0.41337824	0.3830095	0.7483886	0.386304	0.87854445	0.7431106	0.3570616	0.86478025	0.606494	0.7531196	0.5186137	0.62672216	0.40535468	0.5477923	0.31458363	0.54446095	0.4889152	0.19747896	0.69726187	0.77827835	0.69308716
5856	1.0600178	0.4553371	0.45108092	0.21605833	0.98857594	0.68142325	0.37567937	0.5648706	0.9227914	0.62707144	0.21228985	0.8195027	0.4373471	0.9542586	0.26513678	0.47837025	0.6379958	0.58854234	0.7333891	0.8086837	0.8589015
5873	0.6598174	0.23015572	0.22179827	0.29357535	0.6437383	0.6198866	0.45809695	0.37225613	0.7618817	0.6709528	0.3358376	0.91057235	0.47635016	0.88510734	0.4949602	0.5412539	0.443361	0.30832642	0.7227167	0.6284036	0.8582507
5880	0.80735666	0.22389214	0.27362525	0.37426242	0.94269425	0.6344273	0.66487736	0.5531688	0.4962526	0.74667454	0.3063208	0.8497689	0.38695487	0.7638891	0.4726165	0.47809762	0.27850437	0.2666168	0.70945704	0.78055596	0.6044693
5892	1.0342319	0.40518817	0.25292504	0.21315853	0.9596248	0.3456342	0.86416745	0.2659145	0.42567867	0.5018438	0.15542577	0.9199596	0.277965	0.39412588	0.93454504	0.56950516	0.3407297	0.2300266	0.60394645	0.8948839	0.8540054
5901	0.93567556	0.3013965	0.39043713	0.39007682	0.92852545	0.84692603	0.81757236	0.32011652	0.5096337	0.6193853	0.34338188	0.82870626	0.27689642	0.66825306	0.5876198	0.47349888	0.505707	0.19580136	0.7238872	0.5610629	0.8944824
5914	0.8760915	0.20585619	0.1922077	0.23271292	0.98139834	0.76140445	0.8749125	0.47382557	0.43867037	0.6043033	0.3013309	0.9209475	0.30295762	0.5126302	0.80957484	0.5072242	0.4224912	0.18840486	0.799123	0.7515739	0.95657426
5916	0.72691643	0.7683753	0.6848062	0.24520284	0.92681825	0.63855994	0.41839772	0.7174902	0.44529998	0.8214241	0.36994424	0.7810315	0.6356713	0.4292451	0.38525572	0.5703745	0.5922791	0.30908504	0.7015913	0.7456966	0.7118095
5920	0.99088126	0.32587224	0.2995213	0.21197143	0.97516596	0.6165167	0.5000478	0.42778468	1.0192592	0.6201646	0.16670802	0.77882725	0.35124415	1.043695	0.27269912	0.47264433	0.9126386	0.6318462	0.6712449	0.7858723	0.7918878
5929	0.72255564	0.7363968	0.2810261	0.21977681	0.9387018	0.323903	0.66889805	0.28870878	0.4948495	0.5872559	0.21601826	0.83569646	0.31813312	0.42857113	0.8940567	0.57369334	0.39442477	0.24278852	0.5620361	0.8820094	0.7190625
5931	1.011846	0.28082022	0.28396752	0.22595552	0.95695287	0.6155472	0.537584	0.35876513	0.9524448	0.5424469	0.20836453	0.8447406	0.31340075	1.011289	0.2824315	0.45070654	0.52366203	0.53074074	0.7104769	0.67162544	0.8650878
5936	0.9663567	0.2976705	0.27999577	0.22690418	0.9582041	0.655673	0.40188038	1.0577403	0.37671855	0.6962076	0.26622796	0.84890693	0.5644351	0.593287	0.23988636	0.5146012	0.71886665	0.28660244	0.6631277	0.48782822	0.72687054
5951	0.3200861	0.64727736	0.8946674	0.22681993	0.8931519	0.62053305	0.32531762	0.8484003	0.85196525	0.79713607	0.38422564	0.36951208	0.7220625	0.689751	0.3148766	0.5759391	0.40290526	0.20893382	0.69147706	0.7599587	0.7741128
5953	0.5807658	0.38327157	0.6059114	0.5153296	0.94167787	0.40491807	0.18644296	0.74860954	0.6689923	0.77845085	0.20832364	0.577543	0.23735233	0.7768413	0.25699532	0.7070905	0.21626404	0.18636657	0.625951	0.8713608	0.9045741
5955	1.099548	0.19691439	0.2477029	0.21809632	0.9669566	0.74370104	0.5805112	0.5006544	0.89503014	0.58602625	0.18884891	0.9020377	0.3420186	0.47752082	0.4769783	0.42029858	0.4718957	0.33905405	0.77063304	0.7695741	0.8668132
5964	0.96960056	0.31727675	0.35431063	0.21790116	0.9823823	0.5847186	0.44879425	0.3548572	0.99792683	0.62680846	0.17411178	0.87430346	0.36824638	1.0118535	0.24805914	0.45855993	0.82122093	0.6125681	0.70643216	0.65365905	0.87288463
5981	0.4558985	0.35705328	0.39842597	0.27147096	0.9215501	0.91047025	0.699596	0.6190012	0.5873377	0.72016704	0.2726289	0.49675316	0.260544	0.5391228	0.56874204	0.48852688	0.42894346	0.28221405	0.7361912	0.77069014	0.8675588
5986	1.1053534	0.23236515	0.2988548	0.2133041	1.00299	0.64057016	0.4259128	1.042561	0.36236268	0.6245639	0.13463598	0.82210594	0.37758493	0.36130074	0.28518268	0.49282712	0.44688806	0.30389196	0.6711658	0.8475957	0.7664492
5996	0.6303117	0.661166	0.53624994	0.2294139	0.8894167	0.47053492	0.26713225	0.9455648	0.38577935	0.73220116	0.23435022	0.39984357	0.54105157	0.45674664	0.27896404	0.60998845	0.6286601	0.2318368	0.5922106	0.635971	0.40905517
6101	0.25839242	0.72773755	0.84863067	0.4532659	0.85796213	0.5506448	0.28455615	0.81678915	0.4442171	0.7533564	0.42154446	0.669298	0.5980267	0.48233783	0.34412712	0.64519703	0.40622026	0.20563482	0.6950563	0.5972308	0.5302059
6106	0.29442096	0.5733372	0.8921072	0.31732053	0.8343715	0.40204445	0.3409915	0.99641484	0.41014817	0.7605107	0.40887687	0.24368088	0.57525116	0.417986	0.38766652	0.5603992	0.47667134	0.2689992	0.5649107	0.6384092	0.38553426
6110	0.36396185	0.7180504	0.78499836	0.21712646	0.9607488	0.45832333	0.4663165	0.9937095	0.40533382	0.75621486	0.24072425	0.46470898	0.45475253	0.40263173	0.56421673	0.5022353	0.53138334	0.22963777	0.5728294	0.899113	0.8983389
6122	0.2682198	0.6324323	0.97052914	0.5407886	0.9184801	0.50718117	0.28744972	0.32791087	0.8811706	0.7094369	0.33838376	0.28138372	0.2585296	0.9836318	0.32083258	0.55018646	0.45543852	0.21534513	0.6983756	0.53202057	0.46939996
6124	0.2578437	0.7830292	0.88452375	0.35807002	0.9105281	0.756727	0.28350088	0.48666793	0.5009317	0.7573376	0.38833645	0.59994435	0.51577544	0.38464975	0.34603968	0.6696399	0.51931715	0.22249654	0.73637813	0.6954206	0.68753856
6135	0.30550304	0.32888797	0.6543697	0.90838873	0.20896506	0.38513103	0.22158283	0.6161337	1.0130122	0.7185725	0.7538372	0.3051988	0.52564347	1.0342282	0.24284033	0.7174604	0.2453799	0.17252606	0.5376286	0.23084605	0.38712823
6143	0.3038723	0.44092596	0.85918456	0.38004047	0.9753485	0.49319237	0.30187374	0.3694918	0.9715489	0.78007835	0.34171766	0.30989897	0.32086322	1.0532672	0.3865081	0.593097	0.6311433	0.25532755	0.72899854	0.5799976	0.64984834
6144	0.37683854	0.8846619	0.9386537	0.38055134	0.88559353	0.48492402	0.31913492	0.8246874	0.41600695	0.7605618	0.34542578	0.3381963	0.55269045	0.42541942	0.37336662	0.63836044	0.434228	0.22490504	0.630318	0.52777547	0.43368602
6154	0.49442342	0.28587425	0.6561681	0.21999308	0.94641125	0.4786132	0.34355065	0.4922548	0.5234031	0.71770495	0.21007623	0.19464006	0.24048261	0.7505778	0.5234247	0.5687746	0.49090028	0.23810676	0.58587444	0.71304107	0.54431766
6156	1.0345751	0.26680565	0.5190062	0.35655692	0.85120195	0.67043173	0.87677187	0.30963528	0.44291294	0.76114255	0.26325434	0.89007264	0.32087663	1.029301	0.86611277	0.51986915	0.44106066	0.29708993	0.6763135	0.85187864	0.8192353
6161	0.2720977	0.79709697	0.7868142	0.8668295	0.2558271	0.42454192	0.30659115	0.88322604	0.79939985	0.76588845	0.6581113	0.22329576	0.8732167	0.8501648	0.28146878	0.63554054	0.37124878	0.19759196	0.47037715	0.24601907	0.37734258
6162	0.2667271	0.69465363	0.8753813	0.4250748	0.33546218	0.48698992	0.24430664	1.0188657	0.47964275	0.79725087	0.2956196	0.15389244	0.48931506	0.7162251	0.31630716	0.5618258	0.36826083	0.19621152	0.63999766	0.36097348	0.47700697
6170	0.3415815	0.84996885	0.6563152	0.25285694	0.93980485	0.38746136	0.432199	0.58311576	0.49166906	0.68919	0.3097989	0.22601275	0.5806502	0.47525495	0.32324454	0.5334115	0.3475944	0.20107266	0.6385412	0.84143525	0.63813823
6174	0.78970337	0.4084776	0.45297727	0.2720179	0.8880885	0.5281161	0.5705918	0.32124734	0.8205756	0.64160806	0.21180852	0.2924487	0.22901218	0.7492525	0.5150676	0.5897588	0.49958593	0.2142526	0.5200939	0.5365289	0.43814114
6178	0.40712288	0.45471323	0.71736187	0.34917584	0.8960793	0.37640926	0.2634142	0.54066485	0.4617059	0.70511246	0.20949289	0.24845622	0.47648433	0.70368177	0.7132615	0.6555739	0.44051862	0.18600456	0.52689046	0.67231756	0.5984967
6181	0.29023394	0.6156355	0.97438794	0.43057376	0.6517327	0.4557657	0.2907237	0.46262148	0.82581854	0.8081212	0.5642971	0.25196436	0.38140276	0.87165123	0.30665416	0.666668	0.28222415	0.21042717	0.7292777	0.542045	0.51707363
6192	0.5042899	0.40941858	0.61827785	0.34715107	0.8876569	0.7246883	0.28558934	0.9577685	0.5018474	0.71590453	0.26222882	0.35808286	0.33920592	1.0456746	0.2867946	0.5198482	0.59490246	0.30894554	0.68152815	0.8591328	0.60963607
6204	1.042212	0.24412154	0.34011322	0.22997239	0.9727404	0.54825425	0.8780312	0.33313617	0.45386213	0.6745932	0.20920467	0.62793475	0.2432581	0.707724	0.5369662	0.51035565	0.39245954	0.21017426	0.6706311	0.7218007	0.4394179
6210	0.30718535	0.6222646	0.9310247	0.45724964	0.80078155	0.3614822	0.30957052	0.8933208	0.49931526	0.79472345	0.5346455	0.1865496	0.7782569	0.50755405	0.28703344	0.6767286	0.4042919	0.2255373	0.68787813	0.66393185	0.38967565
6218	0.41594574	0.48919535	0.58289057	0.22537386	0.9467097	0.7128715	0.370156	1.0615977	0.39274573	0.74584895	0.2885919	0.8340196	0.4820902	0.45673478	0.2765193	0.44767115	0.6379706	0.44939587	0.6211262	0.76962775	0.72519547
6221	0.670775	0.40429294	0.4974516	0.21505907	0.9674219	0.8045585	0.33403555	0.5192528	1.0220035	0.669841	0.25613368	0.6421575	0.3209715	1.0262868	0.26407197	0.61898273	0.8130272	0.4935957	0.6923896	0.755471	0.6893909
6224	0.5558936	0.3050129	0.46855316	0.65569264	0.28374085	0.7527155	0.29799142	0.27105948	0.99707973	0.726192	0.42646885	0.6744791	0.4597306	1.02451	0.30284604	0.6412442	0.4725942	0.1934389	0.67350113	0.24396124	0.5030281
6228	1.0732023	0.24952035	0.29504105	0.20816372	1.0224476	0.4531853	0.5397355	0.29301795	0.9297168	0.67636293	0.120230384	0.8153496	0.40537283	0.53105927	0.81398803	0.56099284	0.5237756	0.21919519	0.58753467	0.9269656	0.75046235
6235	0.97529584	0.23452915	0.46006927	0.21386778	0.97042835	0.43517703	0.91208583	0.49835807	0.36566964	0.6814297	0.13313411	0.8600021	0.3942433	0.3423334	0.6819941	0.53165376	0.4127246	0.23228732	0.5983786	0.9444017	0.83402795
6249	0.81617707	0.39950627	0.42647722	0.32918116	0.774599	0.3446116	0.30748498	0.2709542	1.0081673	0.6180138	0.1868677	0.18745479	0.2508613	0.94636863	0.30008575	0.6800956	0.7896286	0.65521646	0.48997772	0.90206605	0.37437084
6258	0.8539652	0.3045145	0.2893132	0.22570822	0.9387054	0.3653343	0.79131305	0.31229752	0.935662	0.59664404	0.17513223	0.7039256	0.28627607	0.49606532	0.7609271	0.4337486	0.4057297	0.3370812	0.6045435	0.59914	0.5433605
6277	0.6787199	0.4595642	0.6259211	0.24610287	0.95494294	0.38015714	0.44715595	0.3260887	1.0081332	0.62702644	0.1876166	0.3702297	0.33845374	1.0331714	0.27512968	0.49968702	0.95632076	0.52627367	0.6480046	0.6551828	0.59435445
6281	0.6813178	0.34441376	0.31551483	0.21120115	0.9426407	0.33278787	0.40054137	0.26246095	0.9759127	0.66562855	0.18230984	0.28487065	0.32273626	0.90037936	0.4198317	0.73134017	0.81543094	0.40531474	0.5341956	0.90827334	0.45468482
6283	1.1044694	0.31247035	0.30941793	0.26127493	0.9243872	0.47753137	0.8303753	0.2885896	0.4762581	0.57085794	0.18058729	0.81903666	0.39886233	0.41907513	0.87697774	0.6539974	0.43069983	0.2704269	0.60165876	0.81587696	0.51357836
6288	1.1003504	0.5038003	0.30642647	0.21871002	0.986686	0.37549236	0.42426738	0.5737694	0.36278075	0.638895	0.13804731	0.82573855	0.46024576	0.4519337	0.279369	0.67446506	0.58424187	0.596227	0.59762967	0.879898	0.6406176
6290	0.43148038	0.37771824	0.609707	0.2158516	0.94551814	0.45835316	0.39590645	0.30607107	1.0005105	0.7582846	0.2148647	0.7256678	0.35524347	0.9960372	0.26766378	0.5055649	0.94323903	0.49495623	0.63115245	0.72341204	0.57557017
6294	0.6497114	0.3099947	0.4191611	0.2247054	0.9675003	0.51787215	0.33999446	0.2646024	1.0149404	0.7175307	0.18369298	0.85263544	0.23934568	1.0574349	0.28322735	0.48375612	0.9690418	0.73631465	0.6678424	0.8120847	0.8665196
6304	0.9158123	0.26039794	0.21289575	0.21752526	0.9782436	0.48246878	0.7233898	0.3490679	0.7891228	0.623377	0.16794753	0.5653165	0.35672638	0.34753147	0.4879436	0.48599964	0.6378797	0.35419682	0.6519775	0.9642998	0.7691433
6306	0.9662184	0.29155603	0.41391233	0.2218574	0.97998774	0.8021664	0.36293846	0.28113905	1.0082952	0.694324	0.21706797	0.83393556	0.24016808	1.0108337	0.2764694	0.5389085	0.91436505	0.68147284	0.68863815	0.78428906	0.7844594
6307	0.9846948	0.34748012	0.52098846	0.2162356	1.0006471	0.41559017	0.56281775	0.8332972	0.39038536	0.77889216	0.19904876	0.8382744	0.39862576	0.42852053	0.7315189	0.5160957	0.45810103	0.29476303	0.6571617	0.80671823	0.84881514
6308	0.89367026	0.5151804	0.5602879	0.21669891	0.55476224	0.3557353	0.5564718	0.3936427	0.92032164	0.68503314	0.16311905	0.18409991	0.4362528	0.7824078	0.32917655	0.6531483	0.76216364	0.2836022	0.5048882	0.922388	0.45074058
6315	0.30585	0.8197211	0.8065419	0.23077667	0.8740366	0.7687166	0.43057132	0.8607071	0.40993273	0.7750081	0.38761848	0.7181972	0.5654139	0.36858034	0.36908594	0.5179963	0.6002546	0.31763026	0.69908327	0.87887967	0.7509666
6320	0.539925	0.2932003	0.57930076	0.21419784	0.96233577	0.63819766	0.41310945	1.0332311	0.3780872	0.7721855	0.2419764	0.86646956	0.6079305	0.5864524	0.33125046	0.4361056	0.64419395	0.57761544	0.7347144	0.75765467	0.7561078
6324	0.617177	0.280608	0.3956959	0.22951546	0.87165326	0.7707237	0.33283323	0.33604315	0.4635767	0.75755763	0.27931783	0.5090761	0.21370618	0.8979343	0.6082262	0.56010044	0.3359048	0.18102187	0.6860475	0.79986525	0.8821973
6329	1.100297	0.22075416	0.24910781	0.21271355	0.98902094	0.67523295	0.6146732	0.37715125	0.91292906	0.56383044	0.115849145	0.8905001	0.36060575	0.59281003	0.29649335	0.56181616	0.62219286	0.47433743	0.7082537	0.93546766	0.9188527
6333	0.35129088	0.60897326	0.80101424	0.22314692	0.9353299	0.770716	0.33389476	0.40852243	0.38761768	0.74944544	0.26535857	0.41191915	0.43879718	0.39071506	0.46313906	0.42975974	0.48259878	0.22246161	0.6603295	0.9525949	0.6182547
6337	0.27795604	0.4004338	0.8758979	0.9099609	0.57600373	0.50612307	0.20268251	0.44157794	0.8136695	0.7723891	0.7797404	0.6638196	0.3535449	0.90096176	0.26366127	0.7070617	0.22159606	0.19592382	0.6384985	0.8476068	0.49316984
6339	0.9058053	0.3485744	0.24181792	0.20713374	1.0277098	0.7281609	0.87295395	0.5276526	0.3888054	0.6910666	0.22131488	0.8476991	0.3155336	0.4132686	0.8759954	0.4229559	0.48706406	0.23695874	0.74974453	0.8693876	0.9684976
6364	0.5645712	0.28183845	0.7045193	0.39817628	0.9135321	0.4681669	0.22904895	0.5129787	0.759684	0.71093714	0.35576597	0.6561887	0.28929093	0.6468465	0.3204043	0.68936676	0.35328275	0.18798506	0.5859561	0.69201994	0.58549327
6366	0.97030044	0.23361064	0.22897771	0.20451534	1.0172222	0.8217051	0.937372	0.24293691	0.3650067	0.60271436	0.19690052	0.68768233	0.20655394	0.4737687	0.88375145	0.43531096	0.31287163	0.23357588	0.73278725	0.80831623	0.96786845
6370	0.96769637	0.27898717	0.23010606	0.29052147	0.8943071	0.5245492	0.8553814	0.41981557	0.82648677	0.56969815	0.20377517	0.8213575	0.36740944	0.761782	0.6594198	0.4947592	0.46977088	0.26227325	0.7069035	0.7845052	0.6660345
6374	0.867666	0.1901913	0.21680835	0.28838757	0.96053463	0.77725583	0.90765077	0.2782487	0.42227772	0.674353	0.28089252	0.92848	0.26351193	0.59963435	0.8889334	0.48349977	0.42415228	0.20454748	0.78654283	0.74842036	0.94992656
6375	0.9212053	0.36414722	0.18761173	0.25203985	0.91636765	0.41976872	0.2219844	0.33168462	0.887402	0.69130415	0.24063866	0.4677786	0.29726443	0.61001587	0.44606003	0.686276	0.47320944	0.20646144	0.60491765	0.98583305	0.43965018
6389	0.74155784	0.3058151	0.3148185	0.21532914	1.010989	0.58163726	0.89469695	0.6940373	0.43102401	0.7644814	0.2605549	0.86420625	0.3185303	0.4038026	0.79085517	0.48059076	0.48414963	0.24865273	0.7689799	0.89221233	0.9332064
6392	0.573105	0.2896728	0.8903963	0.22252071	0.98369884	0.79578865	0.4204444	0.98760086	0.6890775	0.8195866	0.5551138	0.8684071	0.39515898	0.52569824	0.4160504	0.51540613	0.42057124	0.1822869	0.68768764	0.6537347	0.9008988
6397	0.66885746	0.3935947	0.50069547	0.23069972	0.9268014	0.71471643	0.36337733	1.0798929	0.3935366	0.69547087	0.2286378	0.49556518	0.65665716	0.49844605	0.308336	0.5207829	0.7123397	0.25241232	0.5727038	0.5692975	0.6508241
6403	1.0381575	0.36729994	0.531905	0.22095859	0.96349114	0.5781487	0.3769721	0.8756169	1.0161871	0.6806089	0.21077514	0.88741946	0.53105307	1.0018872	0.25793356	0.5682706	0.82210976	0.40395263	0.6413238	0.4559568	0.7323001
6407	0.5602583	0.37836847	0.5611258	0.3363505	0.85793984	0.48476762	0.27859274	0.4570846	0.82185256	0.7130691	0.48677757	0.5726181	0.531453	0.94669163	0.25161362	0.67834836	0.3784042	0.2167871	0.6285951	0.50824755	0.4029234
6418	1.0923264	0.28959674	0.39580655	0.6989474	0.62318975	0.5102315	0.4554933	0.9776618	0.35535187	0.62483805	0.18798883	0.88271666	0.51572853	0.34475946	0.5562413	0.6446437	0.38116664	0.18433814	0.639479	0.5169826	0.5724289
6422	0.5110981	0.33814213	0.31065047	0.23084715	0.8438231	0.8361854	0.27223504	0.9988161	0.39028072	0.78411764	0.1879873	0.86714786	0.5135403	0.46955723	0.30876344	0.5437488	0.45164055	0.3533289	0.79427654	0.8019241	0.80132765
6423	0.29504162	0.7038221	0.9470885	1.0638341	0.26584506	0.45201087	0.23999624	0.8079475	0.61354405	0.6940505	0.49246618	0.29256073	0.6362213	0.92275965	0.35829136	0.6186586	0.27883136	0.17046076	0.57289165	0.22880417	0.43425
6424	0.39012635	0.62650263	0.5216292	0.2161691	0.9905882	0.5432838	0.4114539	0.39845303	0.78523755	0.6827649	0.24697162	0.6827072	0.3219672	0.6733247	0.5594951	0.40295953	0.5424577	0.25945848	0.63403237	0.7598276	0.66209847
6436	0.32131824	0.47519332	0.63392794	0.884742	0.21725744	0.6863595	0.30288598	1.0931371	0.41211817	0.74289125	0.76521313	0.63385075	0.86505646	0.34918556	0.25992206	0.68586236	0.24546209	0.18053946	0.6765451	0.23472634	0.6519074
6440	0.30266142	0.4959584	0.82634103	1.0558339	0.26415235	0.4874909	0.24640672	0.77308846	0.6456176	0.72727704	0.65711707	0.43742025	0.80796695	0.69900995	0.2859972	0.6386388	0.24848562	0.18544367	0.62442076	0.27649185	0.6841766
6443	0.8360257	0.34814575	0.38845775	1.0448225	0.19347578	0.7495303	0.27241984	0.43886113	0.40621185	0.735735	0.9021117	0.2473302	0.24756809	0.92530495	0.29413378	0.6400434	0.22083771	0.20385088	0.6703976	0.24851575	0.35820335
6450	0.81093544	0.35072875	0.5042186	1.014097	0.2006623	0.6991937	0.26815212	0.31792903	0.9214983	0.6107105	0.8836299	0.5883938	0.34822565	1.0088	0.26455215	0.68366665	0.17755064	0.18516941	0.6509175	0.2117252	0.50160486
6468	0.27319753	0.30783975	0.7607868	1.0342802	0.2125169	0.94597137	0.24206124	1.0522666	0.8754865	0.7914806	0.9181741	0.67318803	0.81394726	0.9933434	0.25463545	0.70238554	0.19612738	0.17590836	0.72005206	0.22362491	0.72941005
6472	0.38790688	0.3989588	0.6726175	0.48723713	0.31816328	0.94142056	0.46429634	0.32446352	0.40019837	0.75136644	0.4447422	0.891304	0.3692496	0.80129576	0.64054763	0.4687561	0.3158913	0.18069308	0.7598756	0.54186356	0.8474588
6492	0.28257707	0.44105846	0.78514254	1.017743	0.19824022	0.41709808	0.3465814	0.74168867	0.54959404	0.72040725	0.69674253	0.18727271	0.63610417	0.57650006	0.35791618	0.704488	0.27806708	0.18728228	0.6381982	0.2270441	0.4242088
6499	0.2986784	0.49591708	0.737556	0.90972215	0.2855693	0.5869574	0.28981614	1.0393653	0.51659024	0.70971566	0.78432214	0.63374287	0.5702497	0.36221978	0.34948543	0.66510713	0.25177312	0.17781302	0.655163	0.21050474	0.5283821
6502	0.47672626	0.4266252	0.93660384	0.998232	0.21458688	0.655574	0.24527763	0.94235605	0.59291106	0.74122083	0.5116494	0.6237489	0.68721443	0.43595833	0.30628565	0.68111855	0.23088044	0.17171688	0.590489	0.22479662	0.3793847
6508	0.27164444	0.3572563	0.7989605	1.0720174	0.19130813	0.6001896	0.23972492	1.0728493	0.501132	0.77434105	0.8704169	0.53583586	0.8289773	0.5207975	0.2857084	0.7116761	0.2063511	0.17864144	0.6219891	0.22247535	0.50026226
6519	0.32612824	0.29000783	0.2282458	1.0536119	0.21708922	0.8810233	0.3098891	0.93694633	0.94888914	0.7259737	0.73934156	0.6938977	0.7501065	0.8616554	0.28796792	0.6473052	0.26238784	0.17344542	0.6543459	0.22911933	0.68256366
6524	0.52228606	0.37141696	0.4972394	1.0403446	0.20178007	0.49052197	0.24227487	0.28677222	0.9302665	0.686903	0.63763726	0.2193284	0.33497015	0.97581595	0.30324948	0.6724284	0.25694725	0.19711512	0.5628722	0.22870785	0.53859735
6535	1.0576094	0.2894708	0.25465965	0.21529949	0.9970741	0.7090633	0.3019278	0.29224682	1.0155354	0.6264186	0.15253901	0.9032077	0.2929248	1.0357522	0.25747907	0.39564976	0.8418404	0.707242	0.6591329	0.9361031	0.9276224
6537	0.8390721	0.32323873	0.24732491	0.2941319	0.34582353	0.42905617	0.5640092	0.30274284	1.0082735	0.55633813	0.3164367	0.21883218	0.26441708	1.0056787	0.30357486	0.5889236	0.44730532	0.21850525	0.59896433	0.8255904	0.39998528
6546	0.2821929	0.6501641	0.9241567	0.66294146	0.5229204	0.70712733	0.2687353	0.649112	0.9043648	0.73510116	0.7393636	0.41493618	0.5726273	1.0044783	0.35669854	0.6520391	0.22116873	0.18236902	0.6653116	0.3206103	0.42546594
6565	0.5729434	0.58497185	0.83110416	0.3712751	0.8832844	0.6363903	0.36960864	0.6983466	0.43208182	0.7053871	0.31575015	0.48062366	0.43119678	0.6871444	0.34041506	0.5557234	0.4735154	0.230726	0.6336801	0.8671903	0.62666833
6573	0.25322533	0.33217436	0.9193353	0.9074106	0.21889147	0.70485795	0.23116983	0.8881879	0.4539001	0.7709326	0.6903804	0.8332734	0.5469103	0.7810902	0.26486546	0.67610806	0.23794094	0.17491157	0.7060014	0.25810936	0.53305787
6575	0.32776862	0.45733327	0.4837994	0.21701485	0.94002324	0.7888429	0.30852866	0.32363462	0.9928367	0.6855675	0.19510412	0.83990353	0.40235016	1.0020492	0.29268172	0.51173013	0.81189185	0.43629238	0.5844912	0.9519199	0.7489818
6579	0.35360745	0.431462	0.5396403	0.31956178	0.5670989	0.7902234	0.55711275	0.530757	0.6595037	0.75483114	0.33998045	0.77644616	0.4549674	0.7831044	0.36192283	0.54736805	0.46570972	0.24653575	0.7281982	0.57127726	0.73790175
6582	0.2986008	0.8754004	0.93191653	0.92226446	0.6190283	0.3700545	0.2601406	1.0583881	0.43488103	0.77726495	0.63806146	0.23439543	0.8609181	0.41429603	0.27524316	0.6341563	0.2990337	0.20594181	0.5738736	0.45146945	0.42651442
6590	0.29766414	0.31992838	0.5137027	0.5296152	0.23421702	0.4414586	0.31362477	0.40026662	0.7947041	0.7605529	0.76835084	0.4085619	0.58400214	0.7298435	0.26763657	0.6875481	0.18169	0.1729095	0.55270475	0.24253005	0.4109676
6595	0.3254937	0.4963659	0.85953075	0.24106345	0.7812983	0.42020395	0.38774344	0.51011014	0.58032	0.71818185	0.55495614	0.6185573	0.4955553	0.4834475	0.37091443	0.50150484	0.39001194	0.22792932	0.567719	0.77706057	0.53637344
6598	0.2579352	0.7138545	0.85749745	0.65422225	0.2923906	0.4174709	0.2951316	0.29085636	0.9961927	0.7318382	0.44448832	0.5005282	0.4671985	1.0330418	0.27962354	0.6540653	0.3200464	0.21293145	0.68961775	0.24901623	0.47931153
6602	0.30225682	0.66636306	0.8394625	0.5774782	0.36962032	0.63070446	0.24164553	1.1123487	0.38683268	0.8052008	0.32512522	0.41555965	0.6402005	0.38175997	0.27068505	0.7506289	0.26035705	0.17639314	0.6713008	0.5141908	0.57292205
6603	0.2497726	0.73239166	0.77031076	0.45125124	0.8679038	0.42459393	0.27620736	0.3592097	0.9122599	0.7347154	0.32369772	0.5014015	0.49625346	1.0356221	0.32313606	0.56878054	0.67530525	0.20082901	0.7214965	0.8085318	0.7444022
6609	0.698664	0.2984595	0.8446627	0.22758964	0.97788286	0.8838828	0.2902875	0.602662	0.9298274	0.77624494	0.32547924	0.89502	0.5759653	0.7460003	0.27003214	0.5060966	0.7113529	0.25368825	0.67791635	0.8964643	0.9966193
6613	0.25900486	0.7639818	0.9579179	0.68093616	0.38828245	0.60598385	0.28904	0.8585824	0.49397707	0.776354	0.6484513	0.553567	0.31446704	0.6742258	0.34076735	0.6178196	0.35400766	0.19289877	0.69422024	0.55814856	0.5768588
6619	0.28161648	0.8180397	0.9990528	0.6695844	0.35119388	0.41514638	0.2600288	0.74453384	0.39052954	0.7653636	0.68284154	0.5230034	0.8273948	0.34901968	0.2675876	0.61800057	0.3867329	0.19805236	0.65995	0.23310447	0.4512411
6625	0.35105762	0.33975056	0.885408	0.68530643	0.25148228	0.88158387	0.30571136	0.66760725	0.45474392	0.7398038	0.86847925	0.25202638	0.28888488	1.0286789	0.83440554	0.5898628	0.27864596	0.19478025	0.7203187	0.46853885	0.4361758
6629	0.2720031	0.6609415	0.8473806	0.6343392	0.756266	0.42338032	0.21571782	0.5425737	0.55737305	0.6894881	0.33625743	0.3741087	0.6248493	0.4330823	0.3110108	0.6606459	0.37148568	0.18595093	0.67170906	0.74224186	0.53340507
6630	0.2666014	0.901505	0.94465303	0.5049297	0.6396968	0.43408817	0.26767814	1.025165	0.35910666	0.735396	0.36262548	0.31612173	0.7512663	0.33532736	0.3243088	0.6620338	0.32860082	0.1802636	0.66729015	0.49990818	0.6420777
6649	0.68575907	0.3435965	0.41901377	1.0268857	0.20346276	0.94915736	0.34156415	1.0828254	0.8928951	0.63853705	0.8824289	0.68313265	0.56409484	0.9989018	0.27407977	0.7016171	0.22668359	0.17303622	0.75562215	0.22363672	0.5393664
6652	0.29801795	0.40733987	0.43030515	1.0271748	0.20985954	0.62393796	0.23663543	0.5474402	0.81948704	0.6592907	0.7153602	0.5492095	0.74591076	0.7747126	0.29552355	0.6534714	0.26860008	0.20469241	0.69391525	0.21848792	0.5726155
6696	0.29208368	0.42806563	0.85050815	1.0475947	0.20207727	0.49351543	0.20935962	0.31691816	1.0273646	0.7466695	0.7722982	0.7133349	0.27654922	1.0334153	0.26414144	0.734039	0.17740616	0.16588295	0.67775416	0.19663359	0.5169772
6716	0.26885855	0.28449684	0.85376424	0.85775614	0.261621	0.71801925	0.2694997	0.59018314	0.9219283	0.7721489	0.8471724	0.70776975	0.39393428	0.8887498	0.55720747	0.69861394	0.20694262	0.1557497	0.7304452	0.24466029	0.5020517
6717	0.33023232	0.32897088	0.5106034	1.0776455	0.18634485	0.96468043	0.26274756	1.033748	0.93646103	0.6928719	0.81873435	0.36512983	0.6092616	0.93596876	0.2543468	0.6981596	0.21122473	0.18313952	0.7150125	0.1810885	0.503467
6720	0.5883446	0.2953592	0.3810961	0.9032341	0.22021185	0.5174129	0.3708912	0.35987055	0.89422745	0.6316856	0.50848365	0.476838	0.29862326	0.9683854	0.3373462	0.57882607	0.36178625	0.2709124	0.62782526	0.305544	0.45857862
6728	0.38293767	0.34937048	0.5521499	1.063375	0.21579836	0.5865259	0.21923943	0.9258935	0.9197474	0.60479105	0.66324055	0.49905348	0.61471105	0.8837422	0.2810452	0.6636265	0.263354	0.1951984	0.6936864	0.23018757	0.4868784
6729	0.4161532	0.632403	0.60764337	0.75684434	0.5596479	0.6727517	0.4856643	0.23896053	0.4698853	0.7053867	0.37293196	0.8020261	0.26683915	1.0259874	0.69830924	0.5166727	0.37372938	0.19884744	0.75350446	0.44396895	0.80597985
6732	0.36966425	0.6510289	0.83934414	0.82849026	0.26761934	0.6410717	0.31039387	1.0351769	0.36905244	0.7039992	0.7122462	0.27646643	0.7366376	0.31380332	0.2723107	0.6635522	0.29652765	0.19361562	0.65200377	0.33890235	0.54399914
6736	0.30599758	0.9204131	0.7693286	0.3053297	0.30156544	0.39679495	0.30046389	0.96616244	0.4351881	0.7965288	0.7432818	0.17635639	0.5835707	0.6051329	0.25920725	0.5738348	0.32481	0.19020768	0.4590087	0.48851928	0.40331855
6752	0.33845326	0.40454847	0.7617872	0.727538	0.49122447	0.9301466	0.28045708	0.79640853	0.68987674	0.7023262	0.73949754	0.58030075	0.6357013	0.95010614	0.2745646	0.641987	0.27058545	0.19156699	0.74539864	0.33797583	0.6691339
6761	0.5145738	0.35665753	0.33142552	0.5690222	0.33823007	0.76099855	0.38237327	0.67002946	0.7983922	0.65112853	0.46327516	0.9014097	0.43705148	0.96707386	0.36218095	0.5061932	0.3884409	0.24131751	0.71140003	0.7649419	0.8794007
6768	0.82670665	0.2628095	0.26914087	0.4394641	0.52781284	0.78724486	0.8336201	0.26000813	0.383672	0.6210543	0.30806866	0.72675526	0.2058612	0.81364757	0.85529006	0.43892297	0.32826826	0.2015333	0.7405275	0.7961148	0.8693746
6773	0.7108747	0.36007625	0.6091244	0.75972235	0.60011744	0.94865525	0.80663043	0.7125612	0.4397373	0.706043	0.4521996	0.6483213	0.23979543	0.42061073	0.8990355	0.5444427	0.39240977	0.19819574	0.73305357	0.69847155	0.63727134
6779	0.3458148	0.36396348	0.5828187	0.66961986	0.89051837	0.92771924	0.33033413	0.9794162	0.6756022	0.7378181	0.478443	0.85761714	0.5751547	0.71089506	0.27080622	0.50443155	0.5195006	0.22662076	0.68811476	0.7953274	0.89587593
6789	0.69125915	0.3148508	0.42710954	0.8918471	0.25716192	0.9198155	0.25845316	0.38806918	0.88457125	0.64065814	0.8135615	0.8332813	0.39098293	0.9494832	0.31728444	0.6598748	0.23177788	0.17151245	0.7269859	0.25829968	0.70735294
6796	0.46181682	0.5581783	0.767714	0.69987804	0.78370416	0.5947881	0.34805045	0.41831023	0.8513062	0.69714904	0.35463285	0.16885698	0.32104987	0.91203016	0.38746235	0.5356312	0.39346415	0.22702962	0.69975036	0.63384014	0.54425126
6799	1.0884047	0.25711748	0.39623454	0.7656658	0.8974372	0.52049685	0.6867012	0.8704362	0.3642741	0.58486986	0.23333044	0.84964174	0.53788143	0.39920646	0.51546234	0.6831229	0.38402578	0.18672436	0.6830924	0.7403811	0.6328184
6801	0.25469697	0.5753023	0.78260344	1.0231364	0.29535365	0.51864845	0.21418732	0.88470477	0.36327612	0.7332193	0.6202101	0.35744593	0.7755531	0.3003833	0.23168992	0.6842248	0.21226424	0.18473764	0.68673795	0.2537045	0.62622476
6804	0.8441269	0.36396933	0.5797609	0.30827546	0.85429513	0.74954486	0.45906582	0.2880868	0.85138595	0.7213449	0.4047698	0.61805254	0.28190044	0.9750976	0.32032526	0.617798	0.53114027	0.23627296	0.6641203	0.81381536	0.63808936
6808	0.57120717	0.26697987	0.35599837	0.6613371	0.33021066	0.87545145	0.45643204	0.27794307	0.8806411	0.65172446	0.4738128	0.62399346	0.32177848	0.84034467	0.35319725	0.5956748	0.3524273	0.19280015	0.72865516	0.37764883	0.7489754
6810	0.40952465	0.43003607	0.57774794	1.0368505	0.23093176	0.92383784	0.25417504	1.1154003	0.42420414	0.7120123	0.7809961	0.3597522	0.33058947	0.412612	0.28998587	0.68903214	0.27734977	0.17451456	0.70488286	0.29047257	0.4343325
6815	0.7280056	0.32126915	0.23309219	0.820655	0.43436703	0.9120623	0.8512848	0.2973848	0.38607195	0.67137146	0.41014278	0.58488345	0.22959082	0.5930921	0.7466148	0.4584693	0.37300372	0.19963048	0.73503506	0.85713375	0.89624286
6829	0.8880856	0.3070032	0.3087008	0.23004091	0.94940466	0.9383669	0.7685791	0.7313081	0.54265237	0.78337157	0.50510836	0.89831036	0.33503532	0.33355156	0.3179271	0.59035695	0.3835142	0.16658871	0.7951605	0.72987425	1.0180671
6831	0.5396148	0.28034776	0.41856125	0.22229472	0.9839536	0.94534606	0.30953097	0.6892923	0.9130788	0.73038304	0.30529994	0.7889241	0.59664094	0.8723626	0.26058146	0.5055801	0.440413	0.21800338	0.7533447	0.8150395	1.0181885
6835	0.2905396	0.42222193	0.94548166	0.55937964	0.55216396	0.47417718	0.26279905	1.0144126	0.4212519	0.7673568	0.64795697	0.21064444	0.6697907	0.51358753	0.32859343	0.6823072	0.30208802	0.16754724	0.5569424	0.44481784	0.41408414
6836	0.767594	0.37667927	0.5801013	0.21269101	0.9835391	0.85218924	0.29387444	0.38771394	0.89110017	0.742728	0.41029707	0.60012805	0.40914693	0.9655026	0.31172195	0.57293934	0.6822321	0.24089918	0.7152267	0.7693882	0.7807598
6848	0.79105973	0.41183755	0.4981516	0.23399672	0.9831312	0.7142527	0.4789769	0.44404987	0.6173996	0.67260313	0.28713784	0.80327874	0.46087322	0.91748047	0.35970145	0.4421991	0.54267216	0.34055394	0.65965474	0.7237797	0.72490335
6852	0.97312707	0.3062926	0.45244753	0.22273271	0.92435884	0.524739	0.8239339	0.27216476	0.79173183	0.7392314	0.33200982	0.34012932	0.22436027	1.003761	0.65587157	0.5581223	0.55957687	0.28240967	0.66920865	0.7628215	0.54791915
6864	1.0102998	0.30184045	0.2817994	0.22511947	1.00076	0.8423488	0.34535795	0.3414189	0.992947	0.68707466	0.20546447	0.90733945	0.3484818	1.0306592	0.26189244	0.45774606	0.8351515	0.4304616	0.6384863	0.7079909	0.873531
6869	0.46215984	0.23218359	0.3748142	0.23774984	1.0137099	0.8242662	0.29027662	0.29577297	1.0007342	0.7665537	0.19466808	0.8949876	0.3488971	0.98902315	0.25202334	0.46436673	0.89140254	0.5936366	0.64152414	0.8856484	0.98176295
6879	0.86812896	0.22890793	0.32305786	0.22244911	0.99488163	0.86955494	0.3076661	0.28999615	0.98848796	0.7339606	0.20320143	0.86472523	0.2658104	0.97070575	0.2760822	0.47878474	0.82906437	0.6200537	0.63366336	0.8360138	0.8944877
6885	0.3058538	0.35480383	0.79208654	0.25177222	0.9385604	0.85959595	0.2737247	0.47887474	0.9160492	0.7414223	0.31387636	0.606273	0.6619959	0.8158313	0.28826287	0.52532804	0.5751738	0.17557849	0.6652888	0.8577406	0.8374272
6899	0.55049	0.35036236	0.8095405	0.21586846	1.0126758	0.85015595	0.2895717	0.4218433	0.8604503	0.73119974	0.28904644	0.676207	0.5161671	0.76496017	0.30042368	0.43493578	0.7057168	0.26697624	0.6447547	0.9827101	0.8354045
6906	0.9331772	0.40634018	0.3558171	0.2922883	0.97610366	0.614576	0.4262721	0.44158623	0.9800352	0.5543268	0.27371708	0.6857071	0.38412085	1.0132787	0.2619042	0.47351193	0.75413287	0.4745489	0.65512985	0.77037704	0.61285543
6907	0.43284214	0.32209352	0.29230824	0.22383124	0.9505026	0.7803783	0.2809267	0.65937036	0.701011	0.7237853	0.38314688	0.838955	0.45392734	0.58574396	0.53229374	0.48220086	0.58433646	0.26848954	0.76737	0.6947	0.94415283
6915	0.4086737	0.30772692	0.5952184	0.22514653	0.99749875	0.52886754	0.38954768	0.27548432	0.89849573	0.6433785	0.23855619	0.34851387	0.2590085	0.89674133	0.510282	0.49111098	0.7385908	0.38563588	0.65563434	0.7639721	0.6294057
6916	0.40009663	0.3716582	0.57837945	0.22695929	0.9326997	0.8647689	0.34128627	0.7812961	0.7510448	0.73361725	0.30512503	0.42661485	0.40054247	0.7787583	0.42019758	0.5516916	0.52145684	0.21319257	0.6519949	0.8306924	0.72763795
6920	0.8443031	0.26760456	0.39099368	0.22172327	1.0065086	0.9412796	0.3312334	0.41154104	0.9550543	0.69308376	0.23979576	0.73304	0.3677112	0.90481216	0.2991857	0.4579309	0.53488857	0.27550226	0.7037633	0.87262785	1.0177065
6928	0.7900289	0.32666385	0.40146872	0.21801063	0.9750751	0.86031085	0.3715305	0.7974377	0.8904139	0.75093645	0.271445	0.7872399	0.35304704	0.89028424	0.34215602	0.46279848	0.6580593	0.24656147	0.6750168	0.8698461	0.8129489
6933	0.90071994	0.36926672	0.49367702	0.22323415	0.98299503	0.89084166	0.7279014	0.55737966	0.6104045	0.69070876	0.28785148	0.91219103	0.28316095	0.85703444	0.62471473	0.5143085	0.5070989	0.24196526	0.72773093	0.87928116	0.914951
6938	0.38043717	0.6776553	0.9216501	0.3208597	0.8923632	0.4995672	0.29223463	0.78998065	0.39556575	0.7703185	0.3885494	0.36820507	0.70223707	0.35955644	0.32829645	0.6358936	0.48239195	0.23475635	0.6439762	0.6609029	0.5234138
6944	0.47646567	0.5995075	0.6582557	0.20182759	1.0033342	0.802409	0.5532774	0.64865	0.6707505	0.73712367	0.25374746	0.69145495	0.40951857	0.5305093	0.5465427	0.41249844	0.80829304	0.3255598	0.7257737	0.9041736	0.92016923
6950	0.8392274	0.3591882	0.45850828	0.22157699	0.97138923	0.49882805	0.41106793	0.9468155	0.40627858	0.5707615	0.28529292	0.630195	0.45601207	0.6480985	0.3286104	0.6858044	0.5780238	0.18763158	0.6446007	0.75369596	0.47394085
6953	0.4890457	0.35706854	0.49290466	0.28088447	0.9966279	0.8134979	0.30175215	0.62953365	0.61123264	0.6654799	0.31084993	0.67648053	0.46196645	0.89164525	0.330298	0.5053003	0.72550607	0.3956204	0.6665623	0.9977702	0.81788355
6954	0.85296786	0.30779365	0.49652642	0.65793115	0.9218253	0.56361425	0.30886376	0.9278993	0.7899253	0.71808267	0.18251273	0.48977107	0.57423604	0.955527	0.2411054	0.5689154	0.7396548	0.7056283	0.58683115	0.88961697	0.8447961
6957	0.40050215	0.4306829	0.45519418	0.24031413	0.97385716	0.6400857	0.26669538	0.9243355	0.54438823	0.6713155	0.35500234	0.5568709	0.5054616	0.74211097	0.29534957	0.5238861	0.63569504	0.34871623	0.6498658	0.7798546	0.5930325
6968	0.84553355	0.62032986	0.62838227	0.21505056	0.9529826	0.48943055	0.28950536	0.36820078	0.9575796	0.736407	0.20847586	0.36730805	0.41058192	1.0032746	0.27570322	0.5253237	0.4434136	0.20076434	0.57118547	0.69860154	0.50512886
6981	0.8077423	0.2844954	0.33334857	0.9534563	0.88803357	0.81679255	0.3185963	0.28022593	1.0120137	0.61573106	0.29978934	0.8345332	0.26155132	1.0143131	0.26164263	0.68064725	0.400466	0.24552828	0.5959161	0.30255598	0.5551237
6987	0.93709826	0.33940578	0.7123918	1.016125	0.21002795	0.46977636	0.32569817	0.2790553	0.9692797	0.68254703	0.5029239	0.54432064	0.3470768	1.0090839	0.29999015	0.606984	0.32056344	0.18550305	0.5838187	0.22543523	0.4100053
6989	0.57155657	0.42115867	0.44123355	1.0048211	0.2379117	0.5963164	0.31031457	1.0439287	0.513027	0.6678998	0.81709504	0.80544853	0.44152942	0.91455203	0.25421458	0.6484446	0.25619522	0.1915502	0.70202786	0.22871539	0.40978897
6992	0.9707578	0.46254966	0.32786518	0.91921717	0.22776723	0.48011708	0.8171455	0.6223164	0.37990946	0.5908049	0.8143777	0.5096927	0.25762308	0.40755698	0.5029687	0.6981083	0.19895089	0.19602165	0.66914654	0.24183407	0.43576482
6997	0.349085	0.2818585	0.4020465	1.0081707	0.3225042	0.49829447	0.44601706	0.36325815	0.9663438	0.64161205	0.68153083	0.6325885	0.3848479	0.92447484	0.3431514	0.6211839	0.24098012	0.18611553	0.6453562	0.23147163	0.4733649
7100	0.9801269	0.2515023	0.33455133	0.20416974	0.9773376	0.93229574	0.8657168	0.23742977	0.39395943	0.6529545	0.15859997	0.35842076	0.21424375	0.60697675	0.76999176	0.41623744	0.33625472	0.23393923	0.72678804	0.6347188	0.9588533
7113	0.2819345	0.70042324	0.85867643	1.0191054	0.22525677	0.38620248	0.2459652	0.65175885	0.51799583	0.723698	0.9427692	0.27601206	0.7126573	0.61987746	0.22222571	0.6692006	0.24389303	0.17889053	0.57482034	0.24463066	0.40263563
7118	0.2650142	0.25837734	0.5859549	0.37658828	0.23936936	0.76373744	0.26034278	0.45719576	0.50385195	0.722881	0.4261479	0.36671224	0.5169081	0.5568278	0.2977109	0.5518875	0.22341248	0.19996557	0.7094107	0.77380633	0.7936955
7125	0.34966287	0.63859195	0.5893581	1.0104811	0.2663883	0.52405846	0.4428184	1.0388844	0.48007452	0.7373334	0.7242366	0.5254865	0.74260706	0.44509652	0.2713402	0.56153464	0.27864027	0.21603066	0.6317521	0.31487602	0.4480168
7128	0.48075864	0.26927507	0.8112829	1.0334795	0.20507652	0.7738279	0.21397366	0.4194441	0.93453395	0.7646934	0.937079	0.77407247	0.52814287	0.9320206	0.2550069	0.7434564	0.18465528	0.15703039	0.7161376	0.20763922	0.4970796
7134	0.31705362	0.3866752	0.80319965	0.8546743	0.33769017	0.49018532	0.31096283	0.7763297	0.6471584	0.6812407	0.39100087	0.81003165	0.56861323	0.93768674	0.31477892	0.5962683	0.38054478	0.21931903	0.6493214	0.23701033	0.48851073
7135	0.45458147	0.5160365	0.5120036	0.9246816	0.22755146	0.5264888	0.40625095	0.9060958	0.6839412	0.6723953	0.6473399	0.77211064	0.7730267	0.76561135	0.29570886	0.54979426	0.30470225	0.2115293	0.69484967	0.27834225	0.61561507
7143	0.4607575	0.3387777	0.5353402	0.37187806	0.80847543	0.422593	0.4805355	0.623724	0.407646	0.63201225	0.29630303	0.38384727	0.36556205	0.39833397	0.41437027	0.6841597	0.36613697	0.16244514	0.615283	0.3943185	0.5363822
7144	0.32643002	0.7238622	0.6085077	1.0891093	0.3665502	0.6114991	0.32027087	0.9845821	0.48533964	0.7662936	0.74427056	0.51176006	0.70380133	0.5584541	0.26425326	0.59579015	0.37251648	0.22393674	0.70307124	0.2885366	0.6664166
7146	1.0503609	0.31247893	0.36899936	0.2217878	0.8789908	0.46044925	0.51927924	0.3444156	0.9094084	0.60217273	0.17722695	0.8699267	0.36987498	0.47005248	0.29148993	0.6132305	0.42670676	0.24180797	0.5987375	0.6067868	0.36431956
7147	0.37078285	0.63404214	0.514298	0.21760009	0.97635067	0.588899	0.340471	0.26773357	1.0250741	0.74887335	0.24983706	0.7857221	0.28338566	1.0414016	0.31580728	0.47503495	0.84114313	0.57217175	0.6354422	0.9365314	0.60497516
7157	0.82991916	0.36244184	0.68202734	0.38586503	0.970838	0.77381325	0.27003816	0.52464867	0.564971	0.69786566	0.43862996	0.8386321	0.47906145	0.49443787	0.2997658	0.7048897	0.43622905	0.16275854	0.70821995	0.75273687	0.70564026
7160	0.4879808	0.4652442	0.44178697	0.21969685	0.9417121	0.7755875	0.34862396	1.0317296	0.3918358	0.7232341	0.29937038	0.67247796	0.5540417	0.28737155	0.2947253	0.44649664	0.6603799	0.2533463	0.6933579	0.755176	0.87347126
7161	0.63521963	0.38068816	0.6899612	0.45609966	0.96353567	0.91553605	0.25979084	0.7898734	0.7365927	0.7523906	0.6063377	0.6933468	0.5105163	0.9595148	0.2901376	0.5438458	0.4469678	0.21344315	0.71796155	0.78657275	0.7882343
7164	0.6956003	0.26229694	0.4549099	0.22766349	0.9983418	0.9269465	0.30522928	0.27901328	0.95646363	0.7284956	0.2695345	0.8038835	0.41226763	0.9270334	0.28381985	0.47632605	0.7277955	0.28760993	0.66205114	0.9056578	1.0049491
7175	0.52117884	0.2684526	0.38824344	0.20566	1.0158807	0.7619591	0.33072296	0.35173878	1.0107275	0.6577336	0.1525663	0.827319	0.31248927	1.0285411	0.24795489	0.4010525	0.960268	0.7831949	0.69584703	0.93748903	0.8246709
7179	0.44566232	0.5422227	0.30865344	0.2127213	0.9414545	0.60986316	0.42805767	0.8627414	0.4758531	0.67232347	0.20111424	0.8397933	0.3904673	0.59942245	0.32060707	0.43108824	0.70314485	0.45755485	0.6932388	0.9821011	0.82507914
7180	0.7155663	0.5605701	0.5291232	0.22247572	0.97498083	0.8481028	0.3925362	0.39729738	0.99194837	0.67291445	0.285862	0.8939489	0.44727376	0.9842536	0.2853196	0.4386831	0.8180877	0.44907862	0.6527251	0.84659797	0.88209766
7187	0.38604173	0.28528345	0.5772814	0.30405638	0.92813647	0.92481166	0.29413623	1.0088781	0.6105871	0.7584714	0.36881894	0.4794501	0.451548	0.6737438	0.32904437	0.615148	0.28478637	0.18583842	0.6287514	0.7023593	0.8850577
7192	0.8310839	0.2689135	0.58956194	0.22055319	0.976887	0.95701844	0.3279987	0.6524629	0.87822187	0.73752415	0.287051	0.80408293	0.41321853	0.8487406	0.29354313	0.49690914	0.41118714	0.22577313	0.7543855	0.6673114	0.9953291
7193	0.5714781	0.3145047	0.3047702	0.22033721	1.0025691	0.89728373	0.2947069	0.2763159	0.8582059	0.7427669	0.29439595	0.54381806	0.34397924	0.83107764	0.39751488	0.48846936	0.59190476	0.24529284	0.6938041	0.864059	0.9678226
7198	0.6988516	0.37127918	0.5046514	0.74809045	0.224536	0.8742531	0.38431156	1.1101315	0.5434417	0.6666643	0.79415345	0.8067747	0.46376976	0.96590275	0.26635918	0.62807673	0.17367935	0.19319747	0.737405	0.258338	0.63234496
7200	0.80172145	0.58902234	0.2786191	0.23382893	0.9609955	0.37753817	0.6064216	0.33982614	0.57630324	0.70144165	0.16158225	0.665469	0.35145003	0.45527393	0.5334187	0.56455827	0.50521654	0.52940476	0.56099	0.9292299	0.6545348
7204	0.3665957	0.38755986	0.41851485	0.7057964	0.6929901	0.6350624	0.37339428	0.9438796	0.8264988	0.61670333	0.6357616	0.7786567	0.55952215	0.8207306	0.25132772	0.6156934	0.26743692	0.20651358	0.69899815	0.2889756	0.65654534
31009	0.66544795	0.404145	0.42941108	0.19982068	1.027048	0.8031421	0.64948744	0.3375197	0.4730338	0.67278254	0.16831155	0.74530226	0.2759498	0.72426856	0.6872739	0.39010522	0.6868697	0.3027942	0.7136408	0.86794055	0.88547873
31015	0.49895933	0.39564157	0.62896335	0.231127	0.9772984	0.6599371	0.29394117	0.3625968	0.9483545	0.70081675	0.29583457	0.5080372	0.404102	0.90354	0.32364613	0.50170404	0.67303926	0.28072193	0.658696	0.9067116	0.76286536
31021	0.3035976	0.8618698	0.6106654	0.85599804	0.32502854	0.8356168	0.3974656	0.8889124	0.89112	0.7622341	0.39934888	0.6861466	0.8152288	0.94236845	0.3016877	0.5487835	0.56934935	0.21153113	0.6412007	0.36759207	0.8430865
31029	1.0075599	0.25085798	0.45768842	0.22143605	0.9962758	0.6471089	0.8773796	0.31099436	0.6194521	0.6549286	0.15989985	0.752916	0.37249833	0.7401125	0.7165961	0.4810658	0.40486944	0.21370116	0.6725103	0.8408436	0.76480573
31034	0.9986096	0.21865116	0.27328515	0.21224812	0.97361386	0.8684691	0.52590495	0.26719472	0.39670768	0.6686658	0.1861147	0.7317115	0.21317744	0.71736485	0.7610453	0.3963119	0.29284826	0.2627306	0.73908603	0.77176684	0.8446072
31056	0.68579125	0.3241451	0.55538505	0.30803317	0.9448638	0.844969	0.28364065	0.25091588	0.96549	0.7537674	0.2616575	0.60604036	0.2155955	0.9809813	0.36810023	0.52342194	0.3551315	0.19338112	0.61850584	0.74255663	0.7253889
31060	0.9573263	0.40706587	0.5619155	0.32367265	0.81845045	0.69129586	0.6982217	0.22861561	0.5847853	0.6927651	0.5433469	0.6849911	0.2524601	1.0322742	0.8230304	0.57759774	0.4211842	0.2708471	0.6568533	0.55917907	0.6420477
31062	0.59629935	0.26929453	0.3455384	0.22700888	0.94131905	0.8983293	0.90886813	0.3235385	0.480129	0.6339861	0.45016423	0.8197732	0.23986079	0.52726024	0.8786062	0.5176547	0.36590922	0.23091534	0.7424055	0.8465812	0.8650756
31067	0.3249383	0.26049188	0.56034297	0.33090767	0.9246951	0.61178243	0.7791291	0.24173295	0.40218237	0.6916583	0.20028822	0.6588258	0.22646616	0.5121992	0.68720335	0.4605512	0.40484792	0.19809996	0.66805536	0.7821342	0.6330861
31070	0.5954033	0.2885994	0.49968898	0.2125771	1.0045979	0.7991538	0.87914234	0.25505042	0.37814477	0.67764235	0.19733663	0.7632016	0.22046454	0.51942396	0.8224371	0.43065014	0.29040155	0.20033915	0.7183529	0.8317469	0.86246586
31077	0.9511437	0.25017527	0.27816325	0.21988471	0.99824953	0.8137348	0.31711158	0.50314796	0.9782344	0.6095577	0.23057587	0.8826527	0.44428286	0.98463327	0.29074886	0.42351863	0.49891514	0.30840823	0.6713398	0.6786632	0.918136
31083	0.92512256	0.34394023	0.524425	0.22279449	0.93150556	0.60538787	0.6175459	0.27295786	0.87285376	0.69707465	0.34257326	0.31244817	0.20508541	0.95371485	0.43120122	0.57477105	0.543924	0.24506181	0.61408144	0.82324165	0.6545249
31089	0.31843558	0.24633174	0.531341	0.22276458	0.9691043	0.7555258	0.86273026	0.26383352	0.4685713	0.74888235	0.22103904	0.5990429	0.24675806	0.49275374	0.78888863	0.38973626	0.4535898	0.2567488	0.69964564	0.77184397	0.7488055
31098	0.9511711	0.25204626	0.31745267	0.21335576	1.0155457	0.82538116	0.9028901	0.25987422	0.3687282	0.66727847	0.19327006	0.80717623	0.24399714	0.4417867	0.8248668	0.39566812	0.3117424	0.20136577	0.7434943	0.9077135	0.9421697
31114	0.27074575	0.4720592	0.97990185	0.4296702	0.4296643	0.7985464	0.24778555	1.0604438	0.43933314	0.80649376	0.5310811	0.5775799	0.3740681	0.6214159	0.29654917	0.5951156	0.318236	0.20650215	0.6652188	0.4063076	0.55125856
31116	1.0725477	0.22723927	0.3072416	0.22624177	1.001019	0.7612775	0.36730677	0.3930324	0.7673736	0.66946185	0.18898942	0.7977975	0.27268812	0.51621133	0.6358474	0.44923043	0.40708035	0.5064085	0.67948586	0.77718097	0.93981874
31118	0.64085996	0.24306731	0.54438215	0.21407369	0.99468994	0.88541377	0.46611592	0.24905151	0.4178909	0.6649558	0.19018593	0.53991157	0.20830062	0.48734927	0.80723995	0.43410993	0.33935526	0.22140998	0.6901874	0.7600299	0.8954067
31124	0.41886005	0.37154335	0.39211866	0.20824303	0.9822221	0.6410301	0.3404769	0.9760806	0.6995795	0.72046477	0.22039233	0.54431474	0.32619599	0.86730975	0.28307763	0.45228782	0.8743303	0.651928	0.59407324	0.9542059	0.6374288
31129	0.3336633	0.76643217	0.8597341	0.20341563	0.98103464	0.7130408	0.36962885	0.9946665	0.8361745	0.73998463	0.30427197	0.66306525	0.5657976	0.76144534	0.3115644	0.47367406	0.8212321	0.44830605	0.67810446	0.97669375	0.7601815
31141	0.9158409	0.58077675	0.6676844	0.2445581	0.9372302	0.47068566	0.39628756	0.72639394	0.4627349	0.75968575	0.27485043	0.5535161	0.5753737	0.4933226	0.3896	0.56411827	0.54029584	0.275386	0.68093073	0.7950432	0.6506098
31143	1.0725222	0.25894576	0.3604219	0.21075445	1.0174837	0.49698567	0.76605755	0.6440893	0.56642604	0.6740644	0.13605197	0.95929724	0.4016595	0.627291	0.62122	0.5249726	0.4798056	0.2512655	0.6805295	0.5391364	0.77789074
31145	0.29692698	0.40258113	0.6888187	0.4064391	0.8438094	0.77401865	0.29500154	0.93432224	0.517063	0.76613307	0.3221737	0.35762167	0.5184707	0.69617623	0.26661995	0.48068267	0.680227	0.3299368	0.70693195	0.8129517	0.79514945
31146	0.27120385	0.42949733	0.91921145	0.81923145	0.5787438	0.4669413	0.22121657	0.7598033	0.62090284	0.727723	0.55155784	0.57634646	0.5955821	0.75495744	0.27538946	0.62842536	0.25606662	0.16804959	0.62774205	0.25757572	0.48077178
31147	0.8085778	0.35932496	0.48514163	0.20811465	0.9656604	0.83968574	0.39307195	0.984773	0.9505245	0.6925327	0.22612773	0.76531726	0.48438486	0.97101897	0.28909585	0.4228207	0.7670044	0.4261401	0.7277714	0.68681103	0.74092835
31154	1.0583777	0.38288435	0.40851554	0.20684205	0.9832529	0.5771078	0.5231844	0.54609394	0.9956666	0.5747379	0.1705146	0.73103243	0.31702375	1.0328959	0.27954715	0.47536772	0.893715	0.4953899	0.7279732	0.72116446	0.7754755
31174	0.5070198	0.46112803	0.5001012	0.22395921	0.984535	0.8534289	0.37834945	1.0555252	0.37599623	0.7406377	0.25431767	0.6882976	0.44231227	0.44105875	0.28218392	0.5054018	0.75711125	0.41184253	0.62026155	0.88203895	0.8782236
31177	1.1337869	0.31083673	0.24785572	0.22562525	0.96098953	0.534933	0.46748012	0.985017	0.33238113	0.70724326	0.16082819	0.89164513	0.4632652	0.3687311	0.28155634	0.58728427	0.69675815	0.5348284	0.648554	0.76688606	0.7176724
31179	0.6013351	0.4895097	0.660617	0.7776356	0.90232104	0.83983845	0.283553	1.1142608	0.39754218	0.7843157	0.60902303	0.4452636	0.65285623	0.3851767	0.24221851	0.7150246	0.49195087	0.18485719	0.6733587	0.3494852	0.6332077
31180	0.6424457	0.37102056	0.54467475	0.42541444	0.94919515	0.50677127	0.26564685	0.40845704	0.99589956	0.6374029	0.30578232	0.5721206	0.32173756	0.9431095	0.2757716	0.58469087	0.6541191	0.26056615	0.64157945	0.7125463	0.43910825
31181	0.8759199	0.29855865	0.41292065	0.9871341	0.26976788	0.8350082	0.49475503	0.611895	0.7882456	0.7151376	0.87427187	0.87912184	0.39666733	0.629904	0.3948032	0.66255254	0.23886716	0.14206587	0.7721086	0.22289386	0.94187576
31183	0.8783634	0.27441782	0.48188072	0.84513724	0.21801983	0.44804642	0.43331128	0.3204898	0.98951983	0.6852047	0.62016034	0.6369536	0.26111603	0.7594348	0.33158004	0.6588689	0.22581625	0.20808694	0.6250205	0.24613458	0.51751673
31203	0.584702	0.4616093	0.57243156	0.8049529	0.26498336	0.95616317	0.2631797	1.1182272	0.43746942	0.8075002	0.7639553	0.5394533	0.7225836	0.4707978	0.24429889	0.7428015	0.195909	0.18719448	0.75005186	0.24913922	0.5951448
31207	0.958534	0.3124372	0.4918989	1.0562031	0.19905785	0.9108674	0.32074383	0.8562581	0.9661952	0.6732216	0.8535453	0.49818712	0.36367586	1.0046552	0.26754752	0.67343515	0.21454939	0.20046923	0.68877715	0.21249498	0.63404936
31220	0.706006	0.3029085	0.57650876	1.0379809	0.19189924	0.55450696	0.29763567	0.38889882	1.0006045	0.67587674	0.7848258	0.81104285	0.45592993	1.0068421	0.25199443	0.63448435	0.26638746	0.18727383	0.6470017	0.19769159	0.48939395
31227	0.7755427	0.31291935	0.3705255	1.0395268	0.18998149	0.73616654	0.25171638	0.8101696	0.96968555	0.7163785	0.8671476	0.40131387	0.2697755	1.0182488	0.25923628	0.7125617	0.18574628	0.18129551	0.6088632	0.21924864	0.43167517
31233	0.90441245	0.41459373	0.45019603	0.20978215	0.97564626	0.8651689	0.3825699	0.8591833	0.5530602	0.6832053	0.25953573	0.738951	0.53091294	0.9982025	0.34081814	0.45813406	0.7642513	0.36694404	0.70392215	0.59657925	0.92942256
31234	0.9335915	0.37552965	0.42649782	0.97473526	0.23930359	0.79736716	0.3124388	0.40731308	0.5266619	0.65891486	0.5089208	0.5583458	0.28828415	1.0376158	0.2479709	0.62942016	0.5386991	0.3105332	0.6885145	0.49050513	0.45183823
31240	0.94976884	0.28406823	0.24775517	1.0560515	0.19511355	0.60248405	0.28393844	0.31608224	0.93129313	0.68644655	0.81860477	0.7615649	0.27922723	0.93307644	0.3142898	0.6857247	0.19627687	0.17015085	0.6591863	0.21675692	0.5248857
31269	0.59425586	0.40338066	0.4857843	1.0638683	0.19225135	0.70542645	0.25257725	1.1199263	0.61666286	0.6462071	0.82095414	0.53246784	0.38839787	0.97043866	0.2776275	0.73629797	0.2044839	0.17012423	0.6739897	0.19558036	0.37143502
31280	0.8378319	0.3676351	0.25253594	1.0588261	0.19990839	0.4308983	0.27572927	0.36282647	0.7526963	0.6614231	0.8933024	0.51541877	0.32034764	1.0138977	0.26463637	0.64707726	0.19158772	0.18514267	0.5787485	0.21163002	0.36795205
31285	0.63965046	0.37057006	0.36656237	1.0501208	0.18663476	0.48592204	0.23301609	0.7457684	0.970347	0.62688977	0.6978058	0.61746866	0.44708362	1.0036504	0.27114972	0.7037201	0.25956857	0.19097054	0.668941	0.18802938	0.5165523
31286	0.7226507	0.30716753	0.35584283	1.0317162	0.9374173	0.50160265	0.30387226	0.35046047	0.9895452	0.6800943	0.47427377	0.64848006	0.37989855	1.0245405	0.2741077	0.6342409	0.5171932	0.21126199	0.6232926	0.5395947	0.5353581
31292	0.95302194	0.3191512	0.27506188	1.0033839	0.20531769	0.45803192	0.38804504	0.33871427	0.90400016	0.5551373	0.67798615	0.53179896	0.25055292	0.98406094	0.2970015	0.710989	0.29548958	0.20147827	0.6286132	0.242987	0.39133796
31304	0.52034736	0.2963844	0.4214307	1.0491861	0.19926164	0.8213593	0.21814623	0.581308	0.91490614	0.71978366	0.6798422	0.77052915	0.588892	0.7566936	0.27173433	0.6310436	0.23352	0.1972063	0.6688566	0.20752431	0.54290396
31307	0.8971293	0.34108976	0.32443607	0.9526882	0.46486786	0.89247566	0.26180574	0.29224882	0.7192347	0.71862894	0.47442207	0.6121431	0.34019974	0.56596357	0.28230655	0.57839775	0.42245063	0.39947632	0.7002054	0.4953759	0.60986656
31313	0.4900817	0.5634463	0.7095376	0.86851645	0.23107973	0.64365333	0.37655136	0.6895819	0.8420586	0.6651576	0.4665338	0.8373153	0.4826552	0.9564638	0.32125497	0.49596286	0.38610768	0.24413303	0.64495885	0.67802763	0.6496581
31317	0.51095074	0.36886165	0.54882485	0.29528174	0.9102564	0.81854063	0.41478178	1.0009624	0.62001234	0.72330844	0.38192815	0.7878091	0.59343773	0.7556738	0.35269925	0.48165274	0.6908313	0.2750387	0.6588727	0.85587215	0.8506579
31330	0.61303145	0.29676518	0.520981	0.57850367	0.73094285	0.51646996	0.5233605	0.47190708	0.94142485	0.6455182	0.27037466	0.75933707	0.51888114	0.93923587	0.33970127	0.5615731	0.46907297	0.23808804	0.6877688	0.32189402	0.61821604
31332	0.73238826	0.30047324	0.57625294	0.7653263	0.33633286	0.73976207	0.30958557	1.0970577	0.38127142	0.7199395	0.42638257	0.8148696	0.5918781	0.4727872	0.2544583	0.59996295	0.2768746	0.20813355	0.62970877	0.36526987	0.5636682
31338	0.30542654	0.40017354	0.56169134	0.813325	0.32954264	0.82974166	0.28912926	0.85646343	0.9073531	0.6872619	0.79073113	0.67513007	0.5446317	0.99956363	0.25062037	0.6660432	0.29550138	0.18383467	0.72281677	0.24213517	0.51323664
31340	0.31910932	0.31790403	0.68344957	0.9995258	0.24141419	0.74797505	0.24645717	0.9919674	0.38168553	0.7756951	0.85099584	0.43172583	0.7280687	0.36445075	0.26048177	0.68511534	0.20903248	0.17002997	0.66130394	0.2653403	0.91136163
31346	0.8333367	0.3670937	0.5786244	0.69922906	0.5512295	0.6872975	0.22652213	1.0680264	0.40952736	0.7977591	0.1977638	0.788507	0.82323986	0.4696126	0.2546083	0.67689645	0.4591214	0.22264335	0.65897304	0.6812682	0.54491204
31347	0.4194807	0.45165637	0.56383723	0.75945127	0.21406543	0.7836299	0.34014592	0.6936575	0.96855265	0.70510364	0.7235738	0.62188315	0.41350594	0.9721892	0.31789234	0.6026889	0.30633283	0.22383526	0.65802586	0.2739371	0.5063187
31360	0.721489	0.27233905	0.39461368	0.44722524	0.90849125	0.57815856	0.25286278	0.4863553	0.9842106	0.6601147	0.30426657	0.7202112	0.39240456	0.99237496	0.27186942	0.49495292	0.35445803	0.22272864	0.65320265	0.48211214	0.61219114
31361	1.0687774	0.45625588	0.5272547	0.657166	0.9040058	0.49188125	0.26579	0.46812344	0.96213615	0.71533173	0.15785564	0.6397586	0.36282733	1.0276455	0.28068876	0.5517267	0.46076962	0.25369948	0.6780922	0.5994152	0.771733
31378	0.3496212	0.3228264	0.358366	0.64592814	0.5494725	0.6431075	0.31181347	0.5478181	0.8708459	0.6914921	0.34705588	0.86050236	0.6411539	1.0127376	0.27051932	0.5216049	0.42254788	0.44436142	0.6833424	0.568513	0.86761266
31382	0.8057793	0.3404093	0.6250961	0.83596504	0.2786104	0.8762133	0.27966458	0.65400726	0.9632834	0.6683096	0.7120398	0.40517262	0.3211482	0.99790376	0.30102196	0.6452424	0.32775515	0.19665821	0.6428292	0.24577996	0.46022445
31387	0.36307505	0.334384	0.47354925	0.9286261	0.30878705	0.5090142	0.27681905	0.32365763	0.95464927	0.6096273	0.3525499	0.70106137	0.31697807	0.9576371	0.25937083	0.6894187	0.5284282	0.20393327	0.6754894	0.4629993	0.5086966
31390	0.44931102	0.33483046	0.46943942	0.94611615	0.2541883	0.7873819	0.3504654	1.0306565	0.56752443	0.69784576	0.59781533	0.71475816	0.5789788	0.6757255	0.3126894	0.51322067	0.41664383	0.25618118	0.68282264	0.46851733	0.7165124
31398	0.3764297	0.503195	0.673307	0.23874727	0.9630448	0.85979694	0.3711568	0.84573805	0.95372194	0.67282	0.33484954	0.57601404	0.5390142	0.9704501	0.30676752	0.43918172	0.782143	0.37763757	0.66768116	0.964231	0.7783414
31415	0.55902225	0.28768414	0.7813973	0.9379034	0.6694517	0.52350706	0.2791057	0.56434816	0.9287406	0.7407467	0.27148193	0.3455737	0.61641914	0.9931038	0.29735747	0.71866846	0.37368286	0.19824336	0.63320935	0.503994	0.3622186
31421	1.0397755	0.2859547	0.4134218	0.7167346	0.38440856	0.5380527	0.5134002	0.88112515	0.8560488	0.7083587	0.36757305	0.7579457	0.34122014	0.9946622	0.36702237	0.5821572	0.39918977	0.2032273	0.67510813	0.60567075	0.78091115
41006	0.26279512	0.96986604	0.9979605	0.77779824	0.2681421	0.394236	0.3002674	0.9776451	0.3729168	0.80526865	0.731958	0.5048878	0.83727926	0.34088847	0.29798785	0.64087653	0.23482206	0.19313525	0.5281725	0.29415026	0.38456577
41007	0.2638279	0.91923004	0.89365476	0.44786352	0.55580175	0.36458144	0.29438117	0.79206556	0.42784235	0.7676505	0.6037268	0.38492998	0.7980274	0.30923745	0.31823507	0.6769214	0.34138322	0.1984835	0.6639932	0.30939147	0.5143223
41013	0.8985219	0.5357147	0.7045948	0.61486197	0.45668793	0.49392635	0.32722786	0.33230382	1.0142058	0.66897285	0.30912682	0.48822206	0.3025548	1.0471803	0.3905787	0.61427516	0.36838174	0.25261274	0.6350455	0.32253966	0.43843922
41017	0.29285097	0.8786081	0.8018242	0.4278144	0.4294236	0.43269938	0.30823007	1.0151279	0.43072298	0.8128925	0.36675796	0.42744142	0.6706746	0.49811536	0.38957733	0.6020096	0.25809556	0.17738469	0.74390244	0.51339996	0.39788967
41018	0.3975174	0.524485	0.8430214	0.23206028	0.7182593	0.49298728	0.29200274	0.6465857	0.46395975	0.71990794	0.33360636	0.4763149	0.46744654	0.6129283	0.26669908	0.55259484	0.375927	0.19891158	0.6351384	0.8159594	0.36454827
41020	0.2833054	0.9428291	0.89133215	0.612529	0.44358605	0.41093385	0.27578756	0.97433776	0.3760813	0.7971979	0.6224715	0.56802756	0.7351416	0.6204897	0.2947768	0.7195066	0.2567636	0.20445387	0.62986165	0.4233492	0.42558643
41023	0.275803	0.81563294	0.8535041	0.7797798	0.3039124	0.6852835	0.35167447	0.37880555	0.411775	0.77139	0.6816252	0.2541942	0.2667712	0.37992772	0.5987992	0.51403487	0.35344183	0.19958752	0.69020075	0.47404185	0.4206475
41045	0.3262404	0.49394453	0.6253907	0.9795413	0.24442494	0.84253675	0.297881	1.0403768	0.76218945	0.7209427	0.7407641	0.60635	0.37473762	0.9565876	0.2881994	0.6039476	0.3824458	0.2487855	0.727439	0.31443256	0.5906961
41049	0.89550894	0.323965	0.41655314	1.0275505	0.2002832	0.41345093	0.27688164	0.74452317	0.95874447	0.6478175	0.826247	0.5750443	0.44357556	1.0083334	0.26401627	0.68115556	0.20347309	0.18041305	0.6262246	0.23338318	0.37492767
41051	0.25715443	0.37865874	0.72803855	0.533682	0.7332333	0.37998673	0.27604645	0.52131283	0.63103145	0.73685807	0.42682323	0.12224379	0.3386139	0.75246584	0.3154964	0.64684314	0.35692796	0.19521697	0.59036684	0.46996027	0.43696392
41052	0.4414139	0.31574497	0.32708088	0.988474	0.21428035	0.8330776	0.28754985	1.0752683	0.5967306	0.8349834	0.8708224	0.70357716	0.75382537	0.6903958	0.25472403	0.6975559	0.20388106	0.18267068	0.7596853	0.2509506	0.6853939
41058	0.33246392	0.38260102	0.5430907	0.8291439	0.265238	0.9865835	0.2658412	1.1268303	0.43138367	0.799184	0.7723883	0.5489318	0.58254325	0.50913084	0.2477877	0.74283963	0.19023344	0.19033557	0.7178499	0.25571123	0.6407867
41082	0.29490948	0.50145817	0.74501926	1.0551891	0.2227065	0.62173975	0.23931612	1.074868	0.44647923	0.7177852	0.80249476	0.34492812	0.689158	0.79729503	0.23938675	0.7409487	0.18807495	0.1750213	0.70167696	0.1993736	0.43151575
41097	0.4354669	0.3388372	0.39056516	0.7372212	0.23325342	0.7991936	0.30606845	0.43285573	0.80647063	0.74318707	0.5843008	0.55018806	0.33431268	0.6852472	0.31862533	0.59107023	0.43432045	0.218159	0.70202804	0.2707424	0.6257252
41102	0.7555136	0.40691647	0.47785187	0.9860207	0.29319775	0.4820506	0.35366717	0.2766128	0.97350216	0.65968	0.5930451	0.36096907	0.26079294	0.94301736	0.3896327	0.6002759	0.3756128	0.25231236	0.5979852	0.30872563	0.5310298
41109	0.44228327	0.28143126	0.41004914	0.758633	0.36241356	0.50737953	0.43508595	0.7218024	0.60250777	0.6330207	0.4664749	0.7515009	0.7300538	0.6354401	0.3055042	0.5096141	0.2983825	0.22566271	0.6465807	0.3943728	0.59907454
41111	0.81488675	0.37759605	0.45871878	0.8839863	0.55297774	0.5451447	0.33858746	0.34719664	1.0322248	0.6790951	0.35421097	0.7557306	0.3871692	1.0042896	0.28886148	0.6048664	0.48298496	0.23431075	0.6393236	0.23651934	0.46267825
41128	0.2580454	0.4221271	0.63059515	1.0682032	0.24240032	0.7096696	0.23321451	1.1036022	0.5487424	0.71344125	0.87783825	0.27390677	0.75795895	0.7541703	0.25247946	0.6883125	0.1807389	0.1735458	0.7235434	0.23450422	0.50498396
41142	0.27669325	0.65561706	0.67600304	1.0187206	0.19926201	0.63813674	0.3385635	1.0533586	0.4626686	0.7424062	0.79080296	0.64643973	0.77571714	0.5197283	0.28575042	0.63186705	0.24259624	0.1987521	0.6883775	0.18156508	0.5147576
41167	0.30300257	0.72834563	0.77556753	0.98676634	0.23564789	0.5507013	0.27519065	1.1013385	0.4028196	0.7747766	0.787298	0.24084415	0.8684709	0.32076642	0.2601402	0.69075936	0.24700215	0.18066986	0.7165867	0.20225233	0.6560525
41201	0.37302154	0.5425697	0.8545759	1.0104315	0.21621057	0.86472696	0.26941377	0.78705645	0.64338636	0.75603235	0.783549	0.6484975	0.76635444	0.8590456	0.31426233	0.5882399	0.37299982	0.2453368	0.70799226	0.37328842	0.6744753
41202	0.2909598	0.5185933	0.7911864	0.61436903	0.40549755	0.74698585	0.2694516	1.034058	0.5746107	0.8036036	0.6118681	0.8331503	0.83839923	0.41126686	0.2592008	0.630415	0.2882128	0.17887652	0.7466403	0.5139206	0.7669011
41208	0.5124652	0.4802937	0.5258121	0.9639493	0.50839025	0.5451736	0.39156136	0.9557053	0.73798573	0.63273996	0.46267414	0.5920768	0.43552217	0.8062055	0.31895605	0.7106391	0.3309389	0.2043066	0.6792041	0.4456475	0.5816294
41209	0.33284032	0.61514384	0.6576549	1.0125847	0.2035328	0.6486638	0.31192297	1.0801914	0.87079835	0.66227627	0.773119	0.60835	0.6629438	0.9177585	0.27713975	0.71727616	0.3009394	0.19004945	0.69607407	0.20308912	0.41308662
41210	0.73034084	0.35749692	0.3772058	0.92733306	0.2119163	0.81832296	0.2624941	1.1267507	0.47595912	0.6561981	0.79320914	0.3107415	0.41219705	0.79609257	0.25094417	0.654188	0.17304891	0.18243614	0.67049456	0.22622105	0.39839178
41220	1.069888	0.24131472	0.3381119	0.8196967	0.8209517	0.6452414	0.68378	0.5295742	0.5269289	0.63743985	0.35429585	0.83758974	0.42739508	0.63083005	0.538948	0.5556596	0.497599	0.2593603	0.7286594	0.75164664	0.6933393
41225	1.0111502	0.24335097	0.28236562	0.8825034	0.49235362	0.7791656	0.36461535	0.29105422	0.96240294	0.5774699	0.29907438	0.68283445	0.33741233	0.8968486	0.27250025	0.5432164	0.4818064	0.4610511	0.75177604	0.6761035	0.7061065
41228	0.43050712	0.3181955	0.27586693	0.37415618	0.9918752	0.6761243	0.8842094	0.2344704	0.38568354	0.6968366	0.26367843	0.6678094	0.22766434	0.50317764	0.77878755	0.40542683	0.43915832	0.23688397	0.72476536	0.8923576	0.74802047
41236	0.37726322	0.63072413	0.57917815	0.5667988	0.31016064	0.45650616	0.33418113	0.38246787	0.9351493	0.6805762	0.6024929	0.3356281	0.30513608	1.0207977	0.31959364	0.5781831	0.34345788	0.21610008	0.62042016	0.3720784	0.5845637
41239	0.5175029	0.23707576	0.42307886	0.8926451	0.32938796	0.87058526	0.39929056	0.26298186	0.4539024	0.65857464	0.5087299	0.60478795	0.2093646	0.9584887	0.6248644	0.5045966	0.2751546	0.17936635	0.72981894	0.61492866	0.86074305
41251	0.27540305	0.3742431	0.68380266	1.0643449	0.2015085	0.90202785	0.28668568	1.0742362	0.47757566	0.7584512	0.7619155	0.23499839	0.6230395	0.49183846	0.2841478	0.65181893	0.30079287	0.20053971	0.66618055	0.25217122	0.53880125
41260	0.36729047	0.34712192	0.40448493	0.9915775	0.23287636	0.90920943	0.30261803	0.9772195	0.5707451	0.729925	0.7435841	0.49858087	0.7037738	0.7816839	0.29891235	0.5714516	0.40390104	0.22531533	0.6718175	0.27107254	0.7919849
41262	0.28913066	0.34802297	0.65157056	0.8702035	0.45104825	0.7979101	0.30617794	0.37778613	0.85428303	0.77341604	0.9424921	0.79283476	0.3171188	0.8715361	0.32497832	0.61371213	0.26580435	0.18817048	0.74899554	0.34848386	0.75326604
41271	0.53448766	0.25316092	0.37970236	0.406719	0.80558324	0.8067734	0.4862131	0.27651888	0.74294055	0.6516308	0.2515761	0.65554637	0.210775	0.8007679	0.8076745	0.46746203	0.33515802	0.1777773	0.7284187	0.7798334	0.7210767
41278	1.0455791	0.26282114	0.34090483	0.44524798	0.33056855	0.89342093	0.5127245	0.37111628	0.93895227	0.7212008	0.69127715	0.85941625	0.30890483	0.95900494	0.43486637	0.65171474	0.2603247	0.1953775	0.6705871	0.40532684	0.76990753
41287	0.30952343	0.76368594	0.9552908	0.37199143	0.45429316	0.42802504	0.49097437	0.5536978	0.39133838	0.7480093	0.55382913	0.16213427	0.3826343	0.4125486	0.35091493	0.6285562	0.3042454	0.18252893	0.48219615	0.37505004	0.3525984
41296	0.99683994	0.21936971	0.25792134	0.2503736	0.958285	0.60037094	0.7557974	0.2669019	0.99739814	0.6229699	0.16886498	0.77052855	0.21624453	0.9708099	0.36237416	0.43094036	0.5200423	0.33414057	0.63564664	0.77611357	0.57827306
41299	0.4098737	0.38317335	0.751179	1.0100771	0.21593729	0.9595867	0.24083076	1.1339605	0.42271742	0.789214	0.82659435	0.3225385	0.64901733	0.42275667	0.24001162	0.74182916	0.18164808	0.16565494	0.6904793	0.22775066	0.43348172
41311	0.33980748	0.3645452	0.6093069	0.38825437	0.24836993	0.8734647	0.3309644	0.93752587	0.8587362	0.8043178	0.5324018	0.68415743	0.6085667	0.6889594	0.2723029	0.61449957	0.31870136	0.21445613	0.71372765	0.43086773	0.94759756
41319	0.5612266	0.36306092	0.4172551	0.48921594	0.89382356	0.7527707	0.29185948	0.7362388	0.70788974	0.6281988	0.34828895	0.63030916	0.31861472	0.9246431	0.2824475	0.567465	0.58250916	0.29486892	0.6997737	0.8391386	0.58430696
41343	0.75872844	0.33309639	0.59448576	1.0561243	0.19416104	0.97093046	0.24265774	1.1247383	0.59892124	0.73252606	0.92011255	0.23381598	0.35154226	0.96423113	0.27074564	0.7278426	0.15156099	0.17136832	0.6698795	0.21889697	0.3857853
41348	0.32693008	0.34381676	0.74234724	0.857403	0.38037536	0.93252635	0.24209343	1.058282	0.64099723	0.7981516	0.8439375	0.65942866	0.7549068	0.543222	0.25833276	0.7151441	0.20651495	0.1610031	0.7002061	0.25955406	0.8015027
41349	0.31491816	0.38068295	0.72793823	0.60306644	0.72789955	0.81394356	0.27408224	0.6538991	0.511593	0.74703795	0.49493113	0.7895145	0.28804588	0.99529773	0.34644857	0.5141841	0.39505717	0.20988068	0.6784688	0.7863521	0.7834656
41352	0.301181	0.4157051	0.78873783	0.98558235	0.56019914	0.41232988	0.24533145	0.7768877	0.8284039	0.72700316	0.3007339	0.5290068	0.6514556	0.6873119	0.2552619	0.6095536	0.38527852	0.22547105	0.57732683	0.3940422	0.500967
41360	0.35952014	0.28531265	0.46715567	0.42933264	0.7033043	0.7782674	0.29098758	0.7103548	0.43212965	0.74845064	0.8094997	0.61418927	0.43670544	0.7413281	0.41828158	0.5532097	0.24460319	0.15798236	0.72074276	0.5683261	0.90064454
41363	0.25418273	0.3617446	0.7429602	0.77548623	0.33337227	0.57674235	0.2930323	0.97522146	0.43200615	0.7815659	0.5928165	0.6874474	0.6820543	0.61635005	0.32643446	0.655392	0.29450643	0.17118636	0.7136043	0.24777663	0.6604253
41377	0.4323911	0.3962602	0.55736685	0.2223603	0.99585974	0.63005346	0.36818615	0.26504385	1.0226364	0.7012583	0.20029818	0.64328605	0.2726972	1.0080044	0.34724692	0.4244039	0.8128668	0.5058783	0.66009367	0.9028449	0.5993784
41378	0.30407026	0.2965042	0.8949398	0.21399087	0.9864907	0.7641851	0.3013921	0.44584188	0.41784906	0.7530347	0.20198222	0.77407295	0.46487355	0.44532004	0.61630714	0.38950974	0.46039674	0.19671956	0.74179584	0.83070236	0.89566517
41397	0.63667196	0.52812976	0.84144187	0.7174277	0.2618505	0.6339011	0.26158577	0.6985964	0.48311388	0.8029917	0.5756466	0.57782847	0.54375243	0.6801259	0.27246833	0.6312935	0.3644681	0.22343239	0.6399201	0.43628338	0.5158233
41402	0.29403767	0.30320278	0.9949724	1.0287958	0.20567077	0.76703066	0.2549988	1.0700381	0.45189053	0.79445314	0.70533	0.4327826	0.3273645	0.6705618	0.25919643	0.70164347	0.18503779	0.17270029	0.66373855	0.2225105	0.52915186
41407	0.9944708	0.28468207	0.27578488	0.207821	1.0052234	0.8047612	0.38036337	0.9821642	0.37494367	0.66612446	0.20585777	0.9062267	0.6228276	0.60122675	0.27966112	0.41240814	0.72987187	0.51386255	0.67521036	0.9161437	0.93868953
41415	0.89394164	0.3455094	0.52321386	0.21909009	0.98358846	0.839218	0.3018242	0.40580684	0.54760766	0.74705136	0.34808385	0.5164218	0.30180362	0.90646356	0.34962213	0.58551884	0.44853792	0.19699682	0.7011633	0.73131406	0.57262325
41425	0.92022806	0.2205419	0.19576734	0.2153764	1.0180783	0.759235	0.63232243	0.32533443	0.68541694	0.590164	0.2219175	0.7465614	0.29955766	0.58600533	0.3551548	0.44875717	0.4485445	0.29469857	0.75769174	0.8504755	0.89857537
41448	0.49354514	0.4292514	0.39416304	0.23007542	0.9967787	0.73501897	0.7275301	0.23462239	0.68149436	0.7249174	0.1693403	0.5406088	0.23043786	0.80076736	0.87114006	0.41408575	0.42652893	0.23682633	0.7212407	0.6935414	0.91118765
41479	0.994389	0.23522215	0.2781601	0.21445234	1.020308	0.70356536	0.8576121	0.2571103	0.36713284	0.73971546	0.17358457	0.79575074	0.23781516	0.46292472	0.8712145	0.3602295	0.35149893	0.19895017	0.68171424	0.8473074	0.8738733
41481	0.757369	0.31124458	0.57789874	0.24190605	1.0169572	0.74776655	0.795642	0.33535773	0.40778902	0.69537246	0.30081514	0.8147971	0.3184324	0.4548213	0.5595233	0.5016501	0.40621033	0.20187576	0.68196416	0.79772574	0.87177867
41503	0.9390062	0.36888358	0.53313416	0.79985595	0.3076108	0.53344697	0.26824647	0.28478497	0.9720988	0.6474303	0.2521231	0.45827204	0.318975	0.97228366	0.31208387	0.62061673	0.3267287	0.19252065	0.6036857	0.31825787	0.40826485
41507	0.6802732	0.29499307	0.5557846	0.3313403	0.7343062	0.78511757	0.274952	0.2403768	0.8930908	0.7491304	0.28902134	0.42356488	0.2333809	0.93709385	0.45202225	0.6073639	0.2410847	0.19463758	0.7024788	0.55449325	0.730491
41515	0.2965175	0.52514255	0.9355716	0.4856647	0.43820608	0.4717934	0.2760204	0.7499918	0.47646207	0.78408134	0.5153348	0.22237568	0.5509559	0.47823334	0.35376212	0.58461446	0.39176828	0.1976777	0.5584659	0.4328237	0.39298838
41529	0.7034184	0.29101035	0.30185264	0.2162539	1.0060904	0.8184577	0.30727935	0.42600864	0.9876915	0.6697043	0.19834979	0.7549879	0.37724966	1.0168796	0.27143008	0.50819886	0.8839644	0.7492382	0.70901936	0.96354556	0.9320096
41548	0.5840419	0.32046032	0.342907	0.8066042	0.31573462	0.80347586	0.31669775	1.0459385	0.4528179	0.686388	0.42680883	0.73331594	0.4235082	0.93341005	0.2656361	0.6416094	0.6025379	0.22053039	0.6310056	0.44085234	0.58757585
41581	0.87701994	0.25691646	0.3635276	0.24073583	0.9700631	0.85826504	0.36186007	0.90691227	0.5587166	0.74586725	0.25629506	0.94641125	0.34244174	0.85243374	0.26084885	0.5039848	0.5117108	0.55003595	0.7495439	0.8776158	1.0130515
41583	0.28016248	0.43428168	0.57166874	0.21354832	0.7721027	0.85986954	0.29668993	0.9743363	0.655661	0.72948676	0.20746659	0.7803201	0.49970016	1.0340221	0.25936693	0.5061241	0.8699347	0.48153815	0.7155088	0.9217292	0.91180414
41586	0.5842302	0.4238308	0.49883682	0.20977342	0.99079895	0.71640414	0.320787	0.9152417	1.0150745	0.6592883	0.3341121	0.6949314	0.48891684	0.9811472	0.2538566	0.54986334	0.78557813	0.41717616	0.6727236	0.9673262	0.818409
41589	0.6260764	0.5322871	0.6494951	0.38207456	0.9266971	0.7365151	0.42208582	1.0567853	0.39387	0.68468535	0.33522618	0.5291662	0.5895087	0.52194124	0.27730498	0.6660003	0.53995675	0.22420534	0.7242227	0.7028274	0.64125395
41600	0.3937904	0.31676003	0.57487255	0.21573564	0.9985192	0.85502195	0.34024003	0.9851286	0.42155936	0.7189165	0.21451713	0.7821238	0.5292893	0.92873627	0.26688024	0.5086356	0.8679441	0.5369225	0.6449217	0.9935255	0.83660877
41606	0.7024446	0.47138622	0.6047196	0.22550437	1.0074886	0.72265846	0.39213085	0.994474	0.44334012	0.7201182	0.24387099	0.53530294	0.5596211	0.7034501	0.3346319	0.43341303	0.85352474	0.37418616	0.6779654	0.7639784	0.79524773
41607	0.8349497	0.7501048	0.9858776	0.5122682	0.95880926	0.6763406	0.36741883	0.873954	0.777666	0.76576656	0.3946273	0.42394844	0.58214015	0.86486286	0.3760648	0.48870045	0.47570074	0.28464866	0.63289815	0.66141397	0.687228
41621	0.61065453	0.28398642	0.45402414	0.9653846	0.21097207	0.42575526	0.39016253	0.33687633	0.9870398	0.67585874	0.829673	0.8359165	0.3071881	0.9387672	0.30214196	0.6637633	0.21618712	0.20131354	0.6160666	0.24666744	0.43429282
41628	0.981016	0.29376516	0.32422596	1.0446848	0.22243392	0.79210305	0.2929051	0.62083536	0.9997637	0.6547496	0.80711204	0.90348125	0.6032968	0.98867995	0.2808807	0.64886636	0.26925457	0.18547446	0.68239087	0.24569646	0.62206686
41629	0.39948177	0.6105164	0.614599	0.97375345	0.22062823	0.66796434	0.27075276	0.46286592	0.95769536	0.65770245	0.7360189	0.68808794	0.73431754	0.93541515	0.2888391	0.66738784	0.20949799	0.18905818	0.6751283	0.2205738	0.70928884
41630	0.9129177	0.285666	0.34891048	1.0413861	0.18859315	0.47125623	0.24793823	0.45345134	1.0036246	0.6435177	0.9374798	0.8563255	0.3799797	1.0254704	0.26512933	0.68625313	0.19405946	0.173392	0.6351235	0.22762844	0.4549785
41632	0.424037	0.35501584	0.3050487	0.88206106	0.33164743	0.8761406	0.938806	0.8190101	0.67247164	0.7291331	0.48873386	0.835951	0.34664217	0.35519874	0.54571265	0.5165769	0.4005666	0.2116423	0.7229166	0.5490153	0.9184691
41641	0.3286758	0.36592746	0.4963051	1.0225211	0.19196957	0.59921724	0.22717045	0.43155584	0.9225789	0.6721668	0.86710316	0.78014904	0.56881994	1.024797	0.26237008	0.67911863	0.2137976	0.19154027	0.62149125	0.23824576	0.5925943
41642	0.86622965	0.23233603	0.43938053	1.0136838	0.21456194	0.46132395	0.36413527	0.30085057	0.9724299	0.6629919	0.8696704	0.6884106	0.25685167	1.0103774	0.3276041	0.63816595	0.18794772	0.18193229	0.68718606	0.23623165	0.48896587
41648	0.98083407	0.36215955	0.35184714	1.0341992	0.21244061	0.7717331	0.2782804	0.40044305	0.99176407	0.6361112	0.8991863	0.5090025	0.476577	1.0441839	0.26108882	0.69219005	0.19510496	0.18966573	0.6663353	0.25786018	0.39179665
41651	0.3172073	0.39749402	0.7951546	0.4143153	0.8861205	0.7423907	0.2908416	0.7709842	0.58216995	0.693854	0.461047	0.25026724	0.54118717	0.6049438	0.32597435	0.5864357	0.38371816	0.18941861	0.62151927	0.9481389	0.7490367
41654	0.5488396	0.43303192	0.68743026	0.8890964	0.24122152	0.88656473	0.25543723	1.1178126	0.43006518	0.76032096	0.7650327	0.4027533	0.6612923	0.42712831	0.25798047	0.7393436	0.23628351	0.17472734	0.69025356	0.27472875	0.5048484
41658	1.0723977	0.30804858	0.30044964	1.0277424	0.1951863	0.81157523	0.26687062	0.41443795	0.9614136	0.6909472	0.9010673	0.84409565	0.40346518	1.043246	0.26138029	0.67713004	0.1838097	0.19251351	0.59719634	0.22953871	0.55483
41660	0.649895	0.3439071	0.7609101	0.99845004	0.2007582	0.6089924	0.2869855	0.79234403	0.97597075	0.6601755	0.77059484	0.67718124	0.5135721	0.99218637	0.26423073	0.6404485	0.21521536	0.20696142	0.6320604	0.261477	0.46179053
41661	0.42389664	0.29399446	0.3666942	1.0659851	0.19899185	0.7782282	0.3919038	0.51431036	0.9223881	0.68693477	0.785651	0.72034806	0.4542506	0.9485978	0.36799705	0.6794679	0.2235401	0.16119662	0.6768284	0.20245077	0.8281196
41664	0.38101017	0.31151903	0.54592234	0.865298	0.2761996	0.6506307	0.30090675	0.78451025	0.829763	0.6842625	0.5074739	0.45484263	0.59791064	0.74089485	0.26452908	0.5958044	0.3006821	0.18486637	0.60709447	0.23070681	0.66070414
41671	0.43959737	0.37617916	0.58014774	1.0153979	0.24855366	0.62232447	0.2475319	0.67874986	0.6963194	0.638616	0.7333671	0.39286724	0.5770155	0.83751315	0.2884038	0.7108591	0.24201843	0.19294147	0.67749834	0.20409422	0.5620274
41674	0.55111945	0.33298412	0.36195743	1.0172564	0.20389946	0.87160444	0.41155973	1.0789216	0.77362376	0.6412373	0.7883464	0.6877445	0.49331877	0.9606081	0.27505618	0.70008445	0.22326565	0.17017284	0.68250436	0.28269398	0.5751398
41681	0.5479232	0.35792196	0.5670877	0.9318897	0.76197016	0.5986663	0.30442205	0.5495272	0.9829968	0.6463206	0.5944015	0.6577777	0.5114528	0.96004933	0.28957486	0.603414	0.28462952	0.19127521	0.62425584	0.25235468	0.5105496
41688	0.7331274	0.30146194	0.8630646	1.0425533	0.21639498	0.5551356	0.33249882	0.28391775	0.7918826	0.71649814	0.6449632	0.6237252	0.33434823	0.9624482	0.35186586	0.5905532	0.22697219	0.21842317	0.5965909	0.24249336	0.6093239
41693	0.9534512	0.35782805	0.4835918	0.84753275	0.20968425	0.74117196	0.342636	0.5020685	0.9779233	0.5835438	0.7638432	0.6538108	0.27290103	1.0451736	0.28125247	0.6380308	0.2488083	0.21788447	0.68276256	0.35593402	0.43848488
41722	0.35867953	0.43392956	0.86249983	1.0623045	0.21106386	0.7422595	0.32352582	0.85388356	0.7125916	0.75625163	0.7185775	0.44749108	0.67739886	0.88675946	0.28190383	0.5632544	0.53241956	0.438717	0.6138388	0.28580377	0.58082074
41744	0.92156595	0.31273577	0.4347131	0.22937503	0.84286666	0.5594279	0.3543465	0.2881162	1.0059222	0.67443395	0.27960727	0.3908318	0.20508887	0.9947564	0.28194323	0.51957065	0.43054038	0.30358157	0.6276636	0.625789	0.43627882
41759	0.65810925	0.33197418	0.51816463	1.0411671	0.21900894	0.9173644	0.24063848	0.5904716	0.9967959	0.72260404	0.27681327	0.52054214	0.5787398	1.0506221	0.24125622	0.6280714	0.25559872	0.25625232	0.6505332	0.333299	0.55904645
41760	0.32115856	0.38666794	0.40869102	1.0468601	0.23423353	0.93016267	0.39428723	0.9572937	0.84211916	0.66998476	0.7966079	0.6416527	0.5133165	0.93904245	0.3302764	0.67514986	0.30014968	0.18091175	0.7401004	0.33853316	0.57356626
41763	0.35923415	0.3757154	0.5989182	1.0003551	0.26354444	0.9401696	0.37121347	0.8411777	0.9360418	0.6910226	0.8006633	0.6856316	0.77898	0.89140815	0.33079058	0.6714672	0.2885688	0.17825504	0.71713245	0.2464656	0.7162469
41769	0.28319272	0.4214875	0.923209	1.0438558	0.19739044	0.96029836	0.25391853	1.0850788	0.58553094	0.7720293	0.9274017	0.5626767	0.59350115	0.84078604	0.26002204	0.72857434	0.18734679	0.1793719	0.70285726	0.2271691	0.41628766
41778	0.27705875	0.6703947	0.8349117	0.7693028	0.46961224	0.79730207	0.35652602	0.8975632	0.80098647	0.6841452	0.5686384	0.59260947	0.55724967	0.888372	0.28510022	0.4655605	0.6989064	0.28436196	0.69858515	0.42510235	0.77177805
41779	0.26712483	0.59688634	0.74592507	1.0385964	0.22525668	0.8251201	0.4201716	0.94802415	0.9571862	0.7296445	0.6826975	0.46926004	0.6739563	0.8994341	0.27395684	0.52447987	0.46849847	0.24840543	0.6893384	0.22045082	0.58356434
41780	0.27576455	0.44274563	0.54871964	0.7011895	0.45104572	0.7975328	0.33816266	1.011855	0.5646593	0.73028547	0.6071755	0.50317353	0.6548218	0.75571424	0.26900145	0.5413369	0.37838358	0.31622377	0.70340425	0.3324609	0.79824287
41789	0.25166702	0.29018423	0.49363738	0.24474469	0.9497099	0.72499526	0.36273152	0.37663165	0.46305028	0.67457455	0.36240754	0.7440062	0.24600078	0.9153397	0.47987324	0.5438387	0.4909612	0.17611183	0.70442003	0.66764104	0.81110007
41791	0.5347955	0.37318596	0.37188187	0.9423179	0.44712162	0.7653429	0.371907	0.46757638	0.9967067	0.6329374	0.46991232	0.7056384	0.3099136	1.0118893	0.29476282	0.55110127	0.6608563	0.40064186	0.7021635	0.46642825	0.5861818
41794	0.630559	0.32056952	0.39527297	0.9842423	0.746333	0.46676773	0.3015678	0.6077409	0.9760871	0.6299307	0.59667414	0.4836414	0.5198052	1.0115944	0.25719178	0.53318715	0.26837277	0.21150029	0.6040323	0.32380295	0.47700667
41795	0.67764705	0.5181914	0.8147649	0.9908179	0.20405975	0.80155146	0.28358987	1.0870192	0.7081431	0.732792	0.8275511	0.51772135	0.29021955	0.9527443	0.27395645	0.6797727	0.18454295	0.19836485	0.67523974	0.22185689	0.44613934
41801	0.28227302	0.23574375	0.46607596	0.50084823	0.59384745	0.54370713	0.42885706	0.53833425	0.59385055	0.6296364	0.2462176	0.8418916	0.4669835	0.8469169	0.4098209	0.5372125	0.30348468	0.2634916	0.7109042	0.63866806	0.7879497
41814	0.5613533	0.32767922	0.31951004	0.9556835	0.46051276	0.695629	0.34799603	0.4664946	0.97998166	0.65346867	0.37448332	0.74950725	0.35126835	0.9865921	0.26655912	0.4489764	0.60996455	0.53757894	0.70005864	0.51458377	0.6649874
41826	0.36585546	0.38723254	0.5504493	0.64458907	0.9090874	0.8404937	0.2731173	0.47192276	0.98957133	0.6423789	0.56993186	0.7511662	0.34771985	1.0038524	0.28323975	0.5776431	0.40298408	0.21215874	0.7204935	0.8318665	0.4801749
41830	0.9442821	0.30719686	0.34944057	0.38497016	0.35646966	0.535537	0.3977953	0.46964285	0.9613969	0.6265011	0.46295977	0.91245663	0.5496401	1.0198634	0.34806028	0.5270569	0.43064925	0.26935354	0.72343904	0.55325735	0.6437074
41835	0.30310395	0.42755347	0.5660671	0.5937821	0.38479137	0.79522467	0.346381	0.6391154	0.99698865	0.6881099	0.6568105	0.6752858	0.64800185	0.9905736	0.2794153	0.61101145	0.76568085	0.22525993	0.6561705	0.9878844	0.53746754
41840	0.32286954	0.53522986	0.6360089	0.80318415	0.51089525	0.7954102	0.31715116	1.0293515	0.4033884	0.7505723	0.56842315	0.5422934	0.6318123	0.42810518	0.29280216	0.5328714	0.40013793	0.26352894	0.6776966	0.939856	0.7782638
41844	0.47061414	0.41756156	0.47943157	0.89909005	0.514067	0.81836057	0.3965983	1.0561743	0.5906293	0.68819237	0.57498294	0.7462179	0.56132346	0.80348474	0.32291615	0.5403256	0.47123116	0.26350334	0.7110089	0.53032976	0.73217845
41847	0.6560042	0.3895098	0.45313162	0.8949965	0.20828898	0.82676774	0.3627713	0.9283891	0.82325363	0.73688245	0.7914741	0.7963188	0.68269277	0.8663096	0.29118592	0.6433994	0.23338056	0.20044646	0.69250894	0.252407	0.49659884
41857	0.28058165	0.40088	0.6098018	0.8245107	0.29790145	0.86918414	0.32661796	0.99717456	0.83545184	0.71093786	0.78653634	0.76674634	0.5805171	0.8525192	0.28141162	0.67224926	0.25317454	0.19298565	0.744035	0.2471241	0.65770745
41862	1.0190958	0.37298557	0.48803747	0.29112798	0.9453251	0.5587946	0.64903486	0.6702699	0.67215073	0.6701392	0.15848108	0.44661665	0.47082943	0.53906184	0.68175465	0.53818357	0.5759286	0.26919684	0.6307461	0.6809805	0.7421161
41871	0.3166786	0.39229947	0.5613963	0.7752897	0.35524687	0.82979655	0.29648325	1.0172069	0.85608447	0.7009498	0.6108887	0.47587937	0.74093187	0.8581343	0.26468128	0.6253497	0.4536095	0.23557249	0.7206963	0.35789773	0.6608098
41872	0.5202002	0.311132	0.58826834	1.0499432	0.18390684	0.86997074	0.23342817	0.60626954	0.71214676	0.7580914	0.94932276	0.81247294	0.53402746	0.98264116	0.27603722	0.67105716	0.21296838	0.19048278	0.6934346	0.21620077	0.5063941
41882	0.36137614	0.5682364	0.706173	0.99658704	0.2330913	0.8004813	0.33504954	1.1053296	0.44699487	0.7812972	0.7633813	0.31592247	0.67653847	0.5622135	0.29523903	0.7166275	0.28856388	0.2125544	0.6970713	0.2739063	0.5009183
41895	0.59537995	0.32661128	0.34724057	1.0265808	0.23097059	0.5505121	0.260388	0.3151481	0.9918237	0.7433452	0.19786564	0.61894953	0.3059759	1.0194416	0.27278835	0.632888	0.22729018	0.18883997	0.6055155	0.21845928	0.37806156
41912	0.4382426	0.36722365	0.5482587	1.059792	0.18988493	0.8520942	0.2831716	0.5145672	0.9541256	0.6931858	0.8065181	0.67822266	0.5382571	0.948431	0.28539306	0.6361039	0.30261782	0.22221646	0.69842213	0.21098062	0.43771213
51005	0.7092803	0.36158252	0.43133396	0.29395515	0.7210665	0.90275335	0.4247168	0.5384489	0.89206654	0.73500663	0.3546643	0.725139	0.65326184	0.9037478	0.312783	0.5600586	0.39971146	0.21869236	0.6678845	0.69635916	0.807844
51014	0.75918525	0.45099598	0.6919797	0.33147782	0.8503642	0.48561132	0.32490462	0.9416859	0.41869646	0.6905797	0.31808648	0.7858207	0.55361044	0.55143315	0.26045072	0.53839815	0.4827572	0.26317993	0.628049	0.5848366	0.55777097
51017	0.34011987	0.39926416	0.4402197	0.8798517	0.5502361	0.5417018	0.36750156	0.5011908	0.49459845	0.7028213	0.7649147	0.71491736	0.50486034	0.9808454	0.27691883	0.6388423	0.3025283	0.19012773	0.6671449	0.6413726	0.40531027
51023	1.138419	0.2289383	0.2670709	0.22296558	0.98964036	0.6929895	0.3676726	1.057475	0.39468017	0.6657991	0.16393135	0.8947231	0.6517203	0.49551165	0.25523674	0.46813804	0.65311986	0.39160877	0.7170574	0.5542848	0.8595891
51041	0.6544168	0.28614947	0.5843429	0.24489686	0.9398651	0.6277629	0.26165763	0.5418796	0.47916943	0.74308395	0.44817686	0.76369774	0.39196983	0.7922613	0.34658456	0.61678064	0.4004197	0.20158851	0.6657985	0.46482998	0.65181255
51047	0.41519916	0.26927796	0.4253755	0.25837904	0.95837337	0.8576664	0.34744912	1.0897411	0.39019918	0.7855188	0.2843202	0.89986444	0.56735927	0.5269214	0.25519985	0.4990191	0.45159295	0.41457346	0.6543005	0.8038199	0.8486633
51051	0.97829765	0.36329514	0.4617164	0.37468967	0.96063805	0.50965333	0.29989132	1.0512288	0.38566613	0.74263066	0.1585594	0.75039476	0.6127933	0.6309543	0.26727775	0.6302332	0.7756472	0.32316947	0.5403766	0.7322561	0.4149155
51053	0.28425768	0.34272295	0.8831016	0.2970199	0.92062616	0.62603617	0.27550444	0.86184925	0.53255653	0.7359262	0.40958208	0.47541356	0.54842395	0.7583378	0.35942116	0.6397876	0.36716563	0.1910089	0.6424626	0.51320577	0.5037305
51054	0.26363626	0.35075927	0.5608654	0.8968494	0.91788644	0.5929986	0.21849342	0.9232038	0.64040864	0.6587433	0.45867497	0.5995746	0.34987652	0.6393066	0.2813642	0.62452954	0.39276934	0.20242111	0.6434836	0.68751574	0.62111306
51061	0.6747113	0.43605614	0.463297	0.24200696	0.9906564	0.7262941	0.37040287	1.0117704	0.49499726	0.68560743	0.2035387	0.72804916	0.5582598	0.63230544	0.2847676	0.41805893	0.85443777	0.45306444	0.6899298	0.8793277	0.86049086
51065	0.32289827	0.22997586	0.6121746	0.63103145	0.9908886	0.84334624	0.26359951	1.0203764	0.38011837	0.79250526	0.20803562	0.85955185	0.7333388	0.5870313	0.2389199	0.47216362	0.7805939	0.531524	0.63138676	0.8436035	0.9204664
51067	0.47893724	0.3261368	0.43661726	0.31498456	0.9576908	0.73363847	0.42890796	1.0124401	0.37591898	0.70926094	0.23250525	0.88980633	0.4337593	0.54825574	0.57338786	0.47044504	0.699677	0.2907855	0.6778975	0.74659127	0.7798137
51081	0.31241342	0.5601582	0.82624525	0.21693845	0.958381	0.69302905	0.28417113	0.9794653	0.54637843	0.77827966	0.26676223	0.88206625	0.7863031	0.66525733	0.28728402	0.4875039	0.7740239	0.3495513	0.6923256	0.8606326	0.83154374
51082	0.3063431	0.73651963	0.634857	0.22480893	0.9485249	0.75390476	0.35860208	0.91082686	0.42955682	0.7682224	0.27437893	0.73480767	0.5452831	0.40794268	0.3378915	0.46475738	0.6381544	0.32540044	0.676035	0.90946144	0.97124976
51085	0.35384002	0.5476062	0.74175113	0.21682951	1.0088538	0.5898505	0.5755683	0.3180411	0.6182275	0.71149933	0.22642411	0.46484268	0.30498743	0.7671106	0.5274798	0.4971612	0.62798303	0.2721652	0.73203444	0.78459257	0.7842223
51092	0.85999924	0.2685643	0.53304464	1.0137172	0.23759001	0.93593466	0.29623955	1.1085445	0.4074159	0.81186837	0.81329906	0.66281325	0.8751984	0.48500198	0.2372974	0.7107897	0.20372626	0.17131482	0.76584363	0.25794783	0.6887474
51096	0.3073203	0.43751317	0.8521664	1.0634434	0.18944472	0.5543704	0.21500799	1.0135988	0.5450271	0.7034422	0.78437823	0.35440108	0.81373084	0.5481408	0.29173613	0.6940811	0.22813973	0.18805273	0.6735559	0.21095072	0.5332292
51111	0.28077313	0.30047494	0.77498215	0.9071904	0.2255921	0.53888446	0.3036764	0.98974806	0.4388189	0.7870558	0.9318332	0.42166364	0.72160625	0.39062807	0.29464054	0.6846525	0.20593199	0.17048307	0.66645247	0.21584202	0.5962418
51131	0.3415388	0.31090957	0.6296619	0.69863695	0.22219801	0.85805315	0.22142386	1.0420071	0.7039001	0.76312697	0.6749927	0.5143098	0.70526373	0.68452936	0.34048453	0.68278855	0.2348417	0.15565765	0.6518586	0.22381875	0.6120598
51136	0.2861172	0.27873558	0.9414588	0.93197834	0.28945458	0.9925344	0.46989405	1.1063135	0.8235285	0.8198395	1.0123359	0.8728489	0.53815246	0.6657525	0.4666918	0.71815073	0.21468249	0.15874085	0.81286496	0.23911196	0.97256535
51139	0.2769453	0.34689194	0.61234576	1.025777	0.19683024	0.51194906	0.2056856	0.9648906	0.9106807	0.7346823	0.84350324	0.6369207	0.7945278	0.7844289	0.27992603	0.68726933	0.22437039	0.17472722	0.56910294	0.20285319	0.49833024
51145	0.51822567	0.80202717	0.97291714	1.0250133	0.2025795	0.5281101	0.32251674	0.43946618	0.9847828	0.73632675	0.8090809	0.36482525	0.78593326	0.98547906	0.26634082	0.6473526	0.22859389	0.20094621	0.6495997	0.20800465	0.3837615
51153	0.32375246	0.36177874	0.92797816	1.052968	0.24064004	0.85435313	0.27847487	0.9475378	0.8838854	0.7663447	0.96278924	0.8086854	0.68525964	0.8653978	0.3083336	0.71260375	0.22466648	0.19286403	0.687306	0.23198172	0.7425722
51176	0.90106547	0.47829002	0.41569278	0.4349212	0.5805759	0.4632286	0.41774812	0.59152436	0.74337393	0.6069551	0.33604133	0.6737672	0.4830937	0.5731339	0.31313968	0.60866445	0.50379205	0.21681619	0.6431522	0.6788196	0.557676
51178	0.3513581	0.40914792	0.62993884	1.0201076	0.24257305	0.9609799	0.29479402	1.0639575	0.7762125	0.71282166	0.8137321	0.6795938	0.63088226	0.9358261	0.28992715	0.6570077	0.2660412	0.18475606	0.74264586	0.26498523	0.63253003
51184	0.63880646	0.28748497	0.79290843	0.98356926	0.24324134	0.91169995	0.3917534	0.46519405	0.8547194	0.82253724	0.9141441	0.8921918	0.3614701	0.8541109	0.420241	0.6886162	0.21409568	0.15135708	0.78515875	0.22842848	0.9473496
51185	0.46617013	0.6507058	0.6371374	1.0087882	0.20434064	0.88258487	0.23768558	1.1154763	0.41955945	0.70751774	0.7305296	0.20824726	0.5757515	0.38414302	0.24541019	0.7697528	0.21021709	0.17258738	0.704006	0.20107242	0.43044326
51208	0.5698336	0.6960855	0.5405892	0.95520985	0.22160277	0.5947999	0.23307158	1.0361476	0.43394634	0.6775377	0.7900567	0.58742213	0.8074704	0.85487354	0.28371045	0.70121217	0.20297572	0.18792921	0.6880906	0.2313321	0.66372585
51227	0.8047018	0.37071872	0.4498323	0.9639015	0.22770727	0.5846485	0.34591204	1.0330238	0.8054204	0.64729637	0.7497892	0.30199704	0.49461278	0.9305042	0.28184918	0.68119216	0.19744956	0.18625095	0.61853236	0.26178882	0.49804473
51231	0.33428985	0.5981916	0.7365484	1.0686159	0.24015373	0.5961057	0.2456946	1.026319	0.42031983	0.77863026	0.8073744	0.48211837	0.8813495	0.34180877	0.25284523	0.71149635	0.24119648	0.18473345	0.7173283	0.21020645	0.6334793
51236	0.2731084	0.73097736	0.9667302	1.058362	0.19055386	0.43963674	0.23177959	0.77628756	0.8748898	0.73156583	0.9262671	0.22324775	0.61416024	0.98261315	0.2748154	0.6464732	0.18820298	0.18219715	0.5820008	0.21404748	0.46820098
51240	0.8259642	0.28658262	0.41712517	0.7350882	0.22516596	0.94054514	0.47734785	1.1235524	0.86357933	0.7457157	0.920209	0.6853753	0.5100055	0.43864298	0.3015677	0.6562763	0.21328834	0.19457805	0.73230946	0.26617682	0.92794025
51241	0.43790975	0.37680656	0.39508194	0.88037837	0.27844104	0.4423247	0.25163946	0.51582426	0.7597486	0.7432355	0.61968243	0.59358263	0.34906697	0.8091115	0.30877674	0.66440123	0.2382012	0.17299603	0.6768562	0.3201129	0.37744784
51249	0.36249772	0.4522668	0.91266626	1.0329275	0.20899566	0.92247856	0.31716642	0.68647724	0.92574817	0.77241844	0.9396608	0.8680926	0.7903122	0.85525495	0.2521406	0.6506535	0.19245934	0.1967667	0.69381523	0.23763692	0.76352096
51258	0.47090092	0.48726028	0.7946103	1.0419849	0.21116719	0.70350206	0.32202882	0.96754456	0.9099987	0.73129404	0.83109283	0.73234874	0.66380525	0.9230162	0.30382097	0.633844	0.2765768	0.18318741	0.71551526	0.21827759	0.59026825
51259	0.26890594	0.64756685	0.8066523	1.0158342	0.22993022	0.4185942	0.22748674	1.0068581	0.617815	0.74072635	0.82194215	0.4553393	0.8570524	0.6697891	0.2702671	0.60447294	0.23720595	0.17554711	0.46913016	0.24183887	0.4679421
51263	0.29751626	0.4094146	0.56675357	0.97642386	0.2431154	0.5866981	0.27238187	1.01777	0.6462482	0.6997511	0.692151	0.7708258	0.72459465	0.8434633	0.28123152	0.65691197	0.31495386	0.18615195	0.65966654	0.56763756	0.51808923
51268	0.46413505	0.33875528	0.5175453	0.99181306	0.20789066	0.8262995	0.319009	1.1083179	0.48057944	0.77328277	0.8441669	0.7844598	0.7779176	0.46465996	0.26872256	0.70863235	0.24099213	0.18932235	0.72162026	0.23049134	0.8514413
51275	0.2875961	0.6670847	0.7243303	0.8486012	0.24964905	0.59567815	0.2497922	1.0374733	0.4214506	0.7494677	0.839466	0.7594785	0.65535516	0.35027483	0.28526217	0.6624635	0.24572274	0.18397406	0.70435965	0.27838427	0.6894484
51276	0.5887549	0.39398235	0.4568291	0.9463185	0.22891572	0.993124	0.26542574	1.1294196	0.4256642	0.69696105	0.8727159	0.5385447	0.46852106	0.51209474	0.2667425	0.7639026	0.17273998	0.16642486	0.712699	0.262033	0.5003771
51278	0.32903814	0.31574902	0.8104035	1.0643989	0.25209424	0.76482123	0.32514158	0.9275504	0.741541	0.7466198	0.83778644	0.7779005	0.5937761	0.6313237	0.6901325	0.6043147	0.20871732	0.15006614	0.6877044	0.22783154	0.7597409
51281	0.27417475	0.9244218	1.0068506	1.0506307	0.2604865	0.40739858	0.2592237	0.98609346	0.44879276	0.7825082	0.6657131	0.17913288	0.83750147	0.423424	0.28048903	0.6661597	0.2780811	0.195597	0.48743916	0.24716002	0.40118328
51285	0.41662627	0.40642962	0.67305845	0.9834151	0.21580961	0.9646332	0.29634488	0.6600234	0.9495938	0.7258836	0.83440256	0.29833472	0.3430303	0.98403925	0.34461594	0.6541506	0.21141493	0.19588882	0.63220555	0.2857248	0.53077567
51287	0.3765896	0.46670407	0.6827892	1.0147752	0.21023585	0.580573	0.236724	1.0610877	0.40647396	0.7942212	0.81195253	0.64953846	0.76283556	0.3269971	0.25185	0.6942782	0.21910337	0.17017756	0.70980734	0.22192523	0.6322012
51289	0.46793586	0.69509995	0.81165856	1.0581161	0.21859637	0.6663086	0.34711537	0.7332041	0.9224822	0.7111939	0.7357969	0.5961433	0.75719124	0.84508735	0.33289978	0.657661	0.3152476	0.18970346	0.5847222	0.24342552	0.3665542
51292	0.45370787	0.42269784	0.6942191	0.88024366	0.30517778	0.66802335	0.30232298	1.0856851	0.35740378	0.7633981	0.46241796	0.621564	0.6918508	0.33308977	0.23748742	0.57892865	0.32988125	0.19659965	0.6834416	0.9482892	0.89983207
51294	0.315656	0.711681	0.84815466	0.851673	0.38093716	0.37349838	0.2500463	0.65516824	0.8392291	0.69444835	0.34270823	0.17969441	0.7140164	0.6318307	0.27846614	0.6712883	0.47238272	0.18434776	0.576453	0.36794615	0.41229588
51300	0.25567785	0.25480956	0.7437254	0.83390135	0.35233516	0.61882055	0.2841879	1.0356207	0.56319165	0.80506396	0.55360156	0.87415695	0.7130818	0.56637895	0.37214562	0.7241592	0.23390946	0.17764589	0.68535626	0.47293302	0.84455377
51302	0.2612112	0.25973088	0.5026049	1.011197	0.2116774	0.65782064	0.29180288	0.51415867	0.89448535	0.7850449	0.8963298	0.7870574	0.70106685	0.8515668	0.3941508	0.67258775	0.19668025	0.16723338	0.6880561	0.26179415	0.90927756
51324	0.29091868	0.24145661	0.78997266	0.90036064	0.22740039	0.47353196	0.1958734	1.0845059	0.5722512	0.78809583	0.752898	0.8071257	0.50573844	0.49502748	0.29549032	0.7521645	0.19841427	0.17547533	0.67232686	0.24058098	0.8641981
51328	0.600716	0.3579129	0.5116963	0.8663807	0.25733683	0.9620732	0.34199435	0.9722547	0.50067306	0.7099626	0.6944704	0.5282629	0.4981182	0.8861631	0.2947595	0.5110438	0.3370642	0.20321532	0.730596	0.4402329	0.7200313
51329	0.29391482	0.6561346	0.95232487	0.9956858	0.20370448	0.40473235	0.2829206	1.0067924	0.7777218	0.71024215	0.6191866	0.14618544	0.71907765	0.76620466	0.31412345	0.59852445	0.3653317	0.19448057	0.5803305	0.26443332	0.4503446
51346	0.84825575	0.3602854	0.42292795	0.9573821	0.22175986	0.52110255	0.3572136	0.31842995	0.9927883	0.5635005	0.62293285	0.5712114	0.2586668	1.0504166	0.25132188	0.63359797	0.23082593	0.20155275	0.6815633	0.22637746	0.39674512
51353	0.7561261	0.2815538	0.3234918	0.26386586	0.90769136	0.78395945	0.31140074	0.2572719	1.0102012	0.6794472	0.24769561	0.5777096	0.25365686	0.94845164	0.27535176	0.4590963	0.67673594	0.59464383	0.61877203	0.74921066	0.66745806
51355	0.63056546	0.41554254	0.69586927	0.23997712	1.01524	0.7984178	0.45298168	0.3814751	0.6475313	0.7337024	0.18198057	0.86832166	0.32178694	0.49783552	0.40484938	0.38316083	0.63421357	0.5180094	0.7063353	0.8870053	0.9384475
51390	0.2723347	0.4450941	0.80806404	0.655906	0.22783363	0.45661208	0.30182183	1.1178181	0.41517174	0.8000116	0.41566697	0.22654255	0.75914544	0.46928516	0.3082178	0.6502025	0.24536636	0.19985238	0.704559	0.23305684	0.5521915
51394	0.30770448	0.79227525	0.8422821	0.5707605	0.65531564	0.7364815	0.43561888	0.8338955	0.43320954	0.777127	0.647223	0.21008956	0.26626953	0.38695946	0.3621048	0.6152814	0.366731	0.17633235	0.6473486	0.66764075	0.4097945
51395	0.5189613	0.36756527	0.34592685	0.9021538	0.20762205	0.46849972	0.31981236	0.28489664	0.99668777	0.6864804	0.8064328	0.5875915	0.3238648	0.9930007	0.296877	0.62343305	0.24644592	0.20356315	0.6388709	0.23643559	0.4115624
51414	0.94397014	0.4091654	0.52472246	0.2204562	0.9584993	0.53631437	0.4219489	0.27047247	0.9191483	0.70278066	0.2869667	0.61531967	0.21472582	1.0107572	0.3778714	0.5899137	0.63498896	0.26095483	0.6029292	0.857951	0.4916559
51415	0.32441184	0.2955225	0.42118838	1.0110286	0.2139718	0.9731176	0.28788185	0.4978916	0.9386142	0.80800474	0.95833987	0.90059847	0.75735223	0.99008244	0.24489869	0.67391485	0.2052669	0.19059812	0.7505401	0.27401832	0.7726379
51416	0.6963495	0.41269973	0.42236865	0.34776238	0.8842729	0.7943235	0.3288721	0.46031672	1.0095139	0.6675255	0.23441003	0.77568233	0.52086914	1.0112625	0.27126905	0.488288	0.7804296	0.26124927	0.6929443	0.83025223	0.7769572
51435	1.107213	0.25989166	0.30541575	0.2298848	0.96755743	0.5051928	0.6200468	0.28216273	0.9798603	0.66224355	0.20256728	0.8850531	0.35702038	0.8851549	0.44290915	0.5032496	0.50176185	0.44637802	0.67267936	0.7587468	0.720968
51436	0.26711586	0.27361718	0.7754797	0.46483096	0.32675883	0.46097463	0.36858338	0.2418837	0.66526246	0.7062448	0.3327305	0.27780768	0.24984632	0.73520356	0.56626654	0.44318596	0.38456434	0.23187283	0.60040486	0.6564691	0.65275955
51441	0.27894446	0.72159106	0.9242956	0.28936625	0.8679798	0.34862736	0.2393383	0.91148096	0.4146446	0.7281615	0.34175816	0.11134799	0.5643943	0.7548356	0.28611997	0.7063155	0.3295613	0.18380764	0.38753662	0.5665322	0.33976626
51442	0.26015952	0.73277164	0.9902896	0.6999175	0.21600828	0.43137896	0.2607597	0.9256473	0.4099637	0.81832594	0.60579824	0.19014442	0.73845124	0.5888051	0.3306905	0.66160357	0.26161364	0.18470706	0.6691235	0.2256799	0.39469582
51445	0.26379743	0.9675013	1.0621084	0.7228847	0.2010944	0.3551468	0.2701616	1.0901375	0.37711307	0.80802035	0.73200685	0.32003975	0.90149933	0.31146428	0.2789361	0.634101	0.2442927	0.19251254	0.51459837	0.1960084	0.35541052
51454	0.27593997	0.39272937	0.59700257	0.66744304	0.22670865	0.40903568	0.2625032	1.0532329	0.38769045	0.7805958	0.6781006	0.34013802	0.6985647	0.37560853	0.26402667	0.68445325	0.24928239	0.19877794	0.6000115	0.30798727	0.32860732
51458	0.44929144	0.37357128	0.60022247	0.27019605	0.93859524	0.8516755	0.31979856	0.9244416	0.8433761	0.723888	0.37413988	0.56880987	0.6494868	0.80692637	0.27115053	0.50231415	0.69005615	0.24315453	0.5935024	1.0389689	0.720629
51465	1.0814832	0.24943052	0.2852117	0.22770521	0.96766967	0.6169114	0.76868594	0.561201	0.9734937	0.5157221	0.1708844	0.8928022	0.3129021	0.8943005	0.27428097	0.44320488	0.5038927	0.63891566	0.74040085	0.67491156	0.80758715
51472	0.29198846	0.401043	0.8122922	0.8773923	0.6077457	0.75278336	0.27827746	1.1088667	0.41126427	0.7895229	0.6690514	0.4620396	0.7300902	0.3881976	0.26691923	0.6301595	0.27201042	0.20849346	0.6768145	0.3246668	0.47348505
51474	0.9862172	0.37765753	0.37277564	0.21863854	0.9504231	0.9210266	0.3773902	0.26721638	0.8157184	0.6678767	0.35808584	0.53705454	0.22012912	0.96812415	0.32657978	0.54543626	0.34518337	0.24340332	0.72345096	0.73909056	0.50186163
51479	0.34274182	0.30515057	0.7366513	0.6371539	0.9131101	0.4680724	0.19638957	0.7063336	0.50491047	0.7287281	0.35440215	0.6789841	0.47066012	0.63699377	0.34718353	0.6862335	0.24563435	0.19097906	0.60898477	0.53337026	0.66770446
51484	0.65640545	0.35148203	0.60493463	0.39092088	0.7621138	0.66920316	0.3005624	0.34088054	0.88049394	0.70702803	0.30741853	0.7344545	0.3137965	0.85464746	0.2915029	0.55038553	0.4095811	0.23218963	0.7047933	0.4946185	0.55989516
51487	0.374064	0.56186825	0.71867657	0.57644475	0.793432	0.53820693	0.52754205	0.51788074	0.59728724	0.725364	0.4132303	0.5449982	0.49756005	0.5009507	0.357835	0.4432127	0.52661455	0.28360906	0.62900466	0.89681005	0.6458397
51503	0.5156543	0.3897591	0.36338997	0.30953965	0.93979406	0.526833	0.32798156	0.3603509	0.74457276	0.6591756	0.29492125	0.37561575	0.2558556	0.891086	0.3802389	0.4835165	0.67830724	0.47879872	0.6079384	0.79842716	0.4730779
51515	0.5890562	0.30621737	0.31701076	0.9158671	0.24010992	0.88523763	0.29293668	0.2897162	0.7788512	0.70314044	0.25989816	0.8359087	0.27420154	1.0258766	0.28845733	0.6004027	0.2302301	0.25105512	0.74077106	0.2593569	0.86734706
51524	0.4375162	0.35661697	0.42450038	0.9021107	0.93009526	0.517614	0.26870373	0.24893326	0.97243	0.77821046	0.31114116	0.72083706	0.24432187	1.0136487	0.266571	0.63180393	0.22997025	0.26717058	0.6326589	0.51544774	0.7685221
51530	0.32691544	0.3167153	0.43128338	0.67763835	0.22278038	0.47589582	0.29308137	0.45447022	0.85943097	0.6575377	0.3760965	0.7430347	0.5563226	0.8592879	0.26433063	0.6788509	0.3421202	0.1931027	0.69507545	0.35643443	0.5384257
51531	0.2670388	0.7479611	0.75440305	0.71003485	0.32425362	0.63401747	0.26740372	0.62595284	0.85303867	0.6931501	0.5567908	0.266441	0.64138234	0.8960045	0.31513286	0.6034684	0.4306483	0.22102524	0.65728915	0.21157165	0.526666
51534	0.34207776	0.47964466	0.5826094	0.79898626	0.29258293	0.5608029	0.34921205	0.37891647	0.89370084	0.6612463	0.56503546	0.19002382	0.37728158	1.0313808	0.28848147	0.61732435	0.29299313	0.2265895	0.5935585	0.24286288	0.47357637
51539	0.2714381	0.949462	1.0267276	0.5985674	0.2601145	0.3885879	0.27054125	1.0463384	0.3684247	0.8166578	0.4528548	0.16360806	0.76436144	0.33467388	0.3108112	0.652585	0.28718424	0.20180336	0.4574745	0.6270412	0.34995264
51541	0.42745376	0.37765145	0.4660683	0.9998177	0.21970941	0.8651578	0.31357878	0.83852905	0.89085793	0.6912037	0.8351113	0.7715747	0.7765409	0.77832085	0.3083641	0.64626855	0.20602721	0.17769277	0.6165713	0.26130652	0.7707303
51556	0.26422045	0.85767376	0.84104776	0.72424704	0.42726216	0.3671873	0.2544317	1.0618829	0.37677282	0.72626114	0.6492801	0.32071906	0.8392733	0.35801005	0.27708846	0.6549298	0.35524032	0.18370873	0.6379053	0.2582123	0.4531708
51562	0.26545128	0.8774562	0.9601931	0.49261078	0.41643354	0.41336644	0.2998046	0.9008639	0.43678504	0.7393552	0.46666494	0.2905695	0.54132223	0.4030724	0.36710113	0.6722898	0.35893008	0.18475683	0.6824957	0.281001	0.45094734
51575	0.26918593	0.27814287	0.72799027	0.7891102	0.3666927	0.7997019	0.49771464	1.0651313	0.71498066	0.76500297	0.9874409	0.8588348	0.4405959	0.6349947	0.5010896	0.65540123	0.220426	0.15862368	0.78600544	0.23201579	0.9430841
51577	0.83063513	0.28917235	0.78916496	1.0209262	0.21493842	0.97318184	0.25902942	1.0991654	0.43020728	0.7683868	0.8349151	0.8325232	0.25370595	0.5164449	0.27086076	0.7468629	0.18017206	0.17757893	0.7001692	0.2325246	0.47817826
51591	0.47394642	0.33997473	0.5359973	1.0498012	0.19970965	0.90339476	0.28990147	0.32938713	1.0264148	0.69922674	0.7041069	0.48891127	0.3266562	1.0263897	0.31706816	0.6385953	0.3019779	0.19234039	0.70685	0.28321138	0.4828381
51592	0.7815122	0.35539213	0.3195844	1.0072076	0.21883722	0.7809546	0.27489898	1.0011721	0.82480884	0.59653133	0.74426866	0.35097396	0.33424523	0.96297926	0.32030424	0.6875256	0.24774423	0.18104206	0.7054873	0.2255978	0.45287678
51593	0.28804505	0.7790477	0.879834	0.887301	0.2652594	0.48514742	0.35610545	0.89764726	0.7125409	0.746178	0.73168933	0.586898	0.76810706	0.73802084	0.275969	0.60023695	0.3346308	0.22010058	0.6914385	0.23229516	0.49921525
51595	0.58174837	0.43947878	0.86562496	1.0091348	0.20003921	0.81354064	0.26470083	1.088925	0.44298398	0.76218385	0.8193606	0.57817894	0.44626442	0.6766749	0.26599127	0.7486551	0.20306778	0.18350936	0.68025565	0.22878379	0.45399076
51597	0.58234936	0.37879464	0.5583774	0.87977296	0.21350834	0.77393895	0.36106342	0.52227265	0.9655227	0.6978545	0.7904846	0.52519757	0.31958836	0.9744465	0.30250734	0.6142364	0.2822608	0.21525052	0.6487122	0.30015284	0.5755054
51598	0.45995772	0.4208106	0.5494264	0.9533787	0.37117177	0.6170423	0.30142692	0.46428394	0.86839694	0.6008674	0.77241546	0.42494032	0.277062	0.86009926	0.58537143	0.6122909	0.2461116	0.19674087	0.65879166	0.34379613	0.51074535
51607	0.2674911	0.3217809	0.8341268	1.0268221	0.23548749	0.9582806	0.2648843	1.093922	0.43051866	0.8140605	0.7382263	0.34619072	0.51360923	0.6223599	0.24317147	0.724103	0.19740307	0.17377175	0.6943795	0.24324691	0.62624294
51611	0.3844295	0.28985554	0.6054733	0.7827112	0.26530564	0.9108939	0.27306026	1.029079	0.4194051	0.7943256	0.7779688	0.6252852	0.53608763	0.6069429	0.364305	0.5999961	0.1958293	0.20648631	0.6470583	0.35488206	0.7938514
51613	0.28874862	0.32166082	0.5853329	0.9776702	0.26570964	0.9691527	0.2664458	1.0833076	0.5443801	0.6923744	0.7867933	0.9068901	0.7228305	0.51635873	0.23948832	0.7191047	0.20456347	0.2026969	0.7422578	0.2352475	0.87007326
51624	0.34575558	0.75034326	0.8160706	0.97928095	0.28446162	0.5753971	0.30083102	0.9885307	0.4239493	0.7838613	0.7806353	0.48622805	0.8464513	0.39556575	0.2537729	0.6428367	0.24941444	0.21359126	0.7004661	0.26921654	0.45207742
51626	0.26343864	0.4444475	0.44974908	0.9147698	0.22222053	0.47932863	0.27927294	0.32369754	0.8833364	0.67758685	0.45804295	0.46946028	0.31780142	0.95344496	0.38788593	0.5792457	0.30460405	0.2198154	0.69830316	0.2886671	0.5483658
51632	0.45813724	0.37800193	0.5983035	0.9885788	0.21661483	0.9422081	0.25210136	1.1416401	0.43069172	0.7347363	0.79926276	0.35726023	0.35476795	0.8755115	0.24156152	0.73380166	0.17776474	0.18140067	0.70169616	0.23539615	0.4483819
51635	0.8100402	0.41778782	0.5148406	1.0097554	0.223786	0.8139165	0.30636424	1.0509475	0.594814	0.6874587	0.7993813	0.59238064	0.4298718	0.9739179	0.25023857	0.638445	0.2552445	0.19847086	0.71445066	0.21865132	0.40990832
51639	0.3607633	0.40742356	0.5583404	1.085071	0.21809116	0.6397547	0.33406353	0.94932616	0.9209542	0.69869035	0.79194885	0.39604986	0.5343272	0.85100603	0.2662267	0.66854674	0.22395292	0.1839357	0.6605972	0.24106625	0.43888548
51652	0.29307368	0.3529785	0.7864303	0.9659241	0.2200976	0.982828	0.26767176	1.1330457	0.46036974	0.8263421	0.8377533	0.34868258	0.62736386	0.62698567	0.24351694	0.73483133	0.1851477	0.17836614	0.73791176	0.24453709	0.5851979
51653	0.29291505	0.3244815	0.86971986	0.88879144	0.36914754	0.9416913	0.4783569	1.0631703	0.90912783	0.837191	0.9673922	0.8600521	0.5039052	0.7643763	0.43114978	0.6812992	0.21786201	0.17580634	0.81218433	0.25145587	0.9134597
51670	0.33982724	0.51522934	0.9155635	1.0447416	0.202909	0.96197	0.27299577	1.1253897	0.43176007	0.8211401	0.8705775	0.30179566	0.555504	0.5781611	0.26258832	0.7429322	0.18979058	0.18077745	0.68092227	0.24254501	0.46024343
51674	0.2674911	0.3217809	0.8341268	1.0268221	0.23548749	0.9582806	0.2648843	1.093922	0.43051866	0.8140605	0.7382263	0.34619072	0.51360923	0.6223599	0.24317147	0.724103	0.19740307	0.17377175	0.6943795	0.24324691	0.62624294
51687	0.30812722	0.3972332	0.78982633	0.86886555	0.47977537	0.49995267	0.24659775	0.73743564	0.50643444	0.6415986	0.6358191	0.6459299	0.62104976	0.7541286	0.28612384	0.6591004	0.24658692	0.17600842	0.61537576	0.2051875	0.49288124
51688	0.2505035	0.82123697	0.89348984	1.008874	0.22477746	0.5578063	0.2692568	1.0360457	0.85555685	0.70217806	0.7117689	0.31832847	0.8351925	0.5696266	0.27151188	0.6718997	0.278129	0.1980483	0.6971465	0.19767399	0.5338258
51694	0.6935283	0.23892514	0.22481418	0.32934734	0.3047965	0.637992	0.6655246	0.3649697	0.5464617	0.6309516	0.33185574	0.8469538	0.38445267	0.70455414	0.59011173	0.53690726	0.31645337	0.1853931	0.7570129	0.5677244	0.75940377
51705	0.25829333	0.40659738	0.8663531	1.0262548	0.21997888	0.8947475	0.25355366	1.0996736	0.42810497	0.7599791	0.76314896	0.41408187	0.5317359	0.46758047	0.24663438	0.689944	0.21762383	0.17158395	0.6954843	0.21963757	0.5690143
51708	0.37837282	0.41725942	0.51162934	1.0180941	0.20598198	0.7026211	0.23903196	0.43187088	0.9728211	0.70258135	0.7174335	0.743383	0.29862225	1.040098	0.25017634	0.65872574	0.26505798	0.1765126	0.690448	0.18728267	0.36956146
51710	0.25011414	0.37031615	0.9811198	0.8652638	0.2023287	0.87571204	0.23568673	1.0641903	0.42591304	0.80475414	0.72656715	0.32418683	0.52585596	0.4451075	0.26362285	0.72260267	0.200528	0.16434747	0.72054076	0.19261178	0.5870258
51713	0.292096	0.44602543	0.7458516	1.0559869	0.21173662	0.9005974	0.36523014	0.816216	0.8859506	0.7612271	0.8628974	0.7324356	0.7499724	0.944312	0.35219157	0.64538723	0.25128055	0.20604864	0.72158986	0.25856555	0.6019315
51720	0.29007882	0.36120373	0.57438964	1.0430598	0.19606046	0.89373255	0.28912488	1.1055185	0.57225335	0.71465147	0.83700657	0.7306075	0.6363375	0.6664607	0.29308802	0.703525	0.21992046	0.19335833	0.73352253	0.20685607	0.5302795
51730	0.5127242	0.34935585	0.5576283	0.80745596	0.34700984	0.84548837	0.34691098	0.81029296	0.46548378	0.7654719	0.54797024	0.4875316	0.4434945	0.5471592	0.3610946	0.5686527	0.32334125	0.24084228	0.73223114	0.30605736	0.5445649
51732	0.24504764	0.39572376	0.7523809	0.9769908	0.2100366	0.4375226	0.21411271	1.0704567	0.4682417	0.7059902	0.8768112	0.5530672	0.8217793	0.4754765	0.24300502	0.7346998	0.16728392	0.16876969	0.6536474	0.21603197	0.4741903
51738	0.27633268	0.3403914	0.85700816	0.90606153	0.26077583	0.4629478	0.24603613	0.66933984	0.73157996	0.8293384	0.66899043	0.888747	0.3429217	0.8587742	0.30455574	0.5779357	0.30604884	0.23267812	0.6266601	0.32139125	0.6584159
51751	0.2727023	0.2525728	0.8375779	1.0129006	0.2685917	0.9263933	0.26881108	0.3024644	0.9268217	0.7208018	0.9487049	0.9347912	0.24261503	1.0310657	0.31129754	0.69235474	0.22777382	0.19603428	0.7530389	0.23214543	0.6103704
51758	0.4558975	0.3521305	0.6661202	1.0420376	0.24196553	0.78042376	0.2499166	1.0596191	0.543403	0.6950008	0.7429357	0.37122107	0.60079926	0.7175208	0.32016215	0.6675856	0.22580203	0.16750726	0.62160826	0.37337762	0.5043558
51768	0.3290854	0.43454912	0.88960546	0.99739337	0.20486563	0.52471846	0.21284974	1.0690002	0.405502	0.7854872	0.8000305	0.5573862	0.7710271	0.36059475	0.24985416	0.7002321	0.23348925	0.15231203	0.60087913	0.2678271	0.56782913
51774	0.29346895	0.55804193	0.703653	0.3931728	0.35584402	0.6531544	0.30262348	1.0420495	0.44435498	0.8074879	0.84319395	0.3889405	0.7731392	0.430758	0.2696431	0.76004237	0.19639811	0.20119311	0.7157969	0.2605952	0.5283939
51775	0.3109669	0.26452678	0.6912026	0.9932891	0.28082207	0.8125971	0.36278963	0.92680264	0.55300415	0.7370077	0.4657794	0.8916206	0.69408494	0.5342331	0.40298203	0.69277567	0.2612086	0.17691532	0.7237728	0.22803408	0.9217009
51792	0.2988506	0.5100743	0.6437387	1.0405276	0.21948195	0.87346476	0.31953257	1.0565709	0.6382605	0.7580467	0.8654156	0.76703376	0.7599171	0.38781774	0.26091456	0.6482798	0.21759126	0.17499536	0.7143918	0.22269341	0.6299271
51795	0.633251	0.3699221	0.48831177	0.7320641	0.23247546	0.93901676	0.45537904	1.1055566	0.6403645	0.7816356	0.89139813	0.88959444	0.67573977	0.7496187	0.28819284	0.670324	0.21853563	0.19050325	0.76004046	0.24572879	0.7134283
51799	0.7366053	0.37498158	0.4614778	1.0576905	0.21427488	0.7984915	0.31885538	1.0094869	0.8364664	0.659428	0.7597372	0.85827225	0.38925892	0.9627417	0.3289519	0.6387397	0.25246498	0.18604757	0.6325453	0.22530565	0.41003066
51801	0.523088	0.52690065	0.4520102	0.9777918	0.24293467	0.64731157	0.42645505	1.0800343	0.5211206	0.7160979	0.6605852	0.4511308	0.73952836	0.49836302	0.28459564	0.68510264	0.28998852	0.19610794	0.67282885	0.28326407	0.5285685
51804	0.36260062	0.47135368	0.8064703	1.0524906	0.21108647	0.60993636	0.21527621	0.46144807	1.036098	0.74546075	0.77577645	0.8970736	0.43438286	0.99115855	0.27195063	0.67965776	0.22173247	0.18689479	0.6601018	0.18624899	0.46128762
51805	0.33645147	0.274068	0.8259502	0.26414445	0.47716415	0.7016417	0.47213838	0.40516764	0.745014	0.700123	0.3107228	0.66546834	0.3952666	0.7289596	0.54756004	0.54154396	0.2715269	0.2383171	0.6970349	0.88462	0.8421331
51807	0.40679324	0.35240448	0.7162982	0.9672385	0.21153739	0.8345583	0.31952062	0.44832957	1.0266111	0.77840906	0.72253627	0.8269533	0.44049957	1.0424083	0.24702258	0.63707596	0.24820149	0.25176927	0.73459655	0.22065605	0.4797458
51808	0.35075235	0.40470368	0.6488491	0.9873855	0.18408361	0.45982522	0.2617027	0.9279668	0.35566816	0.7214267	0.8770088	0.38708082	0.7578654	0.30144638	0.3013721	0.72791106	0.21784928	0.17989668	0.6214032	0.2383315	0.39519247
51821	0.28911006	0.41282067	0.8864645	1.0223857	0.24872154	0.9018549	0.29124126	0.8020769	0.70939004	0.79484713	0.8842019	0.6723592	0.5675643	0.7040959	0.34200612	0.6869398	0.21948123	0.16541466	0.74094343	0.26326495	0.550346
51826	0.78899205	0.3587629	0.36381376	0.94427186	0.34108996	0.940147	0.4184342	0.47350007	0.40211603	0.69825417	0.7150196	0.66504186	0.23155977	0.67605317	0.5509109	0.5502496	0.3061063	0.18142956	0.7454095	0.82815474	0.7301219
51835	0.53445274	0.4805737	0.40224797	0.36871555	0.8671416	0.83163124	0.3303002	0.36590502	1.0089447	0.6994283	0.36706713	0.7663063	0.36556587	1.0081676	0.27213168	0.43291587	0.69147146	0.446302	0.6937648	0.90208405	0.84976757
51837	0.9999313	0.25518104	0.31669042	0.24289176	0.97723997	0.79713726	0.64886844	0.44745523	0.99367046	0.633223	0.1741914	0.91152686	0.33363512	0.8117828	0.48350078	0.46326405	0.42226332	0.2766045	0.699418	0.7170823	0.84979624
51849	1.0393115	0.5184772	0.501606	0.21350774	0.6644098	0.73901784	0.35550165	1.0914761	0.33929574	0.7034235	0.30062547	0.7400187	0.5549974	0.3439711	0.24079414	0.60448027	0.5683895	0.3146948	0.64214665	0.6866895	0.7442357
51857	0.67299384	0.44068664	0.62446404	0.8855474	0.23980841	0.8105342	0.28674382	0.9292343	0.8516635	0.7210095	0.736023	0.34326375	0.44691727	0.99759144	0.274437	0.64446217	0.4357615	0.19896346	0.7130592	0.31674463	0.46737784
51866	0.8514193	0.37918904	0.57033455	1.0293261	0.2277689	0.6227059	0.38809335	0.62898976	0.4845873	0.73823225	0.6753789	0.7748112	0.56874985	0.47036925	0.54478747	0.6154556	0.25400054	0.17394428	0.664351	0.30420363	0.56651235
51881	0.8432049	0.2294464	0.42210355	0.33867267	0.94451547	0.75709355	0.6023812	1.0490233	0.4493998	0.7191183	0.22012843	0.85379833	0.5411666	0.4441319	0.3957159	0.569265	0.41234598	0.22311592	0.6939073	0.4978558	0.7776633
51882	0.58476186	0.45257163	0.48640162	0.24908659	0.84121686	0.6664496	0.33754212	0.36022872	0.93818027	0.6944287	0.26538396	0.32515198	0.31626493	0.91145754	0.28447512	0.5061385	0.6364509	0.2824104	0.6247914	0.7692713	0.64597267
51883	0.53109235	0.35073248	0.4012314	1.0161617	0.21447065	0.9543504	0.3371776	1.0663985	0.6843927	0.7641027	0.8903597	0.809786	0.69653565	0.8421246	0.30740926	0.6937403	0.18648523	0.16976622	0.75056446	0.25224695	0.6229435
51889	0.7806127	0.26642555	0.17999697	0.23027238	0.96559924	0.82535696	0.9780399	0.2921263	0.37624967	0.6257444	0.16538481	0.7670156	0.24957056	0.842514	0.94050914	0.4325265	0.46239546	0.20766844	0.749906	0.8410208	0.90011674
51896	0.31202728	0.65869975	0.9087189	0.91802967	0.22673419	0.52652335	0.2599877	1.0818689	0.4060767	0.78222674	0.7040046	0.61647755	0.86885554	0.31851384	0.27820265	0.68421084	0.30245143	0.2081356	0.66596675	0.38814303	0.6386544
51897	0.36000112	0.36314163	0.48265153	0.20569432	1.0111077	0.70216036	0.80987304	0.23851314	0.43784294	0.72289336	0.17575815	0.5514873	0.2503748	0.51054144	0.8327369	0.43541783	0.5939724	0.24493358	0.7436599	0.91286516	0.7393034
51901	0.4041602	0.6415645	0.704844	1.0709625	0.26437032	0.78265446	0.33784288	1.0103728	0.6123999	0.73498213	0.768369	0.38791674	0.4798247	0.54608643	0.29315186	0.70186394	0.3300988	0.1917326	0.70478505	0.30188435	0.5920535
51915	0.5770933	0.4056025	0.859904	0.2419346	0.9376561	0.5547838	0.29053977	0.43716273	0.8072964	0.7108097	0.2919822	0.53461236	0.4635527	0.7701899	0.34573942	0.6292202	0.29599896	0.19248435	0.5816448	0.50787365	0.37239972
51918	0.5722865	0.2654277	0.2912185	0.42502084	0.32342312	0.9112549	0.5176015	0.26012078	0.39796308	0.7612012	0.28636265	0.817433	0.20455238	0.8955564	0.87262917	0.47626793	0.2859115	0.18517408	0.7415206	0.8476999	0.9294405
51919	0.3958802	0.21721788	0.42735377	0.33194995	0.373888	0.7845038	0.37330994	0.31378472	0.5944371	0.66207933	0.36460555	0.75436896	0.2849144	0.95813805	0.82728744	0.5180852	0.27850845	0.18784246	0.7473043	0.6721751	0.81856936
51922	0.78501123	0.36064342	0.629313	1.0408887	0.22286856	0.9906584	0.28720796	1.1064309	0.71705663	0.7031338	0.8267675	0.7305401	0.47980675	0.96199024	0.26249558	0.7253707	0.18940222	0.17441319	0.7095176	0.24493104	0.47918373
51926	0.25806883	0.26202396	0.7769256	0.6573281	0.4036856	0.9590222	0.26690963	0.63939416	0.41926	0.8352952	0.9495321	0.9076189	0.28388038	0.5329599	0.28510597	0.64940786	0.19581926	0.15615505	0.7543166	0.22049028	1.0066984
51929	0.32905447	0.6461039	0.8003706	1.0166411	0.25171673	0.58468765	0.40073705	1.0622089	0.4367588	0.79468143	0.7797158	0.715408	0.86132973	0.3113805	0.26798153	0.6441389	0.30696	0.19344111	0.711824	0.2796498	0.6221135
51930	1.0194427	0.31124124	0.34535006	0.23822913	0.9378469	0.52506053	0.29205152	0.42745352	1.0234089	0.62143886	0.14836164	0.8981481	0.3827995	1.0126541	0.69927233	0.5361963	0.628449	0.3310954	0.6996844	0.60597306	0.79627365
51945	0.8943785	0.3823716	0.3912104	0.36513558	0.8414302	0.5121291	0.35242006	0.3470633	0.9459703	0.6309682	0.28124928	0.64674544	0.42369407	0.97545594	0.35391608	0.45837864	0.39112055	0.23257875	0.6337496	0.5991165	0.5960215
51946	0.34939206	0.38782293	0.6782642	0.23606604	0.98703384	0.7297461	0.35970417	0.6519649	0.93924415	0.7203467	0.30471352	0.5524807	0.45701826	0.841503	0.28910092	0.54808295	0.9198972	0.31266642	0.6691254	0.7706257	0.65602285
51949	0.61876994	0.32818902	0.47389543	0.25124	0.91296536	0.9322443	0.27045777	0.5387819	0.7523638	0.7336589	0.48960605	0.5829503	0.45359394	0.9657334	0.299948	0.6001786	0.5031607	0.25166532	0.73743314	0.6588498	0.815389
51953	0.45002535	0.27604204	0.28428218	0.9697163	0.68034196	0.89840955	0.36686403	0.41318902	0.4080911	0.66758007	0.49003503	0.87351483	0.45245156	0.9627353	0.713564	0.48667985	0.3391511	0.18046288	0.7126104	0.57121557	0.8707518
51957	0.28882363	0.39710176	0.48206902	0.9678383	0.34039938	0.87232816	0.26096502	0.28061464	0.9909396	0.7360136	0.45573828	0.7694913	0.56639546	1.004885	0.260862	0.46693888	0.49407816	0.40315688	0.7272749	0.2790376	0.9031548
51962	0.44951344	0.38709384	0.65698737	1.069953	0.20577897	0.9478028	0.28439334	0.50861365	0.9415624	0.74687684	0.8496177	0.7672433	0.79973215	0.88070923	0.27406088	0.66502005	0.2254194	0.17443058	0.6588996	0.23237935	0.5765342
51982	0.6364935	0.5169438	0.5889006	1.0002351	0.20955679	0.87979203	0.2499509	1.1119787	0.4232167	0.7398194	0.79838264	0.36072654	0.5472236	0.37536058	0.2502009	0.74034	0.2509433	0.17548297	0.713561	0.2872247	0.52055615
51992	0.7536575	0.38900307	0.2682935	0.46524632	0.30574557	0.55399287	0.5588031	0.53847927	0.91674286	0.74321705	0.7360417	0.813128	0.27590072	0.9212793	0.4589652	0.63542527	0.22229758	0.21390311	0.65094507	0.5761698	0.4356424
51996	0.27428842	0.3566908	0.65498805	0.9856391	0.30287302	0.8732841	0.55231863	0.64463365	0.61156565	0.7516812	0.90668696	0.8322486	0.30096558	0.4883405	0.4890772	0.6253309	0.25179777	0.17531082	0.7532594	0.25248948	0.7950742
52004	0.76480126	0.45775682	0.46525133	0.82523644	0.24536404	0.61704504	0.69330394	0.7090529	0.7902396	0.6599051	0.76383024	0.5304259	0.43546093	0.8554162	0.33986688	0.68784726	0.2245481	0.20184751	0.6897498	0.28870663	0.42424163
52012	0.26922503	0.6970507	0.9744243	0.5091774	0.38938728	0.8125455	0.25978208	1.091856	0.4387073	0.8162137	0.80049586	0.31404287	0.68892723	0.44840166	0.26058954	0.72929436	0.19361147	0.18168306	0.6960709	0.36520478	0.5316704
52015	0.47104064	0.3119566	0.31592533	0.9723764	0.6301879	0.8225665	0.32749167	0.30167955	0.98481035	0.6120179	0.5306486	0.69930905	0.32453907	0.91940063	0.31393534	0.60643864	0.33820838	0.19941704	0.7193143	0.4658958	0.7722892
52018	0.70415336	0.27749756	0.25040904	0.5972781	0.501869	0.9844203	0.838749	0.3165767	0.40485528	0.6396743	0.24220316	0.69453186	0.22925137	0.44323242	0.8629668	0.49235058	0.37566236	0.19236754	0.7622304	0.8847187	0.9170416
52020	1.0603412	0.2666497	0.6321829	0.39611986	0.7522467	0.623585	0.3731811	0.48556018	0.56802756	0.6764008	0.18341924	0.6230471	0.26079285	0.72110456	0.576847	0.6100036	0.3064559	0.18351352	0.6414613	0.8187265	0.7841128
52029	0.5604062	0.4357269	0.86468077	0.98223174	0.20569979	0.96238023	0.24951197	1.1095462	0.673224	0.72966284	0.81448203	0.33078822	0.64672273	0.97047484	0.24906404	0.7127374	0.17839724	0.1645686	0.74161214	0.22076695	0.46495518
52036	0.48664984	0.34794217	0.34204218	0.40956217	0.953686	0.8735234	0.8922003	0.99802965	0.40623158	0.69910926	0.24990572	0.7502552	0.31055254	0.4069879	0.7021535	0.44729435	0.4984479	0.2610305	0.7145023	0.82607454	0.73248065
52045	0.90587837	0.33792263	0.36972278	0.66409034	0.50617594	0.85699505	0.60016775	1.0940633	0.39835942	0.6687252	0.3484038	0.734163	0.44004455	0.37660158	0.3513735	0.57987195	0.3031918	0.19540331	0.70820034	0.41999257	0.7813308
52046	1.018841	0.24795209	0.30732	0.22407135	0.99642575	0.8021229	0.6648827	1.0173079	0.5775588	0.6009803	0.14906271	0.9050074	0.41810483	0.67156726	0.47330362	0.49574482	0.37227392	0.22929117	0.7346518	0.5826672	0.90970874
52049	0.781721	0.25579917	0.33325016	0.2212831	0.9980073	0.6387982	0.7531629	0.2420085	0.40326855	0.63734585	0.17924389	0.67278045	0.22307085	0.5567474	0.8529626	0.45991933	0.43385825	0.19803235	0.72108793	0.8889648	0.7965941
52050	1.1208773	0.2405027	0.21415657	0.21185356	1.0272522	0.81198716	0.92343336	0.24914488	0.35597035	0.66250485	0.17402235	0.8029941	0.23802839	0.38904667	0.91486925	0.39297295	0.392289	0.21559042	0.7287954	0.9182457	0.9771276
52051	0.35235953	0.2832885	0.5746455	0.20936158	0.99726295	0.82098055	0.84638447	0.23631352	0.36394936	0.67157006	0.15127589	0.5614279	0.19332288	0.51430976	0.88307023	0.40448418	0.3143188	0.19848916	0.6984914	0.7658023	0.82639116
52064	0.80392	0.21470197	0.6301293	0.21645947	0.9917122	0.6848949	0.90729874	0.25835383	0.3486286	0.68439215	0.15800071	0.39170346	0.25155306	0.43808475	0.81258464	0.46649355	0.3244767	0.19692872	0.6413663	0.9149056	0.93916935
52077	0.41738912	0.33605942	0.29209244	0.21173947	1.0204923	0.7412726	0.906058	0.25011626	0.37626114	0.6813339	0.2295744	0.7454465	0.28373203	0.4886176	0.8169668	0.45492578	0.39424202	0.2201549	0.73975545	0.8487085	0.8443485
52079	0.6984072	0.2896409	0.51445585	0.22668812	0.9774064	0.87220514	0.28575665	0.6719179	0.9182005	0.72278196	0.26236314	0.7852649	0.43619722	0.8950985	0.27081442	0.5227803	0.78087795	0.23308441	0.66252226	0.86542594	0.9681755
52087	0.50550336	0.50201565	0.7728335	0.22677436	0.98314834	0.91058576	0.6068406	0.92739487	0.42178112	0.73646206	0.34495983	0.6709159	0.56972545	0.5388776	0.36343628	0.5643691	0.7137939	0.26128525	0.6858072	0.9419761	0.75036186
52088	0.33407393	0.24610193	0.49561393	0.21942645	1.008073	0.6998801	0.8553651	0.27366337	0.3965572	0.74676126	0.20265028	0.5643666	0.22374634	0.5093298	0.8084668	0.39633346	0.36899894	0.22630206	0.6823156	0.79502296	0.78342927
52102	0.7765126	0.29599732	0.4724687	0.22561994	0.9065781	0.85396516	0.3051551	0.6556848	0.9220649	0.68138546	0.35802382	0.4108356	0.35893208	1.0001045	0.3079252	0.5232179	0.5115938	0.29815593	0.6667177	0.40292725	0.8826625
52116	0.30545613	0.87516946	0.7715036	0.27456623	0.8491771	0.508319	0.40334666	0.78200316	0.4629429	0.7529933	0.37393847	0.79259974	0.54909617	0.46185845	0.4266547	0.5394357	0.5396605	0.2743944	0.72117823	0.62638175	0.7104402
52118	0.51535314	0.26557297	0.6649884	0.21720268	0.9925761	0.7502432	0.6777424	0.24241206	0.40912265	0.7055738	0.19247152	0.6846888	0.21435405	0.4923125	0.76956666	0.42240465	0.33621547	0.22039251	0.6908581	0.83419037	0.84368557
52132	0.5806463	0.36298805	0.5097208	0.23800439	0.97678757	0.76698476	0.3411746	0.30919752	0.992223	0.7006819	0.2662987	0.5805028	0.26939744	0.9796575	0.29827556	0.54947114	0.58501804	0.284561	0.6740208	0.52170795	0.58435744
52138	0.8806091	0.30295932	0.5090264	0.21595359	0.9417695	0.8102894	0.49266738	0.25247833	0.94691944	0.6849334	0.36502418	0.62473273	0.32025683	0.9409325	0.60933864	0.54843795	0.5169268	0.25315055	0.662535	0.6993376	0.6569665
52149	0.80452806	0.3514392	0.5126152	0.21956539	0.97673464	0.7291336	0.9146888	0.24781573	0.36448845	0.69684356	0.19713008	0.45721084	0.23479892	0.42094964	0.89540017	0.42045993	0.37712163	0.19679257	0.6778076	0.8271192	0.7584346
52157	0.6928337	0.3275512	0.34401998	0.22425178	0.97837234	0.5202741	0.8280091	0.24018341	0.4756655	0.6236872	0.23138787	0.6797621	0.27363876	0.73566353	0.7693773	0.4974413	0.5001438	0.26625365	0.7086647	0.8032459	0.6633403
52176	0.25625023	0.47570467	0.8290337	1.0079616	0.34229338	0.39078015	0.20419142	0.3859626	0.75121087	0.7063044	0.62527496	0.48732817	0.67503816	0.92588884	0.28230518	0.6639757	0.2884062	0.3655103	0.5848118	0.22911227	0.47609085
52184	0.5294915	0.41333857	0.55630964	0.21632887	0.9803573	0.87018406	0.27736416	0.37738624	0.97510004	0.74020743	0.39424887	0.72513694	0.46159768	0.9184378	0.28643534	0.660922	0.64839655	0.20535691	0.6935789	0.23812348	0.61016524
52196	0.41183114	0.51323056	0.74187887	0.22330174	0.9214121	0.7967419	0.2747463	0.30978218	0.9504341	0.68861055	0.25816345	0.39857748	0.30556178	0.92321414	0.3212153	0.5506939	0.4415854	0.19876844	0.6362179	0.8189376	0.630425
52197	0.6103328	0.4257101	0.5255815	0.23255369	0.9625816	0.8983556	0.35806373	0.7222763	0.9600793	0.7458671	0.45885423	0.5775124	0.46667606	0.92927635	0.296216	0.6202862	0.6484376	0.23055598	0.69472337	0.81199324	0.6581732
52198	1.0049039	0.22596692	0.30530402	0.22168808	0.99625206	0.7180699	0.7237798	0.40417656	1.0012027	0.60079896	0.19000818	0.90234363	0.31534138	0.92712826	0.62237865	0.4269398	0.38949275	0.21236426	0.775381	0.63950837	0.7309317
52202	0.8226016	0.26904926	0.3804483	0.22401062	0.99736464	0.88118523	0.31256083	0.3740268	0.98026514	0.6824963	0.2497965	0.8781858	0.30695802	0.9798953	0.27978855	0.49814057	0.7958174	0.2919286	0.6462686	0.9016251	0.89114946
52217	0.51708263	0.39291313	0.79740566	0.2560456	0.81113446	0.46731347	0.2514219	0.29216376	0.842942	0.7041846	0.27618998	0.1260995	0.22828354	0.79301137	0.3921666	0.5322833	0.3990672	0.24198538	0.61250764	0.7300081	0.5582951
52225	0.848184	0.2808889	0.6540455	0.22396228	0.9642198	0.94828004	0.30868635	0.7489665	0.89606977	0.76907974	0.29719588	0.75412977	0.40993816	0.8885166	0.3102112	0.49670476	0.50530064	0.21482788	0.6574733	0.64059925	0.94361037
52251	0.61668545	0.33468676	0.36806569	0.9590046	0.5831331	0.47668982	0.21677259	0.55220985	0.78851473	0.5910671	0.43696448	0.5201548	0.41320893	0.565578	0.3187136	0.64759296	0.32190943	0.16937518	0.63564235	0.44037104	0.51070285
52252	0.8540913	0.26567316	0.34263274	0.21967892	0.9922205	0.7254518	0.695855	0.24173999	0.47054446	0.65857136	0.21141292	0.9028439	0.26397616	0.60041744	0.8984809	0.4322361	0.43387106	0.25113356	0.72758305	0.8211423	0.90063846
52256	0.7001396	0.2856683	0.42732483	0.22405812	0.9846027	0.8618876	0.29340342	0.8109208	0.9078	0.73380786	0.23218147	0.8394403	0.36571255	0.9203284	0.26935828	0.502377	0.76809156	0.24438646	0.68908656	0.829371	0.9539756
52282	0.94672495	0.28970033	0.3430657	0.2127917	1.0084275	0.5841164	0.902976	0.23400137	0.45226252	0.65118474	0.13139008	0.74616796	0.19441329	0.5597702	0.9338739	0.3985071	0.39356402	0.20383321	0.70491326	0.75911266	0.8089736
52284	0.7528602	0.44869825	0.5787991	0.22808456	0.96376	0.9368402	0.3932444	1.0323136	0.85587364	0.7269077	0.4559762	0.45706	0.45211157	0.8370406	0.4142041	0.580066	0.46318293	0.2454324	0.6772267	0.8729873	0.79918635
52289	0.92171556	0.26299936	0.35372216	0.21038832	0.99598587	0.93009984	0.2677951	0.28198138	0.9545871	0.722013	0.2512006	0.65709424	0.23471035	0.9334337	0.29765287	0.47898465	0.7590451	0.30400413	0.70794755	0.7508563	0.9684443
52290	0.31472507	0.8998102	1.0146662	0.3780942	0.9193573	0.44008335	0.30015263	0.38929302	0.83197033	0.7755891	0.3364624	0.21028438	0.34420446	0.87799025	0.32054654	0.62958795	0.40058577	0.17959623	0.55142003	0.6663828	0.3715211
52305	0.7307619	0.41663545	0.75924873	0.2063064	0.9840281	0.7460827	0.41348624	0.8516687	0.45003718	0.71786433	0.2759805	0.73251766	0.39027134	0.88431823	0.27424943	0.5319469	0.73102707	0.35503393	0.7256894	0.7168232	0.7180147
52312	0.72233033	0.5338219	0.6455103	0.23041293	0.9592081	0.8284413	0.3877889	0.9965516	0.57552266	0.7383751	0.28177974	0.89459676	0.61355424	0.67555076	0.26798567	0.45031387	0.6693944	0.33775455	0.7420572	0.5190844	1.0178788
52316	1.0388916	0.25901002	0.262314	0.23322529	0.9491481	0.5527375	0.41276672	0.7448435	0.87560034	0.64263946	0.13350889	0.882309	0.46181515	0.6944504	0.43089297	0.5456107	0.67071235	0.37599126	0.61598307	0.93482465	0.7951033
52323	1.0979337	0.23447917	0.22791588	0.21349901	1.0112138	0.57922864	0.41578865	0.8638509	0.40082896	0.6980701	0.1924865	0.9021959	0.4202016	0.48874646	0.5865433	0.4808691	0.51655096	0.33245292	0.6292931	0.9311199	0.8335373
52327	0.84367037	0.40867224	0.6337113	0.24993241	0.935268	0.51610243	0.41123092	0.61228836	0.60978675	0.674231	0.2495028	0.7204527	0.38059866	0.7515541	0.3366174	0.5566752	0.6201036	0.26376697	0.6227757	0.9141698	0.6510131
52330	0.33395654	0.31307834	0.43072295	0.81720805	0.26228896	0.94478786	0.45743015	1.1105231	0.8922692	0.7779804	0.8861654	0.8108434	0.56039244	0.48122126	0.2917037	0.6540265	0.26721662	0.19238521	0.7383905	0.2816022	0.90583134
52337	0.69715273	0.26882905	0.7581207	1.0043162	0.9385312	0.46139914	0.30842617	1.0784931	0.4413232	0.7484909	0.20988029	0.50454247	0.80792373	0.51149374	0.2558816	0.62375456	0.6180683	0.23405322	0.58190477	0.6343295	0.6128658
52338	0.9013886	0.2830588	0.47384268	0.23615235	0.9283652	0.4741453	0.3950826	0.83270794	0.74272513	0.6499604	0.22940175	0.89041847	0.46539634	0.68543816	0.2528442	0.4321744	0.76758426	0.46839708	0.638448	0.79180586	0.79002213
52339	0.45050755	0.31853136	0.42653754	0.37564856	0.83777726	0.81457776	0.32691735	1.0364555	0.4009713	0.71343017	0.40618226	0.771056	0.42980203	0.5975114	0.29531872	0.5435841	0.26683742	0.2867894	0.6450852	0.43345162	0.69851005
52341	0.30376685	0.4670217	0.6778612	0.21400039	1.0079831	0.8898055	0.29692742	0.33014292	0.8892045	0.748138	0.31202933	0.39719445	0.4148164	0.88460463	0.33706188	0.48234648	0.59646004	0.24994373	0.68530786	0.9666772	0.7570298
52343	0.45577016	0.46317065	0.748032	0.22446284	0.95241874	0.53257704	0.35581464	0.66650563	0.5387299	0.76343495	0.36073223	0.5311206	0.5707991	0.5876681	0.3261744	0.5672897	0.6340432	0.2824331	0.6336416	0.8597316	0.5715411
52347	1.0270817	0.3392161	0.4344191	0.19727246	0.99371314	0.8382549	0.26658982	1.0837253	0.42068937	0.6131016	0.2679895	0.54266065	0.3426958	0.9216762	0.26311347	0.6239629	0.7511877	0.3366396	0.73025095	0.7671102	0.7385818
52356	0.2905743	0.27725375	0.7545598	0.3495394	0.9459441	0.5200337	0.2563511	1.0183114	0.43303496	0.74156964	0.30978644	0.21081053	0.5002787	0.7279365	0.26964343	0.6170169	0.46786082	0.25114396	0.61485606	0.555358	0.6376903
52365	1.109894	0.23013379	0.27014923	0.22999856	0.9149763	0.48027182	0.40258437	0.81475157	0.37138987	0.6009332	0.16850859	0.9072946	0.3964435	0.4235555	0.41019067	0.5014907	0.58236825	0.7353876	0.65833026	0.6988724	0.6192386
52368	0.26791137	0.552826	0.91096914	0.68758523	0.7427035	0.53129923	0.25087816	1.0438366	0.39130992	0.7444416	0.29200765	0.22140755	0.87325674	0.34251675	0.24386238	0.65593094	0.38200516	0.17348291	0.58124447	0.69135123	0.41748598
52369	0.37944618	0.3141572	0.39045587	0.2050888	0.9025594	0.7439166	0.35915756	0.9778721	0.39637265	0.715542	0.23779084	0.9268598	0.40602827	0.6602388	0.23485096	0.5334325	0.71787894	0.3694669	0.7065088	0.7272101	0.8695787
52371	0.29313192	0.64626634	0.9016826	0.27905652	0.9248271	0.78591704	0.33690846	0.7673275	0.45095283	0.84311825	0.40223467	0.8743548	0.3225276	0.53618795	0.51514876	0.6307807	0.40136594	0.19092266	0.6831572	0.7158562	0.4986444
52373	0.6747552	0.39947733	0.6451095	0.23244703	0.93668145	0.8677218	0.26374555	1.0651246	0.46683222	0.7404885	0.51174086	0.50611013	0.4434359	0.47591174	0.26205048	0.67782456	0.40538305	0.21193749	0.72125816	0.67722446	0.6851947
52374	0.45504797	0.54475576	0.58879	0.36571026	0.84984297	0.74329126	0.44404826	0.96076435	0.37717974	0.7111442	0.30985165	0.6389462	0.54798996	0.5493808	0.28252646	0.48180062	0.76374465	0.36513716	0.6657081	0.719661	0.71204126
52378	1.1110566	0.2710219	0.282114	0.21205297	0.9799874	0.48739183	0.52848995	1.0010937	0.38571256	0.5840922	0.20177115	0.8648772	0.48807147	0.49375528	0.2939434	0.5507441	0.7574544	0.3842332	0.6744914	0.71681833	0.77112925
52396	0.85803723	0.27538732	0.53648466	0.2064636	0.9789034	0.79807174	0.41251236	1.0196679	0.5328797	0.6723379	0.30160803	0.7976157	0.46195754	0.80561703	0.33111942	0.59394044	0.8361734	0.3561643	0.73077494	0.82003313	0.7719469
52398	1.112696	0.2424802	0.3525444	0.21877876	0.9662686	0.398968	0.70347446	0.8355902	0.39364806	0.7199993	0.18717763	0.60212797	0.3650275	0.44086924	0.32291925	0.55702746	0.49907267	0.50394976	0.5845783	0.79937947	0.71221
52420	0.52799076	0.2581383	0.63676727	0.90035725	0.21294472	0.62404597	0.33669397	0.24857178	1.0134013	0.7724311	0.7568311	0.79995346	0.24249662	1.0207962	0.28969684	0.6888586	0.22030506	0.18406735	0.71242505	0.25862357	0.48091567
52428	0.99779874	0.3161991	0.32457474	0.26966432	0.95955783	0.81560093	0.46526736	0.32849598	0.98365843	0.64577717	0.22432257	0.8219735	0.2985025	0.87121147	0.32138202	0.43196225	0.6212015	0.35016295	0.6050785	0.8355958	0.80153364
52434	0.28414568	0.29807323	0.6993256	0.94644874	0.23518103	0.84820837	0.2743472	0.99891096	0.51069957	0.77596587	0.89776784	0.40567115	0.7107144	0.44961697	0.25242463	0.7133158	0.21170148	0.1756446	0.7017767	0.2666363	0.7668398
52441	0.7598043	0.2998671	0.38971886	0.9374363	0.24788976	0.5472481	0.44130093	0.29568523	0.994357	0.6787333	0.7077693	0.81788284	0.29182884	0.9355452	0.2921569	0.6384962	0.24109468	0.19831742	0.66782695	0.27394626	0.5357233
52444	0.6989002	0.34305412	0.33367056	1.0042051	0.2545662	0.7833398	0.28974128	0.34521177	0.9941797	0.64045715	0.4604555	0.7032323	0.51482695	0.9739178	0.2908731	0.59403247	0.57630527	0.18770906	0.69344187	0.33605024	0.6440228
52448	1.0748245	0.29723424	0.24152777	0.9976691	0.23762971	0.546587	0.3089043	0.29264766	1.0084877	0.59533095	0.70287925	0.7438085	0.3171105	1.0332355	0.29335943	0.62579954	0.27329165	0.2052147	0.5736544	0.23756325	0.58908725
52451	0.5796022	0.34297687	0.5213994	0.3266321	0.7555637	0.76940316	0.30311	0.408706	0.73951787	0.638667	0.42514247	0.27926496	0.22746675	0.7769719	0.3551503	0.57407624	0.5866073	0.22522342	0.64446574	0.7026509	0.5729666
52452	0.5850099	0.53067935	0.63672173	0.3417305	0.92538446	0.45936853	0.2860116	0.38957652	0.760323	0.63629043	0.32055163	0.71228653	0.52669144	0.99674755	0.29711136	0.62476313	0.45665148	0.22488108	0.6736798	0.5453627	0.38578698
52458	0.4053492	0.37348694	0.47686368	1.0393496	0.24592227	0.9393588	0.3046644	1.0441121	0.779796	0.7340542	0.8318925	0.5490998	0.5015917	0.92912513	0.29600516	0.70555407	0.2584455	0.16580993	0.7075136	0.23979586	0.57956016
52467	0.8740585	0.3792795	0.50210565	1.0271325	0.21453486	0.89002	0.3480013	0.7006871	0.57420707	0.6600009	0.685199	0.5036599	0.28927603	0.9889932	0.32683972	0.6036649	0.33668593	0.27289408	0.68713903	0.36105442	0.4093204
52472	0.6784167	0.44095105	0.5365753	0.9784694	0.21535325	0.58827096	0.35716048	0.6154948	0.54854697	0.7253882	0.73952806	0.19893913	0.6815742	0.76515454	0.27838343	0.6733894	0.2165997	0.19014542	0.66196805	0.2536847	0.47112715
52487	0.27366754	0.27426416	0.8849508	0.8690627	0.21532573	0.59784937	0.27140838	0.29854026	0.980409	0.7677031	0.8871963	0.619821	0.5703637	1.0376441	0.26211432	0.6622564	0.20758235	0.1781362	0.7006836	0.2557756	0.46815196
52488	0.6209708	0.47038078	0.63259864	0.26550195	0.9904331	0.6197252	0.38911244	0.40771177	1.0069163	0.646583	0.3368514	0.770759	0.5808231	0.9974875	0.25821266	0.57613117	0.8359194	0.24518076	0.68471646	0.73862815	0.5527651
52501	0.7790339	0.33300418	0.25644186	0.9754721	0.21543398	0.87801874	0.80898464	0.25785375	1.0002897	0.70752615	0.86382	0.8692155	0.26353103	0.844157	0.30510962	0.5334103	0.34923884	0.18657804	0.69995576	0.27003002	0.6820457
52502	0.29321906	0.30073756	0.4765628	1.0098958	0.28500044	0.8501327	0.3454549	0.5167267	0.85984695	0.7160436	0.8427284	0.80901736	0.34332573	0.59645844	0.43075773	0.62916225	0.27997643	0.1651211	0.7672925	0.25643772	0.66502184
52520	0.9593443	0.39833808	0.4868747	1.0111531	0.20442452	0.47230554	0.7899664	0.54612684	0.39424074	0.55190086	0.81400824	0.3685556	0.2612265	0.71283185	0.34108305	0.6841296	0.25487864	0.20011668	0.62461907	0.22892454	0.34151524
52521	0.983924	0.3385406	0.2692819	1.0320767	0.18855835	0.60847783	0.22922628	0.584002	0.9524014	0.67633957	0.8066688	0.65965015	0.43023345	0.995861	0.26406124	0.66790354	0.3067655	0.20849143	0.6395886	0.22686306	0.45540154
52530	1.0271329	0.2923937	0.3411074	0.23864669	0.964144	0.84539557	0.25791177	0.44744796	0.974267	0.70640427	0.24644254	0.76116806	0.26728624	0.9376293	0.29072687	0.4759482	0.7230459	0.2260639	0.6555391	0.7399397	0.7472833
52533	0.6517437	0.25391874	0.72245455	0.96553755	0.57464427	0.6132215	0.31184122	0.2641104	1.0224165	0.59868306	0.16225947	0.69287854	0.21132018	0.99562126	0.33592376	0.7175205	0.2442007	0.45528662	0.6350101	0.77510697	0.5664687
52534	0.9060164	0.34087855	0.40413433	0.9703521	0.2165036	0.41986835	0.5590898	0.31983113	0.5758943	0.66796577	0.7744209	0.6815136	0.2979777	0.66283643	0.33309934	0.7034213	0.2741242	0.20611072	0.6018281	0.25919303	0.35859537
52541	0.55243737	0.32984743	0.44691002	1.0803628	0.19200034	0.8259144	0.21594039	0.31120378	0.745589	0.789119	0.8858885	0.8654288	0.57074094	0.85250235	0.2377462	0.72061104	0.17642304	0.1715817	0.6520319	0.21739778	0.50638527
52550	0.7593515	0.31269756	0.33128902	0.9089442	0.25016883	0.538923	0.37956727	0.62979037	1.014911	0.5819333	0.63480633	0.8272056	0.3235048	1.0012053	0.29618603	0.6448151	0.26131696	0.28889596	0.7102648	0.2325893	0.4891678
52551	0.76953894	0.39962977	0.4569	0.9276922	0.23958343	0.8895384	0.3612867	0.96500957	0.93904066	0.6926357	0.8470004	0.79981464	0.6398914	1.0099075	0.27717134	0.68516463	0.22550848	0.16076088	0.70122945	0.24162316	0.7638125
52558	0.5815172	0.38459438	0.65867114	1.0828172	0.18208821	0.539111	0.21040738	0.5979471	1.0128465	0.69270474	0.6977377	0.35470563	0.5049079	1.0024704	0.24870692	0.7004023	0.24632055	0.20734993	0.6219502	0.21848992	0.5623229
52562	0.6242034	0.2824788	0.47439986	1.0252422	0.21476373	0.450099	0.3628403	0.296382	0.9986671	0.6717756	0.90168077	0.8239221	0.2927877	0.93437076	0.2949655	0.68772733	0.21737257	0.1897198	0.6311221	0.22835082	0.46220225
52571	0.70382124	0.48351228	0.33985883	0.9755691	0.20861498	0.43018883	0.26259097	0.6573337	0.9502747	0.7337189	0.77159435	0.6131138	0.65823615	1.0348101	0.24535017	0.6292327	0.2376422	0.20099021	0.49749774	0.22553736	0.38131252
52578	0.7015718	0.36616218	0.7006569	0.987875	0.20780945	0.99181294	0.28456876	1.0632854	0.71258855	0.8085424	0.8403678	0.35425022	0.6200902	0.7912645	0.26090926	0.75846344	0.18055514	0.16637912	0.6771423	0.24983138	0.57663554
52579	0.88258725	0.2986779	0.44621682	0.90187114	0.24492508	0.9374567	0.48757696	1.0466166	0.8847168	0.77252483	0.7565259	0.8529826	0.38849342	0.46637654	0.31393486	0.6555144	0.23373657	0.19047457	0.7309423	0.25198618	0.95428956
52584	0.5417535	0.41056406	0.8203483	0.8277575	0.23050505	0.7112713	0.24657847	0.82258546	0.9348865	0.6929696	0.6951968	0.46442974	0.40078282	1.0060781	0.26499683	0.7524587	0.28188267	0.202138	0.7331999	0.23473516	0.6552892
52591	1.0226958	0.27345777	0.26955107	1.0528775	0.19559543	0.5832625	0.2537895	0.28397423	1.0005686	0.61072856	0.87988824	0.78791726	0.38450685	1.0242026	0.25715804	0.7059283	0.18606743	0.17842653	0.7057408	0.22403067	0.5442235
52593	0.45033228	0.35873997	0.8228763	0.2812982	0.97065586	0.88316554	0.25782654	1.1054488	0.37970176	0.7201676	0.5245726	0.61389375	0.7147908	0.38751203	0.27422452	0.6709879	0.4180999	0.1957109	0.7393734	0.71883804	0.71290636
52594	0.630236	0.33463046	0.44146144	0.98727524	0.20968862	0.89657545	0.42967445	1.1362054	0.8958611	0.77822167	0.990724	0.7746359	0.43626404	0.5157034	0.3089279	0.68017864	0.21356228	0.18857792	0.7249517	0.22860396	0.88560706
52596	1.0975639	0.32237506	0.21024475	0.79445547	0.71592814	0.4775796	0.2844367	0.30714685	1.0045038	0.6141346	0.4974157	0.82912093	0.6100055	1.0015838	0.27459422	0.6032848	0.40310204	0.20787151	0.6111694	0.30896586	0.4693062
52598	0.31304228	0.31744272	0.5545875	0.8725278	0.22218297	0.9425708	0.46402332	1.1249834	0.8448326	0.8423264	0.9712179	0.83835715	0.5381047	0.5399521	0.27078214	0.6905196	0.21488905	0.17392886	0.77937806	0.23786575	1.0012751
52614	0.9354517	0.352234	0.3137304	1.0139854	0.2241948	0.80638564	0.32400212	0.46646115	0.99258256	0.60968405	0.75667685	0.8304288	0.3635031	0.99521667	0.26667497	0.62264526	0.26591665	0.22337556	0.65178066	0.3015903	0.42595553
52625	0.80182254	0.41328686	0.8062305	0.21110918	0.9820342	0.6924726	0.32139865	0.32144356	1.0149733	0.66062784	0.18257312	0.6751047	0.2968117	1.0616564	0.289433	0.44922486	0.7881841	0.38705447	0.68112767	0.7927647	0.8842597
52626	0.40550086	0.37331682	0.65174836	0.8551803	0.40846145	0.8497451	0.3193388	0.45803282	0.7410417	0.7091081	0.6590366	0.81628805	0.38807762	1.0211729	0.3605008	0.50936353	0.33748356	0.2152889	0.7501492	0.41496453	0.81798905
52627	0.8440489	0.3009105	0.27210552	0.20972991	0.95630884	0.7068786	0.81573576	0.23458284	0.40268606	0.6763415	0.2066747	0.9481048	0.23237799	0.8666462	0.8187091	0.45820045	0.3899265	0.21891896	0.7666682	0.591364	0.95802647
52628	0.71469754	0.3467101	0.7116927	1.0151664	0.2106703	1.0103667	0.24919139	1.0908331	0.7130677	0.8155588	0.8108309	0.3102315	0.5000481	0.9308265	0.25115559	0.76215535	0.1691213	0.17520137	0.6719413	0.23553008	0.53596985
52633	0.44013807	0.29106387	0.6747138	1.0219027	0.30498588	0.45585132	0.3019733	0.43103352	0.5610509	0.73784316	0.5214471	0.54372454	0.5116032	0.85356885	0.28572696	0.6091468	0.26724035	0.17449501	0.6491621	0.2665581	0.39338097
52635	0.80236465	0.28711322	0.34919113	1.0663449	0.20500949	0.5291998	0.2844798	0.34219298	0.86977863	0.653506	0.89730674	0.82482463	0.42918447	0.91734296	0.26175326	0.7040488	0.19350019	0.17478217	0.6513126	0.23292539	0.6569834
52637	0.8278208	0.29565194	0.44877267	0.24881965	0.9862678	0.8443212	0.3088911	0.608878	0.9918258	0.65180826	0.3200877	0.77775526	0.48587874	0.9259431	0.3040361	0.5209093	0.7377072	0.3004026	0.67866164	0.88572186	0.7520624
52645	0.63900775	0.33307418	0.6093461	0.9576035	0.20040338	0.90840715	0.26948002	0.32520908	0.9364926	0.67684823	0.83574575	0.52586335	0.2760832	1.0392021	0.30134255	0.6425493	0.3029087	0.21404336	0.64165604	0.25003976	0.54597294
52648	0.46487767	0.41440788	0.76251125	0.9496258	0.22811317	0.9290352	0.36110023	0.7832246	0.9373694	0.6799354	0.79208386	0.52961636	0.5383865	0.99468094	0.29591283	0.5943309	0.3012609	0.21370065	0.67702734	0.29840407	0.62766105
52658	0.44346115	0.3577493	0.7413307	1.0046751	0.2071756	0.58279824	0.24544631	0.44869435	0.8662642	0.74753624	0.77222335	0.68140733	0.678648	1.0070932	0.2353913	0.72999954	0.27517742	0.1781966	0.639375	0.23950732	0.5359946
52667	0.31185254	0.87155277	0.7985403	1.0442024	0.23407337	0.63824826	0.3346769	1.0205251	0.74260616	0.7307018	0.8223761	0.45615467	0.79667485	0.82211286	0.38183376	0.586325	0.26037973	0.19270217	0.5811975	0.28656062	0.7229549
52679	0.4031319	0.47208902	0.6325147	1.007271	0.283111	0.4946388	0.2555188	0.88968927	0.6679009	0.74990517	0.4050514	0.72671187	0.6668923	0.9208299	0.27635378	0.6398049	0.34117147	0.21450326	0.674371	0.305643	0.43320993
52689	0.36929607	0.3598295	0.37899965	0.4959388	0.9573938	0.70597637	0.32400653	0.40298384	1.0060174	0.7432715	0.27123797	0.8146905	0.3774722	1.0006739	0.28825712	0.45318136	0.59007746	0.51864916	0.67377204	0.77560973	0.70831645
52703	0.36091018	0.2980384	0.84219605	0.8328491	0.44820866	0.9333331	0.4301309	1.0783993	0.76932347	0.887807	0.9842476	0.8408142	0.52629614	0.65257895	0.43459293	0.6911843	0.20620546	0.16816244	0.79018575	0.2385802	1.0094281
52704	0.3283083	0.4537595	0.4057203	0.58803827	0.8951194	0.8413897	0.40087175	0.8151934	0.7844628	0.69281316	0.36945692	0.82886446	0.57585	0.84065616	0.33861393	0.47777945	0.5663654	0.37987232	0.7107493	0.692218	0.85647744
52706	0.34915528	0.4767105	0.503193	0.93025845	0.4725821	0.8504867	0.34522784	1.0120422	0.9481639	0.7180889	0.75745976	0.3394439	0.6294825	0.9463545	0.3173861	0.669612	0.29053193	0.22317365	0.7097917	0.25846365	0.4598206
52709	0.6066605	0.3351202	0.36825228	0.24930191	0.8686841	0.46596944	0.42569128	0.96063864	0.95273465	0.55196035	0.47631016	0.7735735	0.30610222	1.0022366	0.26646447	0.49368805	0.30533308	0.28092343	0.60191	0.48255154	0.59232527
52716	0.36675486	0.40490353	0.6580252	0.95350933	0.21527024	0.69030046	0.2943852	0.6482358	0.9741409	0.706347	0.6928688	0.690869	0.69669884	1.0123405	0.25395036	0.67006093	0.32306752	0.20307496	0.6410405	0.20756336	0.44932818
52718	0.29506806	0.37875757	0.5217591	0.56481516	0.46129853	0.76715326	0.54110736	0.59467167	0.706719	0.6891555	0.42837858	0.78053784	0.52546084	0.77108365	0.39871112	0.49594218	0.46472916	0.27189925	0.7658314	0.66693574	0.8372119
52731	0.42892396	0.37517858	0.43955392	0.95880795	0.21848348	0.5633405	0.30062097	1.0738971	0.40243885	0.70002365	0.72302175	0.5592725	0.760421	0.45580623	0.26091692	0.6571072	0.301289	0.24106929	0.62293875	0.30968687	0.39384156
52732	0.29188585	0.31000867	0.8085016	1.0331731	0.2099771	1.0079495	0.31240362	1.0693189	0.8855948	0.83698195	0.9555108	0.760411	0.8494125	0.90213	0.2698449	0.6923525	0.17867965	0.16454501	0.7848323	0.23468512	0.9465553
52738	0.40627956	0.43748397	0.6814563	1.0040874	0.29120845	0.6839591	0.34704578	0.62949723	0.5485959	0.74222803	0.81343985	0.8039205	0.62951005	0.7568019	0.3321889	0.6819222	0.292773	0.18969634	0.7235366	0.22827414	0.58150834
52739	0.44347686	0.5982874	0.6401943	0.9326706	0.25419524	0.49277836	0.47414565	0.60915023	0.77414906	0.64619017	0.6047779	0.5985398	0.57961863	0.64142656	0.35534456	0.54082406	0.29724082	0.2037244	0.63269764	0.37059563	0.42452317
52742	0.31459737	0.29664603	0.3978978	1.0073084	0.33660516	0.91868895	0.36838844	0.80106944	0.9134216	0.71259147	0.43918145	0.8499457	0.7028219	0.6659479	0.39411628	0.6080812	0.22915655	0.17952861	0.7611447	0.24420038	0.99234873
52768	0.3096539	0.42722645	0.7725848	0.9801905	0.29446134	0.60977656	0.3274647	1.0453842	0.40908363	0.7425292	0.51750374	0.42991206	0.7593029	0.37294248	0.2698322	0.6448508	0.27848282	0.19064973	0.5944484	0.49762622	0.6306312
52777	0.31141958	0.39189535	0.5491157	0.8984212	0.34822652	0.84037673	0.32928148	1.0077454	0.6284844	0.6764053	0.5630408	0.6788975	0.50939757	0.79420537	0.3084888	0.661015	0.46206537	0.22886658	0.7449401	0.48562983	0.65388095
52778	0.27685097	0.27398232	0.41117495	0.57260036	0.72264177	0.76137996	0.516551	0.50375944	0.7173021	0.6133103	0.41612938	0.80004054	0.32224262	0.9582032	0.48162782	0.5040608	0.35885805	0.2181129	0.7487614	0.6369379	0.7923045
52782	1.001886	0.41119814	0.4029033	0.5436087	0.70878273	0.6383631	0.41052514	0.6941538	0.82506067	0.60648197	0.4319314	0.8165357	0.49409983	0.939284	0.31636104	0.647712	0.4309527	0.23018241	0.722959	0.46204078	0.6522593
52784	0.36508337	0.41805804	0.26920715	0.37510186	0.9275502	0.83630854	0.38746357	0.37141138	0.98783743	0.6762879	0.36401173	0.78496	0.43428388	0.8788394	0.3251708	0.47755164	0.7166377	0.34692082	0.7229979	0.8046301	0.7851625
52802	0.38461202	0.40009803	0.35022682	0.3613949	0.95702827	0.8505211	0.42424458	0.73824316	0.5897218	0.7154764	0.3777184	0.89644974	0.47991958	0.76552695	0.36553526	0.4851035	0.5749583	0.3287057	0.76524436	0.89818317	0.9412026
52821	0.9655954	0.29911253	0.29374722	0.46364456	0.65928304	0.55771124	0.3609939	0.41660562	0.9268666	0.6345725	0.58068186	0.8359776	0.53373206	1.0003954	0.32114214	0.575947	0.4551382	0.24396151	0.68648547	0.51339847	0.57080644
52822	0.31895697	0.3122793	0.27437267	0.32207468	0.74809146	0.80692935	0.71560276	0.28767172	0.5403459	0.6267977	0.34814218	0.8807263	0.3233871	0.8894481	0.7077081	0.52508855	0.34973732	0.1947258	0.7631002	0.5432516	0.835626
52823	0.29333827	0.2931851	0.6946837	0.9325772	0.38818872	0.82364184	0.7264636	0.9431123	0.8521756	0.7351173	0.7481594	0.8092069	0.31880394	0.9200862	0.69706774	0.61828953	0.31496143	0.19384794	0.7587186	0.307432	0.7526887
52826	0.45299682	0.36395434	0.46989447	0.6013942	0.78934693	0.80512035	0.3295363	1.0546799	0.39349946	0.7039993	0.43156263	0.611308	0.45576906	0.5571676	0.2657734	0.507447	0.55837286	0.3565308	0.68949527	0.65432763	0.6980722
52827	0.40317142	0.3619098	0.38441032	0.7002872	0.66736317	0.77938235	0.37288836	0.5651874	0.8013407	0.64957976	0.36669737	0.7891327	0.41924176	0.9541615	0.26851127	0.5403058	0.7511714	0.42651677	0.70093924	0.6316843	0.6747149
52828	0.28159946	0.42392915	0.7856233	0.3570244	0.49195427	0.6945444	0.3502828	0.383578	0.9164984	0.7269474	0.47824207	0.7397717	0.28426662	1.0124688	0.49405295	0.62939346	0.8506229	0.43866184	0.6859084	0.6729016	0.5961555
52829	0.31823418	0.2830356	0.38037354	0.8422401	0.7628099	0.5322133	0.26950854	1.0015435	0.4524774	0.64409024	0.1958897	0.6364457	0.604099	0.9793759	0.251375	0.59618294	0.3863352	0.23195943	0.5646434	0.8322189	0.5192799
52833	0.28431824	0.5004261	0.7301411	0.23500526	0.9278201	0.5229161	0.2822925	0.54578394	0.7513153	0.73110193	0.32577133	0.5604347	0.7262655	0.83933365	0.3601559	0.61260444	0.3968742	0.17999336	0.6649643	0.60044116	0.7197155
52857	0.29068974	0.37008217	0.8054013	0.3216304	0.8065371	0.48037326	0.3136832	0.43070185	0.6670482	0.7650442	0.36657715	0.72655964	0.6240312	0.4980492	0.31310436	0.61764777	0.2691563	0.18408152	0.6234079	0.3163139	0.41823247
52859	0.36330086	0.51241654	0.7187052	0.87217605	0.893128	0.879827	0.3406792	1.0326382	0.67589104	0.6938163	0.42732152	0.6027233	0.3673617	0.9501102	0.28370667	0.59967357	0.72581804	0.3138759	0.7576568	0.69873196	0.5981363
52860	0.41835862	0.39946035	0.5637273	0.70596087	0.8578707	0.67897713	0.31925917	0.44621587	1.0041308	0.65764576	0.49898532	0.5394746	0.3687458	1.0333153	0.28344736	0.46425715	0.5189445	0.5659285	0.62972075	0.7257011	0.46034288
52866	0.45498234	0.477673	0.6071736	0.34728727	0.9734945	0.7736885	0.35048684	0.50507283	1.0067157	0.69504803	0.3414934	0.68025434	0.33766153	1.0524435	0.3000904	0.48214954	0.82803535	0.4728097	0.6809498	0.62825394	0.7346109
52874	0.5917044	0.40191656	0.39318582	0.50291044	0.8676878	0.44041675	0.3703681	1.0123725	0.45718214	0.6721924	0.18940647	0.28906754	0.5193602	0.7000212	0.3129111	0.4953195	0.4135215	0.30049708	0.5647996	0.7385471	0.65653634
52895	0.29681364	0.36027187	0.40823606	1.060435	0.25241438	0.78836435	0.27076367	0.5639133	0.9961386	0.6521581	0.73943615	0.68293315	0.5700446	0.98200256	0.26175964	0.6790751	0.3307085	0.21515638	0.70825607	0.24068075	0.4644977
61003	0.6486127	0.29730916	0.3295751	0.5374722	0.22364819	0.6511121	0.31897545	0.30864882	1.0208942	0.63793594	0.5272509	0.694297	0.22719531	1.0358584	0.3143187	0.6742319	0.23893806	0.18137935	0.6704172	0.3119076	0.4187134
61018	1.1020448	0.20476748	0.2773581	0.22560433	0.9770429	0.62961704	0.8313693	0.3289998	0.96924585	0.5547241	0.14703977	0.89466643	0.27492508	0.98393494	0.2808091	0.44265532	0.519139	0.613136	0.7589862	0.8274632	0.88023293
61021	0.921439	0.36869287	0.5633931	0.20934491	0.9623078	0.8399691	0.4191638	0.96068025	0.68228585	0.60559404	0.39295134	0.53017414	0.30086905	0.9957083	0.28477374	0.5938339	0.5082471	0.26334098	0.66462743	0.82918215	0.52683425
61031	0.29432747	0.75813	0.7003066	0.9611018	0.30116317	0.82632494	0.42064628	0.5071975	0.9261071	0.6930239	0.69907457	0.6815026	0.5275874	0.9528677	0.35881943	0.53674567	0.38930735	0.25787172	0.75767356	0.2349576	0.5959137
61055	0.35433862	0.44491354	0.5702237	0.5989913	0.87435746	0.83216804	0.3462992	0.9081518	0.63383025	0.69287753	0.48020825	0.76978713	0.57851493	0.77711433	0.30413073	0.61443365	0.45135844	0.21994211	0.7300256	0.5334678	0.86932665
61071	0.4270025	0.40638274	0.66660863	0.92263246	0.24851704	0.7304089	0.34524563	0.6751441	0.9506381	0.72202426	0.57349753	0.664332	0.67052025	0.978977	0.29236582	0.5982683	0.41760105	0.27897677	0.7106975	0.284632	0.5096069
61094	0.29819682	0.29820114	0.7454767	0.7815058	0.22029257	0.9096312	0.2956413	0.83859384	0.80705047	0.7675166	0.7075934	0.62418854	0.5949986	0.76040024	0.3298372	0.6742231	0.20013905	0.17681757	0.64965653	0.23911911	0.7580732
61096	0.26721373	0.43173054	0.49951577	1.0122421	0.25379267	0.5865695	0.35063893	0.37961692	0.9960835	0.65804785	0.5732428	0.2589845	0.6546125	0.94279903	0.3018672	0.6061006	0.39142075	0.2415765	0.68641996	0.2439591	0.5113395
61097	0.29016075	0.33679822	0.7917326	1.0675186	0.1977915	0.906399	0.28051987	1.0195827	0.9003192	0.7104124	0.8343577	0.66237277	0.6827336	0.9427402	0.2595634	0.6572416	0.21399695	0.19227625	0.6938414	0.19282216	0.5721618
61098	0.45180938	0.34555668	0.63569134	0.9391371	0.7745119	0.7088299	0.34445655	0.7895312	0.42311296	0.6664297	0.60360473	0.55024046	0.4244102	0.7403443	0.304107	0.57914776	0.4506408	0.23374376	0.6817728	0.34532082	0.55341893
61099	1.1433343	0.22271891	0.27275124	0.30728036	0.92777354	0.5463583	0.7097219	0.61983293	0.5989592	0.59890425	0.2271518	0.78562176	0.40026954	0.65338093	0.7729611	0.6178113	0.424418	0.18617532	0.72217494	0.63499105	0.79799217
61101	0.2605325	0.7246126	0.6479993	0.69831395	0.2920677	0.43389916	0.2876541	1.0454321	0.758655	0.7250933	0.7116423	0.6362195	0.7128502	1.0056524	0.24954264	0.69344234	0.23202515	0.19389737	0.6870498	0.21038271	0.5507037
