text_id	suddenness	familiarity	predict_event	pleasantness	unpleasantness	goal_relevance	chance_responsblt	self_responsblt	other_responsblt	predict_conseq	goal_support	urgency	self_control	other_control	chance_control	accept_conseq	standards	social_norms	attention	not_consider	effort
21	0.73689234	0.5019895	0.41029888	0.9485585	0.5359662	0.49543002	0.30118713	0.4607531	1.0312417	0.55836564	0.4169679	0.46264744	0.63587606	0.7545	0.33514675	0.70872355	0.23799732	0.23409443	0.71117127	0.6072836	0.38335723
23	0.91634285	0.35743922	0.32306865	0.2980317	0.96520054	0.7737493	0.65418696	0.3870103	1.1301129	0.5264528	0.22981402	0.8360075	0.5644378	0.62578	0.3999376	0.40476882	0.45178705	0.71974087	0.9019209	0.4384378	0.7856603
26	0.85288745	0.71809465	0.5524292	0.3063237	1.0035981	0.57488817	0.34605837	0.32292995	1.2300723	0.58473295	0.2754498	0.63231266	0.40318716	0.92362183	0.327015	0.65418756	0.9033072	0.58821315	0.8686567	0.8215274	0.84250605
30	0.8147226	0.752614	0.5973435	0.31708732	0.4754336	0.6314255	0.29147255	0.3342954	1.1993675	0.56726193	0.22639026	0.6912657	0.48285475	0.9639839	0.30969664	0.63228923	0.8589244	1.0175207	0.82269955	0.4878631	0.7221777
39	0.5640179	0.745615	0.73422	0.3440412	0.9645347	0.75777197	0.31797826	0.23726091	1.2185874	0.6022336	0.2540137	0.28947175	0.40006688	0.90802187	0.41570702	0.38794568	0.77200454	0.6325719	0.7317213	0.77936864	0.76462626
47	0.9425921	0.43099517	0.31030858	0.30755198	0.9762788	0.5668037	0.35605717	0.244654	1.2196296	0.54826385	0.20579311	0.7193206	0.665183	0.89874315	0.32667443	0.69633466	0.6786497	0.75567394	0.8093233	0.5683455	0.7122307
60	0.5538227	0.6090323	0.52541566	0.3110931	0.9089297	0.6267706	0.5039508	0.40949646	0.821738	0.57092696	0.29592794	0.38569668	0.7974784	0.60822976	0.66548675	0.5511162	0.72184724	0.48595464	0.7417639	0.63002247	0.66076154
68	0.78602326	0.5989608	0.69883734	0.34151796	0.9457474	0.55010754	0.3316031	0.6494233	1.0656486	0.5776169	0.29150483	0.4700259	0.6908879	0.6790721	0.37952453	0.62767434	0.7693731	0.7056151	0.80035526	0.6956516	0.73581034
69	0.76679313	0.5495741	0.40817726	0.33075485	0.48527494	0.857696	0.27357483	0.48391888	1.2134879	0.6013449	0.5159026	0.6776322	0.34065607	0.99168235	0.35247493	0.7627244	0.7398318	0.34069383	0.8995873	0.38229918	0.61471796
71	0.34402877	0.68659693	0.86600906	0.37281048	0.878019	0.362125	0.29225278	0.6773948	0.82237065	0.5928161	0.5254355	0.13480493	0.53101426	0.6886871	0.36598492	0.74203986	0.3670664	0.26977178	0.5104016	0.57262754	0.36496246
74	0.8251011	0.50536025	0.43886483	0.3139277	0.8776766	0.67795426	0.51359785	0.24008575	0.98928624	0.5550756	0.34489205	0.3104294	0.24249586	0.7911897	1.024305	0.60241663	0.39963514	0.24482128	0.5730706	0.5518597	0.71526504
81	0.33726373	0.82832134	0.8421916	0.35562775	0.89912784	0.44047728	0.3190114	0.73587096	0.5693516	0.65025425	0.34581396	0.13028085	0.7480032	0.5372305	0.42193958	0.7751611	0.51546496	0.36488515	0.46500188	0.70463914	0.3471974
84	0.2841722	0.88426936	0.89671487	0.3461271	0.9693494	0.4861574	0.25329193	0.39544982	1.1064767	0.6269595	0.41189945	0.25236988	0.3285709	0.8614439	0.39481106	0.8123041	0.61976695	0.34314495	0.73401296	0.6825575	0.7160931
86	0.48761207	0.44124827	0.51259905	0.95079195	0.34008875	0.6921391	0.4158575	0.5604919	0.84158564	0.586415	0.6535339	0.63781154	0.51092196	0.6494739	0.38591954	0.75460106	0.2776825	0.28120762	0.7850953	0.28371504	0.5044955
89	0.6076568	0.3885316	0.6384127	0.78864366	0.43222123	0.9248797	0.23815033	0.56482434	0.9855452	0.65638196	0.7454577	0.57804996	0.81626123	0.79573673	0.38112134	0.8085561	0.2491714	0.22431988	0.80980253	0.4807756	0.67733634
90	0.78472453	0.49581754	0.40175152	0.30989617	1.0275263	0.88074374	0.28286624	0.28787106	1.2068403	0.54422957	0.28757626	0.5861363	0.5357361	0.92036706	0.3747684	0.5405353	0.56640166	0.46906567	0.8484187	0.84212387	0.68841594
93	0.7054918	0.6111365	0.5391736	0.29013947	0.9982504	0.5476677	0.30277938	0.30490866	1.1872159	0.5725882	0.28334054	0.5555521	0.38666454	0.83582866	0.41462794	0.54228973	0.90049094	0.80972964	0.77829146	0.7621251	0.69151336
96	0.5775641	0.60711795	0.95792264	0.359185	0.96209854	0.77122694	0.3265162	0.86885726	0.55643165	0.6358227	0.348638	0.21829888	0.8347773	0.46863702	0.3699565	0.69549286	0.60208935	0.399284	0.5785457	0.6920516	0.63033223
99	0.3734264	0.4380248	0.93391365	0.32999685	0.7222232	0.70431066	0.2625613	0.9023302	0.49278075	0.6800965	0.3214443	0.308094	1.013628	0.39735737	0.30622545	0.8130832	0.4392251	0.30863237	0.7542919	0.6494908	0.60935986
213	0.4250695	0.6149806	0.6960041	0.33269423	0.8737137	0.76676315	0.3650842	0.7173932	0.6390502	0.64580697	0.3441697	0.49140617	0.68773955	0.54183763	0.55029714	0.4172392	0.47701272	0.4592799	0.81992376	0.5617437	0.7235371
220	0.33757615	0.9069886	0.8771725	0.44018072	0.6728886	0.5549152	0.30758813	0.8006566	0.66828734	0.6596553	0.45445636	0.3393534	0.7568766	0.59964854	0.4605607	0.80123204	0.30289268	0.34677082	0.61852103	0.67187864	0.45768914
224	0.7926204	0.57568175	0.4037639	0.3786842	0.79835504	0.5691868	0.65341073	0.19135144	0.7386151	0.56281644	0.3231312	0.37243775	0.23545597	0.6905212	1.1030332	0.5274687	0.38021663	0.23047116	0.5394549	0.51575696	0.36712405
228	0.4821799	0.693138	0.58675396	0.6141667	0.48544446	0.36035153	0.26063716	0.57025504	0.99568725	0.5793391	0.46614623	0.14274229	0.68229	0.7028785	0.39331776	0.8267326	0.33365712	0.29604304	0.52409524	0.35952163	0.30759114
230	0.26142403	0.9648247	0.9823746	0.41554382	0.7103139	0.8431604	0.14202642	0.7153319	0.72282445	0.6976489	0.44382063	0.3211827	0.92951214	0.66006535	0.31473055	0.8332355	0.33338812	0.23745611	0.85183364	0.6029278	0.5425739
249	0.6901841	0.5514249	0.53896904	0.31794205	0.987922	0.6386045	0.38238096	0.2368317	1.2490207	0.5546703	0.25451663	0.5718281	0.31149516	0.938609	0.41140786	0.40507182	0.78140754	0.72770214	0.7969939	0.65808564	0.67043984
253	0.6032905	0.6220446	0.50470823	0.5192101	0.4714056	0.3535494	0.38713098	0.2832741	1.0469542	0.5559653	0.36306843	0.22646095	0.25851214	0.84681416	0.44988692	0.7584482	0.5111474	0.31810153	0.5955303	0.30850825	0.23976572
255	0.57457453	0.44817144	0.3167982	0.28485394	1.0212345	0.32371178	0.5366734	0.53074753	0.6910041	0.50701547	0.24450001	0.657219	0.98112655	0.36994815	0.61429423	0.66834843	0.5045056	0.43388325	0.7065657	0.6856596	0.4481678
256	0.9555967	0.40408844	0.27928072	0.29645073	1.0019526	0.3852256	0.67052674	0.45246598	0.649656	0.50459754	0.2673861	0.6962865	0.5865545	0.41056004	0.87144274	0.749135	0.40431595	0.29992026	0.72940063	0.4655031	0.41255996
261	0.73293006	0.71645564	0.42680052	0.35722372	0.8170632	0.5400847	0.34666213	0.41540024	1.2092575	0.5544576	0.31159535	0.46049336	0.70381546	0.9299931	0.34877807	0.73230344	0.4598922	0.8540905	0.885074	0.44191563	0.71585053
271	0.32593358	0.9409	0.95064294	1.0212237	0.5315823	0.84154755	0.1622271	0.897693	0.7593066	0.63577694	0.7846707	0.2749581	0.8147029	0.6848057	0.31109205	0.8350971	0.23521614	0.22251685	0.84053063	0.27556863	0.3840552
272	0.3731412	0.48579785	0.7491136	0.86629504	0.4167133	0.7789742	0.2261253	0.8159218	0.7168544	0.6428166	0.8039668	0.28104293	0.82791835	0.70306396	0.4256004	0.81603765	0.23611143	0.2440405	0.8076698	0.29432577	0.57144713
276	0.4441601	0.4071805	0.32143357	0.33908996	0.8651804	0.8025834	0.55919224	0.39198545	0.6957542	0.565251	0.34399578	0.7005194	0.5310527	0.68276	0.91547793	0.4807259	0.38375112	0.390235	0.8074496	0.54113305	0.8104775
280	0.43227413	0.80752105	0.95505893	0.33645123	0.92518324	0.62274504	0.31485146	0.8157289	0.6950057	0.6662293	0.27149847	0.20558609	0.36851683	0.58544475	0.4717506	0.70584565	0.52526546	0.40903467	0.63489133	0.6980595	0.63156223
281	0.84312904	0.36809823	0.48929283	0.3025049	0.8859768	0.4957147	0.31899342	0.8961707	0.78743917	0.5416909	0.2666537	0.34588087	0.35046384	0.59255916	0.28976637	0.5854978	0.49182776	0.33041525	0.49187547	0.6465422	0.6711821
287	0.53919655	0.5793935	0.6803217	1.0967088	0.38210428	0.45161733	0.28063884	0.45885333	0.89756143	0.5787844	0.70653534	0.20962839	0.41744655	0.671899	0.3755224	0.82096446	0.20596921	0.2561921	0.64275795	0.33810318	0.35920703
289	0.8434808	0.4671734	0.29769513	1.0130904	0.31789383	0.75983083	0.3287191	0.26925138	1.2049809	0.516613	0.8088529	0.64698905	0.31489754	0.8607365	0.31709775	0.81766677	0.19521514	0.38657886	0.7272129	0.27824163	0.42144376
294	0.5678494	0.51722634	0.59806776	1.0215651	0.3606896	0.9256041	0.17778277	0.9587284	0.57480556	0.5750889	0.86802274	0.36693794	0.7356966	0.57285714	0.28773895	0.8561659	0.18345132	0.2144735	0.8347595	0.22353172	0.37982976
299	0.66485536	0.6734715	0.8105929	0.3110781	0.5192449	0.4978889	0.30932373	0.3520506	0.781742	0.56935465	0.26518154	0.74774724	0.7736775	0.8037952	0.57965094	0.4180763	0.31635132	0.27474666	0.7609239	0.42728746	0.5671182
313	0.56142986	0.6210848	0.7191691	0.3719613	0.8307428	0.794865	0.5560137	0.58716923	0.5546544	0.6397618	0.3480093	0.43265134	0.51281434	0.48867053	0.53257763	0.62893033	0.45917463	0.41712284	0.7825105	0.5403193	0.60126007
314	0.74436784	0.36260036	0.40615237	0.29338503	0.90513533	0.88082016	0.3208526	0.44567582	1.1669368	0.64131194	0.20801584	0.63883615	0.3076878	0.8821658	0.30669335	0.5658336	0.27644128	0.2574638	0.87636113	0.834351	0.9009686
315	0.8801922	0.4114446	0.4587927	0.2894566	0.888661	0.50687695	0.6625414	0.29646784	0.8167141	0.52129674	0.27526036	0.68844897	0.38513297	0.6868349	0.9745995	0.5163684	0.35304907	0.3768624	0.66902965	0.5948484	0.6239327
323	0.9228766	0.33958635	0.3655532	0.27581364	1.0200382	0.70079696	0.49979064	0.35044247	1.2262954	0.52380955	0.24184816	0.8330693	0.5520953	0.8492113	0.43988624	0.37681395	0.58588797	0.8658963	0.93770635	0.5684167	0.83264315
340	0.7606965	0.6960675	0.38291347	0.7479991	0.43716562	0.5719638	0.36099803	0.23677015	1.2697384	0.5950266	0.22709863	0.39873284	0.3062102	0.9747717	0.41028225	0.69945127	0.29927638	0.30712652	0.7707193	0.33378217	0.6082264
347	0.6528827	0.635304	0.6003327	0.3136596	1.0317373	0.7595242	0.3305736	0.41049108	1.1277956	0.6296973	0.30840033	0.7165868	0.4089479	0.9189289	0.39580235	0.69967574	0.84802186	0.57791203	0.903862	0.39852175	0.83717376
348	0.7707624	0.8621329	0.5784029	0.29239762	0.9351468	0.7702424	0.28325072	0.24991453	1.2238228	0.6119425	0.22911023	0.6467446	0.46970063	0.94329315	0.37254402	0.69626427	0.8217691	0.40426683	0.8490013	0.7890211	0.8338826
349	0.88569623	0.5298971	0.35900992	0.3025387	0.94426197	0.77650464	0.27329242	0.32624602	1.1872034	0.613868	0.24176651	0.6414569	0.3179899	0.91822225	0.32489833	0.5778737	0.7252688	0.80689013	0.8610188	0.76208544	0.7083127
352	0.7817879	0.59302276	0.63974327	0.29805005	0.9809214	0.50142014	0.3042736	0.4520621	1.1399746	0.6164183	0.2892031	0.50536346	0.5208676	0.8754846	0.34239778	0.5096392	0.7466836	0.4914245	0.7777438	0.745747	0.68086195
358	0.94142425	0.3721027	0.33014068	0.290219	0.9999829	0.6436099	0.469667	0.35331926	1.1732833	0.52571166	0.22999863	0.83337754	0.7393669	0.81970567	0.3887472	0.4259228	0.7002577	0.85010964	0.9073637	0.6158901	0.7905232
363	0.6043057	0.83745366	0.842345	0.3512628	0.895688	0.43616605	0.27039617	0.38649392	1.1106313	0.6040397	0.30223176	0.43825033	0.7097367	0.8591059	0.37171942	0.7728645	0.8504769	0.36307347	0.60729456	0.76305073	0.5713937
367	0.8105843	0.44220445	0.45896757	0.29210004	1.0330617	0.7893881	0.26850852	0.46761614	1.223154	0.5853879	0.23198727	0.81495655	0.32741097	0.91845155	0.31645107	0.6854813	0.9146774	0.6153408	0.8952859	0.81972224	0.84663355
378	0.6361439	0.6460317	0.5373805	0.31093627	1.0296595	0.5748127	0.28514424	0.37106237	1.1849332	0.566496	0.26340827	0.6268797	0.4767748	0.8809419	0.32145366	0.6182787	0.7303645	0.7175873	0.83667797	0.7250426	0.76966995
381	0.9528052	0.3536	0.331963	0.28872797	1.0210209	0.6963588	0.4541269	0.5815107	1.0073829	0.49689332	0.22158462	0.84025306	0.33611453	0.72463316	0.45550776	0.4848832	0.5295255	0.4833396	0.8688325	0.5697013	0.740351
382	0.59000134	0.64338505	0.6484231	0.36008447	0.9485716	0.646948	0.24508606	0.2183394	1.171298	0.579303	0.25664142	0.44238067	0.3096286	0.9588414	0.40082684	0.62267476	0.74219453	0.60176116	0.7064861	0.61583984	0.6151122
387	0.74206686	0.4147076	0.3809922	0.33964998	0.99186575	0.8243459	0.42399108	0.87687165	0.5618623	0.5406205	0.27156395	0.74976957	0.72288203	0.51672596	0.46153358	0.5059274	0.49404445	0.35824	0.8501955	0.5291936	0.60246474
393	0.48784372	0.683888	0.7391855	0.3129416	1.0211884	0.7314395	0.3205207	0.35725036	1.1932529	0.60339576	0.2680061	0.64403	0.36888173	0.8888684	0.35289717	0.49451473	0.8242	0.6864125	0.7909514	0.8199973	0.8700974
399	0.6731144	0.47990546	0.31780353	0.29357067	0.9706441	0.35588658	0.5422273	0.25563303	0.8244065	0.5443636	0.22468993	0.23269258	0.29858047	0.58835423	0.89394337	0.80733776	0.7036315	0.44797552	0.762479	0.66524416	0.28322586
410	0.69788074	0.38708007	0.42914847	0.30541933	0.52648693	0.76755697	0.32691818	0.31832752	1.1490755	0.62658024	0.3425392	0.50407624	0.44189048	0.92884016	0.31901786	0.76375234	0.33608615	0.30997986	0.80603755	0.46574914	0.50458956
414	0.8748791	0.36268875	0.2836665	0.3022197	0.89102715	0.96122545	0.7711413	0.7020102	0.94668174	0.58100665	0.2919714	0.68743867	0.48716792	0.5967521	0.8587846	0.7676541	0.36887598	0.23255913	0.8708631	0.5420351	0.8440363
417	0.80111605	0.4166724	0.31586438	0.31473556	0.9669901	0.93021744	0.30001247	0.3423684	1.0593245	0.5812845	0.26199996	0.6701614	0.4955868	0.9041199	0.539644	0.47945043	0.8134904	0.47126794	0.8490618	0.6505614	0.6863968
428	0.85372686	0.54408586	0.34455547	0.33891866	0.8834892	0.43954346	0.29686108	0.42494577	1.1643614	0.5527677	0.33586606	0.5061927	0.44400978	0.87239665	0.3650584	0.73916566	0.80172616	0.36404234	0.70707756	0.6040226	0.60304374
429	0.9019707	0.4247539	0.32314655	0.30116346	0.9781943	0.6092904	0.3848789	0.24507621	1.2576482	0.519209	0.24390036	0.8007776	0.302429	0.9061653	0.36243752	0.4361807	0.6478652	0.69855255	0.87686783	0.7515173	0.8364289
437	0.8410823	0.5754572	0.3740712	0.35581234	0.9294383	0.7161429	0.31444916	0.44114417	1.143224	0.5565808	0.28124067	0.68917304	0.60580534	0.91472566	0.4573051	0.5795024	0.80072725	0.60734344	0.8227302	0.66977316	0.6435558
438	0.59453136	0.65843177	0.604398	0.30864096	0.9261439	0.7614111	0.3474837	0.33983648	1.2010968	0.63153154	0.27459377	0.41180316	0.3653748	0.91866094	0.36163285	0.65990597	0.8054281	0.39220792	0.8066442	0.7743245	0.6745909
439	0.8394214	0.48572692	0.41339207	0.3001787	0.9302332	0.7338529	0.32759887	0.26098213	1.2555568	0.5599001	0.32659206	0.641115	0.29942885	0.9278289	0.42412522	0.69508433	0.72074825	0.4735253	0.84947705	0.590478	0.74166936
441	0.7777731	0.42218274	0.4653712	0.295372	1.0074513	0.8162958	0.29438943	0.35771048	1.1949363	0.6298089	0.24370131	0.70125335	0.32030442	0.9025332	0.3214071	0.5709753	0.80240166	0.68621546	0.86533713	0.8476336	0.85051376
449	0.7524904	0.6644218	0.5722562	0.30386224	1.0145936	0.5067144	0.29021692	0.49298826	1.1337231	0.5720063	0.2754604	0.61597615	0.59015936	0.90861034	0.33386073	0.5001045	0.7965177	0.48912692	0.7803973	0.483026	0.8093283
454	0.29317954	0.8767977	0.95039797	0.56919533	0.6750462	0.69410455	0.22236809	0.6342432	0.73446614	0.6770295	0.3229542	0.32501486	0.8937619	0.6097575	0.4082606	0.71594983	0.45047003	0.28616697	0.5595763	0.54303175	0.4957605
458	0.9481603	0.41157627	0.31036532	0.32044283	0.7709081	0.66919994	0.45458695	0.3702894	1.199548	0.5024713	0.27739802	0.8361685	0.63305026	0.8567895	0.38835979	0.45220697	0.48052067	0.7322805	0.89889616	0.4829741	0.77376986
466	0.7311489	0.36053592	0.5795096	0.34641966	0.58347756	0.81092215	0.30399486	0.30589244	1.2415301	0.5842864	0.399957	0.4662927	0.5471826	0.944302	0.3764981	0.6264177	0.3951528	0.28680485	0.7832592	0.524163	0.7271078
468	0.75687593	0.51916355	0.33098388	0.2858332	1.0060804	0.80371547	0.27300707	0.24580021	1.2045434	0.62126887	0.20482655	0.61333835	0.2671833	0.90385044	0.3148474	0.44120577	0.81019753	0.99175906	0.88269174	0.80769795	0.8954792
476	0.6529061	0.5271732	0.44956076	0.2923077	1.0323961	0.85194117	0.2798911	0.3027913	1.2275184	0.5884364	0.24727352	0.69069606	0.2989912	0.95001096	0.33833086	0.4110441	0.7944892	0.7675248	0.8967128	0.8114181	0.8214826
479	0.5774926	0.80808824	0.5239179	0.32294905	0.9927335	0.6065024	0.3232504	0.46024185	1.2067922	0.60382533	0.29341546	0.22045778	0.5215924	0.90952533	0.38309285	0.7909568	0.7815337	0.6465002	0.842218	0.68887496	0.53528506
481	0.65826833	0.48347804	0.37338358	0.33885667	0.9541298	0.51588845	0.31924832	0.3952727	0.9478683	0.5290843	0.30132118	0.6699616	0.35996845	0.8122353	0.42508534	0.5035012	0.73799336	0.5581029	0.81195235	0.61570346	0.6042401
494	0.80994785	0.45106924	0.38893372	0.29418552	1.0163198	0.8326756	0.3150211	0.20612414	1.175401	0.57569647	0.24365175	0.7415043	0.5657069	0.9110024	0.39398697	0.38745034	0.7136671	0.62173617	0.7663112	0.5183324	0.7641033
495	0.3178055	0.7339388	1.0271322	0.4202144	0.81443924	0.7999912	0.21446425	0.6403062	0.6656639	0.6925569	0.3250216	0.47001228	0.8719761	0.6492849	0.4928175	0.7612759	0.38313764	0.2940712	0.47746313	0.647751	0.59617114
510	0.6910673	0.61484766	0.59866697	0.6309904	0.4542335	0.8216231	0.30018553	0.47735837	1.1418145	0.6447938	0.7566875	0.66350365	0.6932099	0.87522566	0.40186265	0.81623715	0.29050612	0.27344137	0.72631633	0.49639487	0.3813611
517	0.7290179	0.44067007	0.35094118	0.4515635	0.53887737	0.63605803	0.32129258	0.33347178	1.2051816	0.59575284	0.28443655	0.44360793	0.2906635	0.8646387	0.38290015	0.7175009	0.56321	0.9481072	0.83431983	0.41878545	0.48319334
521	0.75795084	0.53030974	0.72552043	0.32555136	0.995019	0.547942	0.35610715	0.28777874	1.2028838	0.54254586	0.27554345	0.7653232	0.49247947	0.8607319	0.43515363	0.438378	0.77087426	0.5198835	0.70200443	0.66139084	0.7707533
525	0.926371	0.38311252	0.30038676	0.28740907	1.0189118	0.53586066	0.30473456	0.2577991	1.2530612	0.51804394	0.19715887	0.6956656	0.3045364	0.9285612	0.33380428	0.4219926	0.8467458	0.8895034	0.80406594	0.626132	0.6947653
548	0.6771012	0.55916756	0.40171844	0.3056446	0.9401986	0.54147893	0.31376088	0.44336998	1.1211858	0.57355624	0.28482908	0.5988813	0.28656623	0.85101944	0.4096102	0.7317537	0.5893488	0.42432803	0.78489214	0.8334486	0.587854
553	0.6833471	0.4107218	0.31439874	0.33318645	0.9332696	0.63572603	0.37836078	0.25304666	1.2288084	0.5159615	0.3092705	0.6383857	0.42070904	0.92629725	0.5004489	0.5180386	0.73342216	0.4385981	0.8556369	0.623171	0.760013
559	0.77328694	0.57137984	0.68816894	0.34010017	0.98003197	0.511283	0.442191	0.76229936	0.6375122	0.61417615	0.31086558	0.41868335	0.574933	0.5718818	0.54272646	0.7135697	0.5707147	0.339266	0.6492531	0.58650935	0.6871811
560	0.86409175	0.57594746	0.86381716	0.3126894	1.0213035	0.6048317	0.3465795	0.8752751	0.5324065	0.58933026	0.3616028	0.25961578	0.71957767	0.54982406	0.3788379	0.7467338	0.4879353	0.3461281	0.7063504	0.5975914	0.70301616
562	0.81612945	0.58050025	0.48196983	0.32938123	0.9651027	0.60339844	0.5496579	0.2070102	1.0175582	0.56510746	0.27362958	0.43218836	0.32567206	0.8582594	0.6770444	0.44129503	0.6625105	0.43266046	0.7477898	0.48718342	0.59111804
564	0.80039495	0.67599005	0.51450133	0.3236494	0.94355494	0.533618	0.29759312	0.58306193	1.2054576	0.5959538	0.57253027	0.5095221	0.5031424	0.96587276	0.32094818	0.7658409	0.8355672	0.5714148	0.78576994	0.689215	0.46940702
583	0.54737324	0.76783013	0.7740858	0.31055048	0.9925259	0.7505529	0.2749043	0.58356917	1.0269785	0.61663115	0.33991086	0.37757385	0.4933984	0.8408899	0.3109539	0.634572	0.7368742	0.4604084	0.7816684	0.76464677	0.7329891
588	0.8512512	0.42397574	0.445799	0.31280968	1.0136517	0.9316057	0.28448203	0.4739615	1.2029529	0.5916187	0.23659883	0.6387075	0.72170866	0.89116913	0.31438696	0.44183162	0.7735003	0.53064173	0.8903424	0.9125185	0.83466154
589	0.71919334	0.5334199	0.2946475	0.33079845	0.8340037	0.6123028	0.28578845	0.29871598	1.1304616	0.6107192	0.27308068	0.5941447	0.2756096	0.89923215	0.3653049	0.7828162	0.7449802	0.4313864	0.81417	0.6813779	0.37135065
594	0.9344715	0.364327	0.3857599	0.28939468	1.0564859	0.88704586	0.75516987	0.18860048	0.47858188	0.5705158	0.17918524	0.6848021	0.2726006	0.48292357	1.0923313	0.3693403	0.43963644	0.28500158	0.75468194	0.76798594	0.83950746
612	0.55491555	0.49804068	0.33590233	0.2884966	1.0301499	0.6098412	0.29280508	0.22520149	1.2732033	0.56910276	0.2277223	0.70196724	0.29667076	0.9212176	0.3249819	0.49192426	0.9112391	1.0050143	0.79201543	0.7378004	0.777224
614	0.5622793	0.9472492	0.76686704	0.3577001	0.9368945	0.57095796	0.34620538	0.30064592	1.2387869	0.6084467	0.26319128	0.36974746	0.3242392	0.86120397	0.5202253	0.519586	0.8580141	0.8522357	0.7713976	0.7945779	0.63103294
617	0.8096106	0.41248167	0.33294266	0.30556157	0.939123	0.69755286	0.28177246	0.44453362	1.1579267	0.56950784	0.26889303	0.69376093	0.3799952	0.8333053	0.38000953	0.77252877	0.7089563	0.57233626	0.8702512	0.70139194	0.77619845
620	0.88936824	0.56254673	0.3669893	0.305653	1.0179914	0.64185566	0.31014466	0.30749667	1.2609605	0.52118194	0.26505023	0.79416937	0.7584795	0.9492202	0.39986178	0.54777724	0.73896176	0.64543015	0.8184459	0.5966469	0.6843156
623	0.78305507	0.58159024	0.45957598	0.32483912	1.0222338	0.7478905	0.32811585	0.29739833	1.234979	0.59128493	0.286609	0.570345	0.36793855	0.95780265	0.38520998	0.68968666	0.8871098	0.5844081	0.8435792	0.71019065	0.7181561
628	0.58611447	0.7336454	0.64367694	0.329293	0.98370075	0.7044396	0.30337209	0.3592701	1.1287903	0.595844	0.36936492	0.37176543	0.4479754	0.8767905	0.4490302	0.7897068	0.80925286	0.50846106	0.78892994	0.67960155	0.6211442
641	0.5805773	0.64181805	0.67591214	0.31810644	0.94662446	0.70146024	0.30303365	0.8427048	0.99747807	0.56111056	0.36351106	0.48473677	0.38740957	0.67484945	0.31416816	0.615682	0.7138374	0.40445143	0.8017847	0.6981872	0.62363744
657	0.35530543	0.75878066	0.91218066	0.44287047	0.5457492	0.51996154	0.35259923	0.21265808	1.1816604	0.6424332	0.21859673	0.29227954	0.51706547	0.9677292	0.50897586	0.58811474	0.6806406	0.46423066	0.5192458	0.7231901	0.5875103
670	0.81634474	0.41742358	0.35701805	0.29610607	1.0087938	0.9067953	0.2885139	0.40301543	1.1791043	0.5339134	0.23114966	0.7283105	0.4735968	0.8991129	0.3253763	0.42381528	0.819614	0.6500704	0.88088495	0.7892863	0.81363016
678	0.5371763	0.79117817	0.68299955	0.29771748	1.0039704	0.85861623	0.32020706	0.33347344	1.0874603	0.6148003	0.39766008	0.47539932	0.3808973	0.7684611	0.4175441	0.618756	0.8410184	0.6141378	0.82417417	0.8498096	0.7612737
686	0.41464987	0.37929106	0.7259108	0.5845101	0.4432045	0.79556143	0.35204193	0.8471227	0.7019804	0.6642448	0.6493646	0.71523124	0.99039686	0.581436	0.36089876	0.80490535	0.37875825	0.391137	0.8436623	0.5701566	0.66376543
689	0.66519034	0.84198314	0.7725796	0.39870924	0.88331413	0.43123376	0.30386394	0.8068414	1.0044771	0.6028188	0.3764481	0.18963237	0.8504221	0.70636946	0.3945339	0.82221377	0.58687615	0.39315093	0.67711616	0.7544152	0.47010127
690	0.5400559	0.78937477	0.56978303	0.29752663	1.0190668	0.7486299	0.27510065	0.4387828	1.2442724	0.62270766	0.23656753	0.53596663	0.4215599	0.9773128	0.3188126	0.6643856	0.9290783	0.57016236	0.8724207	0.7978992	0.8144948
697	0.36050987	0.86561114	0.58140284	0.4036142	0.7869912	0.7491436	0.4082331	0.32722488	0.8007768	0.6158542	0.46800327	0.3631463	0.27523157	0.7754676	0.5848188	0.76157284	0.36086985	0.24262413	0.58580905	0.59271246	0.43841803
711	0.36391065	0.89167124	0.9129049	0.48965397	0.8349622	0.3503388	0.31361765	0.53984815	0.7264962	0.64247096	0.3768294	0.12030014	0.80729735	0.5768118	0.40294605	0.7281644	0.29994214	0.28980356	0.5457729	0.5546877	0.43444118
713	0.49551618	0.94871944	0.9432573	0.6819972	0.7940538	0.5664229	0.29471588	0.38935012	1.0734714	0.651331	0.3930791	0.510422	0.703431	0.5709456	0.36011893	0.7972709	0.66644543	0.3577444	0.7852124	0.69442576	0.4558332
720	0.31896052	0.6914428	0.6690352	0.3450123	0.9932476	0.8414467	0.23141384	0.4910103	1.0534706	0.6323734	0.3381021	0.6075469	0.70025355	0.92415893	0.40329465	0.6412648	0.57585263	0.3184166	0.8751725	0.7765576	0.83168095
726	0.26066032	0.9860825	0.920295	0.56324583	0.6026859	0.76643836	0.15702787	0.720254	0.76921046	0.6930213	0.6639377	0.37818295	0.63864756	0.70867664	0.35106745	0.76559824	0.29274377	0.2307785	0.7316021	0.40560266	0.52548355
734	0.33778614	0.9374097	0.97971904	0.3986488	0.92020935	0.43884593	0.2875755	0.7726657	0.549153	0.6827161	0.3771193	0.1427587	0.8932186	0.4485866	0.43338326	0.77924836	0.4933989	0.35221428	0.474413	0.62088925	0.42094344
736	0.31904328	0.6509766	0.718434	0.42526266	0.6291914	0.76440996	0.30417544	0.45783296	0.75420564	0.66344506	0.53821164	0.3490589	0.3770765	0.7623006	0.46288684	0.7600936	0.37270424	0.23035553	0.75610006	0.51919	0.3112707
740	0.42575046	0.6259595	0.6985128	0.74694175	0.52685547	0.5752456	0.25327542	0.34519172	1.066152	0.6868196	0.5910636	0.1935164	0.32168427	0.91653335	0.36745614	0.8096805	0.26217926	0.26881433	0.81603837	0.42188516	0.3908382
743	0.861421	0.54250336	0.40091154	0.32485875	0.9756089	0.55629474	0.6203836	0.367933	0.66121477	0.6002901	0.35081613	0.49339092	0.31448305	0.59987724	0.68695545	0.53772026	0.49674755	0.36125803	0.7643124	0.55324113	0.727906
744	0.34725994	0.8711629	0.82089907	0.3872137	0.88818806	0.46893865	0.4338122	0.64695823	0.68162376	0.550987	0.42349944	0.28016812	0.60832614	0.63632697	0.4842913	0.77276796	0.34533572	0.30346465	0.60117584	0.7106383	0.41439697
745	0.68713874	0.44062716	0.80700505	0.36939648	0.9333827	0.6403073	0.54598266	0.41531125	0.9229793	0.523285	0.28900492	0.3200779	0.52400243	0.61944854	0.37108752	0.69539434	0.30433455	0.25780323	0.6496386	0.66951233	0.70066273
751	0.80828345	0.42626	0.27034473	0.27925628	1.0317912	0.57105803	0.33795446	0.2077737	1.2470098	0.5337621	0.2328814	0.81755704	0.29583696	0.92752135	0.3617028	0.453328	0.8312432	0.8850795	0.86271286	0.5946119	0.818342
762	0.3828605	0.5781767	0.81484586	0.58673966	0.52427727	0.89647204	0.3307439	0.7323876	0.73635715	0.62064886	0.60250866	0.34101576	0.45789137	0.7853341	0.3646449	0.8153117	0.3152965	0.242534	0.8422931	0.33019012	0.5672964
764	0.30609545	0.7634594	0.8615004	0.7646194	0.46202654	0.7760523	0.18016021	0.81333846	0.86464334	0.65944827	0.85554636	0.6543525	0.8867711	0.8142636	0.34711045	0.8334325	0.26303536	0.25073922	0.86169887	0.31998488	0.6067854
781	0.70857847	0.42953354	0.35716394	0.9742656	0.3955582	0.40086338	0.33451754	0.4944549	1.0994408	0.5680605	0.40166157	0.3651378	0.7685328	0.81573826	0.27248582	0.80103886	0.33089805	0.33004165	0.6224861	0.3192618	0.30591175
783	0.84800005	0.43129665	0.36118096	1.0113608	0.3458356	0.6366333	0.23531657	0.60205394	1.0997366	0.5978687	0.8753867	0.6823092	0.4353719	0.87780505	0.32086775	0.8215039	0.18191788	0.27611476	0.702704	0.23042083	0.3015581
784	0.66064143	0.47212696	0.5895226	1.0119152	0.3070428	0.80567443	0.4918281	0.7280958	0.86675674	0.5437832	0.81997186	0.61973983	0.8711269	0.6902819	0.6358481	0.8742224	0.19569871	0.20630267	0.7798166	0.22794843	0.39145434
786	0.84016657	0.7447724	0.55017877	1.0666515	0.37344623	0.41096798	0.29114798	0.3690142	1.0974174	0.57106686	0.6287682	0.32061407	0.76844215	0.7318932	0.3238627	0.7924585	0.21992522	0.2675854	0.6134962	0.2582909	0.32234764
787	0.4088011	0.50092906	0.37169886	0.9567967	0.61633694	0.46609482	0.47616684	0.5661564	1.0063592	0.5608013	0.7454343	0.5878727	0.8069884	0.8111288	0.7308785	0.5302615	0.27546442	0.3642832	0.77002263	0.33085963	0.6119415
797	0.50797933	0.8062839	0.5466743	0.96764374	0.35662836	0.6638094	0.34160075	0.8984625	0.7857057	0.5410835	0.6225454	0.4069164	0.77965087	0.45402598	0.3263535	0.7723448	0.25744322	0.24981217	0.8020185	0.28865874	0.5687104
815	0.9265528	0.3739689	0.26442263	0.2726437	1.0101107	0.6545435	0.6291947	0.17272332	0.54540807	0.5152548	0.22753328	0.7759909	0.2714006	0.53583	1.1328214	0.37011835	0.42286664	0.23620127	0.7766018	0.66147166	0.85122156
816	0.6249933	0.46504983	0.5600852	0.32298112	0.51960677	0.84625804	0.34894836	0.3505113	0.98091644	0.6281427	0.5415018	0.4034983	0.32569364	0.8529906	0.4380399	0.60463357	0.42937973	0.28833592	0.7110445	0.7029175	0.56688184
822	0.82798713	0.45333162	0.4021833	0.32173014	0.9338536	0.78689206	0.43797594	0.61077446	1.0609907	0.5858708	0.31511283	0.64322424	0.33981258	0.8669678	0.416119	0.7631109	0.4263751	0.34718066	0.79643947	0.7633545	0.79498005
825	0.3743356	0.36527166	0.94550717	0.4498905	0.6375627	0.8603495	0.35873142	0.8807845	0.7188871	0.6617016	0.7831901	0.35582274	0.714609	0.6096292	0.37714788	0.6699032	0.31425327	0.40418828	0.66850096	0.60792905	0.77286077
910	0.29218227	0.8743081	0.948869	0.83545107	0.46188623	0.44363642	0.253809	0.5964435	0.7814889	0.6491383	0.5547702	0.44038597	0.89969736	0.68952495	0.3860741	0.6703709	0.31205052	0.30907196	0.7227981	0.33476683	0.39742765
912	0.68953305	0.5877034	0.51417553	0.30324182	0.9902975	0.68181974	0.34748626	0.28045702	1.1941711	0.5622258	0.28377116	0.75986344	0.48210514	0.9118393	0.3923767	0.6173106	0.8052624	0.7261452	0.82831085	0.7074572	0.7711839
915	0.6047455	0.4969594	0.5211655	0.3084582	0.9683976	0.8236706	0.292226	0.62873495	1.0881768	0.613559	0.26382872	0.63643575	0.3593581	0.79286677	0.30939096	0.7309236	0.7166999	0.66811717	0.86303	0.73771095	0.8108593
916	0.87409765	0.54855037	0.35791576	0.9810649	0.39199862	0.34536514	0.32727176	0.3332249	1.1591884	0.5231429	0.6961586	0.43694228	0.387711	0.8876325	0.30772978	0.80393624	0.27098277	0.29838246	0.72569203	0.25989723	0.20883642
922	0.31921604	0.48974946	0.67477816	1.0391244	0.29116595	0.9458368	0.28518564	0.7771253	0.96885455	0.64059824	0.9369112	0.55830824	0.78378123	0.7639979	0.28274348	0.82671	0.18984628	0.23073986	0.8278671	0.21743506	0.47212073
923	0.50016195	0.5501377	0.61874217	1.0456834	0.3606406	0.58285975	0.31447986	0.4352019	1.045218	0.6078534	0.9230306	0.6586718	0.6259776	0.9055288	0.37606144	0.742859	0.26422128	0.25511807	0.68282247	0.24163467	0.4048385
2105	0.3229715	0.72151697	0.8072833	0.90784025	0.46590477	0.8086802	0.17323188	0.96480364	0.53930885	0.6428394	0.8441428	0.54363006	0.7884132	0.4966812	0.29167494	0.8014995	0.20658001	0.23801836	0.81714386	0.23770744	0.44989055
2109	0.5776155	0.41016495	0.38792157	0.3167855	0.99235874	0.83487403	0.7006039	0.23299165	0.47991273	0.5876017	0.22115143	0.7116418	0.28948706	0.476706	1.0380851	0.41141927	0.34997123	0.29832792	0.7975055	0.70658106	0.8796173
2115	0.25973293	0.5109773	1.0122663	0.98722816	0.4640764	0.36139557	0.20284107	0.9050712	0.60123354	0.61809623	0.6742689	0.12715784	0.9511651	0.65738326	0.48511764	0.6707673	0.25093997	0.26072663	0.7415554	0.34804857	0.19948748
2117	0.30240017	0.9853541	0.9412866	0.52878976	0.6644006	0.6181701	0.2938553	0.56735015	1.0271409	0.6765141	0.43936074	0.60007536	0.44585532	0.7880628	0.53375024	0.74683076	0.30185297	0.36837798	0.82964176	0.5101159	0.6215894
2118	0.2919329	0.48847505	1.0065535	0.6874138	0.5685739	0.4111493	0.567686	0.82211095	0.8595416	0.55811435	0.3418272	0.45137253	0.5116667	0.5349404	0.4322506	0.8248203	0.4767826	0.35833436	0.62403065	0.58619916	0.4660043
2120	0.41749495	0.53774357	0.7716832	0.9046303	0.49208635	0.7411454	0.22466648	0.94142103	0.556767	0.6596193	0.76803666	0.5050324	1.008344	0.46733513	0.30419657	0.8412263	0.2217465	0.23846708	0.82656777	0.27922598	0.3522269
2129	0.395745	0.8968549	0.6084418	0.95573807	0.38686332	0.4362458	0.24722594	0.78173184	0.9102878	0.60520166	0.69464695	0.38413852	0.9607463	0.5913669	0.2829751	0.82338935	0.22344062	0.24119137	0.6969749	0.2202385	0.31473416
2134	0.48183787	0.45826262	0.5578704	0.99513006	0.30980834	0.9699505	0.31792384	0.39284164	1.0733422	0.6160363	0.8341394	0.7508007	0.450687	0.92339903	0.3141275	0.8297354	0.22634074	0.25226992	0.8585034	0.23626485	0.45781448
2138	0.549351	0.506872	0.39990932	0.7818158	0.38587916	0.6016967	0.36318532	0.8696705	0.7692473	0.5346389	0.4401876	0.39690235	1.0352836	0.6733912	0.39046377	0.7867375	0.38416025	0.24567801	0.81712	0.25130305	0.67255366
2142	0.295034	0.46568796	0.53276056	0.7168661	0.4203793	0.9308808	0.5617499	0.8955986	1.106677	0.64983904	1.0029582	0.67680615	0.39848557	0.6026683	0.84448975	0.79057574	0.22682378	0.22039422	0.8751685	0.23506173	0.77140504
2143	0.2289906	0.76953065	0.6236138	0.9737108	0.33754128	0.31272638	0.26350456	0.928702	0.6019516	0.6559507	0.7463399	0.43001062	1.0525335	0.37837553	0.24870901	0.8221682	0.18713602	0.22814456	0.52887785	0.22332248	0.2050417
2144	0.47298104	0.5556889	0.7541636	0.87144464	0.45857978	0.897152	0.24259992	0.923561	0.76708424	0.64114386	0.8321156	0.37353277	0.80031836	0.72890574	0.39352512	0.84269047	0.27729952	0.22333176	0.8649795	0.38232073	0.5253548
2145	0.5370875	0.4336201	0.40641564	1.0545467	0.31170714	0.93736213	0.19105542	0.97671235	0.55928767	0.5780194	0.93481696	0.27381238	0.508522	0.5764907	0.27700743	0.86166257	0.19290733	0.2165835	0.8922858	0.20538819	0.3945998
2158	0.32568386	0.41775808	0.44267035	0.7129499	0.522018	0.783704	0.28735006	0.6153614	0.69703	0.5408676	0.809277	0.54350287	0.26916707	0.8396713	0.7051807	0.7240121	0.26226947	0.23203173	0.74094117	0.30254966	0.5889585
2161	0.48043934	0.54291934	0.7020191	0.9561653	0.58125633	0.90855384	0.20881504	0.96013975	0.61887527	0.64432085	0.8827625	0.46192768	0.97972107	0.58128256	0.32931703	0.8523182	0.22899166	0.22577561	0.8627571	0.24390411	0.48723224
2163	0.40034705	0.3888627	0.33382532	0.2782919	1.0604639	0.8981604	0.75847083	0.14925455	0.5132416	0.5662686	0.20309559	0.72579014	0.27181298	0.541226	1.1334925	0.31349874	0.40860358	0.25782317	0.8004422	0.78453857	0.9002374
2168	0.55021167	1.0015881	0.9434565	0.33429363	0.8987326	0.4965975	0.34401038	0.74182963	1.136227	0.62522966	0.36696178	0.5764416	1.0207398	0.79517305	0.40923434	0.78002584	0.749673	0.46286583	0.85761935	0.81742406	0.73621315
2169	0.57984364	0.40108332	0.3829667	0.28971365	1.033457	0.7758202	0.6749409	0.22415796	0.4859774	0.5982185	0.1942092	0.7400686	0.2756549	0.4626615	1.0838915	0.5023201	0.3689622	0.32690543	0.814136	0.7374177	0.88423383
2172	0.39172468	0.5315973	0.39046508	0.30866915	1.0155765	0.8879153	0.5925517	0.45710328	0.7159783	0.57702124	0.29402015	0.7254919	0.41498426	0.6573977	0.9158691	0.36738595	0.4289602	0.25344104	0.8863801	0.8054194	0.8571846
2179	0.8991196	0.38141036	0.23888068	0.2918468	1.0190686	0.94406056	0.7769336	0.46723807	0.83568835	0.5337088	0.23717265	0.68934035	0.29753226	0.55891883	1.0969104	0.38226777	0.41102076	0.24228638	0.8421229	0.8723623	0.820107
2180	0.7713218	0.4207311	0.6935237	0.3845254	0.9419006	0.9330937	0.2778263	0.89316446	0.69018424	0.61626583	0.35335898	0.6264961	0.94547194	0.59986854	0.345867	0.78739506	0.53665936	0.2600689	0.9287254	0.7626603	0.7151827
2182	0.7068163	0.78459436	0.72064245	0.30216578	1.0067732	0.6067416	0.3255488	0.40167922	1.2281185	0.5759887	0.29057336	0.6453559	0.48940927	0.89255434	0.3490087	0.5085493	0.8029193	0.5125587	0.76995856	0.7611862	0.83654606
2187	0.90358526	0.5151849	0.68562675	0.29465282	1.0018198	0.6558941	0.32196355	0.803149	0.98042476	0.5834635	0.2587638	0.698835	0.92277676	0.6848147	0.39431897	0.5033974	0.7275767	0.50609475	0.8636698	0.6871547	0.8107868
2193	0.62977487	0.43626675	0.32056952	0.58083117	0.50968885	0.69750565	0.3958848	0.728621	0.5975472	0.523147	0.4248776	0.59256375	0.77918744	0.5272098	0.39356422	0.74570525	0.2988366	0.3064065	0.8231685	0.3754778	0.56407845
2194	0.7963314	0.78081626	0.40186986	0.85865086	0.3938684	0.49193296	0.27548295	0.46179244	1.1050214	0.62215763	0.74042404	0.3543149	0.5101005	0.8314866	0.33270982	0.82281727	0.66409945	0.3141381	0.78304887	0.27101526	0.3538402
2195	0.3902394	0.45267442	0.59223616	0.96572816	0.3444308	0.7071574	0.27417904	0.9192185	0.52095807	0.5904626	0.7079281	0.31871438	0.9793998	0.49644977	0.33408153	0.8320091	0.23923907	0.23038225	0.84162205	0.23239666	0.7084289
2198	0.62420386	0.5444892	0.51214474	1.0184748	0.38628936	0.61329824	0.42855486	0.42550674	1.0943731	0.5467748	0.669286	0.40285906	0.33391628	0.9610734	0.4149998	0.7652854	0.2409715	0.25457072	0.65096056	0.24740925	0.43106624
2210	0.53118384	0.5880553	0.45461252	0.917787	0.3731526	0.8377695	0.33161604	0.9042595	1.0306131	0.6141365	0.8907963	0.48575082	0.6129317	0.7423535	0.38544208	0.7526084	0.20600542	0.2738875	0.7956403	0.24816084	0.4653259
2211	0.54121846	0.78702754	0.7841679	0.81470627	0.4463062	0.72944146	0.26068348	0.82940435	0.9681527	0.65546805	0.77181375	0.7140893	0.4004295	0.8969908	0.3468337	0.83632517	0.27971667	0.28677815	0.82468075	0.286946	0.40699297
2212	0.48150638	0.95631665	0.92313457	0.873218	0.55823004	0.4753382	0.33901423	0.4305686	0.81745166	0.61290133	0.55570024	0.22827874	0.57275873	0.8250727	0.4422714	0.72233194	0.28691903	0.29906386	0.53006184	0.8137459	0.27640674
2213	0.7734524	0.46683136	0.44560212	0.8804357	0.40523413	0.9172019	0.3273243	0.7150683	1.0609398	0.6100652	0.6440104	0.56071657	0.8266201	0.88549566	0.4099508	0.7057251	0.2901692	0.31967372	0.8638921	0.36549327	0.49124193
2218	0.35095736	0.6686177	0.6537011	0.74272233	0.37012935	0.82562625	0.2575331	0.8901758	0.8458366	0.6502426	0.83756083	0.5620095	0.6755157	0.8654807	0.3669359	0.78712296	0.29255626	0.2887841	0.7573971	0.32447687	0.41240236
2224	0.4037556	0.60374355	0.6170174	0.9173721	0.5237963	0.54996896	0.32104093	0.56161916	0.8978464	0.6182286	0.71000916	0.32912436	0.6874803	0.76057816	0.43646866	0.69596875	0.37520048	0.3044907	0.7419072	0.47638878	0.5369622
2225	0.6634976	0.40000728	0.28046826	0.50026506	0.6363891	0.7740964	0.26991767	0.77963877	1.0934604	0.57658935	0.6048013	0.65472454	0.328461	0.85325617	0.304273	0.5650273	0.35365275	0.7854858	0.83879554	0.74931633	0.788813
2226	0.29027897	0.6343559	0.6812687	0.8410137	0.52069455	0.90519464	0.28016597	0.84709555	1.0344702	0.69536424	0.8684795	0.6257102	1.0577334	0.8276116	0.40328613	0.75088274	0.2817658	0.28866625	0.84149396	0.39378414	0.63529956
2227	0.48026323	0.8509828	0.7720562	0.8594642	0.46334037	0.6708484	0.41755018	0.780401	0.9335433	0.61422276	0.70744383	0.47973073	0.779962	0.69338876	0.4837696	0.7544394	0.36184257	0.29464662	0.8008423	0.35630915	0.4946405
2228	0.43109888	0.42784497	0.7436483	0.8122009	0.57282114	0.7238761	0.28451443	0.7385119	0.741361	0.50840825	0.54942137	0.8415502	0.80363184	0.6215472	0.47578436	0.7429018	0.26664555	0.24111478	0.8936225	0.60906714	0.8203329
2230	0.6976383	0.39553514	0.34288454	0.31892285	0.85945284	0.6356316	0.54899514	0.8197151	0.61380875	0.51565516	0.43944713	0.702686	0.5262673	0.45749623	0.8546534	0.69938666	0.31210762	0.28291076	0.73684937	0.5732296	0.78648454
2231	0.4487636	0.7586236	0.5824484	0.8145996	0.5194773	0.5814854	0.3444919	0.60543793	1.0712804	0.6381493	0.6478436	0.5108196	0.68474215	0.906449	0.32600504	0.81029713	0.23371139	0.31232154	0.820416	0.28887925	0.4890837
3107	0.59856004	0.9033231	0.7632149	0.3005939	0.9083939	0.7218807	0.27449203	0.5516302	1.1756426	0.60428935	0.2592789	0.58843017	0.49093357	0.9292547	0.38489926	0.75341713	0.8229586	0.5846109	0.8207138	0.41221935	0.821767
3113	0.92756164	0.34293485	0.2520927	0.27894998	1.0613989	0.69573045	0.48280776	0.25841495	1.2460288	0.5148149	0.2116044	0.8645257	0.3198428	0.92089343	0.3958811	0.37195054	0.6440164	0.89359915	0.92379844	0.58048904	0.7959458
3117	0.8728833	0.4052249	0.4825705	0.31599542	1.032722	0.9371668	0.26875854	0.46255422	1.1838421	0.6247693	0.2303927	0.63039935	0.74709076	0.8882321	0.28425485	0.4401498	0.7922391	0.526694	0.8952546	0.87772626	0.83807474
3118	0.9229306	0.39164683	0.29080042	0.28568122	1.0413413	0.56123424	0.48826388	0.25669807	1.1139766	0.505892	0.19985002	0.67662746	0.7028662	0.92120934	0.54336655	0.41391093	0.6762992	0.8396569	0.8850649	0.69308347	0.7173985
3131	0.32550925	0.8378813	0.65993613	0.38148913	0.84852004	0.7981196	0.2512281	0.70008737	0.74942327	0.666553	0.4377595	0.36649263	0.3516616	0.7186737	0.4300792	0.7101019	0.4457511	0.36653394	0.72669524	0.831299	0.5684427
3137	0.31851897	0.91470337	0.9716779	0.43133524	0.73017484	0.39192486	0.29534286	0.7033685	0.92896336	0.6451887	0.44162706	0.12928966	0.999674	0.6563029	0.40088916	0.5535255	0.35960612	0.28660154	0.42282394	0.600386	0.18649165
3138	0.5807354	0.6682133	0.57757	0.3627988	0.9610591	0.44238013	0.36518076	0.37889755	0.8943975	0.5599413	0.41434243	0.17662011	0.29894415	0.753226	0.4541926	0.57164097	0.40928823	0.24990742	0.46694055	0.5664614	0.32167968
3140	0.30216417	0.94415236	0.9609562	0.34747595	0.9679875	0.4188232	0.34244147	0.67854	0.6398052	0.6842807	0.3133906	0.148826	0.6981924	0.635456	0.396653	0.50724417	0.47716364	0.359954	0.504616	0.7124863	0.3864371
3143	0.34458202	0.9619796	1.0011057	0.42123526	0.83961594	0.37969643	0.26643363	0.62250525	0.66589826	0.6852038	0.31621253	0.13038127	0.78597045	0.61204857	0.46589473	0.5739019	0.46008593	0.40766096	0.42478284	0.7957962	0.33512044
3150	0.3217767	0.8550875	0.8044697	0.7417758	0.5464562	0.76104754	0.2762845	0.8511292	0.65691733	0.6751009	0.76659775	0.3030881	0.61622214	0.6119509	0.37529698	0.8230604	0.28374892	0.24444704	0.81750524	0.4467142	0.44664457
3157	0.80730337	0.5735802	0.6116853	0.3649591	0.96339715	0.40422165	0.59280246	0.26713264	0.62447345	0.5926687	0.27158657	0.17464352	0.40134048	0.58168286	0.77447623	0.55731905	0.32691738	0.24689177	0.42972314	0.62446266	0.39833596
3159	0.2631514	0.922087	0.9936905	0.34001482	0.9865736	0.38424394	0.2914908	0.74468	0.6508188	0.6667326	0.31083918	0.15721378	0.753019	0.5375524	0.42982638	0.6806229	0.41912034	0.3271097	0.42609122	0.6328655	0.31500742
3170	0.87785953	0.47883603	0.44925746	0.3195862	0.9910335	0.61125374	0.6584786	0.40420198	0.63308346	0.6123807	0.32404745	0.58464485	0.36335966	0.6077163	0.7142259	0.5448096	0.45417354	0.392039	0.7918421	0.59058833	0.76984274
3187	0.3155177	0.98400456	0.99455696	0.57846916	0.6107462	0.39908367	0.22775926	0.46957567	0.9924235	0.6753811	0.4514973	0.17441346	0.29834455	0.8222587	0.42022008	0.7832688	0.28155693	0.28096986	0.7792067	0.532036	0.4322963
3189	0.41459316	0.7746134	0.8736155	0.34566388	0.9873586	0.60369617	0.31486845	0.6769508	0.7299599	0.6200907	0.38161042	0.15532397	0.5538049	0.594909	0.4226966	0.7389169	0.40925515	0.27425164	0.5170906	0.6959152	0.568458
3192	0.29804987	0.87541074	0.9752027	0.3504984	0.9836571	0.34201974	0.39376742	0.7523518	0.5683799	0.6491425	0.33583248	0.1061122	0.8308046	0.45979753	0.47092482	0.44914657	0.36545664	0.366535	0.44338468	0.5543582	0.25573343
3195	0.30210295	0.8780693	0.9706121	0.36549395	0.64577997	0.32740292	0.21052152	0.6668326	0.6654889	0.66118884	0.39669454	0.117249474	0.7875084	0.6447736	0.37213066	0.7184028	0.29249004	0.24612667	0.40247977	0.32011887	0.3498542
3207	0.3331761	0.68638	0.64005506	0.42569947	0.8867054	0.5289837	0.44355822	0.42151055	1.0307726	0.6201437	0.50760144	0.3197429	0.41338274	0.86059815	0.5120206	0.71427375	0.5239233	0.3369339	0.8139631	0.61512256	0.5119682
3211	0.74965537	0.9297152	0.8452509	0.31700698	0.9644657	0.5657866	0.6715119	0.4980177	0.9904089	0.55094075	0.27623945	0.19690266	0.6198679	0.68218213	0.7681742	0.5129636	0.4137885	0.4115463	0.8963302	0.49173442	0.6608053
3214	0.36645508	0.8292642	0.6543146	0.43782	0.9334783	0.39850065	0.49234483	0.46355462	0.9863048	0.5928828	0.36565316	0.21664403	0.3570046	0.7131001	0.52761155	0.5054971	0.50108457	0.41835243	0.49048084	0.64163476	0.35307908
3220	0.65162677	0.5320622	0.6736413	0.3111779	0.9373946	0.3907359	0.34162784	0.48583087	0.7895598	0.55442894	0.30083424	0.18539852	0.70503646	0.5868433	0.36791068	0.77665573	0.4189462	0.23987634	0.43814528	0.62242514	0.48961517
3223	0.32243815	0.9549788	1.0183704	0.4236315	0.7894246	0.615938	0.25001037	0.8354899	0.6487004	0.6351499	0.30683938	0.46180052	0.8813062	0.49034354	0.4621114	0.6913377	0.43508327	0.4282946	0.78871876	0.6595455	0.44182384
3225	0.372968	0.8229401	0.8894058	0.3537461	0.94665426	0.44540372	0.37372217	0.58392334	0.5867183	0.616358	0.35523543	0.12933418	0.45070451	0.571614	0.53415644	0.5515095	0.36531237	0.24746405	0.44179842	0.59774464	0.32368103
3231	0.79234535	0.6464262	0.7675594	0.30626205	0.9304214	0.76786345	0.47691664	0.29159594	0.9976113	0.5630713	0.29089198	0.6805741	0.73529637	0.9202803	0.2862527	0.5938435	0.540796	0.478081	0.7546716	0.6635227	0.81056195
3233	0.26862428	0.9768952	0.9307501	0.4650506	0.5101893	0.5718977	0.22234157	0.7424618	1.0666797	0.6598403	0.42734662	0.38619813	0.39081034	0.8081078	0.38360754	0.78292525	0.52803576	0.6356751	0.8112794	0.3239764	0.5113472
3237	0.29402956	0.9295319	0.9795544	0.37073275	0.91784316	0.3221364	0.4882652	0.595874	0.5602367	0.65640044	0.35589722	0.14181724	0.8796138	0.52472144	0.5278747	0.7196101	0.38760033	0.27266896	0.416905	0.60973215	0.258264
3248	0.75756294	0.46932137	0.6002335	0.30292514	0.9201403	0.45982775	0.24858439	0.26660788	1.136786	0.5762538	0.48999336	0.4355131	0.4818751	0.9193117	0.31746873	0.7784322	0.334286	0.23593794	0.66472125	0.36943203	0.28469992
3254	0.56600094	0.83435124	0.63724726	0.3507083	0.8545769	0.39293152	0.67415476	0.37956733	0.7622998	0.54137605	0.26153168	0.70603365	0.39808705	0.51020217	0.8664011	0.7595649	0.5793318	0.37562263	0.63729537	0.6916202	0.47957295
3260	0.86747485	0.48559356	0.35031435	0.29937238	0.95494497	0.57398486	0.2885501	0.234668	1.2366321	0.54266155	0.2064673	0.7272507	0.3203188	0.9524243	0.35315216	0.55556554	0.8145391	0.74773407	0.8144264	0.6465074	0.6938838
3263	0.67386496	0.6382865	0.6330439	0.5328375	0.89560866	0.525545	0.30432132	0.28301305	1.2595334	0.5532613	0.29343584	0.46329284	0.53517246	0.9203138	0.39383534	0.4659366	0.7442582	0.63808185	0.7650902	0.70735186	0.67086446
3264	0.6909921	0.53449017	0.47812596	0.291744	0.98258007	0.61843586	0.3133096	0.27052808	1.2132808	0.5568667	0.2591026	0.623201	0.27544352	0.85003847	0.35657817	0.5350772	0.8124207	0.7258502	0.8099553	0.68952036	0.70875865
3267	0.6898239	0.59563726	0.5594942	0.30566785	0.84477496	0.5783923	0.34352344	0.39621425	1.0992783	0.5673122	0.28119	0.44267815	0.48763096	0.84016997	0.39306125	0.71566266	0.7884078	0.8495571	0.7293883	0.65529186	0.709811
3272	0.7590675	0.5519656	0.37224597	0.2881283	0.9837629	0.50746936	0.34286934	0.18824786	1.2252355	0.58443797	0.24969786	0.6887123	0.28091288	0.90293825	0.3991293	0.5554223	0.73421365	0.7519361	0.78580076	0.7655998	0.673717
3274	0.73298985	0.42147234	0.33477175	0.3140992	0.8963422	0.34610277	0.41608623	0.26227325	1.2540323	0.49740764	0.20198615	0.7246891	0.8371443	0.9091729	0.37545845	0.77612454	0.7961753	0.94198257	0.644248	0.6224348	0.5340026
3283	0.62685287	0.49764282	0.46555895	0.74222773	0.49948007	0.538509	0.3612309	0.43624327	1.1458783	0.5895554	0.35753116	0.14089236	0.33987865	0.8408491	0.38723412	0.7784947	0.80935305	0.56800234	0.75327635	0.383574	0.37551478
3285	0.86209273	0.5101298	0.39612693	0.3637852	0.8598096	0.4834532	0.2929066	0.3014164	1.1990315	0.5285642	0.28157705	0.53613776	0.5542659	0.93284833	0.33594832	0.7657968	0.7159068	0.55801946	0.7284991	0.481673	0.62688935
3287	0.58490205	0.44962454	0.48067334	0.31320223	1.0022554	0.8062188	0.24059102	0.2890719	1.2131817	0.6322706	0.2567963	0.58803475	0.29903355	0.9499048	0.37451103	0.56217206	0.64678174	0.5881622	0.80594116	0.8284969	0.7521676
3290	0.7444327	0.45011574	0.2833333	0.30556476	1.023245	0.4043579	0.6169447	0.31901368	0.58373517	0.5080494	0.24551041	0.7170641	0.77819973	0.4479562	0.9450581	0.6981744	0.5266012	0.4164678	0.7999911	0.6341426	0.67734784
3292	0.6649222	0.37657022	0.35063517	0.301388	0.9939931	0.528726	0.33488575	0.2026314	0.9331665	0.5250116	0.27974492	0.52334374	0.27897063	0.85383856	0.5499394	0.693446	0.33357993	0.2834624	0.65491635	0.6586058	0.41322592
3302	0.5153106	0.51941186	0.94703734	0.97550356	0.43445396	0.43743446	0.43404585	0.53314286	1.0381861	0.5733267	0.7562701	0.70345235	0.5684591	0.6269359	0.42705953	0.80481887	0.30511636	0.4748528	0.72814345	0.38875803	0.36529598
3315	0.49857002	0.48095307	0.3970092	0.42944255	0.71125835	0.9401168	0.31198442	0.83749706	0.8077717	0.56688076	0.6371385	0.63621944	0.51083565	0.69767225	0.37554842	0.7910231	0.32594004	0.35148817	0.8818547	0.53331417	0.639234
3319	0.75436604	0.41556153	0.4390571	0.36351448	0.982856	0.29830903	0.47225925	0.82214165	0.5476676	0.50036347	0.27044785	0.6582977	0.85286355	0.34202707	0.2955837	0.799409	0.4882541	0.36894172	0.68832076	0.61559606	0.32537305
3320	0.5284155	0.8953144	0.7804542	0.41554642	0.9312689	0.56845504	0.3035797	0.403045	1.1358134	0.67649406	0.3586718	0.5164128	0.86430436	0.92851716	0.40299696	0.76523614	0.7612388	0.37366837	0.7330379	0.7047889	0.6065963
3321	0.64099455	0.59389687	0.5039915	0.40432933	0.77384704	0.5073033	0.31222588	0.54077244	1.0120125	0.58008903	0.40525857	0.35935107	0.63791484	0.6644081	0.39436528	0.75969064	0.56776863	0.6005049	0.65573835	0.707225	0.51866925
3325	0.46846122	0.77248377	0.7570198	0.5426287	0.4824104	0.7980695	0.2759148	0.5607373	1.115116	0.6350751	0.5841923	0.3840796	0.84772795	0.90945476	0.41007718	0.8143677	0.5883257	0.35236984	0.83648705	0.788342	0.60600895
3328	0.5788246	0.6145381	0.5822443	0.6209494	0.6997453	0.29461908	0.28557292	0.8641417	0.64201415	0.5190475	0.2686491	0.3666361	0.6243946	0.40019435	0.31980428	0.8173844	0.6216449	0.3559307	0.44565016	0.7340853	0.20459698
3338	0.6866343	0.6495208	0.52035636	0.7729786	0.49760386	0.45958093	0.2952554	0.30944142	1.1618068	0.59707916	0.3245563	0.47297776	0.37800366	0.83365035	0.32635084	0.7554594	0.6687066	0.52753437	0.7111161	0.58519113	0.42823884
3339	0.8966753	0.38163292	0.2921464	0.2824951	1.0413208	0.79914516	0.5213951	0.15197085	0.7004626	0.54303616	0.19924966	0.7730306	0.26301345	0.7524472	1.0801505	0.32940865	0.45930278	0.2922963	0.7377848	0.68325067	0.8264433
3344	0.8150754	0.40428886	0.41764703	0.29238534	1.0256877	0.55010813	0.57043505	0.36325893	0.9350248	0.48942998	0.24136615	0.6235469	0.44720373	0.8767727	0.8390779	0.5040643	0.6363792	0.9743582	0.7952066	0.7166645	0.72664
3347	0.7389743	0.45554	0.29453182	0.30895272	0.9754176	0.34050545	0.6588349	0.16567267	0.9960721	0.49465585	0.23828813	0.5804111	0.27095953	0.64963585	0.83179694	0.5220124	0.42679116	0.69648653	0.5651996	0.6548976	0.40134504
3348	0.73159266	0.5218413	0.5368121	0.9133713	0.3799507	0.4461411	0.36184612	0.30900404	0.9975009	0.5807225	0.42168024	0.3072959	0.4508884	0.79095745	0.32099614	0.7900994	0.27347556	0.24182785	0.6604594	0.49247503	0.45377192
3360	0.35343698	0.6390929	0.58442616	0.5040601	0.5744938	0.46266755	0.3322479	0.34045023	0.78008646	0.62120914	0.43747297	0.3423353	0.30753317	0.68671924	0.5309591	0.7873736	0.30663866	0.23410259	0.563748	0.5300169	0.45178145
3361	0.67306054	0.41402137	0.6054674	0.29313457	1.0136614	0.5314678	0.63014716	0.45110106	0.60085505	0.53774554	0.3133282	0.4030278	0.55084336	0.5171401	0.80666065	0.6613367	0.33468235	0.32889992	0.6805315	0.6479612	0.7258673
3366	0.7003735	0.36907393	0.3167116	0.30955446	1.034066	0.89109933	0.69906384	0.23190022	0.61235994	0.55191785	0.29688057	0.7296631	0.29011604	0.7332909	1.0155355	0.3406257	0.40701792	0.28063238	0.8340401	0.7287819	0.8629586
3370	0.93284744	0.35013157	0.25147945	0.29106882	1.0439363	0.69725764	0.5517436	0.3019778	1.2630564	0.5125235	0.2050515	0.8868349	0.3916575	0.878393	0.403402	0.42805415	0.66689944	0.84885675	0.9130064	0.6513713	0.8179386
3373	0.92613584	0.3568313	0.36636257	0.29313156	0.9737418	0.7240585	0.71942806	0.20766746	0.831265	0.54401976	0.19329354	0.81636405	0.28589442	0.72845423	0.7030414	0.48602653	0.361705	0.3614273	0.8215283	0.57112426	0.7959976
3378	0.3344695	0.51555884	0.7329751	0.5624816	0.72323555	0.6597527	0.52046734	0.48588654	0.8581064	0.5700203	0.48404056	0.60828644	0.38221648	0.5595109	0.92844623	0.76819223	0.2779197	0.30413133	0.7612467	0.59036314	0.7613169
3399	0.9013227	0.3934085	0.2658156	0.30276683	0.9364238	0.73769367	0.60508776	0.19176298	1.0130938	0.50591874	0.2431542	0.80854845	0.31407136	0.7850623	0.94108456	0.35879293	0.32414174	0.34094697	0.83711654	0.5099873	0.7055433
3401	0.90894216	0.47023895	0.29251465	0.35421163	0.863611	0.5437046	0.47413418	0.31711328	0.77571857	0.52206844	0.22625875	0.6420663	0.4465331	0.72054493	0.86053306	0.45268098	0.32705927	0.30581343	0.5775902	0.66791654	0.64302033
3404	0.423047	0.357402	0.3295725	0.33038977	0.9362274	0.83402514	0.567577	0.1747495	0.6902304	0.58055776	0.29606342	0.8050079	0.28423738	0.8327196	0.7493122	0.4065044	0.35057116	0.2126094	0.8374033	0.5964731	0.8404128
3414	0.9358179	0.4039639	0.35824877	0.28625894	1.0508341	0.7329709	0.6342044	0.29939306	1.2176033	0.5259158	0.21900728	0.85807645	0.4282268	0.8046258	0.4075463	0.3967317	0.5906715	0.6054545	0.9244759	0.57043695	0.82724446
3422	0.6656142	0.83286464	0.45876867	0.3141683	0.9150745	0.40563124	0.41102296	0.369114	1.2314937	0.54382867	0.2943772	0.63747334	0.35709697	0.8635482	0.39121532	0.789713	0.8327476	0.78738546	0.8272962	0.71501267	0.68474877
3423	0.8558489	0.3774128	0.40270075	0.29876703	0.99310875	0.71627176	0.32865056	0.32386857	1.2426883	0.51713705	0.23992829	0.72828645	0.46314007	0.92290926	0.3108045	0.4573411	0.859736	1.0200534	0.86807674	0.85854304	0.8108789
3426	0.86768687	0.43835145	0.32592	0.2779723	1.0310028	0.60462356	0.39258036	0.35330406	1.2371794	0.51928866	0.23753792	0.6832573	0.40738457	0.8864408	0.4966983	0.58183825	0.5615596	0.82730204	0.90007424	0.6138777	0.8290234
3427	0.4224817	0.4120915	0.63365406	0.3161224	0.95976686	0.8205311	0.3919514	0.4858479	0.64131564	0.5083064	0.35005313	0.749916	0.32376227	0.6832361	0.6427876	0.560344	0.35392353	0.26179346	0.76391387	0.6680786	0.73842245
3431	0.7914887	0.477666	0.82878894	0.32299548	0.9796586	0.49183884	0.3157021	0.6123257	0.5806933	0.54727614	0.30830726	0.58909	0.42538384	0.43177807	0.81242627	0.70572674	0.44393313	0.38597018	0.75129974	0.6960456	0.78664464
3436	0.5642799	0.40789273	0.2729203	0.32667986	1.0167018	0.5251676	0.39910483	0.28263012	1.2251511	0.5227318	0.2745955	0.73686147	0.38862047	0.84521097	0.46685523	0.63527423	0.5153804	0.8950401	0.8782702	0.6401208	0.7982994
3437	0.6903277	0.4219023	0.6410481	0.33330864	0.9376839	0.46961644	0.413854	0.3068671	1.0576893	0.5393532	0.2690158	0.21535285	0.29795113	0.62211657	0.50462943	0.67584175	0.5470945	0.6009234	0.6999373	0.7489605	0.6113185
3440	0.5456751	0.5731625	0.72324955	0.33786988	1.011122	0.54372823	0.4301905	0.8008694	0.73425996	0.6211536	0.3235903	0.6737106	0.67040884	0.56246245	0.49615273	0.67037934	0.584941	0.3692559	0.56147844	0.6914769	0.702683
3442	0.9162512	0.36217925	0.37064877	0.29055545	1.014822	0.6814298	0.78142446	0.7524258	0.75316226	0.52616245	0.24343851	0.8426264	0.6459204	0.56134737	0.9022649	0.41204053	0.43455285	0.4320749	0.90876126	0.41630003	0.7950018
3443	0.81185067	0.47777623	0.23430437	0.3547507	0.8348507	0.70653325	0.48474863	0.73176354	0.6892638	0.50576013	0.65032065	0.31662294	0.3536005	0.6176931	0.37517062	0.78119206	0.50041854	0.28073537	0.7202424	0.55286145	0.71244675
3450	0.91721207	0.34421813	0.3005388	0.29511592	1.043343	0.7987037	0.56441003	0.8172344	0.648773	0.55569935	0.25638947	0.83237505	0.61557645	0.5581829	0.70175314	0.42554304	0.49631265	0.5114473	0.93164	0.45891276	0.7564521
3451	0.8730725	0.40678728	0.5168894	0.32369247	1.0203208	0.6883267	0.7247109	0.31461424	0.84322125	0.56532955	0.2768231	0.18231699	0.34869748	0.77761	0.90156233	0.45696777	0.42980298	0.26440609	0.65793663	0.61694497	0.7805372
3462	0.71392626	0.73883957	0.66513824	0.29657865	0.9861813	0.5163239	0.37344417	0.275063	1.2334722	0.54636747	0.25489548	0.61630553	0.4893076	0.9088054	0.452793	0.7255591	0.6456749	0.8327357	0.87157106	0.37287816	0.8182299
3467	0.5286707	0.43345803	0.4716379	0.39450836	0.5330193	0.68394935	0.24879009	0.53223544	1.1704788	0.6202968	0.61464393	0.7488905	0.71389955	0.8436008	0.38095248	0.84761655	0.2680679	0.46679193	0.88570356	0.682835	0.48246887
3469	0.9163296	0.34920955	0.2604529	0.29569632	1.0233527	0.69376874	0.47192895	0.3108388	1.2154768	0.49648026	0.2243184	0.83238393	0.40774602	0.8430048	0.5074558	0.42381892	0.5528355	0.67128366	0.9248341	0.5749766	0.84000397
3474	0.42828336	0.5314172	0.30278397	0.30440295	0.9568494	0.43141967	0.60422057	0.38147813	0.9419842	0.5314062	0.28706002	0.6483519	0.3699274	0.70084345	0.9781485	0.40324107	0.4203549	0.46800965	0.7600905	0.7285852	0.6384082
3480	0.42568082	0.79408884	0.8939356	0.34549582	0.9326895	0.7691423	0.2707918	0.86591476	0.6477686	0.65923357	0.3363362	0.28165686	1.0317253	0.49157503	0.33607638	0.68817896	0.6220838	0.34023	0.8161698	0.69010586	0.64373136
3481	0.3926003	0.7718372	0.7101175	0.36940342	0.9899123	0.46923965	0.27265263	0.81343323	0.5251777	0.6352475	0.3028891	0.27499896	0.87361443	0.43100038	0.44513217	0.5433115	0.6190146	0.4212762	0.4743353	0.7626533	0.56095564
3492	0.74266577	0.45810997	0.31632143	0.3094922	1.0083041	0.70342493	0.45322287	0.3661608	0.9928422	0.5629629	0.26410812	0.7412869	0.4925276	0.7038923	0.5306321	0.55577576	0.5775562	0.41838872	0.82750607	0.69387186	0.72611666
3493	0.61150384	0.44174674	0.7114532	0.81332123	0.846633	0.68786514	0.31508127	0.8981804	0.9092732	0.61565906	0.32128182	0.24542795	0.99037665	0.7030848	0.30957577	0.61728615	0.76316905	0.6557877	0.5949567	0.8501983	0.752084
3498	0.6265773	0.5351114	0.7228144	0.2965901	0.9423884	0.6904922	0.5359013	0.3466432	0.5390354	0.58086544	0.25016505	0.36856845	0.30040473	0.48201323	0.83592355	0.5159705	0.45321372	0.29607207	0.681336	0.78084886	0.8064979
3502	0.49036723	0.41575885	0.661558	0.33664188	1.0182949	0.92389995	0.2958079	0.90527445	0.8139417	0.62894905	0.25994515	0.66692144	1.0074806	0.7687364	0.30800924	0.48359802	0.79126924	0.4886763	0.89732707	0.83909845	0.7426785
3514	0.61208487	0.4186186	0.417572	0.3290024	0.9873665	0.91782975	0.2663169	0.8325067	1.1538204	0.61665076	0.23612165	0.64635175	0.91448003	0.84193724	0.283413	0.49261296	0.72524583	0.6976184	0.9007113	0.8959997	0.84961873
3519	0.38239256	0.4184335	0.5651212	0.823097	0.42752916	0.50872916	0.2840774	0.89425457	0.73055595	0.57252276	0.619079	0.46061566	0.9226408	0.48086172	0.34338355	0.81858504	0.7013799	0.28399205	0.7508769	0.417831	0.37046847
3522	0.6239904	0.6713023	0.60308313	0.34508345	0.92615193	0.57615125	0.4857291	0.7744736	0.68997735	0.6069199	0.42053974	0.44248366	0.9663685	0.5648953	0.4282635	0.7744459	0.61705893	0.4334656	0.7599345	0.6574546	0.6731732
3523	0.45000583	0.45231745	0.6817518	0.32354924	0.8961215	0.47471237	0.28268626	0.5744981	0.92661166	0.5785358	0.4661515	0.37878844	0.7004733	0.69866735	0.34251103	0.52063566	0.46209237	0.2717862	0.6234288	0.59571	0.5749655
3525	0.42217493	0.9145322	0.8537636	0.39167792	0.76123273	0.43256426	0.34478378	0.7180308	1.0319678	0.6121168	0.41193074	0.3490375	0.6841746	0.7272462	0.32683206	0.8144335	0.7935215	0.5032832	0.6858824	0.81406844	0.4473306
3528	0.36659664	0.6275632	0.6768609	0.33777773	0.81279635	0.76405704	0.335873	0.61464965	0.8633219	0.6284567	0.3384385	0.29929763	0.6496923	0.54787976	0.42661062	0.7143732	0.54529554	0.49496788	0.72431	0.7435282	0.72072816
3533	0.51086247	0.8372561	0.7884371	0.32873687	1.0045747	0.56963855	0.3471183	0.8583748	0.78695285	0.62069577	0.313972	0.30008695	0.8628205	0.63654596	0.39331108	0.5642489	0.6810634	0.52532566	0.61296713	0.72388303	0.59588075
3536	0.7101874	0.38383552	0.34448668	0.3709016	0.36024767	0.6531711	0.40282512	0.8513552	0.7380275	0.55938643	0.72212404	0.36599275	0.36856055	0.6770973	0.42234614	0.7955789	0.2606735	0.27438563	0.72230875	0.32168037	0.39434016
3538	0.66264194	0.33485284	0.5614437	1.0078999	0.29909194	0.9931577	0.2714857	0.84897846	0.81293154	0.68366486	0.9303941	0.5540716	0.7871286	0.7850206	0.29506168	0.83914834	0.19479144	0.20981064	0.890279	0.23904479	0.509612
3542	0.5262633	0.42311385	0.525557	1.0565791	0.31878135	0.7262284	0.4579561	0.6362465	0.8699077	0.5465545	0.7792432	0.6776942	0.6956686	0.59861237	0.56459343	0.84167355	0.19782594	0.23401463	0.77105653	0.24026236	0.4224814
3546	0.6939897	0.45883116	0.6684418	1.0368725	0.3327627	0.95616865	0.29031244	0.90304023	0.90792805	0.62539196	0.8915446	0.44841713	0.5017817	0.7689336	0.31406096	0.82696617	0.2375502	0.21551706	0.7358948	0.2588768	0.49441928
3576	0.8952417	0.3651336	0.45920917	1.0069054	0.28399497	0.92674947	0.26683366	0.45954782	1.1303856	0.61078554	1.0189265	0.7276843	0.5418357	0.8768273	0.284555	0.7814313	0.21237397	0.24639893	0.87151605	0.20965844	0.6429088
3579	0.3410182	0.3386239	0.77653253	0.89409596	0.36207908	0.5019234	0.1853822	0.88639635	0.6399682	0.6469238	0.9008895	0.8112322	0.744916	0.520061	0.48694935	0.82743704	0.2378135	0.2602023	0.85261977	0.28974414	0.7019853
3584	0.38023165	0.80053675	0.9441313	1.0646528	0.40395656	0.49989069	0.3352809	0.63561535	0.6397554	0.64438754	0.78917426	0.22876117	0.86247534	0.61016583	0.49930456	0.7659608	0.3154746	0.26957315	0.5480039	0.3173524	0.36332583
3586	0.7286009	0.35445008	0.6481914	1.0176651	0.39484948	0.6143052	0.25886267	0.90001076	0.6140869	0.53311384	0.8012499	0.75037044	0.4729538	0.4700195	0.48328134	0.80222625	0.24043247	0.27138197	0.84024745	0.24965718	0.7118351
3587	0.6640754	0.44859314	0.6486431	1.0195074	0.29175144	0.95950633	0.2832674	0.43989864	1.1282558	0.6055539	0.9698063	0.7646558	0.77791727	0.9062782	0.32519144	0.8273598	0.22386745	0.27587092	0.86328447	0.23287949	0.43403187
3589	0.27359006	0.5875067	0.70555794	0.9387033	0.33680326	0.9242848	0.2814346	0.80675673	1.001574	0.644807	1.0087457	0.6437842	0.8956723	0.6389448	0.48948097	0.82327765	0.20988283	0.22315381	0.84671116	0.20222506	0.7619939
3601	0.32664356	0.43725327	0.82367885	1.042432	0.2766887	0.53006715	0.2975644	0.6800283	0.9970142	0.63246846	0.9184407	0.65037453	0.95459634	0.6033216	0.30009604	0.863614	0.18433389	0.22836535	0.75669134	0.2000351	0.32846934
3603	0.34988958	0.39095905	0.6659329	0.9748392	0.3506214	0.8064367	0.28478593	0.8606436	0.6125135	0.6485966	0.80810356	0.37272695	0.95994365	0.50510806	0.32181305	0.82486933	0.27779678	0.2505333	0.8273672	0.25477389	0.49032092
3604	0.38518083	0.53376573	0.76000637	1.0763835	0.35797632	0.5717861	0.29377997	0.6259954	0.9609529	0.6277793	0.77053356	0.3907197	0.6335225	0.75642276	0.3219536	0.7752087	0.22878397	0.2590899	0.7265333	0.2290408	0.4029724
3605	0.57003856	0.36768436	0.4768595	0.7568213	0.3895898	0.95409065	0.2636996	0.71666867	0.9571507	0.6526238	0.8387914	0.7735271	0.8747698	0.84920126	0.36413988	0.84873354	0.27595878	0.21325944	0.86310726	0.3335824	0.5777113
3612	0.31196597	0.5873273	0.8159385	0.9611057	0.3649162	0.7788952	0.40704244	0.8551981	0.92794365	0.63591903	0.9575847	0.63210166	0.68792516	0.6034292	0.5332593	0.7966682	0.22612157	0.23687801	0.8412521	0.25448415	0.7172511
3615	0.3383579	0.64870936	0.8754867	1.1059924	0.3578911	0.45820865	0.35469535	0.6290766	0.92814547	0.5948931	0.71771204	0.15782622	0.60458446	0.66090196	0.43039995	0.8036509	0.22992373	0.2584795	0.54532224	0.27361465	0.42142707
3618	0.4108954	0.37933877	0.5571378	0.99011445	0.28769797	0.98205346	0.24074848	0.9086361	0.83832973	0.66935444	0.90397716	0.7650637	0.7113406	0.8223033	0.3347556	0.849111	0.21811667	0.21926579	0.87900203	0.24244103	0.51282346
3620	0.44050163	0.6995526	0.5828716	0.950904	0.377103	0.66184205	0.41022134	0.8604222	0.6474933	0.5650471	0.6017539	0.36985663	0.89850026	0.6614629	0.38438368	0.83392173	0.3030206	0.24930729	0.8059095	0.2761879	0.46381202
3639	0.33274361	0.5110012	0.81872416	0.5987183	0.44580105	0.49045575	0.2754435	0.79196614	0.74274844	0.6758725	0.9281615	0.47350767	0.7589385	0.696296	0.40607005	0.79410493	0.28974974	0.26116204	0.6327549	0.3489664	0.60523283
3641	0.55991846	0.32908943	0.45178705	0.9922063	0.3147532	0.894692	0.31979898	0.80945355	0.6599954	0.62824976	0.9032959	0.7195937	0.85739017	0.7827389	0.38822135	0.84425706	0.25098112	0.24340741	0.8484499	0.22312245	0.38587892
3644	0.31554413	0.76610905	0.74805117	0.9693423	0.51330155	0.4317153	0.29965812	0.37455815	1.0175636	0.5843087	0.5850529	0.22864346	0.3027771	0.7946975	0.4331827	0.773558	0.28155503	0.27870274	0.63739026	0.36665317	0.43003497
3645	0.6769683	0.5657396	0.5122313	1.0471388	0.3681886	0.9399291	0.29606602	0.8803639	0.741709	0.61238533	0.81741375	0.49191558	0.51818407	0.6195758	0.34703618	0.6250915	0.20504305	0.23755704	0.8051144	0.32970828	0.574205
3647	0.30318245	0.9017265	0.9577121	1.0564256	0.36042315	0.42381704	0.31317568	0.71996117	0.5759969	0.6716253	0.80669874	0.15371767	0.9639849	0.55390483	0.4032624	0.7899728	0.26424438	0.24956533	0.52445483	0.3033042	0.36700857
3649	0.27834538	0.42297322	0.7796401	0.9855754	0.40055847	0.6924587	0.17899501	0.8916217	0.6044857	0.63870806	0.924701	0.22061977	1.0375075	0.56541693	0.3334397	0.8492445	0.21509308	0.2332682	0.89735997	0.18503508	0.6007828
3651	0.30327472	0.623377	0.9963759	0.9618591	0.4469082	0.5886097	0.23531273	0.91345334	0.5995826	0.66829574	0.7116183	0.107520364	1.0179998	0.56804633	0.32092762	0.8084274	0.23127171	0.25955033	0.41456136	0.3043332	0.31869245
3662	0.75122917	0.47460693	0.44105595	0.3349337	0.5456885	0.73194265	0.40999153	0.39914888	1.145498	0.6192673	0.4662951	0.6223055	0.4580441	0.92030144	0.41204792	0.7334914	0.29022965	0.27936447	0.78877896	0.49777484	0.6204711
3672	0.30816853	0.99715453	0.99511755	0.90702045	0.4308304	0.49829978	0.263149	0.48188734	0.70588374	0.67506784	0.5759605	0.30781916	0.5766467	0.7205887	0.49946976	0.7294397	0.29389387	0.25758183	0.756341	0.41391733	0.24967645
3676	0.2540299	0.70465606	0.9904713	0.72170734	0.42088836	0.50629336	0.18668988	0.7420033	0.5761688	0.6355809	0.4819721	0.5586612	1.0454134	0.53651184	0.37394962	0.83022916	0.25237712	0.24364279	0.71903425	0.23332912	0.40964314
3686	0.27559045	0.49513993	0.8346923	0.8898494	0.37658396	0.3313723	0.25503242	0.92068046	0.6098504	0.5724052	0.6222231	0.23941684	0.8482206	0.45162222	0.32860795	0.8458739	0.21838936	0.23593113	0.5967114	0.24430254	0.17137174
3687	0.535069	0.52760684	0.8696694	0.8840383	0.4698698	0.40822607	0.50103885	0.4849591	0.9999466	0.55456775	0.6888819	0.5816208	0.40795234	0.59706455	0.4250546	0.82791245	0.36689243	0.43126065	0.6730263	0.41051802	0.30887124
3697	0.35132068	0.9129471	0.9614191	0.41946477	0.96505827	0.32921866	0.2799251	0.8658395	0.5575828	0.6583531	0.32463646	0.19307177	0.88175815	0.47426385	0.38396642	0.7628972	0.6633682	0.41744024	0.43254274	0.65362996	0.25368577
3701	0.5675742	0.8068973	0.812712	0.3136798	1.0101242	0.53735965	0.4438544	0.85145396	1.0740128	0.63929963	0.2955624	0.32560393	0.7479879	0.76093715	0.39421174	0.7786455	0.5824545	0.48424613	0.8031433	0.6690158	0.77502435
3704	0.42645326	0.7155023	0.8522458	0.78989697	0.44353825	0.54545313	0.32097477	0.727227	0.68416196	0.6207744	0.57023704	0.2397385	0.6599864	0.49388924	0.34659356	0.7785057	0.32537442	0.34445423	0.6536429	0.29477093	0.45094854
3706	0.7757244	0.47208172	0.3759292	0.3098099	0.7449423	0.5518016	0.525904	0.1860162	0.60399634	0.54906464	0.19823934	0.4484091	0.25646526	0.50956196	0.6938592	0.7128981	0.31881583	0.28420573	0.67652774	0.7566054	0.57534826
3708	0.30359027	0.9790762	0.85788226	0.8582838	0.45664465	0.24507141	0.21431467	0.90011024	0.5887086	0.66719013	0.6458865	0.26521537	1.0246682	0.40599808	0.29147023	0.8127182	0.24197328	0.24520126	0.43198058	0.21514228	0.0914497
3709	0.28515437	0.5744905	0.7237787	0.44468722	0.49428988	0.40599513	0.2763374	0.7181363	0.6687474	0.61236733	0.37985387	0.23722899	0.4660109	0.5360162	0.37951192	0.806774	0.32525614	0.25431988	0.50827885	0.5904225	0.24838218
3710	0.4975935	0.4717426	0.56064916	0.4286521	0.8432478	0.652137	0.5394897	0.3764234	1.1104268	0.5291537	0.31585747	0.62181556	0.3688647	0.82755923	0.7511115	0.50483304	0.4755725	0.73590267	0.8557189	0.6229407	0.6025122
3712	0.7437197	0.596929	0.5731664	0.85730034	0.5333968	0.34290108	0.43315622	0.34335378	1.1650708	0.5558969	0.5358459	0.15419142	0.6307495	0.81977093	0.3577314	0.7731409	0.4032252	0.51333654	0.7564312	0.37930727	0.23779897
3725	0.29876673	0.5797016	0.8190829	0.78384024	0.60962063	0.554193	0.27643847	0.84531206	0.87779945	0.608197	0.63041526	0.48610422	0.9100077	0.7082625	0.3165228	0.59920824	0.29618162	0.35522628	0.7937747	0.2840813	0.6256695
3726	0.68555963	0.45992205	0.5010648	0.5168114	0.66845006	0.68404984	0.36342555	0.28695554	1.1598924	0.59353864	0.2925839	0.51580054	0.47740597	0.8915361	0.41704965	0.82355	0.44943988	0.4173525	0.79791963	0.62014747	0.6456981
3733	0.24966663	0.9644872	1.0577308	0.4090081	0.50507784	0.44662106	0.15475212	0.79848784	0.6263252	0.6942818	0.39554542	0.16911182	1.0093852	0.6056959	0.3361101	0.7944824	0.25302464	0.2632316	0.5325383	0.25059167	0.29392794
3734	0.88392526	0.4048178	0.29951268	0.28217354	0.9092065	0.777921	0.6623645	0.18561536	0.50848305	0.5504926	0.19769052	0.5211929	0.26878044	0.47327814	0.8350672	0.60379666	0.2870899	0.31343055	0.7484602	0.76607686	0.7118119
3737	0.46971136	0.65318847	0.58458865	0.3134665	1.0008444	0.7366801	0.4457527	0.6543831	0.6894708	0.6264855	0.32232925	0.68993044	0.40959075	0.5379791	0.9430679	0.43723106	0.5139085	0.39421898	0.80923903	0.694202	0.7709306
3748	0.3272397	0.7707686	1.0819985	0.6154013	0.4260737	0.38607422	0.19145614	0.8030845	0.58468646	0.68411535	0.6325281	0.3074986	0.88717115	0.46669286	0.39462766	0.7665796	0.27162904	0.2595278	0.6940982	0.35435992	0.2639441
3773	0.26971453	0.9993914	0.8791852	0.63538575	0.5161221	0.33819827	0.23108152	0.60871243	1.0049006	0.6828193	0.5849745	0.23208095	1.0467196	0.7854379	0.37855107	0.77803564	0.34646994	0.27089077	0.7560649	0.50967443	0.31080356
3779	0.33063743	0.4635844	0.8829302	1.0648483	0.33978522	0.71262974	0.19963476	0.9558403	0.568293	0.63474405	0.8860144	0.33919987	0.89611286	0.5247564	0.2729581	0.85216993	0.20274058	0.25214988	0.81798047	0.22527322	0.39875644
3797	0.282186	0.73751754	0.958035	1.0916822	0.3419777	0.49287134	0.3007399	0.6166677	0.91631204	0.6834754	0.9110503	0.2487314	0.90889406	0.65911883	0.36628348	0.74764013	0.2344414	0.23174159	0.60425675	0.23428383	0.35685566
3804	0.4629419	0.44978464	0.6344621	1.0041134	0.44971138	0.8019344	0.24633491	0.91775745	0.5910253	0.5936515	0.5814767	0.5452689	0.93940395	0.44938627	0.3956177	0.8291072	0.19377965	0.23741332	0.8478697	0.28989524	0.65576285
3811	0.26371422	0.49342057	0.85586435	1.071571	0.30530557	0.87230307	0.17704365	0.35253662	1.0038891	0.65046054	0.9746108	0.3913074	0.2881418	0.8198081	0.29054916	0.8246193	0.21246022	0.21156116	0.84829956	0.19959792	0.37187418
3816	0.5901406	0.9119862	0.74352956	0.9844071	0.41579407	0.81474656	0.20400226	0.98653185	0.5970718	0.6298043	0.82377964	0.31094107	0.85270953	0.6262473	0.2748122	0.83664656	0.19056675	0.2427957	0.83026546	0.23277661	0.33799687
3819	0.26546335	0.48277813	0.81063783	1.04464	0.37507257	0.87656915	0.1826519	0.9714655	0.55135286	0.6615697	0.9582873	0.4457518	0.430243	0.59797454	0.28953308	0.799544	0.22789615	0.23157284	0.8053098	0.21083257	0.5997541
3827	0.6577648	0.52477795	0.7590727	1.0416012	0.30152744	0.84818643	0.20056956	0.9642477	0.7747033	0.60404867	0.82331437	0.44268307	0.46594563	0.66824025	0.26094148	0.8473628	0.17708236	0.21900217	0.79806644	0.21201697	0.3829601
3830	0.45563644	0.38934705	0.81771463	1.0228242	0.31893083	0.7345301	0.32293943	0.8946071	0.6017427	0.62734425	0.8451636	0.53360075	0.93883276	0.5730361	0.32073876	0.86040825	0.18528974	0.24231772	0.8121292	0.20276669	0.48699355
3833	0.8245318	0.617061	0.60525	0.36157796	0.9135701	0.59990704	0.3945527	0.28359258	1.2090228	0.5401959	0.26336527	0.7861259	0.7034559	0.8715527	0.39008936	0.73918664	0.6419015	0.43299288	0.813391	0.7113005	0.76107854
3836	0.6529641	0.86220056	0.6137978	0.74140584	0.5371006	0.6347799	0.37069225	0.38963374	1.2118094	0.60028845	0.43861	0.70334697	0.78929514	0.8259401	0.5400585	0.7190344	0.48397484	0.3301816	0.81785417	0.6343178	0.50643754
3850	0.44157478	0.446122	0.8766712	0.971049	0.3840903	0.6490543	0.23799504	0.94310033	0.5796189	0.54288983	0.8167288	0.19506292	0.7216567	0.42833585	0.4597255	0.81852174	0.2155455	0.23440845	0.8061098	0.22514844	0.5240325
3857	0.86390287	0.44435775	0.32649684	0.3370367	0.62106276	0.4634249	0.4695775	0.32789305	1.1721457	0.49792314	0.39584026	0.76444453	0.8453828	0.8256312	0.3643343	0.63540816	0.21606812	0.39246857	0.688164	0.35596353	0.40612406
3859	0.40179527	0.5925637	0.7041358	0.81029505	0.42892665	0.8132064	0.4099639	0.6229565	0.88637096	0.61630553	0.6084133	0.5772404	0.82158345	0.85346836	0.48836747	0.7812716	0.27193648	0.2708195	0.8093935	0.29218945	0.6734715
3864	0.7572992	0.44775993	0.36135906	0.95889544	0.37756774	0.4849391	0.28691304	0.2788045	1.17345	0.546187	0.57980394	0.6854973	0.37370473	0.9179187	0.36612782	0.8241518	0.22811523	0.3590263	0.7874768	0.24001381	0.26840404
3866	0.43354273	0.7031525	0.68130213	0.7888401	0.4902131	0.73931193	0.27602428	0.5296144	0.9235955	0.5997953	0.5958974	0.66786623	0.7163587	0.89394414	0.5425831	0.7061294	0.34763765	0.28876722	0.8841981	0.31324503	0.5696028
3868	0.69475114	0.5048361	0.5154702	1.0788037	0.3159333	0.92308533	0.21325482	0.8461693	0.6287601	0.5782589	0.9381526	0.36527294	0.46680468	0.64198613	0.3047492	0.8701402	0.20616004	0.21679531	0.78538704	0.22008649	0.35247508
3873	0.42886966	0.75081223	0.5220682	0.4130438	0.40673512	0.62654936	0.3754956	0.3128164	1.1453809	0.5883894	0.5493514	0.588652	0.44573027	0.8736129	0.42079213	0.7196641	0.48004806	0.40216196	0.7891455	0.37822762	0.5572748
3882	0.40272066	0.44611457	0.43551707	0.98390895	0.33701003	0.8017581	0.3266567	0.79696625	0.7574812	0.60365236	0.7948853	0.41510144	0.6687926	0.73468477	0.3652124	0.83806276	0.24703425	0.22790849	0.7818749	0.29148844	0.48954478
3884	0.7171402	0.50237614	0.32814923	0.9763756	0.42695665	0.584135	0.24583042	0.59519213	1.0010169	0.5381974	0.5991823	0.403051	0.46433493	0.8980405	0.3238872	0.8434642	0.31594306	0.25899798	0.77111083	0.31887364	0.40283802
3887	0.39007786	0.46805087	0.4472506	0.9749061	0.33773217	0.9694802	0.25167686	0.93057597	0.682025	0.6694798	0.9172552	0.6964849	0.95293564	0.71239	0.33103904	0.84648883	0.20538652	0.22117104	0.9061128	0.2222155	0.55860686
3890	0.88555294	0.37582457	0.23972629	0.3049039	0.89901394	0.5852545	0.49923456	0.2024772	0.9136515	0.4867398	0.22061604	0.75167996	0.2737275	0.6423994	0.6776332	0.44924214	0.33879602	0.59061706	0.8173482	0.5390486	0.7410849
3893	0.34381744	0.58753085	0.99108917	0.9865335	0.38341218	0.6204986	0.29726475	0.8244574	0.729151	0.67886245	0.8930202	0.48418775	0.9912122	0.62312496	0.42664447	0.77359277	0.24538884	0.21541333	0.5379504	0.26854604	0.46077007
3919	0.72146434	0.5028073	0.42864484	0.39244416	0.8152959	0.9337581	0.6607642	0.8150622	0.94665855	0.58527637	0.6517608	0.48132992	0.3896083	0.5943591	0.48907295	0.48009863	0.40809682	0.33681256	0.78871727	0.7825627	0.7658886
3923	0.49278337	0.43766052	0.4101709	0.9779714	0.33261615	0.8589627	0.3074598	0.88981396	0.66167605	0.6572675	0.824455	0.47391367	0.78302824	0.56569064	0.34963182	0.83031714	0.22810775	0.2503932	0.8677638	0.30574048	0.5067636
3926	0.38442588	0.8960591	0.957435	0.9830215	0.39683914	0.86147124	0.26167816	0.91703063	0.60010064	0.65730387	0.7614981	0.2682177	1.0067017	0.49909014	0.3524046	0.7816042	0.23292986	0.2512039	0.6911829	0.2677805	0.21052225
3934	0.47436902	0.44950524	0.30166888	0.78780526	0.48553362	0.82658523	0.5246957	0.5643705	1.025317	0.5548823	0.7927603	0.7187805	0.7157841	0.74479973	0.8190369	0.641989	0.2829372	0.3083263	0.8410231	0.40254536	0.6900361
3936	0.35196328	0.5230772	0.86744183	1.0345576	0.45579505	0.7200628	0.23110223	0.9158115	0.67587227	0.6518197	0.9089085	0.56384665	0.46635592	0.51098025	0.36019266	0.78691685	0.25425065	0.28447145	0.82489187	0.27111128	0.53164375
3937	0.76244664	0.43848202	0.48702306	1.0201722	0.40487206	0.928228	0.60049766	0.78179675	0.7878867	0.56765085	0.89597875	0.7172041	0.6394265	0.6986544	0.5050512	0.7459347	0.25035262	0.24603672	0.85771316	0.33566728	0.6786782
3942	0.7572665	0.4084088	0.38558978	0.92258584	0.40365902	0.98303825	0.57554144	0.86334926	0.9706998	0.5660254	1.0170393	0.72889745	0.589855	0.7452932	0.49436688	0.78756714	0.25673878	0.27229118	0.8965565	0.18140316	0.78225213
3944	0.6784219	0.6203024	0.83839405	0.9834701	0.37081078	0.6821451	0.28252038	0.80206615	0.8352791	0.60791093	0.7215908	0.44826338	0.96962506	0.6927475	0.33074644	0.83428353	0.21041304	0.25247294	0.7946517	0.30749583	0.35959527
3948	0.7540424	0.5158073	0.6212143	0.7417561	0.867845	0.84407866	0.49551505	0.7030558	0.7147854	0.61100405	0.4431251	0.4114382	0.30190486	0.5193276	0.88721	0.6655549	0.42670712	0.25588375	0.85294616	0.6960011	0.6227975
3964	0.7990145	0.5181229	0.37442738	0.56899416	0.58677465	0.7295803	0.29371366	0.74473274	0.8502184	0.5992537	0.4281625	0.54831713	0.7282658	0.85140896	0.34301257	0.5752362	0.28127053	0.32919967	0.8627957	0.58377385	0.69543004
3966	0.62109333	0.48183528	0.51069486	0.33954698	0.9129729	0.6459978	0.5525904	0.4466293	1.0235671	0.55763113	0.37837008	0.36112213	0.37918764	0.77654994	0.5167267	0.69523746	0.4704766	0.27724004	0.7314315	0.6693701	0.6412217
3969	0.83629143	0.34750772	0.30597547	0.30618674	0.96848226	0.53003037	0.33394194	0.2592103	1.1666566	0.51878554	0.2594406	0.65490675	0.41793054	0.7989726	0.34748554	0.45239347	0.4559323	0.7132033	0.8288817	0.53527784	0.62904567
3973	0.48338103	0.54798913	0.6384866	0.9204692	0.5505686	0.89488715	0.2857908	0.77295	0.6892685	0.5879364	0.6880402	0.5500939	0.9589165	0.51669234	0.34496266	0.7264702	0.20509571	0.257174	0.8496845	0.48393512	0.65243965
3975	0.5024636	0.4209201	0.5960195	1.0192362	0.30221266	0.8561235	0.2566867	0.8985219	0.6826925	0.6687286	0.8614076	0.6883863	0.79091656	0.6966384	0.33350798	0.83155406	0.22501555	0.23260204	0.8676109	0.22759622	0.5223675
3983	0.29276294	0.55810297	0.76945376	1.0261611	0.34292945	0.79119647	0.22782885	0.8272821	0.68156236	0.6430932	0.79845065	0.41755667	0.7566134	0.79299504	0.3248732	0.7819926	0.20244592	0.23405966	0.6283892	0.27162078	0.4146069
3991	0.37499917	0.6196145	0.7878978	0.92031264	0.39357883	0.7543543	0.19975537	0.8938266	0.5667629	0.6614732	0.8063268	0.35166967	1.0376906	0.45218268	0.3189284	0.8477512	0.20171309	0.25822106	0.7763514	0.261318	0.6125167
3998	0.27598795	0.5141845	0.8844028	0.3450995	0.4159005	0.79616255	0.21645676	0.85118866	0.69810855	0.6411885	0.7338713	0.32411632	0.37643746	0.63466233	0.34877816	0.74284226	0.2793559	0.22937244	0.70007473	0.59436244	0.5851851
4117	0.69457656	0.7694065	0.7126315	0.32252887	0.707116	0.8415056	0.23922618	0.9981512	0.56309384	0.60814476	0.46186283	0.30273107	0.9206784	0.53216094	0.32073143	0.8089512	0.5741581	0.24440685	0.75846845	0.6161465	0.5259147
4146	0.8135349	0.43657452	0.3060606	0.32350782	1.0156635	0.3517589	0.339045	0.24689618	1.1162877	0.518762	0.24326062	0.52236396	0.34159607	0.78934497	0.34708998	0.75626856	0.7937004	0.66123104	0.5959724	0.5979017	0.54099095
4150	0.78103316	0.5980223	0.42239577	0.31424415	0.37991244	0.52984565	0.30165225	0.26885855	1.2572329	0.57838315	0.64938986	0.5180624	0.50829566	0.965662	0.41505018	0.7044664	0.68613476	0.6782649	0.78064466	0.4389961	0.40911943
4151	0.9007478	0.3914915	0.33860177	0.30676338	0.98172045	0.71225446	0.3661465	0.29785714	1.2658057	0.4923744	0.23945269	0.72919214	0.31461194	0.89857256	0.35219646	0.43573245	0.5758291	1.0123214	0.8572908	0.5426669	0.80546975
4155	0.79303277	0.399654	0.46619686	0.34847495	0.68491465	0.79232883	0.28316697	0.2971461	1.1772773	0.6185327	0.2447084	0.54249257	0.2815932	0.9365593	0.3527484	0.70255315	0.2947266	0.2499715	0.8009533	0.37657776	0.70309615
4163	0.31885818	0.79914176	0.92418694	0.89439243	0.518049	0.505874	0.2899905	0.57359487	0.727813	0.607183	0.56786424	0.36849496	0.71752197	0.5531009	0.5389816	0.7565852	0.32630667	0.23677583	0.59322494	0.4674485	0.6437352
4165	0.2999016	0.38780162	0.8012625	0.9087902	0.35725725	0.9211336	0.31885403	0.8404009	1.0232848	0.6862711	1.0615865	0.726148	0.8100418	0.67623544	0.6251933	0.83638644	0.22771785	0.2319968	0.89530534	0.18926921	0.8523739
4170	0.27376485	0.9096851	1.0273265	0.46775597	0.6918964	0.37250787	0.18753654	0.7568909	0.6576525	0.66195947	0.35258397	0.30779293	0.91048074	0.46832576	0.43112287	0.78281015	0.56073385	0.2719121	0.6164869	0.5936244	0.34239307
4174	0.30607665	0.88760084	0.92644805	0.35342714	0.8034424	0.59862334	0.27475733	0.5056843	0.7710254	0.650397	0.38336992	0.16936275	0.69276965	0.7296093	0.47633022	0.7526006	0.46621755	0.34438378	0.6647434	0.34707996	0.5052067
4213	0.24012104	0.9923683	0.8900237	0.6750449	0.5414954	0.75170183	0.16320804	0.74471045	1.0238245	0.67870003	0.6994637	0.6912347	0.93218535	0.91678405	0.36883816	0.79969525	0.29921767	0.25036559	0.86450154	0.44644845	0.47532392
4215	0.65578866	0.9702657	0.82462704	0.33675638	0.89996123	0.500473	0.23920631	0.31246597	1.1888915	0.6335405	0.41238564	0.23019013	0.26521254	0.93724996	0.3533414	0.78784925	0.41354576	0.2501983	0.8369894	0.691541	0.6363218
4217	0.2660828	0.9461884	0.9511988	0.36342475	0.887003	0.72437596	0.24036205	0.73057836	0.8351487	0.6593655	0.5348675	0.18709788	0.31114036	0.7472988	0.35915947	0.7436631	0.34255403	0.33127654	0.73062295	0.8301991	0.6626746
4254	0.37518632	0.79776204	0.8764715	0.33476794	0.59038377	0.50184834	0.24802363	0.3088989	1.1187875	0.62242454	0.38513646	0.20193878	0.27077544	0.93716913	0.3941669	0.81665254	0.50049603	0.23741555	0.8348552	0.6442379	0.48151004
4269	0.3736332	0.83909	0.8908951	0.36746627	0.9684167	0.66737384	0.33765852	0.81885195	0.6315682	0.64650553	0.4129217	0.32375312	0.693739	0.5185323	0.41233453	0.6966078	0.68809724	0.48284465	0.79430264	0.76044303	0.50528157
4281	0.381298	0.73109996	0.8601251	0.34982574	0.9706871	0.47952503	0.36329293	0.8176376	0.6081032	0.637961	0.40591222	0.1742181	0.93639845	0.45718443	0.42455384	0.7357375	0.39865667	0.39400655	0.6597915	0.6309923	0.55053324
4288	0.36068898	0.7465194	0.91940796	0.31658986	1.0589616	0.356338	0.42522815	0.7112748	0.64549935	0.6300163	0.3204982	0.12304647	0.803433	0.5818623	0.44046932	0.49974164	0.45129478	0.32821643	0.43770683	0.6612098	0.20863263
4290	0.34749007	0.9054115	0.94036597	0.34706044	1.0587509	0.6845345	0.37039757	0.5652247	0.8955186	0.6586522	0.29039627	0.14575869	0.8778393	0.6184286	0.49835092	0.47442392	0.4566971	0.43007714	0.49312243	0.768432	0.6365981
4304	0.35124844	0.97058743	0.9009831	0.48418206	0.61913407	0.43092537	0.31447062	0.42220643	0.78098446	0.59134656	0.5268033	0.14071806	0.49748442	0.69342595	0.61172915	0.7071133	0.34667554	0.26237577	0.5849728	0.37540105	0.21435878
4306	0.38847947	0.56740874	0.83148855	0.76234657	0.51877886	0.3449119	0.20972477	0.728118	1.0734024	0.69743323	0.7654674	0.17999499	0.30308688	0.9115215	0.32844466	0.8147736	0.25403267	0.27002555	0.68429106	0.4005874	0.3556806
4317	0.40109795	0.9232487	0.80818254	0.3729577	0.893638	0.48740593	0.42506975	0.5425113	0.65806186	0.65844643	0.38680515	0.14826797	0.5970868	0.533496	0.60356283	0.7882099	0.5305118	0.37951815	0.6200447	0.6960667	0.54964346
4327	0.59411424	0.59397453	0.69032186	0.30163825	0.9936778	0.82119805	0.34090784	0.3207291	1.1801752	0.5797593	0.27292967	0.65425974	0.42243162	0.92044365	0.35322344	0.44549328	0.8272451	0.62031776	0.796541	0.8336276	0.8521462
4337	0.6619509	0.41316625	0.39072448	0.31401354	0.9836795	0.48218575	0.3119045	0.21531443	1.2409765	0.5130952	0.261823	0.42992222	0.34574857	0.9243151	0.34596723	0.7329029	0.9023608	1.0123569	0.77788883	0.78475285	0.37232298
4343	0.5448626	0.6489433	0.7024709	0.3174137	0.97081476	0.57493246	0.34524325	0.6847322	1.0768255	0.5613074	0.33427897	0.43462664	0.33278108	0.67088675	0.46650198	0.7550402	0.6664307	0.56686425	0.79091376	0.80018497	0.6403832
4348	0.5569643	0.82065713	0.6666057	0.37851447	0.9130052	0.5070516	0.3615727	0.3949932	1.1256951	0.608297	0.36679545	0.25782448	0.68465436	0.8611293	0.3857173	0.6283687	0.5644221	0.3393761	0.75149363	0.63786274	0.6975413
4364	0.9260776	0.40370938	0.255192	0.3075448	0.93389	0.63364583	0.38231665	0.21119338	1.2547009	0.5084424	0.2410356	0.732626	0.3822947	0.9327145	0.42142975	0.43325177	0.73568475	0.94149643	0.85323113	0.6625796	0.79614866
4387	0.6711416	0.44054648	0.36698464	0.28806892	1.0225091	0.7605728	0.41178882	0.16498446	1.1954434	0.5832149	0.1983354	0.4843573	0.33700973	0.9204533	0.38374358	0.5018015	0.8911814	0.9244192	0.73000103	0.3890503	0.7862402
4400	0.88284266	0.40424424	0.28083283	0.2814322	0.9937483	0.38973513	0.67160594	0.27740484	0.63924384	0.49086872	0.20914432	0.6253919	0.30100152	0.42711368	1.0054379	0.65573835	0.41529617	0.4896676	0.66995084	0.71185106	0.43960544
4408	0.72470695	0.59402883	0.6271037	0.32373202	0.93336654	0.61490643	0.4064262	0.51967907	1.1085517	0.58321774	0.25846878	0.58146185	0.59410834	0.78296566	0.34276256	0.60931516	0.76895726	0.6436199	0.71272755	0.7639739	0.75944585
4410	0.5974037	0.7568212	0.68215716	0.33468702	0.9887517	0.8182407	0.34526265	0.32994148	1.1629896	0.6360379	0.27762246	0.69621575	0.28718835	0.9244799	0.4079084	0.50845075	0.8797177	0.5501207	0.8999307	0.67391175	0.8460741
4431	0.8187232	0.4535428	0.2297255	0.2833784	1.025456	0.29208747	0.6563806	0.22468853	0.73414963	0.48567343	0.1850527	0.4283323	0.28154063	0.531906	1.0691508	0.5709809	0.5196239	0.5332507	0.662089	0.8519205	0.2500538
4454	0.58663505	0.54810506	0.31961578	0.3055169	1.0292091	0.32105875	0.78193647	0.32944056	1.1528745	0.4925884	0.2401153	0.7497049	0.69763315	0.6907013	0.41656128	0.5760985	0.7215618	0.48862165	0.6266476	0.6716854	0.3294939
4461	0.87382805	0.46168697	0.2996297	0.2930822	1.0157628	0.4982921	0.3348019	0.20768295	1.2139614	0.548792	0.20517337	0.75706685	0.29218224	0.92568713	0.40524745	0.6060202	0.72257036	0.5977336	0.84877926	0.65758336	0.7691482
4475	0.5994432	0.6729818	0.5605214	0.4733559	0.6074421	0.55653226	0.31255633	0.54703766	1.0593543	0.61664283	0.3110373	0.4807044	0.8368352	0.82659435	0.47222388	0.6453998	0.661247	0.38084233	0.78847486	0.59926975	0.60039544
4490	0.8104219	0.37124243	0.37822884	0.2886782	1.021716	0.6136381	0.7600609	0.19453968	0.84290785	0.51139885	0.24421132	0.65235513	0.29515547	0.66156477	0.9891047	0.4425407	0.43098778	0.42200476	0.7912842	0.47645545	0.8299012
4496	0.7330737	0.5077416	0.38986257	0.3183726	0.96935576	0.6832624	0.43854994	0.7957541	0.6439848	0.57608145	0.33715123	0.78042024	0.77362984	0.48706356	0.9299769	0.5308623	0.53242433	0.40561616	0.88392115	0.69429135	0.7797993
4497	0.92061234	0.44760752	0.3073099	0.3118012	0.96077657	0.5153258	0.7208548	0.2537824	0.71011543	0.5192981	0.28147495	0.63671416	0.30176595	0.6321347	1.0313435	0.5284323	0.3360696	0.31582642	0.7350372	0.49597636	0.67126393
4504	0.38486874	0.33591256	0.38209286	0.31178573	0.9697913	0.8503153	0.53570837	0.17185096	0.6835102	0.561716	0.2623535	0.8259638	0.30965495	0.835741	0.54741096	0.47365695	0.32152706	0.23718978	0.827212	0.60327595	0.83429056
4510	0.7368691	0.54456055	0.29982805	0.2869186	0.9661799	0.51495814	0.30958253	0.22065262	1.1912585	0.5961032	0.22283831	0.23810108	0.31568938	0.8569961	0.33092758	0.62589186	0.6602199	0.79095966	0.6600475	0.78392065	0.5391726
4517	0.89466697	0.3821204	0.26798603	0.28731748	1.0503895	0.72876585	0.50836945	0.23798467	1.2104468	0.5067694	0.20340474	0.7568853	0.3763579	0.88416016	0.43386337	0.4138306	0.6288185	0.8559057	0.8729365	0.6555545	0.8508789
4519	0.35854733	0.33394232	0.5402523	0.4753038	0.882523	0.91317165	0.31833985	0.7795581	0.6455731	0.57417446	0.5467998	0.7737593	0.29105723	0.7166014	0.5479516	0.59807515	0.3077419	0.22390299	0.77179253	0.7022528	0.7732025
4538	0.8861617	0.41593096	0.24272807	0.29133555	1.0053573	0.5496973	0.76219964	0.26773036	1.1908678	0.4848618	0.20971589	0.74131453	0.2918756	0.7140448	1.0739988	0.5183136	0.5098853	0.5549852	0.83304405	0.6644076	0.8544005
4539	0.75148374	0.37192684	0.57705224	0.29967815	0.91213816	0.6622358	0.48137856	0.9332436	0.5121123	0.52498424	0.39668342	0.73506975	0.8031798	0.4042132	0.48043606	0.78020555	0.2759126	0.30046922	0.79870343	0.6776896	0.7854378
4571	0.7932177	0.63747567	0.50728524	0.29797748	1.0266548	0.54726243	0.29612994	0.28154144	1.2214683	0.54835236	0.25660536	0.6478504	0.3539254	0.9161859	0.33108738	0.59652513	0.9243146	0.9693903	0.8104399	0.8119414	0.8151763
4573	0.511196	0.532232	0.7066134	0.35640973	0.95562613	0.7197851	0.32851982	0.35445696	1.0530977	0.6275391	0.3710978	0.2852755	0.5511974	0.8662989	0.4254456	0.6025696	0.70208883	0.49685663	0.7958645	0.62073463	0.62629694
4579	0.6309339	0.63790554	0.54419494	0.30471045	0.92895865	0.6429479	0.29862982	0.59649545	1.1139798	0.5651551	0.31049418	0.7426189	0.9490012	0.8834841	0.38226828	0.7780806	0.67619437	0.63481355	0.8549733	0.7146579	0.79923815
4582	0.3740959	0.48622373	0.5847871	0.29786417	1.0182176	0.56803477	0.30765182	0.6011535	0.755855	0.55813867	0.3030351	0.39574575	0.4954618	0.63461393	0.49283716	0.78997767	0.4275633	0.32923913	0.7375709	0.696612	0.7733967
4583	0.72258174	0.3763878	0.29528612	0.30461955	1.0167521	0.38457143	0.3242821	0.18715817	1.2545029	0.5204326	0.21157393	0.5355755	0.27677327	0.91393983	0.3622414	0.6479718	0.8935606	0.95247024	0.8236592	0.6517561	0.35540852
4592	0.46357265	0.6504554	0.41962937	0.3282646	0.85877156	0.38820195	0.23856553	0.5622746	0.7993424	0.61386275	0.28253987	0.3347153	0.31043428	0.6504194	0.5460583	0.8033408	0.26306194	0.3030303	0.62985206	0.38163215	0.46290627
4594	0.7306681	0.6240141	0.5106919	0.33369905	0.9378176	0.5597892	0.40519753	0.34440008	1.069088	0.5794855	0.3193347	0.36938536	0.37954238	0.7402441	0.48988768	0.62271166	0.6390012	0.66577446	0.72843236	0.6704735	0.620327
4600	0.4058875	0.7573138	0.7181923	0.35713542	0.9582217	0.65834033	0.360728	0.78898233	0.55309504	0.62376213	0.33337036	0.68309706	0.5499911	0.4183483	0.622938	0.56416404	0.43643925	0.37646943	0.8126694	0.76124746	0.7783221
4609	0.94017756	0.36975318	0.22874267	0.28931153	1.0366596	0.6914501	0.63554263	0.27840135	1.2037973	0.53189886	0.20350212	0.8269068	0.3746939	0.7751686	0.73253995	0.4918778	0.4651025	0.6429028	0.873853	0.5247166	0.78279483
4633	0.84375286	0.45985004	0.466811	0.29054168	1.0273905	0.74210995	0.66400486	0.27258644	0.7264789	0.57648045	0.2513797	0.72060007	0.5099429	0.65554464	0.9097805	0.41222507	0.5549476	0.5403163	0.82820046	0.65935796	0.78734946
4636	0.909766	0.3597188	0.44112095	0.31228098	0.9381987	0.6223749	0.39709833	0.40378308	1.0676315	0.53084505	0.29283625	0.8134332	0.63958865	0.6257927	0.3982638	0.6828134	0.3989505	0.3817342	0.8261921	0.538443	0.8272598
4639	0.7299234	0.43793145	0.6025797	0.30169496	0.8499474	0.8593023	0.39103538	0.7011117	0.916347	0.6067351	0.32464924	0.69671154	0.38975868	0.73623717	0.42536172	0.63781315	0.47434717	0.44001085	0.8177677	0.7102234	0.7700998
4649	0.27934888	0.708637	0.71770096	0.9856257	0.36616617	0.34950027	0.34722897	0.8804859	0.7074395	0.5456161	0.67638075	0.2325236	0.79958516	0.5661306	0.31377578	0.8041563	0.23088616	0.24483018	0.5898952	0.21359438	0.22329399
4655	0.94078374	0.40271372	0.3140489	0.3130425	0.95726436	0.49479184	0.53676987	0.94164604	0.67109007	0.49575683	0.23419169	0.76715535	0.5798505	0.4759139	0.35172275	0.6057909	0.50512266	0.486731	0.80276966	0.51636213	0.53698796
4659	0.70778924	0.79460204	0.750279	0.40730298	0.9239291	0.59116936	0.31218246	0.88048834	0.77402806	0.6201372	0.27710336	0.620151	0.84296423	0.5579603	0.34881613	0.7427716	0.7361389	0.35281152	0.76663214	0.3812209	0.8161365
4666	0.74672604	0.46487847	0.40047973	0.29798678	0.92158514	0.45937917	0.31554514	0.47700894	1.1099079	0.5573253	0.22670731	0.575812	0.4473486	0.7372528	0.8773654	0.50063485	0.5407473	0.8302309	0.7629075	0.7437748	0.7267254
4671	0.85893404	0.43869004	0.4409608	0.31645018	0.98541147	0.62642604	0.27501887	0.8986662	0.9279155	0.5446587	0.24077505	0.7364904	0.5630585	0.7113947	0.3000589	0.55286026	0.7064451	0.61137384	0.8748937	0.6748407	0.72676617
4692	0.3570789	0.40415448	0.556861	0.31580064	1.0176911	0.92482394	0.32692108	0.90026873	0.93457496	0.6211781	0.27561268	0.50712526	0.8664671	0.7775007	0.29596248	0.6272925	0.79144424	0.7069379	0.88400406	0.84848017	0.8425847
4706	0.43645668	0.7838219	0.75569457	0.3081107	1.0263723	0.8375412	0.2702961	0.8924376	1.0341086	0.6482731	0.2644444	0.61131614	0.85547554	0.76400036	0.29709512	0.7052139	0.84945047	0.7311526	0.87950414	0.879609	0.7782064
4745	0.34183925	0.49512714	0.65987194	1.0736985	0.36807173	0.4768771	0.27012676	0.5602161	0.7495263	0.6253983	0.6400565	0.30037934	0.83846277	0.57958096	0.47069097	0.80881804	0.24293134	0.2502234	0.59951144	0.27499717	0.43613687
4759	0.5263234	0.7183255	0.78316677	0.98578	0.3957847	0.6360461	0.26266816	0.9185733	0.559848	0.6373973	0.8052773	0.46343613	0.9334191	0.45902008	0.34455943	0.8079283	0.21759418	0.2868405	0.82970065	0.23797065	0.49430665
4763	0.38135433	0.48231503	0.7822194	1.0340202	0.3014283	0.8136748	0.31117803	0.80403376	0.7475763	0.60863566	0.87721545	0.6104609	0.91870904	0.61915475	0.4374979	0.7849346	0.21425155	0.2916392	0.7195463	0.2619494	0.33712766
4768	0.7388737	0.5646045	0.5151238	1.0100745	0.38825232	0.4204533	0.24429251	0.78037924	1.0164165	0.607037	0.82650024	0.4804715	0.7909311	0.68938625	0.32213086	0.819671	0.21490273	0.30451173	0.60372716	0.2448098	0.25426027
4773	0.83018744	0.4624112	0.35582793	0.85260445	0.4476291	0.8319168	0.26461646	0.27112848	1.2186549	0.6375358	0.8337372	0.7113189	0.8373229	0.9122428	0.3427957	0.7863475	0.26626414	0.303079	0.7526442	0.34775257	0.6745573
4778	0.43911523	0.38689554	0.2801929	0.4171834	0.5335008	0.8596725	0.513174	0.5408759	1.0037476	0.5788648	0.98312074	0.73883206	0.2931951	0.67758316	1.086853	0.70401865	0.26018167	0.22588286	0.81193507	0.30113173	0.8914243
4780	0.4459669	0.5563393	0.81444436	1.0358009	0.3447349	0.7980455	0.36070687	0.8060129	1.0041932	0.64142835	0.83379143	0.5620554	0.6448366	0.816149	0.30651584	0.7761583	0.24315166	0.26384774	0.86886096	0.23003727	0.59203833
4802	0.46031108	0.8466929	0.6639915	1.0184313	0.35820523	0.5067876	0.34590194	0.501726	0.9966249	0.60568804	0.72882175	0.27785328	0.8115547	0.8781273	0.4114459	0.78843373	0.20780957	0.2535383	0.7501177	0.19588795	0.3654565
4804	0.37584648	0.43284658	0.8583386	0.94053227	0.38888934	0.5670249	0.2280951	0.37209317	1.0027432	0.63874173	0.800167	0.30717328	0.561762	0.78713226	0.45649475	0.75086033	0.24602985	0.2582443	0.7091149	0.22223723	0.2981578
4814	0.41454786	0.42056763	0.55720145	0.9206483	0.3239706	0.7815069	0.30237406	0.85405695	0.65643007	0.6116167	0.7064296	0.3491468	0.9088926	0.53669506	0.34362784	0.7988028	0.22482958	0.24975608	0.78956735	0.2935728	0.5466687
4817	0.45292065	0.6011647	0.5081571	0.9659162	0.31367633	0.65776306	0.27369758	0.31809753	1.153805	0.65511566	0.78645074	0.49416277	0.41887054	0.8570004	0.3668652	0.8274188	0.21162596	0.211659	0.7838331	0.23390067	0.38048515
4821	0.53524965	0.5184441	0.42398077	0.7676787	0.5422255	0.4477797	0.42928293	0.75405407	0.79946524	0.55413693	0.5816466	0.55331624	0.7480317	0.59557563	0.50683177	0.7169005	0.29050377	0.6319645	0.7420634	0.32976034	0.5278641
4842	0.38825446	0.3906742	0.8212144	0.9901888	0.33916533	0.5328277	0.23970132	0.8107523	0.6989517	0.6609875	0.7967922	0.27134702	0.96737957	0.6153885	0.324706	0.81392294	0.21681121	0.24667995	0.7425466	0.24314609	0.3919805
4868	0.7721938	0.9566087	0.8008052	0.94347054	0.3882237	0.48891148	0.25995046	0.88216877	0.68137544	0.54732877	0.5163193	0.4146295	1.0448651	0.6358374	0.34246114	0.82437253	0.5072769	0.35684943	0.8671267	0.2399829	0.58333445
4874	0.3744991	0.48251566	0.9325127	1.0523807	0.37271526	0.7258398	0.41426778	0.8239684	0.852218	0.6575438	0.8894131	0.6106161	0.9775602	0.7411678	0.38461676	0.7968261	0.20587173	0.31995207	0.7756188	0.22404909	0.41345075
4904	0.86259264	0.38558534	0.29513195	0.29785955	1.003233	0.75472003	0.5092765	0.39579675	0.63954794	0.555013	0.24545692	0.79475534	0.36819115	0.67613995	1.1142753	0.39042467	0.63453555	0.3246432	0.8092876	0.6308262	0.8850226
4925	0.46658766	0.6550134	0.6708668	0.6720811	0.68813354	0.8386718	0.31021258	0.47415933	0.9902735	0.6196206	0.42429227	0.47898102	0.7819549	0.7514492	0.61721724	0.57566357	0.38809845	0.3974079	0.82739365	0.646922	0.7292586
4928	0.5275792	0.66757846	0.78141516	0.3311908	0.79825306	0.77500004	0.27507073	0.94940126	0.6413581	0.597308	0.40374714	0.19059059	0.68731797	0.6366822	0.30475274	0.7932932	0.59621143	0.33253372	0.7365223	0.59161353	0.5229627
4929	0.3073063	0.5882223	0.7745924	0.86940336	0.48021263	0.47461072	0.27505404	0.5194229	0.74520415	0.6489758	0.70947665	0.45249474	0.9298665	0.66539603	0.44901612	0.7731517	0.3045586	0.2337437	0.6633259	0.3695163	0.5581005
4930	0.8828161	0.47828397	0.42012334	0.44251585	0.70809966	0.6150214	0.49343684	0.5421467	0.9393633	0.58706653	0.40256447	0.63125664	0.2737902	0.6465338	0.5982365	0.7442153	0.48873994	0.32573873	0.78413594	0.6313638	0.7659896
4940	0.2721885	0.7472655	0.7638684	0.8391774	0.47426733	0.7886545	0.19273035	0.9134863	0.72571975	0.71666914	0.9644145	0.3214874	0.57245356	0.6605387	0.36282665	0.81489086	0.24236876	0.23613335	0.75720465	0.35507238	0.60178953
4943	0.740804	0.45256913	0.41705012	0.30363783	0.74745435	0.9559831	0.3190819	0.21571529	1.2179207	0.6308941	0.2756581	0.7101688	0.3236603	0.9466167	0.3809213	0.7292639	0.5493843	0.37834686	0.88177407	0.8169175	0.8145942
4976	0.91450197	0.42090282	0.33910546	0.28809404	0.9394207	0.69810283	0.6781663	0.21830855	0.4863926	0.5487607	0.22149336	0.5840068	0.26438004	0.5002151	1.0535116	0.5208753	0.3424419	0.31117457	0.73888713	0.6671813	0.78436947
4981	0.26430717	0.9478294	1.0524477	0.7411834	0.43754885	0.3498287	0.17798617	0.7936143	0.6035914	0.6545176	0.62841535	0.31552678	0.8959666	0.518258	0.36261705	0.7870613	0.2710299	0.24511324	0.80234313	0.361592	0.22831628
4987	0.28617316	0.552239	0.8855426	1.0596266	0.38829377	0.7821649	0.1904039	0.95029557	0.55858237	0.6640666	0.9490957	0.4734979	0.7876806	0.55625314	0.31958628	0.7875154	0.22369859	0.23033087	0.8074108	0.20884973	0.6079157
5103	0.75142103	0.7106454	0.53910255	0.30320728	0.9219951	0.4695062	0.3288048	0.2462132	1.1975584	0.57031566	0.3497884	0.70217395	0.40851957	0.83895135	0.3466855	0.5302681	0.67250055	0.4764061	0.7125178	0.6078453	0.6362135
5105	0.30309576	0.96522284	1.0261679	0.3156182	0.5401592	0.56173795	0.3011074	0.26957867	1.1686938	0.6613559	0.2921441	0.24775599	0.5948601	0.8914283	0.46974736	0.5733737	0.4743767	0.25791186	0.5432814	0.6789413	0.3517286
5109	0.885701	0.40647683	0.34981024	0.3165272	0.99046123	0.6554258	0.49290776	0.5181892	0.7408944	0.5946887	0.29255915	0.5631305	0.36622846	0.5893627	0.36806896	0.7376965	0.33507463	0.34119266	0.7365994	0.6517582	0.6267656
5123	0.83804405	0.46002433	0.44082746	0.32711557	0.9735785	0.6291454	0.44383287	0.68809307	0.57424736	0.60036355	0.3700941	0.55245495	0.5890851	0.5296532	0.51792127	0.7284444	0.5752802	0.30862033	0.75503707	0.57447904	0.70148855
5130	0.72379786	0.46821135	0.5203669	0.3314806	0.9937881	0.785441	0.30674693	0.50004345	1.068441	0.59065104	0.36965862	0.49391544	0.4745413	0.84526145	0.37970155	0.72695374	0.83453584	0.43416792	0.8577588	0.7414799	0.71472967
5145	0.744606	0.6669368	0.7398113	0.55283046	0.7874336	0.6620009	0.29142714	0.50364554	0.97589815	0.6025804	0.5017801	0.63933945	0.4376956	0.8319417	0.433923	0.810007	0.5751934	0.35585207	0.8035781	0.7271057	0.5600694
5149	0.60043484	0.92355233	0.7931206	0.33182296	0.9620141	0.5919267	0.3626987	0.4363056	1.1797144	0.6131547	0.27199462	0.52677935	0.5593444	0.89911413	0.447021	0.48076284	0.8498634	0.46593934	0.82847303	0.7731015	0.7831703
5158	0.6594185	0.45224988	0.2941833	0.29603285	0.98766035	0.37497795	0.2889921	0.20784399	1.2858818	0.52220523	0.18563612	0.5496624	0.37309092	0.96173203	0.3243116	0.4768104	0.86889404	0.90882766	0.6746133	0.64415795	0.62209606
5166	0.6436316	0.46152407	0.34850824	0.3808113	0.81801885	0.9543466	0.2796218	0.37698978	1.0736939	0.5674851	0.46738416	0.5745472	0.6379006	0.84974355	0.37814397	0.7468905	0.6697171	0.3450054	0.8395184	0.71091723	0.663612
5189	0.6033984	0.447249	0.6448543	0.30872414	1.0036125	0.39118364	0.28913897	0.23703375	1.1232865	0.5384586	0.25076345	0.30013084	0.7556732	0.9357125	0.3687153	0.67151576	0.70521104	0.47710997	0.6623472	0.61303973	0.4417012
5206	0.7226456	0.7336064	0.6001367	0.315553	0.942483	0.55459815	0.3868272	0.29682925	1.2233952	0.54948324	0.23938166	0.7373012	0.33704713	0.9623162	0.39708886	0.43594584	0.83629626	0.7102166	0.74689186	0.73975015	0.67379797
5208	0.649397	0.5074184	0.37736222	0.34246972	0.9366141	0.7787381	0.32856306	0.41155073	1.0273947	0.5496015	0.40594852	0.6342329	0.33220035	0.8347446	0.4796398	0.56366074	0.68736523	0.4865641	0.82598346	0.6851654	0.62953764
5210	0.79287565	0.6191628	0.28183556	0.36284408	0.8908697	0.49632955	0.409419	0.32018605	1.1103318	0.51054883	0.2924643	0.51338553	0.25855795	0.87959945	0.4890104	0.51088697	0.39849225	0.41482747	0.7169571	0.7167687	0.50780535
5225	0.72731936	0.6662571	0.48824945	0.37899947	0.9263838	0.59944093	0.3589653	0.28087378	1.2196314	0.5580718	0.3101065	0.5933073	0.7412247	0.8823111	0.37220672	0.6705617	0.810638	0.46242857	0.6360173	0.71013075	0.54674053
5238	0.8142613	0.5476453	0.49042946	0.32473734	0.82752365	0.61087173	0.49245805	0.30240616	0.9424425	0.55337894	0.30503374	0.29093128	0.95654684	0.9344978	0.5202182	0.53268874	0.4288538	0.29287702	0.5758874	0.5669692	0.58493036
5240	0.28603497	0.8285306	0.91216326	0.51784587	0.7937514	0.50471175	0.25279367	0.49085766	0.7899547	0.542597	0.60572505	0.16273242	0.5697043	0.7153905	0.6906912	0.7901254	0.32706237	0.24322715	0.6447432	0.5180118	0.620471
5243	0.587179	0.7970143	0.54240596	0.33200893	0.9690334	0.51419425	0.2829443	0.31572583	1.1952602	0.5897021	0.42722088	0.2068153	0.3645231	0.88360554	0.39556786	0.8132238	0.75107837	0.4121235	0.7685245	0.7360918	0.61671066
5247	0.27773532	0.9662049	0.7827136	0.34925848	0.6326646	0.37490374	0.19491795	0.84001374	0.6815507	0.68126065	0.39494607	0.08119482	1.0596422	0.6442888	0.35152516	0.8323726	0.39575118	0.29246902	0.58040786	0.3463834	0.2896044
5254	0.5399643	0.6056818	0.9237702	0.5483903	0.5777495	0.7895131	0.24482068	0.45535284	1.0228026	0.634193	0.5602449	0.3913614	0.79474294	0.8777848	0.4063684	0.8271063	0.33306283	0.31408495	0.75291324	0.48515275	0.54423636
5257	0.69974595	0.64908296	0.50353056	0.46201512	0.8127683	0.74642456	0.52604187	0.30303192	0.9974614	0.5896751	0.37401313	0.49787277	0.26123855	0.83721066	0.7289281	0.57378566	0.45248616	0.28417498	0.5808083	0.47892112	0.39745316
5263	0.26973912	0.9705528	1.0061171	0.5757688	0.6697877	0.52242947	0.23348913	0.46516606	1.0384713	0.696336	0.7047426	0.43553165	0.26762548	0.9154341	0.42467114	0.82080114	0.29405415	0.25734025	0.78262573	0.59416205	0.50236994
5276	0.339933	0.92389596	0.81881386	0.39479375	0.8194565	0.50433445	0.32239223	0.3880536	0.7295218	0.664305	0.49933377	0.15274966	0.79033214	0.61048746	0.5198628	0.8298165	0.4783848	0.26171118	0.48983246	0.61944205	0.27921358
5284	0.3055599	0.7910707	0.46758837	0.3623051	0.942456	0.65244764	0.35402405	0.3063375	1.0323346	0.5754919	0.36120155	0.29420525	0.31957713	0.8238142	0.43851513	0.6192051	0.46165583	0.27677798	0.78823894	0.4051978	0.31926286
5298	0.4717915	0.9037514	0.9740505	0.39497852	0.41251773	0.34998167	0.25045353	0.5586161	0.72321635	0.62099534	0.5759614	0.17113869	0.5508096	0.5069259	0.33201197	0.82003826	0.249372	0.27426296	0.41816884	0.6376806	0.3074446
5306	0.3415595	0.4610338	0.86845875	0.3699959	0.93091244	0.47877923	0.25928506	0.76252913	0.5447597	0.651733	0.8641405	0.20936206	0.73242044	0.5188879	0.36135885	0.803429	0.27453557	0.2524525	0.46704996	0.5544917	0.47074547
5307	0.43139157	0.67927295	0.8911329	0.30717427	1.0107546	0.3547105	0.57609725	0.34795564	0.58223325	0.60197914	0.30574387	0.14058955	0.81393224	0.511047	0.6724798	0.74898165	0.4817307	0.3287118	0.4058996	0.56704235	0.4166353
5329	0.36741608	0.9513375	0.9656896	0.4157718	0.83498895	0.4603243	0.3088754	0.8504515	0.63423634	0.6305694	0.34319237	0.15377665	1.0340067	0.439499	0.39620823	0.7575642	0.7147308	0.4124273	0.66250354	0.7459915	0.6259023
5339	0.32642478	0.708768	0.66601026	0.42425513	0.6494733	0.75879294	0.33674437	0.50069195	0.7633771	0.6136577	0.5487311	0.35514364	0.41849947	0.74446464	0.7058429	0.7835681	0.32675314	0.23352496	0.5519487	0.41333866	0.23585981
5341	0.33318356	0.90299207	0.89437413	0.33895847	1.0032033	0.73315793	0.22210085	0.6093565	0.8030219	0.6322368	0.41525817	0.5768595	0.30308947	0.7998991	0.38517448	0.8094423	0.43130806	0.30401546	0.82347155	0.62413865	0.70489895
5356	0.3872365	0.82194024	0.9028032	0.3754028	0.995601	0.75083	0.38801947	0.69399095	0.8106916	0.6773759	0.48656684	0.14201851	0.80154055	0.6943929	0.4744822	0.619406	0.50494343	0.32165432	0.5104646	0.7444566	0.41919854
5361	0.34118688	0.8353747	0.93562347	0.5632931	0.66684854	0.5121597	0.32694232	0.588369	0.907965	0.63353556	0.66113794	0.42019528	0.70775807	0.6982284	0.40594655	0.741145	0.31912848	0.2608142	0.637374	0.36297324	0.3282998
5371	0.2746475	0.9685597	0.92227715	0.5902758	0.5427053	0.7781587	0.19249582	0.75463134	0.7385876	0.68999296	0.753314	0.60270005	0.8979418	0.86568	0.43693662	0.84060085	0.30572203	0.27095163	0.8066882	0.46650854	0.543669
5382	0.30042568	0.96115255	0.87893987	0.41056052	0.83966666	0.4697983	0.3399648	0.57773703	0.8405418	0.64554435	0.40540698	0.23576918	0.47545496	0.741178	0.46085545	0.7494162	0.46297035	0.38685548	0.73917323	0.6500961	0.6191623
5388	0.8803214	0.52290475	0.5883941	0.35137397	0.9176269	0.8183085	0.5110196	0.47137386	0.74394625	0.5752921	0.34037825	0.5540829	0.36208114	0.72291666	0.79326487	0.6680575	0.5041112	0.33656502	0.8308841	0.4513228	0.68534184
5389	0.4454343	0.73893994	0.7431421	0.34453103	0.9765164	0.57461363	0.27198645	0.43995154	1.1512744	0.6264966	0.40801248	0.43969914	0.66209286	0.87651235	0.34423566	0.8234976	0.7508587	0.75655293	0.8358427	0.39635286	0.7669782
5413	0.4657186	0.8637464	0.90375453	0.33154103	1.0319561	0.52498	0.41714332	0.6929307	0.6351758	0.66050345	0.29500774	0.15255333	0.7461485	0.69135505	0.52982444	0.41491237	0.49336854	0.4133618	0.5429862	0.7667404	0.26363614
5420	0.78298134	0.8204121	0.7927653	0.3133173	0.99334127	0.4708546	0.58267134	0.4223991	0.81531143	0.55374515	0.28568187	0.13216199	0.36378816	0.6176096	0.9280838	0.4668584	0.40514436	0.33791387	0.81507456	0.50991404	0.57126415
5454	0.44901672	0.7782096	0.93328476	0.40961704	0.8439992	0.32360548	0.23386446	0.67278045	0.7539903	0.6395722	0.42139238	0.15738843	0.771789	0.65162385	0.3875892	0.6338177	0.36309987	0.3798324	0.49619237	0.7778519	0.5142639
5456	0.83144635	0.52822113	0.3681493	0.32440636	0.91506743	0.6122264	0.7145617	0.24245949	0.8750007	0.5540201	0.27683374	0.2934966	0.24125545	0.8000659	1.0377091	0.48026285	0.43464875	0.26471055	0.6284764	0.5315203	0.64147836
5471	0.26227796	0.8104238	0.9648477	0.48826426	0.93834794	0.57296306	0.21756518	0.58838546	0.8855049	0.6532031	0.48665005	0.1404294	0.27890536	0.8245467	0.40123975	0.81036204	0.35825992	0.25880694	0.67816764	0.71775573	0.54341596
5481	0.40933555	0.6044519	0.75192374	0.326072	1.0206456	0.56216586	0.4534164	0.27586293	0.7851668	0.5818055	0.3228473	0.30273238	0.30860552	0.73420376	0.8062443	0.66674984	0.61084366	0.31583804	0.59572643	0.6090402	0.7067203
5502	0.9193212	0.42033857	0.76924604	0.2864208	1.0008701	0.55890846	0.71777105	0.21179256	1.2618446	0.4879726	0.20692292	0.8160746	0.38679466	0.93270373	0.34317693	0.46547723	0.51436955	0.6822747	0.72101283	0.64369595	0.70743763
5515	0.7789219	0.3646516	0.2533572	0.29522666	0.99275047	0.36087143	0.64114064	0.36369067	0.8266081	0.4963365	0.22423084	0.73126745	0.64798784	0.46776855	0.80146056	0.58062243	0.5093326	0.39858156	0.72467864	0.62943536	0.38088077
5517	0.85341275	0.37739697	0.23220223	0.33592176	0.8090505	0.567025	0.31925175	0.23911048	1.2586341	0.49816528	0.26702642	0.73371935	0.32674897	0.92750347	0.3404183	0.5303582	0.7125869	0.9419236	0.86508167	0.7488347	0.71324635
5524	0.8728833	0.4052249	0.4825705	0.31599542	1.032722	0.9371668	0.26875854	0.46255422	1.1838421	0.6247693	0.2303927	0.63039935	0.74709076	0.8882321	0.28425485	0.4401498	0.7922391	0.526694	0.8952546	0.87772626	0.83807474
5538	0.6030822	0.5235386	0.7576966	0.4131326	0.9441951	0.7874244	0.41387916	0.52146256	0.90107733	0.6234843	0.39719653	0.26921698	0.38317344	0.7819256	0.4726954	0.65722805	0.57794493	0.3739828	0.7728411	0.71320784	0.6899701
5546	0.716648	0.4490066	0.50016963	0.30286568	0.99836975	0.5480398	0.35412127	0.19237772	1.2431663	0.62434053	0.23846872	0.5176115	0.27819344	0.9248884	0.3806836	0.6090892	0.8352042	0.7154491	0.8368257	0.72524637	0.6434313
5550	0.5246914	1.0181605	1.0445774	0.36247298	0.8875343	0.366384	0.36050567	0.3365611	1.2155606	0.6096871	0.2508257	0.2498319	0.6814077	0.9104302	0.35182875	0.7905273	0.7648548	0.47836977	0.51453584	0.69814426	0.56292343
5556	0.49751252	0.47803435	0.4401036	0.3046911	0.9844534	0.62631613	0.4325191	0.34838557	0.94639933	0.5781017	0.54195416	0.58390284	0.65666085	0.78276527	0.3519926	0.56704897	0.7076478	0.4242856	0.8183453	0.62040216	0.7344098
5561	0.7448964	0.44481638	0.31064707	0.29859984	0.46596777	0.7982548	0.2666176	0.4215758	1.2397159	0.5139122	0.31896818	0.6225702	0.43763044	0.90232605	1.0698283	0.48309955	0.7278018	0.29167742	0.8401437	0.6685854	0.85493356
5567	0.8215084	0.4731593	0.34269267	0.29588765	0.86756223	0.51587266	0.38859957	0.2509618	1.1690105	0.5214165	0.2582046	0.4751827	0.26803264	0.8590148	0.55940896	0.72169054	0.8178045	0.65803945	0.7230711	0.40818238	0.4936276
5568	0.6816326	0.41919813	0.27506068	0.29849908	1.0173671	0.86422116	0.31248945	0.30207875	1.1624943	0.5523413	0.2557529	0.7127882	0.34410325	0.9007646	0.36598617	0.4276336	0.7771893	0.84653205	0.86730194	0.703268	0.83946425
5572	0.6290902	0.40238094	0.26694953	0.318503	0.9144352	0.4554582	0.46103102	0.44781774	0.85617816	0.5450384	0.35160616	0.7042494	0.94798	0.60343325	0.3881438	0.64820313	0.7112832	0.4644624	0.78000885	0.69723886	0.5194075
5575	0.8784264	0.50637084	0.33070514	0.27943102	0.97626895	0.44163468	0.36392573	0.19799091	1.2769095	0.52592176	0.21866295	0.64442563	0.30425605	0.90815043	0.38017333	0.5417788	0.8808658	0.80403155	0.80236673	0.73835665	0.5493213
5577	0.6682869	0.45434603	0.2782673	0.30177295	0.8723655	0.6117061	0.28703466	0.21733153	1.2317727	0.54125375	0.25044224	0.30842775	0.2612827	0.9159593	0.3822772	0.6499059	0.8636484	0.9340448	0.74069816	0.7254307	0.42219093
5580	0.5234151	0.3909923	0.38973966	0.29636833	1.0235734	0.42504176	0.45938903	0.78444314	0.8961528	0.51897335	0.268439	0.714365	0.6201973	0.7235585	0.6681066	0.5571849	0.66208905	0.4828815	0.6930993	0.63232464	0.69220245
5600	0.50284946	0.5502628	0.35292634	0.3382808	0.88009804	0.31322917	0.33777905	0.4402928	0.86247075	0.5642452	0.2935925	0.22703458	0.33498296	0.623741	0.8205098	0.8115348	0.72327214	0.64493483	0.6344506	0.79700416	0.22846062
5601	0.44858038	0.506158	0.4023965	0.82810587	0.5443041	0.9129375	0.35713756	0.5489895	0.8717465	0.60147524	0.6488235	0.74470013	0.8301477	0.91119856	0.4769481	0.6916697	0.2852812	0.25575513	0.80162776	0.39808798	0.6985931
5603	0.7865612	0.40090576	0.4117677	0.2910898	0.94377744	0.6497883	0.30855078	0.290559	1.2077053	0.58197945	0.28056008	0.7489309	0.26654324	0.9409617	0.33949387	0.5210029	0.8837423	0.97008705	0.8515127	0.64844686	0.821242
5605	0.6403154	0.511334	0.6999364	0.30717567	0.9237839	0.3962467	0.47335812	0.56217813	0.8304128	0.5292544	0.31925958	0.44377372	0.63547	0.5251106	0.3953937	0.8009746	0.4595462	0.46168363	0.5148429	0.68284214	0.54741865
5609	0.5462976	0.3929249	0.63801533	0.31070608	0.922283	0.7309633	0.46297237	0.36245638	0.67064655	0.5266527	0.39150998	0.738273	0.32983816	0.66592336	0.56910557	0.76064456	0.45517167	0.38274264	0.7708173	0.6586354	0.67225456
5627	0.718466	0.5954926	0.35580742	0.3094542	0.9713944	0.28580573	0.72311556	0.52349097	0.6896214	0.51618373	0.35028782	0.7304406	0.7752893	0.40658793	0.51615685	0.7448955	0.4750161	0.3359024	0.52717066	0.61330837	0.27785295
5629	0.7853423	0.50599015	0.27097052	0.30361336	0.95151603	0.36709824	0.3192919	0.22891033	1.2307324	0.5277588	0.24338447	0.63968366	0.2572518	0.92901033	0.35358322	0.7441432	0.8538281	0.8843852	0.72513586	0.7418886	0.5667098
5632	0.8589993	0.5330526	0.47412705	0.32088575	0.9392163	0.44172755	0.32907766	0.3186202	1.2285162	0.54017603	0.29047954	0.45784113	0.4529492	0.9027964	0.32947123	0.7648822	0.90604097	0.74555683	0.69603443	0.7427167	0.69811296
5639	0.8043645	0.48595265	0.31835276	0.31685627	0.9781073	0.4585955	0.3110789	0.20725532	1.2348464	0.51471543	0.25434783	0.6338043	0.31061924	0.90051454	0.32112738	0.69033897	0.91164714	0.9773519	0.7737633	0.85131764	0.5978532
5641	0.7569193	0.5272499	0.39757296	0.30130693	0.9933363	0.59388673	0.32621872	0.26478717	1.2370517	0.52645653	0.24945277	0.68675095	0.31415418	0.94978505	0.3782385	0.51343745	0.897559	0.83516794	0.8784511	0.70158756	0.77231896
5642	0.8292571	0.36879802	0.31677467	0.28427315	1.0070765	0.96133435	0.30365196	0.23711586	1.1939449	0.6279029	0.20317014	0.6115358	0.31721473	0.9119898	0.29044417	0.52695614	0.8583286	0.55067563	0.87927806	0.8370593	0.8471881
5653	0.8006954	0.41454327	0.27248284	0.3222205	1.0087265	0.58745384	0.55562234	0.85556823	0.6165523	0.52598226	0.26168793	0.7443245	0.5879352	0.600963	0.48135233	0.4857429	0.48379415	0.42022723	0.78224474	0.5403485	0.7504862
5654	0.7538008	0.6597039	0.76969045	0.34629267	0.9146309	0.38180128	0.40196967	0.21070726	1.2008616	0.54160607	0.2200394	0.20605254	0.3839044	0.9009434	0.4903258	0.54342926	0.5993904	0.52766484	0.5307708	0.75338507	0.5677266
5658	0.84264696	0.45678297	0.2923218	0.2990889	1.0268222	0.34074527	0.5232371	0.25530395	1.2040234	0.48094591	0.22386494	0.44395337	0.52856773	0.8828767	0.67254233	0.57935727	0.8940638	0.83798873	0.69115	0.705283	0.43621513
5661	0.36703977	0.5313003	0.46462682	0.30343187	1.010297	0.7235591	0.28876296	0.2448832	1.1635541	0.5516532	0.32787746	0.65705854	0.30317372	0.86922455	0.41945523	0.53454274	0.8978958	0.93307334	0.81701237	0.677417	0.8262818
5680	0.74781996	0.40395638	0.34761196	0.2859852	0.9976252	0.38918543	0.31197453	0.20275629	1.1906494	0.5119412	0.19565657	0.4983184	0.40718257	0.8335717	0.74801844	0.42833567	0.7527308	0.6418496	0.66371566	0.671606	0.35351908
5684	0.8314997	0.500411	0.3182196	0.28262618	1.0229197	0.84360313	0.27910736	0.21078701	1.2655672	0.602686	0.22918299	0.6813797	0.33829466	0.9584961	0.37404865	0.50535995	0.8607434	0.92382246	0.89418375	0.76068276	0.852176
5688	0.49472353	0.6544941	0.5704745	0.42781267	0.87227273	0.4539228	0.3159641	0.28493947	1.2002248	0.5939277	0.36125562	0.21035327	0.59241647	0.9017329	0.35506356	0.8103433	0.8553539	0.67681736	0.6884968	0.724019	0.4981752
5689	0.71765876	0.44122982	0.4025408	0.31995457	1.0107638	0.368755	0.53677785	0.44825563	0.6926858	0.5231614	0.37380964	0.53122956	0.27709058	0.4152119	0.44065803	0.7043514	0.6027864	0.40098262	0.61753255	0.6459184	0.45429194
5691	0.8823223	0.51878226	0.36886388	0.28909636	0.90255886	0.594613	0.29829204	0.2720141	1.1776348	0.6025713	0.23730786	0.4284604	0.30549857	0.89628816	0.3776684	0.6968242	0.7712511	0.66438466	0.5381616	0.7834212	0.5333145
5700	0.77378297	0.49451676	0.30921745	0.29833427	0.9752334	0.437018	0.38883406	0.2892563	1.2206097	0.54692745	0.26253694	0.6519104	0.3147685	0.8228322	0.36795127	0.72075117	0.876515	0.8599871	0.7855538	0.7650891	0.5734811
5704	0.90780526	0.38518378	0.30493608	0.29336977	0.9463893	0.3735761	0.49010345	0.27482697	1.1880372	0.4666601	0.22204863	0.7598423	0.4990981	0.82195866	0.37170967	0.71833783	0.6092419	0.5721493	0.70333624	0.63693637	0.67973155
5705	0.72979915	0.5337644	0.3068112	0.29466277	0.9797893	0.63677883	0.39415365	0.24795958	1.2383608	0.5662965	0.25646168	0.6277109	0.26259682	0.925933	0.645184	0.59331536	0.83025	0.9714213	0.80457836	0.68943906	0.65433705
5720	0.5318869	0.86440915	0.7582709	0.3533717	0.8173734	0.3122835	0.5547704	0.33798262	1.1648518	0.5554182	0.22687587	0.32347065	0.61075586	0.6302307	0.89922357	0.65469515	0.70545006	0.39381278	0.50820255	0.6075631	0.5105217
5725	0.8312248	0.494968	0.30307627	0.29253584	1.0224204	0.7340898	0.35283393	0.26040742	1.2175848	0.5784322	0.23278426	0.6848045	0.43099195	0.9330615	0.38371766	0.40597683	0.8992649	0.90283823	0.8318664	0.7333719	0.7908548
5727	0.87602097	0.36400095	0.26704997	0.31235635	0.9520573	0.6527844	0.7537878	0.2827966	0.73402876	0.51592517	0.26681715	0.34881788	0.286852	0.60198104	1.0227923	0.52813387	0.3973751	0.3441767	0.7369862	0.49820563	0.4500872
5730	0.8787197	0.41453013	0.32328063	0.28989297	1.0002909	0.54403126	0.32590106	0.23917961	1.2615371	0.51186717	0.19689274	0.8220603	0.5823934	0.9606553	0.34553704	0.588565	0.7584416	0.8933007	0.8668517	0.609125	0.83430517
5734	0.7574215	0.3231567	0.3314696	0.33427572	0.989705	0.93346226	0.6046295	0.37026274	0.6677076	0.5291679	0.35785964	0.8262432	0.29785377	0.6512153	1.09565	0.45634413	0.31924808	0.22412011	0.6791264	0.69431835	0.8371092
5752	0.31501865	0.84607375	0.66110873	0.5819372	0.6328184	0.9264762	0.15838636	0.8531241	0.70373297	0.64058816	0.7026492	0.55791044	0.5953356	0.88309234	0.36289623	0.84110796	0.2979632	0.23353131	0.8357801	0.41386458	0.5850717
5753	0.84716713	0.4546234	0.50242734	0.30433062	0.9447555	0.86718607	0.56694794	0.6257667	0.69602436	0.6200658	0.3123317	0.61411035	0.29515937	0.6120186	0.59343725	0.47107044	0.49149877	0.4582469	0.81977147	0.7495702	0.7832999
5754	0.9381531	0.4333426	0.26581857	0.28545812	1.0514246	0.62913954	0.3325975	0.25599924	1.2596389	0.50875413	0.20604196	0.79546326	0.2819738	0.8866269	0.33451807	0.4223105	0.7505146	0.9495096	0.8720108	0.6018829	0.8046981
5766	0.8104757	0.62045926	0.6487731	0.30361632	1.0223598	0.53895307	0.36251837	0.28093913	1.2313607	0.5663952	0.29257014	0.4573972	0.43488583	0.86115855	0.3918446	0.4868579	0.70282197	0.58934504	0.80317783	0.66672176	0.76123106
5769	0.9320014	0.34133673	0.22959521	0.28229812	0.9279206	0.74087745	0.6063795	0.13476011	0.6732439	0.51748824	0.22239086	0.7996752	0.26639527	0.6151711	1.1023823	0.31377557	0.3267097	0.2736851	0.789059	0.6313459	0.6815908
5773	0.59855926	0.4411132	0.26778394	0.29202342	1.0038722	0.84500587	0.76025105	0.18510254	0.70002013	0.518581	0.22616428	0.7940247	0.30173102	0.582567	1.0618519	0.36397865	0.4527933	0.3197661	0.82080036	0.6050339	0.84638816
5774	0.6190284	0.56977427	0.40304202	0.3469614	0.9731137	0.78510445	0.6764084	0.5183825	0.5690673	0.53888947	0.29885042	0.5386972	0.35401157	0.43691224	0.9974946	0.4746722	0.45612308	0.3590852	0.7644157	0.64571786	0.7638928
5796	0.7325245	0.747459	0.5374535	0.40376577	0.9532306	0.46161968	0.53308237	0.26854953	0.9650979	0.5717906	0.2697853	0.20914298	0.3761927	0.67084306	0.5830812	0.45278782	0.405339	0.3645544	0.730561	0.76544094	0.45823753
5798	0.31213143	0.4310262	0.8264078	0.91352654	0.3563514	0.93664396	0.27041274	0.7666673	1.0847017	0.6629556	1.0646907	0.7073661	0.6323687	0.5929725	0.5761834	0.86490107	0.22543135	0.21444409	0.8933508	0.18909317	0.7765571
5802	0.49372914	0.61159104	0.68949586	0.35664406	0.92338604	0.8295138	0.2118841	0.89673465	0.73700166	0.6305241	0.37069535	0.25218928	0.79223293	0.5718064	0.33926818	0.76249576	0.6328518	0.30637485	0.7452151	0.7289624	0.6911748
5810	0.9604543	0.33826593	0.2769347	0.27910647	1.0297698	0.64220196	0.50143415	0.43726104	1.0204755	0.523151	0.2358999	0.8666346	0.30974725	0.58534205	0.5805391	0.46039084	0.5359276	0.87388957	0.86808974	0.5686205	0.814088
5813	0.8103694	0.35318246	0.51529974	0.2885502	0.9493534	0.6406445	0.5175055	0.8663693	0.69458145	0.49745056	0.3276623	0.7677304	0.7915169	0.69901645	0.44603413	0.667624	0.27199054	0.32158893	0.7818243	0.60424954	0.79790014
5830	0.8273928	0.49193376	0.3181035	0.30536404	0.9797349	0.6555411	0.73768234	0.2592181	0.7148133	0.49554694	0.2787543	0.7562549	0.37322876	0.5694886	1.1246505	0.39254045	0.4391567	0.33054864	0.7749541	0.47109264	0.7400733
5841	0.65153396	0.78972054	0.84597224	0.32855076	1.0177401	0.62779266	0.45632318	0.7700788	0.710406	0.6142525	0.2708338	0.42843613	0.561144	0.454178	0.8608241	0.43466592	0.51093215	0.43474317	0.7179505	0.77669746	0.7535332
5848	0.4760289	0.68797696	0.57627565	0.3975663	0.899813	0.8369208	0.30241135	0.6592527	0.7887525	0.60624564	0.48785102	0.53134966	0.53066546	0.6490333	0.4865296	0.8180917	0.5036641	0.31996167	0.8233961	0.7503899	0.6538795
5856	0.9252637	0.45930064	0.4253283	0.28972045	1.0303284	0.63112754	0.38264403	0.46522152	1.2163149	0.49921465	0.28148106	0.75911987	0.64431846	0.9235133	0.34548813	0.7439666	0.64145476	0.9115006	0.8994319	0.63331676	0.8826151
5873	0.5609032	0.34439698	0.2794149	0.7067598	0.7504581	0.792484	0.50479376	0.4090998	0.93508095	0.5217625	0.44417837	0.80254805	0.6030108	0.7893284	0.8692546	0.53383654	0.28948456	0.48648107	0.82082045	0.4551187	0.7027888
5880	0.71400565	0.3524931	0.60694456	0.5930366	0.92853457	0.6879702	0.38261023	0.41149962	0.58798724	0.5762276	0.60286695	0.78829294	0.32042307	0.68027365	0.9062178	0.6255187	0.3761352	0.28116983	0.7662494	0.66524005	0.6903979
5892	0.8171204	0.48170635	0.26822707	0.30294183	0.9768128	0.31621313	0.7632349	0.21816398	0.7257828	0.48896128	0.20138489	0.7349632	0.37312058	0.66588604	1.0988257	0.6448114	0.57796305	0.33464777	0.70993257	0.7174201	0.7093311
5901	0.7780855	0.45683122	0.33290732	0.34666723	0.9243281	0.84072644	0.49464628	0.34238982	0.85931236	0.5489058	0.40177232	0.71263486	0.30962318	0.79386425	0.8083952	0.4818275	0.49937537	0.3671782	0.8164281	0.58949775	0.7178068
5914	0.93505025	0.36032602	0.30090195	0.2997751	0.9580985	0.8659218	0.60679936	0.46119177	0.68339556	0.5450397	0.49041736	0.7968662	0.30720454	0.6004674	1.0738022	0.40579814	0.3042896	0.29338133	0.84818876	0.57488066	0.8943747
5916	0.6060608	0.7873744	0.7568496	0.35946453	0.9097476	0.6222076	0.3430679	0.5662909	0.76419276	0.632561	0.36618897	0.5661122	0.9577243	0.58364975	0.4579916	0.5859004	0.62392086	0.3351761	0.8335812	0.7386686	0.56904954
5920	0.8870432	0.53011316	0.46257094	0.30116567	0.9765843	0.51971	0.4133121	0.27553648	1.242645	0.52036935	0.23354903	0.6456838	0.5476598	0.9091375	0.4228391	0.4648862	0.8689555	0.7165734	0.849009	0.74678195	0.717611
5929	0.5469893	0.7273933	0.39283198	0.32465807	0.9407585	0.34676334	0.61566186	0.35126114	0.7668907	0.5221158	0.21143816	0.7113817	0.40943018	0.6741782	1.0116074	0.65248734	0.44484046	0.27525356	0.6486027	0.74081635	0.5521254
5931	0.8668044	0.35975096	0.34886914	0.30494282	0.98665607	0.6561445	0.3872249	0.20387767	1.2601628	0.51544744	0.23590821	0.7416496	0.47625703	0.9515506	0.39301607	0.4912909	0.61227244	0.83109534	0.8530072	0.5865416	0.827696
5936	0.806531	0.4038975	0.3127225	0.33727628	0.9071343	0.79389375	0.30560407	0.9123096	0.5938921	0.5581184	0.26534295	0.6633439	0.41112372	0.78071254	0.32878476	0.5079393	0.67369455	0.42864025	0.80377805	0.5605118	0.64832175
5951	0.3580881	0.9034565	0.9183314	0.44392928	0.7493927	0.60100174	0.32661176	0.66776395	0.8503169	0.61963004	0.3644518	0.45864132	0.7497749	0.67424595	0.43287975	0.7464837	0.31246904	0.33390188	0.78309554	0.74494123	0.68479
5953	0.45090976	0.42631564	0.5340286	0.29612714	0.98090726	0.41399956	0.22914943	0.5518387	0.80424917	0.503722	0.2879507	0.7079035	0.2705612	0.626661	0.3582308	0.5468074	0.2607517	0.24653657	0.8410997	0.38443974	0.81696844
5955	0.92474276	0.33484092	0.23306331	0.30141807	1.0097275	0.88509667	0.703915	0.34262675	1.109183	0.5034253	0.21188945	0.85626775	0.37944087	0.60049856	0.78103644	0.42262772	0.42856959	0.35744435	0.8199524	0.49910963	0.7451707
5964	0.7900043	0.41584814	0.32036036	0.309214	0.99903554	0.53622395	0.34824163	0.28711665	1.2742503	0.5009461	0.23178759	0.77317166	0.57083285	0.94489956	0.39412826	0.67909336	0.8053776	0.85353076	0.8806252	0.5986927	0.8351887
5981	0.34500206	0.48003498	0.35597745	0.4536654	0.9744625	0.8929629	0.45812958	0.8106521	0.74444735	0.5624968	0.3975599	0.5887214	0.282122	0.56127083	0.8633695	0.36306876	0.5496206	0.27637553	0.83567756	0.5952856	0.73785317
5986	0.9285173	0.38592786	0.30458522	0.29169267	0.9972114	0.6620199	0.55873364	0.8910611	0.59478045	0.5297695	0.2091487	0.7733782	0.54607725	0.46603528	0.3508726	0.50506586	0.3963841	0.38792408	0.7910095	0.57002926	0.7306474
5996	0.6020585	0.68308526	0.60814923	0.3888811	0.94821686	0.42087588	0.27204713	0.77987355	0.82792825	0.5332006	0.29365903	0.12572767	0.9092671	0.6654378	0.3847399	0.6427603	0.6645053	0.26529187	0.59924674	0.62166697	0.3080438
6101	0.2780741	0.91290444	0.98503596	0.62277436	0.6199064	0.8396809	0.2179661	0.70181257	0.72464377	0.66977626	0.4545541	0.3406353	0.8776309	0.7063542	0.42960814	0.8217609	0.35153487	0.2539399	0.6747118	0.4108923	0.7127243
6106	0.32380372	0.75314945	0.948175	0.42081043	0.9368868	0.41213122	0.3383431	0.75431037	0.5445982	0.6661095	0.41820148	0.1840432	0.815135	0.45982113	0.43143398	0.7416249	0.37087974	0.39659536	0.56973845	0.5808411	0.38303006
6110	0.5781773	0.7397258	0.73714745	0.32491148	1.0092467	0.64006996	0.49455503	0.78310037	0.5638739	0.6188613	0.31508544	0.3296947	0.5627332	0.43200457	0.93549496	0.47413117	0.48915818	0.359801	0.49482653	0.79010487	0.74374044
6122	0.2542017	0.8962856	0.89588356	0.36006558	0.954507	0.4399279	0.27778637	0.41428995	1.0657091	0.6433589	0.41431713	0.21531166	0.24126	0.89542127	0.40577066	0.7460604	0.5043102	0.34346277	0.80602527	0.67740405	0.48960406
6124	0.2934147	0.6306047	0.8858138	0.35612336	0.6664086	0.7253327	0.22749814	0.5600623	0.68386525	0.59898436	0.4019229	0.6531793	0.8753444	0.57885635	0.42047608	0.80863315	0.3873372	0.25752813	0.8451123	0.5151744	0.6170538
6135	0.43431553	0.59477466	0.66706324	0.91394293	0.35973737	0.39564678	0.21225274	0.35531497	1.1727786	0.63313234	0.8186129	0.29250827	0.7921662	0.8578081	0.33441573	0.8239977	0.21208268	0.24918936	0.5547471	0.2698517	0.23691934
6143	0.30463	0.785296	0.78105086	0.36484087	0.97473085	0.733343	0.43415198	0.36298993	1.1219819	0.60235405	0.4172465	0.26843128	0.2759078	0.86311656	0.50267106	0.74976766	0.5257056	0.26526093	0.8254837	0.6698654	0.7234018
6144	0.40919226	0.85447985	1.0010996	0.3892053	0.9368001	0.6775695	0.30565068	0.6875282	0.59353894	0.6617585	0.38333705	0.23308018	0.89612645	0.5566848	0.43100378	0.5364591	0.5360227	0.31807113	0.497747	0.55911505	0.29514432
6154	0.5449969	0.46482363	0.67012537	0.30229297	0.9968886	0.57164854	0.61357445	0.3973178	0.6930976	0.5685164	0.28960988	0.25484368	0.24594696	0.71137565	0.82321256	0.51134396	0.46720067	0.28106666	0.57474715	0.523765	0.7730409
6156	0.87410045	0.39303604	0.4559961	0.3507111	0.83129716	0.82468796	0.6437204	0.29427308	0.7902068	0.57124096	0.30466917	0.74406564	0.502822	0.7645656	1.0421755	0.49078864	0.41315055	0.3443628	0.8274046	0.6009359	0.7490467
6161	0.25165403	0.99250156	1.000218	0.9150108	0.43605193	0.3976064	0.2166318	0.8075763	0.9831614	0.71897143	0.7189766	0.17699376	1.0481555	0.87275016	0.32321894	0.72046936	0.23684052	0.2537157	0.46022597	0.36786795	0.26952493
6162	0.26612234	0.81561756	0.89489603	0.5777032	0.5256844	0.5369551	0.23202159	0.61174786	0.87528235	0.6747988	0.3874872	0.26462728	0.56427497	0.7916639	0.3788089	0.7761979	0.25702167	0.23756441	0.6389721	0.36218047	0.36845028
6170	0.43971887	0.8884557	0.91250813	0.34548575	0.9177891	0.3955577	0.36809888	0.6404645	0.80981565	0.5943227	0.33105236	0.13154905	0.8032471	0.60668546	0.48199132	0.7262249	0.48954305	0.46863335	0.5173264	0.7770568	0.31951532
6174	0.59413	0.73170626	0.37293637	0.32562977	0.9891328	0.52809906	0.50084007	0.37465158	0.88072884	0.5756041	0.33418426	0.18575509	0.27354565	0.74307173	0.65291566	0.67179364	0.5287971	0.36895168	0.5067408	0.6070561	0.5227409
6178	0.34854904	0.54946107	0.76627594	0.34421256	0.97360104	0.4347547	0.30140397	0.45299774	0.68236303	0.61370677	0.3772124	0.15265967	0.29457295	0.6403247	0.590388	0.73814625	0.37910372	0.23210917	0.42008805	0.62339634	0.6348458
6181	0.30465892	0.9323325	0.9758998	0.6893784	0.57636845	0.43090755	0.2023907	0.46915117	1.0128925	0.67757136	0.5489156	0.1734918	0.3367356	0.8164095	0.37690264	0.79442453	0.28992617	0.26966727	0.8445766	0.53449774	0.45969412
6192	0.48345634	0.53526706	0.6589794	0.37161627	0.9118086	0.75661814	0.3100756	0.54083	0.93552315	0.5715854	0.380553	0.44524497	0.4302906	0.7881987	0.35360745	0.68353176	0.3739128	0.30401313	0.7564449	0.6260907	0.6614755
6204	0.86939746	0.46423483	0.4378184	0.31879613	0.9756065	0.7072031	0.6101571	0.3205648	0.59150547	0.58148015	0.3367951	0.74692637	0.29948086	0.7103964	0.8958864	0.44760412	0.3754869	0.24083753	0.55682147	0.590486	0.7045124
6210	0.37469542	0.895376	0.9254078	0.5070152	0.6418466	0.3463635	0.20350316	0.6796862	0.7739796	0.6674979	0.5055191	0.18637025	0.9897771	0.6401502	0.35053813	0.79607844	0.31577972	0.31852394	0.5851253	0.5383796	0.23610625
6218	0.68932855	0.53399926	0.68040395	0.3472957	0.9787754	0.64535445	0.32466632	0.91087866	0.70795655	0.5916862	0.32540384	0.65394384	0.56790274	0.60845864	0.3891873	0.73129964	0.5846089	0.48345876	0.8128229	0.7617476	0.6554744
6221	0.69600934	0.68972737	0.43142366	0.32176575	1.0266677	0.67698973	0.23819742	0.36273268	1.1932615	0.591087	0.3184174	0.5312453	0.40840963	0.92112935	0.33039954	0.5958794	0.7896004	0.6074893	0.83244705	0.65565443	0.6462194
6224	0.57078135	0.45469502	0.509797	0.6200502	0.32931238	0.84493124	0.33743542	0.30515158	1.1779163	0.61689377	0.7011921	0.43251982	0.29969144	0.92141557	0.33018538	0.7392598	0.23735675	0.3752755	0.8109961	0.32210147	0.4143485
6228	0.8857601	0.39936087	0.3525109	0.27657905	1.0451713	0.43005615	0.73934054	0.31237948	0.6361851	0.4917042	0.2007574	0.4638259	0.80106056	0.8613231	1.0019197	0.49256763	0.51743615	0.45972782	0.61384666	0.6939943	0.68902785
6235	0.8545589	0.36708477	0.32649404	0.31381094	0.93644154	0.42753807	0.6303901	0.7056322	0.5894886	0.48031753	0.21329424	0.54435515	0.37346715	0.41222847	0.98524606	0.6554986	0.36124808	0.3768531	0.7656338	0.79948646	0.60044533
6249	0.5995809	0.5218183	0.3300236	0.43000942	0.85749966	0.2712989	0.3300159	0.27086008	1.1508309	0.49179468	0.2809249	0.21689141	0.31963602	0.72195894	0.3545395	0.82349384	0.87820274	0.4501344	0.4505026	0.76967597	0.2262931
6258	0.7162036	0.44109362	0.46032643	0.3434911	1.0114907	0.45794067	0.72152084	0.18593298	0.9642547	0.49183503	0.2383469	0.6367102	0.46027508	0.5750758	0.83233386	0.43173033	0.3933385	0.43674827	0.58286095	0.65806997	0.65035534
6277	0.7297905	0.7923417	0.51354176	0.31916696	0.9413646	0.37840718	0.31579757	0.17452079	1.2474291	0.52849054	0.25654522	0.5229264	0.525745	0.92616415	0.3736572	0.56533396	0.8577238	0.69369924	0.6520171	0.7292762	0.581587
6281	0.5190402	0.5380187	0.3441534	0.29909772	0.69197476	0.2616034	0.39368683	0.32487684	1.0955061	0.5254757	0.28672135	0.20465322	0.6701424	0.69670576	0.5091134	0.8180121	0.8733556	0.45075482	0.4744339	0.720353	0.25000614
6283	0.94749683	0.40176484	0.3077651	0.3059502	0.98613095	0.63527644	0.7660911	0.26147756	0.81384647	0.49375105	0.25318322	0.54271567	0.6325499	0.5374868	0.96499944	0.7731922	0.39959332	0.37281883	0.67039126	0.61420727	0.61001456
6288	0.9017274	0.46135485	0.29559398	0.29207984	0.9979334	0.3725861	0.36141187	0.8900247	0.8602213	0.49452877	0.22279564	0.33767864	0.5245154	0.6128824	0.41450256	0.73683286	0.583872	0.61906457	0.7366034	0.7333705	0.55284953
6290	0.4144378	0.4888657	0.43538636	0.34120274	1.0136019	0.44273525	0.30621493	0.22739531	1.1865909	0.6333067	0.25496787	0.5242012	0.31315976	0.8612172	0.3778162	0.6570657	0.87337565	0.7039514	0.7384613	0.68181425	0.50079954
6294	0.77711105	0.5742556	0.4692709	0.30095842	1.0397849	0.54766965	0.3773986	0.22236739	1.2652184	0.5522033	0.24169615	0.73631465	0.27115282	0.9770097	0.37783277	0.5550939	0.9830496	1.0090411	0.8243239	0.72046584	0.70863426
6304	0.81842566	0.4394221	0.28731355	0.30011356	0.9520051	0.5085236	0.59341055	0.4789549	0.8121774	0.5068047	0.22544383	0.6238179	0.47677103	0.5505837	0.82997817	0.50499547	0.5662478	0.53493464	0.77192914	0.7177605	0.6850548
6306	0.75584567	0.4256969	0.375236	0.2996725	0.96547604	0.76230437	0.2657872	0.23828019	1.1845247	0.5929105	0.24847272	0.66824466	0.37508452	1.0007709	0.38127002	0.5961018	0.88502663	1.0232493	0.8499284	0.6951156	0.71624875
6307	0.81501657	0.45191845	0.63044524	0.30891073	1.0004675	0.4930554	0.6909403	0.7588257	0.50500655	0.56179976	0.25997368	0.69805837	0.42381755	0.36139107	0.6269727	0.68856484	0.53119344	0.42218256	0.63406855	0.6390216	0.7297326
6308	0.80539876	0.73914355	0.86995876	0.33861053	0.86533576	0.3248315	0.3950835	0.57071435	1.0397615	0.571446	0.29272893	0.15966617	0.6046107	0.72259265	0.4015359	0.7967263	0.70187914	0.49042052	0.38249028	0.7913344	0.31108537
6315	0.43705863	0.8222994	0.872164	0.34338015	0.84831226	0.7261874	0.3485003	0.76308215	0.66685903	0.67407256	0.34102374	0.34725806	0.8769137	0.50578547	0.51446676	0.5938821	0.56541353	0.39459956	0.83966243	0.78903735	0.6976688
6320	0.6763414	0.40703708	0.5909673	0.3019454	1.0205683	0.663541	0.40450042	0.83464146	0.6359411	0.58936024	0.28747308	0.7803734	0.73956865	0.60795546	0.5214013	0.46944374	0.49560064	0.6832166	0.8846866	0.5822941	0.7476346
6324	0.3607928	0.4125183	0.45143005	0.3781205	0.7466363	0.83487153	0.51989114	0.25741458	0.6844711	0.5966903	0.37149623	0.73389095	0.32194605	0.83933496	1.0210325	0.49453935	0.3410378	0.22821723	0.7305775	0.62128115	0.6095977
6329	0.8958257	0.40116507	0.27545187	0.2883661	1.0428369	0.6229191	0.41276413	0.2705038	1.1175631	0.4967847	0.2129221	0.73635185	0.339861	0.88681674	0.82022303	0.65993696	0.50866354	0.7539785	0.89555776	0.6402623	0.83851707
6333	0.59072715	0.5090428	0.77862066	0.33714458	0.7967277	0.7342391	0.43346035	0.6177765	0.5561446	0.5864905	0.2967484	0.2492401	0.73859143	0.46148762	0.59072113	0.4664622	0.47109267	0.3379696	0.7268312	0.7826043	0.684846
6337	0.39044854	0.57235277	0.6820856	0.5450332	0.42087948	0.47407833	0.2760416	0.5495866	0.86597097	0.5657737	0.7947463	0.4802944	0.5138998	0.72065294	0.31532368	0.82427174	0.25699905	0.25663823	0.74554706	0.6407773	0.55444634
6339	0.6276511	0.42519242	0.27700084	0.28779894	1.0639373	0.86025727	0.6845708	0.4113531	0.58010757	0.5156466	0.26209188	0.7141891	0.33232567	0.45761454	1.0015048	0.3441067	0.42630842	0.35711187	0.81126124	0.71649474	0.82890004
6364	0.6626994	0.4018423	0.5622217	0.35028693	0.9509462	0.48394296	0.29312894	0.46183902	0.86823905	0.5452563	0.38167658	0.7726909	0.25294113	0.51785153	0.5031583	0.7819445	0.43831715	0.36107206	0.7475879	0.7005275	0.57511795
6366	0.7416084	0.41456217	0.28100562	0.279883	0.9614658	0.8386814	0.6688988	0.17082337	0.5990108	0.5500667	0.23066099	0.6578742	0.2883609	0.5328613	0.96365166	0.33871222	0.37510073	0.31742406	0.79399556	0.83805364	0.84857345
6370	0.85492444	0.43544048	0.26635247	0.35520145	0.8389922	0.5515205	0.5781925	0.4794577	0.6244246	0.4858774	0.2580913	0.6402086	0.5719116	0.5443795	1.0125853	0.740527	0.31823507	0.39967775	0.77326113	0.54765093	0.71055746
6374	0.7528541	0.34460607	0.3014029	0.31036514	0.93941575	0.89537776	0.6500289	0.30527604	0.7229827	0.5574224	0.36190936	0.78704685	0.2804628	0.6921652	1.0701894	0.48403287	0.3886938	0.26726925	0.8232557	0.624062	0.8658116
6375	0.8421868	0.5282658	0.24075763	0.30650926	0.838893	0.36071128	0.36899215	0.3236387	0.936437	0.5211769	0.23427443	0.3481001	0.2966974	0.61183333	0.6819394	0.7747914	0.29337272	0.28234977	0.7036629	0.5692	0.47080323
6389	0.7485787	0.41048366	0.410928	0.29127315	1.0122969	0.7891855	0.6345846	0.5974333	0.5854829	0.5368715	0.34499648	0.6453863	0.30775324	0.47706434	1.0306207	0.4102081	0.40583488	0.3535292	0.79736453	0.6582338	0.8479146
6392	0.47709075	0.5165386	0.88116115	0.32191017	0.87845474	0.79583323	0.3386441	0.6154856	0.8903383	0.5888201	0.43454778	0.63292485	0.8101922	0.6301156	0.56947917	0.6187109	0.5917656	0.3293041	0.79028946	0.59591645	0.8303062
6397	0.54875165	0.51567894	0.45645204	0.3526881	0.94680756	0.5865348	0.3573312	0.85816985	0.67797124	0.60219043	0.31619397	0.36985424	0.88772917	0.65009576	0.44053897	0.6180701	0.65261865	0.5023958	0.7378193	0.6912363	0.6430493
6403	0.83494216	0.49060875	0.52174926	0.31676742	0.92489684	0.5072309	0.3165554	0.5096021	1.1207912	0.5555659	0.2775515	0.7197294	0.8649184	0.7873581	0.3054938	0.7158985	0.77039295	0.72050476	0.8557612	0.51695853	0.66354483
6407	0.4549193	0.5484835	0.53163874	0.42727596	0.85925716	0.49242947	0.25345767	0.63961893	0.86967856	0.53583187	0.60145456	0.44120032	0.67566854	0.7292059	0.35391727	0.8043631	0.41364503	0.2532453	0.7481789	0.65312415	0.3128203
6418	0.8395302	0.383206	0.32004777	0.32207814	0.84512764	0.4933539	0.6149543	0.8277447	0.5815209	0.50764865	0.32023332	0.7640932	0.7577936	0.4629244	0.48456162	0.82439774	0.2983431	0.3200677	0.75773585	0.38202792	0.52537686
6422	0.8821294	0.33839375	0.32609645	0.3019692	0.95476305	0.90326184	0.55276	0.8677246	0.75918233	0.569157	0.23638679	0.7888553	0.8122352	0.556734	0.3741225	0.38303804	0.2526832	0.3947761	0.89632726	0.24817982	0.7785438
6423	0.3313162	0.9565135	0.91192406	1.0238224	0.4045695	0.438354	0.28178	0.71248066	1.0082809	0.6515497	0.45900533	0.25353116	0.8501227	0.74612683	0.39496833	0.69743735	0.23247442	0.2697929	0.55657053	0.24234766	0.33292237
6424	0.5826361	0.7807119	0.6635273	0.32095182	0.9642925	0.5875864	0.47696787	0.49298483	0.9712379	0.5818615	0.27543455	0.52802247	0.5519197	0.65502155	0.92855746	0.4155945	0.53974783	0.46971744	0.7705102	0.74401766	0.7870399
6436	0.42334795	0.519884	0.4510969	0.94223166	0.3794391	0.78129697	0.22830509	0.8944275	0.58983064	0.5926295	0.8871268	0.4870778	1.0224305	0.51815563	0.31391206	0.85852057	0.24242222	0.24465857	0.8602965	0.26258358	0.7595955
6440	0.40221033	0.90583754	0.80112654	0.9969917	0.4192073	0.43915436	0.2520218	0.6979421	0.9320746	0.63938904	0.8179136	0.28489664	0.93330634	0.77229667	0.32645836	0.7789957	0.26244402	0.31644082	0.66772646	0.3371258	0.45734107
6443	0.32420003	0.4927426	0.367008	1.0310469	0.32104504	0.8399353	0.35804653	0.85609585	0.7595156	0.54515946	0.8615643	0.29493287	0.4759046	0.6469097	0.37507135	0.76494396	0.18102124	0.23047678	0.7890918	0.27006862	0.27748173
6450	0.81549335	0.42892393	0.38526937	1.0204358	0.28170124	0.5907937	0.3802065	0.46364105	0.9888138	0.54289174	0.9279894	0.6098118	0.6223941	0.8124211	0.31467482	0.8496761	0.22535819	0.22393341	0.7441525	0.23979864	0.41508755
6468	0.29622906	0.4508022	0.7220577	1.0400715	0.2680156	0.9217999	0.26780117	0.8109723	1.0177326	0.641765	1.0102572	0.63898057	0.7654272	0.79609853	0.2883735	0.87637395	0.24217084	0.22281587	0.80830586	0.2111063	0.6035249
6472	0.42979524	0.5774556	0.41140756	0.4958774	0.67859226	0.8815631	0.43329743	0.5312772	0.80029964	0.57728046	0.44617796	0.65180796	0.5310594	0.67051995	0.8295985	0.44422755	0.28953975	0.26256308	0.8704926	0.402036	0.7653034
6492	0.3722601	0.5956161	0.7536616	1.0775636	0.36536133	0.3886282	0.33392006	0.5818772	0.6560908	0.61373305	0.5811459	0.2166909	0.8286045	0.503027	0.4969744	0.81524426	0.2555939	0.25416648	0.6159675	0.26642257	0.35723513
6499	0.41865194	0.6528597	0.5359371	0.9475337	0.4549196	0.6245655	0.39904776	0.8208675	0.7006935	0.5956837	0.73498476	0.41423717	0.67556435	0.48408848	0.4929356	0.8429798	0.2900085	0.24689469	0.67816985	0.3449679	0.40197688
6502	0.3268217	0.5451507	1.0172952	1.0394562	0.357495	0.7767115	0.27814883	0.8153108	0.68788207	0.60328895	0.84126747	0.41342565	0.84723914	0.68806684	0.42623106	0.7622562	0.20121285	0.2280621	0.60135883	0.22150907	0.3716727
6508	0.32122472	0.5003086	0.7649765	1.0470488	0.3031944	0.54810727	0.28351334	0.8290409	0.64963627	0.65372854	0.8933226	0.3549963	1.0120108	0.51248515	0.34487036	0.8405152	0.21416911	0.24686742	0.6955055	0.23207635	0.40616134
6519	0.5539156	0.53007865	0.4387603	0.9993789	0.3714403	0.7659825	0.41747195	0.8204934	1.0082821	0.637763	0.91258883	0.6289947	0.85873073	0.81671584	0.36702606	0.832892	0.22876275	0.27244222	0.8171235	0.2519133	0.5130525
6524	0.45499253	0.55514365	0.49735206	1.0275031	0.3087564	0.45390895	0.28793785	0.34223598	1.0579139	0.54660684	0.6930828	0.29572904	0.2444821	0.82675636	0.37788293	0.80901647	0.20343298	0.27084684	0.6176297	0.27179638	0.41945788
6535	0.9150911	0.41977704	0.26315272	0.281581	0.98575956	0.55239826	0.33083412	0.23782116	1.2560645	0.5110731	0.19399776	0.79830074	0.26822585	0.93451864	0.3045768	0.52374864	0.7583234	0.91395557	0.8295315	0.83435696	0.8265658
6537	0.8330911	0.46542463	0.24986434	0.3475031	0.50760955	0.3791815	0.5000144	0.27181163	1.1878583	0.49456686	0.24149773	0.2764314	0.26926968	0.8676768	0.508509	0.81049395	0.41210467	0.37077236	0.6738483	0.71947336	0.33681133
6546	0.25406423	0.7644746	0.7899689	0.5690186	0.4220571	0.9131272	0.2635061	0.37987903	0.931168	0.6518711	0.64342207	0.40934315	0.59333557	0.8617374	0.39660844	0.83835447	0.26635784	0.23111397	0.579014	0.2621182	0.44224417
6565	0.743203	0.56283873	0.673071	0.34313205	0.910887	0.65963644	0.46892658	0.64757395	0.653746	0.6004468	0.32837322	0.28282103	0.60054505	0.5767231	0.48184153	0.67066383	0.45680705	0.3346424	0.6791145	0.6352339	0.6361202
6573	0.29878044	0.49887964	0.82209593	0.8242187	0.4085993	0.74889016	0.23039807	0.7573476	0.7938891	0.6429207	0.81127024	0.70796084	0.5844566	0.77182806	0.43284202	0.8359666	0.2170363	0.2299249	0.8260461	0.38957304	0.5099494
6575	0.54429936	0.5386622	0.692258	0.29554266	0.836953	0.591991	0.30138987	0.60747975	1.1340522	0.61064243	0.28315088	0.6828889	0.25820434	0.8919981	0.33423272	0.73359096	0.7345427	0.6131817	0.8241631	0.8212927	0.65856254
6579	0.2940069	0.37785769	0.45865571	0.60038424	0.5836054	0.77039284	0.43672854	0.49453527	0.7407648	0.58985907	0.4093348	0.66527694	0.7240516	0.73752666	0.4572237	0.51124096	0.288535	0.27717543	0.78091204	0.45021018	0.59099877
6582	0.3038709	1.0024877	0.95211124	0.74833065	0.5373775	0.30010343	0.2284278	0.7773414	0.82364535	0.7070408	0.64564943	0.11395012	1.012954	0.53554785	0.3171801	0.7982929	0.2661288	0.26495892	0.5112261	0.4473384	0.20448595
6590	0.32757926	0.32808352	0.73394334	0.7741447	0.3299883	0.44552803	0.28454652	0.7217954	0.7674659	0.5854486	0.7870714	0.4083515	0.8479867	0.72744256	0.3238321	0.82433003	0.23193258	0.23361064	0.6490783	0.22628224	0.337892
6595	0.60875136	0.62991846	0.82043564	0.40497875	0.69604695	0.40534788	0.39762396	0.68281054	0.68331736	0.5864306	0.60813403	0.4521621	0.69234324	0.58788955	0.3867307	0.5354885	0.38349912	0.4604081	0.6004127	0.59095573	0.5910607
6598	0.28537735	0.9520691	0.8634697	0.75450563	0.40194178	0.5614727	0.23072712	0.24122189	1.141289	0.6763847	0.54790425	0.3565887	0.38492927	0.9253617	0.39602566	0.7887734	0.28420684	0.29091758	0.7647477	0.38492617	0.4014095
6602	0.5804585	0.83040744	0.8982443	0.72469187	0.43756002	0.5817642	0.3278845	0.93469554	0.61384934	0.5320938	0.7409547	0.22944973	0.8175501	0.5200833	0.31867573	0.8269245	0.24423265	0.24400276	0.6042011	0.3471236	0.3980716
6603	0.26235795	0.9803247	0.9150186	0.38258556	0.8413499	0.5339507	0.24731728	0.3835295	1.1368827	0.6589061	0.40709183	0.36983338	0.79072106	0.9236065	0.39664105	0.7926547	0.5838016	0.3211488	0.81484383	0.76175785	0.7353748
6609	0.6397155	0.3579176	0.68301904	0.31014484	0.87540287	0.9130881	0.36859754	0.74566454	1.1017594	0.6789764	0.22715499	0.58768934	0.38927403	0.86106855	0.3089252	0.53678507	0.31768626	0.27609783	0.90663385	0.8273056	0.8994373
6613	0.25671932	0.7560284	0.87989485	0.7836681	0.4823672	0.7459152	0.25239816	0.56897855	0.6603038	0.6175665	0.5686058	0.5222979	0.38915515	0.68022025	0.43281353	0.80626553	0.28211832	0.2313055	0.7667712	0.35969102	0.33325216
6619	0.3140586	0.97530395	0.98543507	0.7742348	0.49614984	0.44860613	0.18485726	0.7807662	0.70396465	0.6533714	0.5417941	0.26802057	0.9317057	0.5155739	0.39875114	0.8061035	0.32478476	0.27192932	0.75570685	0.27980664	0.37102658
6625	0.3132348	0.43755656	0.58193463	0.54807335	0.5419434	0.8757086	0.2616779	0.81039286	0.83603555	0.5897351	0.7677382	0.3366799	0.34317982	0.8503823	0.8864817	0.69234455	0.57585347	0.24135698	0.54566574	0.4259779	0.29208705
6629	0.36686817	0.76739687	0.89136726	0.5173879	0.47729024	0.46098235	0.274651	0.7379696	0.7578459	0.5930495	0.4062095	0.24518244	0.97996163	0.5858212	0.34122458	0.8330601	0.30514932	0.23926726	0.7007361	0.4408629	0.44111696
6630	0.2860941	0.89191926	1.0331496	0.41888806	0.48985887	0.46390593	0.21471773	0.8044122	0.52592355	0.6535525	0.38061327	0.22929502	1.0340946	0.44317782	0.37198502	0.8294041	0.30712202	0.24054988	0.6563078	0.3447507	0.46887103
6649	0.7388778	0.37319168	0.34010518	0.9897499	0.30052194	0.979779	0.29841807	0.8646635	0.9841016	0.5837982	0.8258352	0.74662054	0.73926324	0.8548434	0.34232578	0.83960706	0.23821977	0.24414495	0.88147795	0.24190035	0.51604956
6652	0.28742746	0.42678788	0.4245516	1.0160697	0.29661492	0.64645886	0.32793292	0.7406317	0.8398369	0.5537151	0.6350416	0.40889537	0.95754534	0.65284836	0.34511665	0.798647	0.22019511	0.25863606	0.78540426	0.27264345	0.4995287
6696	0.3651563	0.7159416	0.68470156	1.04992	0.3565351	0.5303436	0.18805856	0.33890682	1.1314826	0.6303369	0.83306617	0.65272397	0.32775047	0.91520894	0.40222842	0.7975207	0.2076169	0.24235038	0.7823532	0.19946647	0.36429513
6716	0.30017546	0.4544637	0.78474987	0.8983634	0.41316596	0.7139832	0.23224014	0.34829515	1.1298821	0.66302156	0.9119921	0.5576607	0.37165517	0.84320986	0.52316046	0.72454274	0.22648141	0.2352549	0.7903341	0.21965349	0.48731524
6717	0.60471576	0.46239078	0.43377692	1.0280794	0.29369444	0.8514952	0.30388114	0.74998033	0.8606719	0.5802951	0.825236	0.30757105	0.57138795	0.81571627	0.28719744	0.8453169	0.18984699	0.21394119	0.8113677	0.23978782	0.48246935
6720	0.6388446	0.42321798	0.37014198	1.0170289	0.3442634	0.566534	0.3725355	0.30592346	0.90259814	0.5535374	0.528857	0.44068578	0.33573106	0.7761976	0.48494077	0.7549295	0.2148247	0.30205023	0.70818603	0.26154363	0.28143036
6728	0.7118192	0.488781	0.4274278	0.9766962	0.38220775	0.56523174	0.23865536	0.75516284	0.8809095	0.5549501	0.67913693	0.5245472	0.6691304	0.73168486	0.3384738	0.8384958	0.18105507	0.24338314	0.7693222	0.29163972	0.35364166
6729	0.48552918	0.6269131	0.51527524	0.881296	0.6590568	0.7619445	0.48150712	0.25217643	0.8878752	0.60125697	0.6328173	0.68675816	0.3534864	0.6754597	1.02156	0.38965964	0.29765093	0.23352449	0.8547263	0.41736206	0.8182615
6732	0.46889356	0.5633218	0.8159691	0.9253686	0.4285484	0.5928616	0.32449567	0.88313323	0.5499615	0.6380216	0.6641207	0.2098979	0.98999465	0.49788585	0.34393823	0.80114144	0.26422438	0.29700154	0.73408246	0.31243265	0.35135084
6736	0.3168173	0.9086868	0.9488182	0.3786866	0.4519008	0.39705923	0.27507365	0.7881046	0.6140165	0.670394	0.7502795	0.12887278	0.70225805	0.6563536	0.37973413	0.6892388	0.2674165	0.28700483	0.45757613	0.34197083	0.29268697
6752	0.2759356	0.3728181	0.51933414	0.74490714	0.5244011	0.9151405	0.24422035	0.79726434	0.9200361	0.6534243	0.8353897	0.69023114	0.68391335	0.83891255	0.3784083	0.7832243	0.31552044	0.2329161	0.8484036	0.4489814	0.55321544
6761	0.56343883	0.52511936	0.4720947	0.72405607	0.6099605	0.75906867	0.4267975	0.605207	1.0027138	0.5504089	0.73768795	0.7918083	0.52237356	0.8248389	0.9517403	0.6140646	0.29638708	0.32082754	0.8461103	0.46174636	0.80561787
6768	0.502495	0.4218792	0.28946742	0.59123564	0.6167519	0.8898371	0.5018598	0.16928165	0.6925654	0.55720174	0.32930169	0.61107117	0.26294217	0.6789309	1.131415	0.3451209	0.32219625	0.24559529	0.8161221	0.62572414	0.7866739
6773	0.6752984	0.4255933	0.5669443	0.73176706	0.80302995	0.9596403	0.4895777	0.65213144	0.7073682	0.5925967	0.49754485	0.5153816	0.2896415	0.53800774	1.1147237	0.49731967	0.43068647	0.23400678	0.82097006	0.68524647	0.643433
6779	0.49994147	0.41008395	0.65838695	0.40229693	0.6029155	0.89016294	0.3301457	0.86580765	0.7245366	0.6538244	0.73385113	0.63319016	0.7775081	0.7320239	0.37837976	0.6734353	0.41289732	0.425507	0.80026317	0.7127029	0.7597876
6789	0.82382286	0.35215673	0.3592042	0.9265199	0.35525748	0.946023	0.35043868	0.49893457	0.94386446	0.5903997	0.73810536	0.6698607	0.4119852	0.7610718	0.3658107	0.804924	0.21223965	0.22258046	0.85176444	0.2694867	0.6174081
6796	0.3209347	0.5966267	0.6635524	0.52403325	0.8680756	0.70077837	0.41552982	0.3570651	0.9674521	0.57028085	0.37962654	0.2942513	0.6094041	0.80992323	0.5491644	0.529716	0.32349417	0.27633995	0.74404377	0.51988703	0.6552608
6799	0.91421443	0.35057935	0.34847447	0.34906676	0.73122084	0.5271565	0.60541666	0.70268166	0.6001291	0.5051694	0.31775486	0.77681905	0.82106405	0.46170217	0.51433355	0.7652131	0.2723761	0.26482236	0.7486029	0.40047652	0.3967087
6801	0.26754797	0.66629785	0.793859	0.95529276	0.403025	0.68419766	0.17368734	0.8439287	0.5548206	0.63812625	0.7812787	0.28102267	1.0523013	0.45640725	0.2724973	0.85795957	0.209239	0.228459	0.8470574	0.22945592	0.5723376
6804	0.65114087	0.47292772	0.35988778	0.3104902	0.73669505	0.72700703	0.38974938	0.25072286	1.0867282	0.54366666	0.56203115	0.51894516	0.28740978	0.7464707	0.48596048	0.46595722	0.34429854	0.38025266	0.8324009	0.5670768	0.76775634
6808	0.806685	0.35593572	0.32893628	0.37649912	0.33699417	0.9094186	0.41468123	0.5826695	0.92340934	0.57657707	0.70168966	0.54054856	0.35407507	0.76918936	0.5121916	0.7147404	0.2554024	0.23775792	0.82875454	0.44060686	0.7382135
6810	0.49585757	0.5091293	0.50886303	1.0280629	0.3655271	0.863712	0.22244881	0.93609565	0.5636095	0.5923331	0.74325705	0.34869692	0.32033265	0.49788338	0.31689733	0.8032133	0.20301902	0.24375452	0.7709475	0.26141903	0.3947587
6815	0.5411201	0.41882873	0.30432418	0.8787199	0.5660818	0.90897894	0.47236913	0.27995384	0.7249058	0.5574424	0.47181833	0.6149702	0.27982995	0.69313127	1.0446055	0.41090554	0.32316682	0.24107866	0.82922703	0.49886298	0.6171981
6829	0.6846642	0.41611347	0.32381105	0.33666012	1.0006659	0.96997553	0.66835713	0.5006749	0.83595556	0.61011016	0.5739779	0.67892	0.28766364	0.572638	0.56904113	0.68108696	0.34355044	0.289927	0.8957637	0.67199683	0.9129457
6831	0.6845086	0.42649332	0.62344867	0.29212195	0.8201275	0.9522932	0.37923962	0.75033665	1.1537474	0.6634828	0.27870888	0.5826975	0.7080101	0.85958755	0.34745735	0.7774669	0.4179924	0.2876643	0.90825737	0.81958216	0.8812464
6835	0.26283145	0.6426981	0.982699	0.55592555	0.44941863	0.50030273	0.31078428	0.7223441	0.6306471	0.6751611	0.5149092	0.24580806	0.8828004	0.56410336	0.37185133	0.7866108	0.25746185	0.23063748	0.492616	0.4111466	0.4860361
6836	0.8126384	0.4606665	0.5278185	0.30883196	0.96962047	0.9091855	0.36152184	0.5130789	0.9967384	0.5991273	0.42197677	0.5797044	0.39774665	0.7906986	0.40508744	0.66312623	0.64361733	0.37549812	0.8401071	0.6680474	0.827304
6848	0.79052204	0.55727255	0.63577086	0.31493822	0.9654733	0.6794026	0.44837672	0.5115786	1.1463245	0.5961076	0.2982305	0.6477958	0.5185122	0.834686	0.49736443	0.45649067	0.41527468	0.40142018	0.7289006	0.63409966	0.81736743
6852	0.82772416	0.4219613	0.33393744	0.31811664	0.9313196	0.57031995	0.6311325	0.2274886	0.94043666	0.55112827	0.34152997	0.427528	0.25742668	0.8074674	0.82508343	0.5235956	0.4316622	0.31206363	0.7524831	0.5476776	0.6812825
6864	0.90168417	0.47569844	0.35137746	0.3095835	1.0150707	0.6859966	0.27104494	0.27011934	1.2157632	0.6164812	0.2321269	0.7586269	0.35975787	0.9606844	0.32869592	0.5186823	0.7974015	0.6313085	0.8049549	0.7066601	0.81565624
6869	0.78794086	0.42208394	0.42549148	0.30170906	1.0137103	0.8168989	0.25575927	0.37558275	1.1749028	0.64225006	0.22937156	0.69034326	0.3652152	0.8983544	0.28832906	0.6286492	0.83406675	0.84351397	0.8742321	0.8689897	0.8721225
6879	0.8567234	0.42510793	0.34510732	0.2938831	1.0070052	0.74642706	0.27940762	0.3080042	1.168358	0.6322287	0.24605486	0.70377237	0.32661352	0.86319596	0.3507872	0.7122107	0.780836	0.7842366	0.8546174	0.8292854	0.8240958
6885	0.42990625	0.52701503	0.6608523	0.31225494	0.614121	0.82957745	0.3330283	0.8018835	0.98368853	0.68131316	0.2794217	0.41708475	0.6583215	0.77713585	0.27874905	0.7378627	0.32269305	0.2784291	0.8161787	0.7210403	0.805686
6899	0.5735081	0.49603662	0.7425934	0.2901079	0.98495215	0.83686197	0.34919497	0.81796443	0.92411274	0.6245872	0.2785345	0.49842468	0.34443855	0.6778117	0.3462153	0.5608057	0.42228025	0.4769416	0.8171812	0.7362393	0.84781295
6906	0.81498355	0.53294164	0.37154782	0.3140813	0.9314514	0.4929183	0.3795962	0.34285188	1.2240739	0.49776226	0.27491397	0.6897631	0.33178976	0.8731105	0.3287278	0.6901972	0.81054515	0.55463064	0.7408206	0.7159052	0.7315509
6907	0.7882322	0.48724505	0.58312297	0.3497838	0.9279719	0.81271774	0.41644007	0.7802213	0.86820436	0.594025	0.37176663	0.7292306	0.50028294	0.6392636	1.016947	0.4687486	0.56103665	0.35335362	0.8597634	0.66760695	0.8452304
6915	0.48041755	0.49059865	0.4910133	0.29801577	0.84037197	0.5292192	0.45747992	0.2347057	1.0020032	0.575663	0.26467532	0.27356687	0.27179897	0.7343459	0.7829567	0.53392625	0.78260225	0.8610343	0.69750834	0.46976468	0.40522796
6916	0.39078376	0.4791305	0.5486461	0.31180358	0.87993336	0.7325777	0.3867555	0.64968216	0.7583287	0.6230782	0.41311005	0.46804908	0.68487066	0.67271084	0.48789987	0.6873596	0.35435253	0.28390235	0.74720323	0.56237924	0.76940745
6920	0.7168251	0.33521345	0.42826867	0.28572336	0.96330947	0.9426379	0.3033645	0.3892528	1.1510345	0.6345001	0.24428979	0.6763856	0.36213225	0.86593854	0.34301645	0.49554485	0.43060446	0.34459126	0.8423744	0.76003486	0.92170566
6928	0.7628222	0.38270745	0.326222	0.3041531	1.0115008	0.858495	0.4938894	0.55131364	1.0112002	0.6262448	0.3104903	0.46584406	0.35424682	0.8367414	0.4647521	0.61018085	0.44331792	0.33044773	0.8241513	0.7484557	0.8080609
6933	0.87616575	0.39532736	0.35641134	0.31046963	0.8555092	0.8658867	0.5838459	0.56434226	0.73086816	0.61552024	0.28744608	0.7614197	0.3088185	0.71370804	0.6226719	0.5707211	0.41475058	0.36142582	0.83097804	0.68480116	0.86634415
6938	0.52099514	0.66172844	0.9199095	0.3980609	0.90350735	0.7707099	0.29012218	0.580548	0.5914223	0.6356409	0.40371943	0.19817127	1.0109239	0.57575583	0.41922784	0.7043936	0.4638666	0.32150567	0.48865786	0.626742	0.54706764
6944	0.42326757	0.66836715	0.7091954	0.29048628	1.0336773	0.696929	0.4893988	0.53555685	0.8058235	0.6101423	0.29298195	0.6141157	0.38544193	0.5975052	0.78025836	0.3917856	0.76153255	0.40814793	0.83578587	0.7044033	0.89245486
6950	0.79923695	0.5329965	0.42019403	0.31991836	0.9699019	0.50455767	0.36063182	0.73600703	0.7500145	0.51242477	0.30315095	0.3279878	0.79368097	0.6208297	0.46905592	0.80639595	0.5687318	0.30860603	0.6462642	0.64971095	0.49494886
6953	0.72531056	0.49558765	0.52595943	0.29306814	0.96016645	0.8482775	0.3226913	0.80161256	0.86847097	0.57717586	0.3378582	0.43977624	0.77564394	0.64668345	0.5094939	0.47736865	0.46980342	0.5327335	0.7646716	0.815549	0.8368254
6954	0.56969905	0.3699377	0.57499814	0.42366266	0.5639433	0.593993	0.31764132	0.86371565	1.0389038	0.5185149	0.6414889	0.48889843	0.76049304	0.85463524	0.3019389	0.65998256	0.73330545	0.90793025	0.6575192	0.69841605	0.6912691
6957	0.5280727	0.5487249	0.55048925	0.30062196	0.89924294	0.59836227	0.24350189	0.8612506	0.8497468	0.57760185	0.29455152	0.5975231	0.90101284	0.6525133	0.37479612	0.68260455	0.5242177	0.49221992	0.76975274	0.6630893	0.59741783
6968	0.4330559	0.72933966	0.56596136	0.3464674	0.93015677	0.5276398	0.3238101	0.29601428	1.1738032	0.6053363	0.30991426	0.28068504	0.7399603	0.8308359	0.45217448	0.46583554	0.7014249	0.37231648	0.5623271	0.5669091	0.35363084
6981	0.7587325	0.39786568	0.29613435	0.57200354	0.6931888	0.46374944	0.33250186	0.29659534	1.141104	0.50336486	0.23006573	0.53967524	0.32275775	0.93250275	0.32329828	0.71362394	0.62075543	0.3322118	0.5999483	0.2882792	0.32478878
6987	0.4851706	0.54352486	0.5555566	1.0357074	0.3634457	0.5208409	0.34611487	0.28304973	1.0339566	0.5878263	0.7486565	0.45409262	0.30018434	0.8849614	0.4128458	0.7830972	0.26159224	0.23832153	0.69206357	0.28355476	0.47026038
6989	0.7423121	0.67982763	0.46588895	0.95791125	0.39575252	0.65050256	0.26686776	0.88723725	0.99552304	0.64473236	0.7575919	0.6431553	0.42675263	0.88692135	0.2792811	0.79327595	0.20479566	0.26389688	0.77468693	0.2742129	0.33637884
6992	0.75470865	0.466656	0.34184933	0.95813084	0.34265158	0.57158643	0.6283055	0.840799	0.61434144	0.49301305	0.75441134	0.2831364	0.2587952	0.5643514	0.4801991	0.7906494	0.23609602	0.24711215	0.64832103	0.23344624	0.2806818
6997	0.4555338	0.46505123	0.61762106	0.4421866	0.36480916	0.6374484	0.39794046	0.5536981	1.0289463	0.6021878	0.8077958	0.6919282	0.3165255	0.7344376	0.40602103	0.80594826	0.27081436	0.26386267	0.77063274	0.268475	0.41587764
7100	0.87280643	0.4072461	0.2808108	0.27840936	0.9066916	0.8818662	0.67918384	0.19043262	0.64680886	0.56308246	0.18989405	0.35120583	0.27077907	0.5263475	0.84391564	0.527047	0.27033368	0.29018164	0.80162454	0.78578013	0.87379205
7113	0.28197303	0.78016347	0.75760615	0.9927299	0.39116564	0.40469736	0.24047798	0.7935363	0.83418363	0.58863735	0.7500689	0.24102166	1.0099107	0.53593594	0.30008224	0.7708348	0.2134481	0.23951451	0.63153464	0.25411746	0.24370486
7118	0.3191019	0.49219826	0.4825995	0.5990458	0.39945135	0.79295427	0.37456056	0.60971326	0.78982943	0.59064484	0.38645864	0.57993394	0.45829427	0.6310848	0.47569475	0.6276487	0.2649354	0.2262743	0.76177025	0.5017051	0.6071169
7125	0.38953826	0.8774734	0.70348364	0.9785561	0.37976018	0.58515275	0.31382206	0.8940617	0.594933	0.6244918	0.69218194	0.44311905	0.8491627	0.54600626	0.36176547	0.7063561	0.27226472	0.32612276	0.6657027	0.25494227	0.35392305
7128	0.44682875	0.414872	0.65912825	1.0493026	0.3316589	0.7757622	0.21496715	0.3620821	0.9960526	0.64357257	0.9833459	0.49173957	0.5641716	0.62707573	0.41913307	0.8429859	0.20550385	0.22933201	0.8983006	0.1940184	0.36999843
7134	0.46925065	0.69128054	0.61622185	0.8416808	0.5036893	0.4878707	0.36739996	0.68228924	0.939529	0.57280684	0.58979124	0.6114178	0.7982165	0.7381121	0.45810273	0.68118054	0.2487278	0.28026533	0.72837275	0.37219995	0.49409154
7135	0.43783095	0.61230457	0.48268616	0.8503251	0.44176897	0.68449956	0.43358847	0.8296707	0.86847943	0.5775265	0.7965252	0.6645611	0.7237612	0.669892	0.44469726	0.67990106	0.24544868	0.30855644	0.77023745	0.30295023	0.61564046
7143	0.8144761	0.46170136	0.47798365	0.34631148	0.60917705	0.4121848	0.53768986	0.50649875	0.5992355	0.55270725	0.44833255	0.19703113	0.49490967	0.58336407	0.60842925	0.81728023	0.30092093	0.27961212	0.5147392	0.44328701	0.4316804
7144	0.3631126	0.7623015	0.56001663	1.0124958	0.44777814	0.6813908	0.279073	0.82633173	0.6874402	0.5919574	0.79878676	0.47625643	0.64838237	0.69255525	0.40875375	0.7141767	0.27009082	0.2632035	0.84434116	0.3001049	0.50642294
7146	0.8936806	0.40053353	0.37194264	0.31657007	0.782588	0.6596225	0.6552636	0.44064158	0.9782455	0.50899583	0.26152226	0.40095654	0.7076144	0.66624665	0.36594728	0.8151037	0.47781226	0.23605563	0.58009845	0.43714073	0.42633942
7147	0.49538338	0.7977917	0.40761733	0.29063252	0.97567886	0.51496255	0.36533022	0.20529611	1.2188004	0.6106179	0.2544941	0.46312752	0.3194439	0.87258476	0.3623943	0.56618416	0.7960213	0.7227132	0.72345227	0.7600929	0.7848446
7157	0.8037323	0.40622303	0.33291036	0.3058049	0.8417912	0.77660847	0.37844357	0.5253694	0.7685527	0.5859637	0.48317352	0.4681757	0.7226911	0.689184	0.41132376	0.78008217	0.52770376	0.256352	0.8199306	0.5489384	0.7359749
7160	0.70012563	0.56122875	0.31174445	0.3238072	0.9827036	0.84189266	0.3175888	0.8411371	0.5237368	0.59046763	0.35175917	0.52645063	0.733553	0.43363643	0.6922688	0.7018651	0.61427003	0.3484453	0.8728986	0.7443827	0.809772
7161	0.5312675	0.49865496	0.6457636	0.48152983	0.8094641	0.94174355	0.32353088	0.60724187	0.88520443	0.6366336	0.57128507	0.6323889	0.6556091	0.7071071	0.3592462	0.7601934	0.43484616	0.28486538	0.8677619	0.65001464	0.82444865
7164	0.6661851	0.3443213	0.45528302	0.29797307	0.9008533	0.92764956	0.28606123	0.379219	1.128202	0.65238684	0.2692669	0.59741896	0.36742777	0.90929425	0.31730902	0.5784138	0.44249055	0.33257186	0.8695778	0.79939044	0.90789616
7175	0.7282785	0.38720015	0.34257728	0.2882375	1.0417414	0.677805	0.30550852	0.29942858	1.2667542	0.52807534	0.22474791	0.7019023	0.4370734	0.9369797	0.34400916	0.47230667	0.83947605	0.9573358	0.8604865	0.63641185	0.8410841
7179	0.7634042	0.6857234	0.4500232	0.30416587	0.97949207	0.5223429	0.36339894	0.42266592	1.1261725	0.5757418	0.26050135	0.67450863	0.47338396	0.5595823	0.853697	0.46037158	0.6061719	0.4437248	0.81175876	0.687274	0.7879872
7180	0.7684898	0.6993392	0.62502295	0.3276747	1.0118593	0.8479096	0.33530793	0.3291408	1.2148832	0.5851785	0.25211442	0.7387953	0.55090976	0.91159683	0.38289326	0.5230985	0.7685053	0.5469637	0.7993265	0.80836326	0.79210293
7187	0.48192525	0.3842865	0.582639	0.33862737	0.481405	0.6782592	0.37875843	0.79643065	0.75727147	0.6652716	0.68571824	0.47160137	0.72799355	0.69555545	0.39473042	0.8143466	0.3203522	0.24814801	0.74401176	0.37010998	0.76503515
7192	0.79805887	0.35338435	0.5641738	0.3047	0.90888214	0.9496682	0.5010833	0.7028161	1.0480897	0.6275422	0.29286045	0.63172704	0.5635172	0.87896514	0.38414618	0.63598317	0.40428513	0.26992497	0.8767365	0.7285161	0.86441857
7193	0.42854217	0.42235926	0.4064231	0.29842314	1.0037775	0.8810637	0.39418757	0.48161152	1.137779	0.63431776	0.3147684	0.4609752	0.32509413	0.8007214	0.47329164	0.57065684	0.46206596	0.30255026	0.85337245	0.68483955	0.869701
7198	0.8896525	0.405255	0.58142245	0.9623513	0.29853365	0.923845	0.2838779	0.9106043	0.8953143	0.63618356	0.9424254	0.783489	0.6405977	0.87956226	0.35796845	0.81400734	0.23639056	0.2358958	0.8316716	0.27765718	0.5934018
7200	0.81274307	0.48131827	0.40623236	0.2974559	1.0192789	0.39413953	0.5000718	0.41164267	0.7307554	0.5303487	0.25743943	0.44234607	0.45707124	0.483745	0.64264697	0.6639862	0.48553476	0.44194806	0.5546448	0.7286466	0.5757774
7204	0.5553109	0.6691156	0.5097107	0.6878447	0.61814225	0.7005184	0.31525108	0.8237626	0.9945329	0.5885768	0.69598156	0.7511507	0.3990176	0.80578357	0.42678797	0.8204668	0.22480491	0.28435212	0.7922369	0.31224006	0.4646593
31009	0.5594342	0.55743337	0.41473335	0.283935	1.063172	0.78346395	0.5417703	0.44040528	0.6876417	0.5724242	0.23022892	0.6187021	0.37956622	0.51383525	0.709541	0.3595114	0.7343814	0.43058175	0.8203666	0.77785975	0.85267645
31015	0.68832695	0.5096325	0.64056605	0.32211283	0.92771673	0.7141442	0.36120066	0.5121171	1.0506227	0.6107688	0.32591823	0.407405	0.474834	0.73383063	0.43794915	0.63561934	0.57669485	0.4808271	0.7066942	0.6536012	0.7847357
31021	0.40423825	0.7707232	0.59749836	0.51984507	0.5875958	0.82888937	0.43647522	0.75724876	1.0466021	0.68456817	0.8009451	0.43562755	0.8794238	0.834738	0.3165476	0.7521642	0.3919633	0.46752673	0.81523037	0.48924175	0.6210804
31029	0.9105978	0.43562266	0.36624336	0.3081897	0.98582584	0.66261405	0.51376367	0.28178	0.76812154	0.5231072	0.21382697	0.7033241	0.43626967	0.5867116	0.98522407	0.48901564	0.3656851	0.3332218	0.76158047	0.659296	0.5809551
31034	0.88467884	0.4006141	0.32074586	0.29195684	0.86776775	0.87575406	0.5753823	0.20083953	0.6403066	0.5858994	0.19957437	0.6333926	0.28096995	0.60421455	1.0054077	0.45611066	0.30225947	0.2480689	0.82248676	0.78287613	0.89648205
31056	0.54021317	0.37625703	0.47733733	0.29768655	0.72972614	0.82858974	0.33544558	0.24699965	1.1557888	0.65289885	0.23881733	0.4814698	0.2867718	0.8525285	0.3883793	0.6755906	0.28407708	0.23818317	0.68699276	0.5659068	0.6191058
31060	0.8986969	0.4018564	0.4137439	0.3063071	0.7354208	0.6081833	0.40970072	0.19182509	1.0165243	0.5655765	0.6747461	0.6773883	0.41125455	0.82503074	1.0438048	0.61168396	0.32187772	0.24379495	0.8003015	0.42655993	0.74672985
31062	0.71703964	0.38989243	0.34495154	0.35175663	0.9400036	0.9553996	0.78727317	0.33541128	1.05815	0.524721	0.37427709	0.71691144	0.27499744	0.7275102	1.007799	0.5726364	0.45028964	0.26737326	0.7726143	0.7539489	0.80025256
31067	0.5865754	0.42311484	0.58715254	0.29240698	0.6653797	0.6226332	0.5480047	0.28088441	0.49168432	0.572125	0.25166926	0.5533066	0.27017054	0.46459478	1.0585859	0.64774317	0.31124476	0.30806696	0.7366625	0.717484	0.7474895
31070	0.5131302	0.42664823	0.55390924	0.2899874	1.0043404	0.82078844	0.72754276	0.19062956	0.49914247	0.5726673	0.18674335	0.6512182	0.271548	0.482632	1.0227649	0.5841565	0.3379108	0.24529223	0.78375244	0.7921808	0.8128914
31077	0.85009104	0.39688012	0.42499682	0.2901261	1.0094614	0.7169115	0.3954059	0.55688596	1.0674219	0.5736909	0.20338893	0.73738444	0.33401	0.93474644	0.3906073	0.7971254	0.31051183	0.36355716	0.7902836	0.571579	0.7402804
31083	0.8285049	0.43345168	0.4122732	0.31929344	0.91096276	0.5260721	0.62591016	0.23978181	0.92387915	0.5550309	0.30509523	0.2991177	0.26816767	0.76197094	0.7087572	0.64897215	0.46197256	0.29239726	0.6506508	0.66942346	0.6322879
31089	0.52350694	0.41340482	0.5119978	0.30183995	0.9796178	0.7257563	0.657712	0.25673208	0.445869	0.6149473	0.23299783	0.4074439	0.28260818	0.4568457	0.9447963	0.6417307	0.39963073	0.38966674	0.7533052	0.7046907	0.8659193
31098	0.90898776	0.3995963	0.539297	0.2898521	1.0491912	0.86746645	0.7377927	0.23865487	0.44941297	0.55932236	0.1852908	0.7470142	0.27437252	0.46854484	1.0542504	0.4446559	0.33427525	0.26292017	0.80311036	0.8234611	0.8701117
31114	0.3149723	0.5415876	0.95051	0.81337625	0.5606895	0.6204967	0.25826734	0.87796646	0.6018333	0.629155	0.46616158	0.2849626	0.9067639	0.5013105	0.33238125	0.7647075	0.3463201	0.36408347	0.7746078	0.49210784	0.57450086
31116	0.901355	0.33747646	0.3383587	0.2883981	0.97837263	0.8850218	0.6533096	0.39756224	0.94790447	0.5283018	0.20655486	0.7028825	0.287137	0.8354838	0.74735487	0.41830245	0.44371513	0.42146283	0.76336956	0.5679838	0.82703453
31118	0.573904	0.36614507	0.5544875	0.2886353	1.016223	0.84719396	0.7191769	0.19177893	0.478786	0.57825696	0.18021785	0.5360985	0.2678644	0.4767321	0.97547156	0.4051589	0.37065983	0.28093696	0.7431676	0.74968886	0.8576226
31124	0.6562985	0.5900878	0.42818713	0.2986886	0.9781175	0.4680961	0.28222573	0.7994624	1.1722007	0.5840492	0.25542113	0.429036	0.40066844	0.7365432	0.33358082	0.78844583	0.7979828	0.37272555	0.7264278	0.77955234	0.5499362
31129	0.46165925	0.7485214	0.8333133	0.31146407	0.9934803	0.64797264	0.30819085	0.7611035	0.92324746	0.61568487	0.32034004	0.54836607	0.73654336	0.60830235	0.35100853	0.59190834	0.65269166	0.5041587	0.80231214	0.7311487	0.71059793
31141	0.562262	0.61959034	0.72369707	0.3341784	0.9862387	0.734493	0.39849713	0.7373008	0.56645316	0.61861175	0.30553335	0.47602344	0.8161789	0.5966112	0.49764952	0.5071676	0.4605104	0.36210608	0.76244503	0.68870854	0.7143461
31143	0.86767876	0.40279797	0.31344008	0.28108725	1.075918	0.558711	0.61964566	0.44610333	0.6184425	0.4931174	0.23564371	0.7951972	0.35969886	0.50751424	0.7079208	0.4168	0.4613354	0.3838576	0.7797244	0.55442816	0.7463909
31145	0.5607977	0.6375161	0.50804716	0.38245407	0.9148952	0.6804228	0.27493924	0.73106676	1.0034791	0.55072975	0.36519983	0.608861	0.79202527	0.82002175	0.4429078	0.7243722	0.62137824	0.3538276	0.9007408	0.7113731	0.71285427
31146	0.3190483	0.58885586	0.8926224	0.66439027	0.3864815	0.45755142	0.24012202	0.51952934	1.0236747	0.61443955	0.66410965	0.4848672	0.80738497	0.79864204	0.35193276	0.7352905	0.24353525	0.2426794	0.69265723	0.26509538	0.39596537
31147	0.8839823	0.489429	0.36753377	0.3197844	0.8327075	0.6997932	0.31061137	0.88019675	0.9839874	0.5703054	0.29518458	0.74453276	0.51141876	0.77777755	0.38621762	0.3684589	0.70151365	0.47532213	0.8792841	0.6330178	0.80404913
31154	0.902806	0.5364344	0.40280584	0.30635664	0.986358	0.4813766	0.41166186	0.39183456	1.2202826	0.49143672	0.222462	0.64928985	0.39487368	0.89360297	0.4044639	0.53780615	0.8133334	0.77575874	0.8740488	0.77001846	0.8036899
31174	0.51961994	0.58279246	0.57593983	0.31457493	1.0172448	0.8427529	0.2584038	0.8748555	0.78213644	0.6171971	0.27040336	0.550473	0.49858335	0.748532	0.3983333	0.469758	0.60018003	0.4866796	0.8098014	0.82875097	0.74562055
31177	0.8805765	0.39922658	0.25583193	0.3288208	0.9817278	0.57163566	0.33193117	0.8597171	0.648258	0.52411205	0.23058537	0.669075	0.8453466	0.56867313	0.43074766	0.54179245	0.6389166	0.6220589	0.84994084	0.63354075	0.6341997
31179	0.40299022	0.6690385	0.5425528	0.46027783	0.54743063	0.8982726	0.22737065	0.95030504	0.58299154	0.607686	0.5639528	0.44680837	0.930815	0.60749984	0.30129847	0.8092732	0.5644045	0.27479368	0.82963544	0.32649946	0.5000574
31180	0.8001378	0.55459285	0.4005582	0.3182394	0.9109484	0.39813197	0.26394737	0.24271183	1.139127	0.5457329	0.29067844	0.34311268	0.33145657	0.8010032	0.35223266	0.80742496	0.6169282	0.42968118	0.70997024	0.6597733	0.45636076
31181	0.5760665	0.42677444	0.3237354	0.7947196	0.3507619	0.90851253	0.52396524	0.67909974	1.0192552	0.59454817	0.9676388	0.6798236	0.39497152	0.57120526	0.6329563	0.8423964	0.20606402	0.2176557	0.86798525	0.22186425	0.7856394
31183	0.86735094	0.5092067	0.38496953	0.58234864	0.37288594	0.5287409	0.6258853	0.26892143	1.1794043	0.5827586	0.52278215	0.5972196	0.31022808	0.80254763	0.4136857	0.78497326	0.26467642	0.2718804	0.778058	0.25768933	0.38530752
31203	0.47138655	0.6202474	0.67280674	0.91640747	0.5939296	0.9844268	0.18631311	0.9864029	0.560159	0.65208644	0.8678603	0.45661378	0.8634274	0.62875444	0.32130146	0.84406334	0.2344138	0.22448684	0.87164867	0.25832424	0.6032643
31207	0.7740018	0.467041	0.46027055	0.9959016	0.29661298	0.8527312	0.34853742	0.5491902	1.0801299	0.63041157	0.85123986	0.46280038	0.4375637	0.8374787	0.35637465	0.7887378	0.22698593	0.25019342	0.79723114	0.26938	0.43157846
31220	0.7627695	0.4947227	0.40093452	1.0285009	0.3076493	0.6895644	0.29692498	0.42530832	1.121571	0.55606985	0.8328941	0.7061763	0.8300088	0.8300006	0.3378187	0.82600266	0.23030144	0.24301086	0.8320862	0.28551856	0.4241787
31227	0.7522258	0.49048465	0.2706733	1.044803	0.33897957	0.43913808	0.25808766	0.3866366	1.1541263	0.6400884	0.8775489	0.46119753	0.55638653	0.8463348	0.34739214	0.8296285	0.22002745	0.24684176	0.6391366	0.2522158	0.3040212
31233	0.8584836	0.82929784	0.6030888	0.2953483	0.9565388	0.7438813	0.31940216	0.37915045	1.1832858	0.630913	0.27905345	0.6312131	0.73761135	0.9271049	0.38894302	0.4813677	0.70834726	0.44764733	0.85350686	0.71580386	0.81007177
31234	0.67759776	0.47240323	0.3787764	0.9777954	0.4951376	0.7706476	0.2967434	0.5560797	1.0305148	0.55443573	0.63992673	0.63108313	0.42495146	0.8548616	0.39284745	0.5014246	0.27493528	0.48408818	0.8278357	0.38284656	0.5210559
31240	0.63901275	0.43059242	0.30516863	1.0268878	0.3100077	0.6497327	0.364663	0.40525955	1.0662465	0.59377944	0.80252194	0.5946504	0.300986	0.68072057	0.4459343	0.8266459	0.22587821	0.23501594	0.73189425	0.24098325	0.39921162
31269	0.43477246	0.5285811	0.39326844	1.0387547	0.31806403	0.6547007	0.27737126	0.89155525	0.8051177	0.5510958	0.7655914	0.46017197	0.25542307	0.7031226	0.2795696	0.84777474	0.17854804	0.24512699	0.7643539	0.22633165	0.3849838
31280	0.62879694	0.6378936	0.33596462	1.0693452	0.31593475	0.38748565	0.26530004	0.4637991	0.94714797	0.58219784	0.8559519	0.33081627	0.32630154	0.72623503	0.30157217	0.80687207	0.1845944	0.23499346	0.6826128	0.20730478	0.26555404
31285	0.8988846	0.51601213	0.3667577	1.0363752	0.30785584	0.47818354	0.31390017	0.51018006	1.0624263	0.5435413	0.71591413	0.5833898	0.49843946	0.8297659	0.30407047	0.82321656	0.20137149	0.24742585	0.67835695	0.23151734	0.3749069
31286	0.561784	0.5224977	0.36716837	0.94392544	0.8544086	0.55517656	0.27330384	0.38234067	1.1476802	0.61628354	0.86480564	0.54251677	0.46438468	0.91149294	0.32553163	0.7605087	0.42091754	0.2551985	0.69118613	0.48014444	0.3921472
31292	0.9017205	0.47184578	0.30394882	1.0168772	0.3642463	0.41902977	0.3849696	0.41354412	1.0803081	0.5146929	0.6651702	0.47944275	0.26703784	0.74368006	0.40886542	0.83934987	0.2145851	0.26832196	0.61039644	0.29637408	0.33723244
31304	0.8059609	0.4631103	0.62521935	0.84496856	0.4680806	0.71228117	0.33155096	0.8273945	1.1058432	0.6234971	0.79506165	0.63087523	0.47040752	0.83325034	0.34006807	0.84622836	0.20963013	0.2835272	0.88428104	0.31775925	0.44681403
31307	0.6919936	0.4394316	0.32652307	0.9097171	0.5552457	0.83201355	0.3129751	0.42815405	1.0520959	0.58700645	0.6430445	0.47609657	0.7010688	0.6029584	0.37371844	0.7324212	0.24789539	0.503181	0.8302081	0.41241646	0.64700454
31313	0.515109	0.80174893	0.6222693	0.8473102	0.60374105	0.69545007	0.5074114	0.4781847	1.0564612	0.6258347	0.6940003	0.597646	0.56918085	0.8328061	0.691198	0.6111758	0.33267155	0.32349765	0.61257094	0.45706204	0.5899371
31317	0.4899115	0.5400863	0.6549624	0.33971825	0.80524266	0.5678156	0.292495	0.8594512	0.88001734	0.6608304	0.42040563	0.48517194	0.56285274	0.784039	0.4271667	0.5855325	0.48092845	0.46045417	0.8572603	0.7103843	0.6579
31330	0.8573758	0.46996337	0.6849424	0.40074813	0.7395585	0.5733343	0.35271156	0.45868576	0.9713724	0.53625053	0.38292474	0.74646366	0.5542065	0.7951239	0.5513238	0.5622209	0.33835953	0.3987205	0.77428085	0.5113455	0.46123213
31332	0.5801669	0.488107	0.85858047	0.6841027	0.43496564	0.55694	0.3097444	0.88502586	0.7562307	0.55279344	0.7001562	0.50256777	0.7684463	0.6311877	0.31861687	0.8142294	0.23190111	0.30813313	0.7082805	0.37834093	0.30588746
31338	0.46343902	0.7990023	0.4043059	0.85558593	0.45441684	0.7702023	0.24689469	0.7570338	1.1045195	0.62753856	0.79227793	0.4734576	0.53867054	0.8654423	0.329856	0.8278528	0.24345812	0.25116852	0.8397349	0.25740415	0.38853025
31340	0.34191462	0.43728814	0.69106895	0.94284034	0.45762438	0.80407906	0.25095004	0.80179447	0.6325434	0.62233853	0.9413761	0.43050322	0.9153111	0.5479456	0.3980458	0.82123405	0.24886835	0.23267667	0.84935945	0.25257185	0.7493216
31346	0.81019086	0.43118492	0.5534967	0.35862204	0.44016063	0.85504436	0.2707384	0.8851506	0.6614102	0.5784636	0.72932684	0.51072234	1.0052181	0.59985137	0.35552493	0.83471614	0.29716724	0.26497024	0.7811434	0.23248997	0.45630524
31347	0.6001924	0.7036506	0.5300613	0.94586325	0.43391222	0.5379657	0.31593248	0.5658685	1.0600406	0.63381827	0.7232947	0.63958776	0.5269024	0.86733055	0.34713265	0.76575124	0.24397823	0.27972925	0.74679893	0.27753583	0.346657
31360	0.8601013	0.43772393	0.3516957	0.43143818	0.67215127	0.56236875	0.33873725	0.4585542	1.1183364	0.6105931	0.3114598	0.5652856	0.43717754	0.8619102	0.37990773	0.74852186	0.3176046	0.28756046	0.8429331	0.5268588	0.4630353
31361	0.8963042	0.44342542	0.4380816	0.34627616	0.64064336	0.5605182	0.31104416	0.3560887	1.1109939	0.5505973	0.33052945	0.6421854	0.46371907	0.92214245	0.41076794	0.53262025	0.52356875	0.2935536	0.84798306	0.54899806	0.52973646
31378	0.7041156	0.6937275	0.534812	0.6706391	0.7184555	0.5967133	0.2586258	0.58899534	1.1506578	0.62361777	0.41545302	0.73223895	0.78444636	0.94573665	0.3723704	0.7160088	0.26592916	0.33184326	0.83392495	0.45066822	0.75084955
31382	0.5629344	0.55891114	0.37094226	0.7143558	0.3670845	0.70883584	0.29356742	0.4908021	1.0583532	0.6177459	0.68821174	0.3706151	0.61034864	0.84825724	0.38790777	0.7949946	0.34842417	0.24253647	0.69095004	0.31792057	0.38854244
31387	0.67658716	0.42543718	0.4559502	0.55094707	0.65693235	0.5198686	0.2791558	0.3501059	1.0096813	0.5458254	0.5386093	0.601328	0.4095592	0.7688642	0.34815222	0.8297166	0.48818934	0.3423103	0.74531436	0.60864294	0.39502466
31390	0.6041325	0.440343	0.51037556	0.90219074	0.45951068	0.71540314	0.32033098	0.8813874	0.7871479	0.5802938	0.5484891	0.59016436	0.49892905	0.6098533	0.38720873	0.767547	0.23787746	0.28590912	0.85268337	0.4050723	0.5887294
31398	0.4713042	0.7439443	0.52664864	0.32417774	1.0216365	0.8455272	0.39433953	0.643934	1.0237513	0.58182424	0.4646515	0.54901737	0.7414466	0.866616	0.4288274	0.50827986	0.7345124	0.40856385	0.8521681	0.7416703	0.8309618
31415	0.3841585	0.3731854	0.83399355	0.7527556	0.371971	0.5607555	0.29627946	0.6019281	1.0186648	0.5642384	0.66613877	0.3340456	0.7265105	0.8268936	0.3964524	0.8199383	0.2649853	0.2672198	0.6889168	0.24609002	0.47734362
31421	0.8734505	0.460624	0.32542583	0.8601792	0.5455956	0.55594844	0.45447472	0.54693466	0.68579495	0.5374618	0.56228226	0.5726242	0.38611197	0.8876292	0.5460309	0.7770261	0.2458444	0.2816161	0.7635807	0.39137793	0.46788293
41006	0.27333748	0.96019477	1.1026189	0.80987316	0.4082064	0.34837034	0.17001751	0.8568678	0.58376706	0.6522674	0.63036376	0.23454888	1.0037249	0.37074444	0.33068198	0.78644824	0.28717855	0.25071907	0.5555099	0.30087906	0.16137198
41007	0.29969957	0.9973932	0.9881556	0.6684494	0.5208508	0.39477023	0.19001196	0.71842986	0.6589489	0.663553	0.5327903	0.4091813	0.7416157	0.49453527	0.41908455	0.8237543	0.36823538	0.29310054	0.6770988	0.29742935	0.32920295
41013	0.85421854	0.69501823	0.5806395	0.5770386	0.51983654	0.39693034	0.32289946	0.27893555	1.2124169	0.50540054	0.33403856	0.17333263	0.3950884	0.8031879	0.45350862	0.7507298	0.28801653	0.25073928	0.5715747	0.41134888	0.3885561
41017	0.3084517	0.8850101	1.0434182	0.50895226	0.6232164	0.504282	0.20936228	0.6598072	0.6390572	0.7001036	0.5784018	0.39637804	0.9920842	0.67940456	0.5160342	0.75338775	0.32928818	0.30152345	0.69693995	0.42884263	0.3318335
41018	0.63689244	0.5130541	0.96103543	0.43647435	0.7777956	0.7644206	0.24795024	0.5719842	0.68031037	0.6096116	0.440525	0.46128723	0.791291	0.64263725	0.4233735	0.7465564	0.35217136	0.29559463	0.46856558	0.6726309	0.55786854
41020	0.3031364	0.99508184	1.0656523	0.690865	0.57897735	0.35123596	0.21426146	0.73811597	0.58835846	0.65696114	0.5919397	0.25690454	0.90576345	0.53250676	0.4466805	0.7797412	0.39012524	0.3044458	0.7365634	0.45109448	0.26084897
41023	0.28900063	0.9125186	0.69622785	0.84632593	0.46722412	0.73813695	0.31289905	0.54463756	0.61487764	0.62760556	0.6113322	0.18484433	0.32171226	0.53015316	0.6989823	0.6793542	0.26698136	0.23148	0.71991026	0.2960861	0.27359578
41045	0.5352233	0.8342642	0.49204493	0.9698352	0.40486652	0.803063	0.30899683	0.7502431	1.1054269	0.63787013	0.58899724	0.4226952	0.6198291	0.88989687	0.33825946	0.7684047	0.43607453	0.27331156	0.8293728	0.57877296	0.43299678
41049	0.6434985	0.51896924	0.4005795	1.0355091	0.2764696	0.36981148	0.28882614	0.43264103	1.0819145	0.56216913	0.83684736	0.3349096	0.6014951	0.87178934	0.25645208	0.84085226	0.17631313	0.22372125	0.6027383	0.22707006	0.25543463
41051	0.27840486	0.74837035	0.8199466	0.46363637	0.947357	0.38894874	0.30131185	0.5439035	0.71600467	0.63557625	0.5085539	0.1383903	0.63020456	0.6456849	0.40331608	0.7894582	0.29916614	0.29006243	0.5477146	0.59900445	0.42107788
41052	0.38469902	0.3521022	0.42566413	1.0018876	0.3175884	0.8135908	0.213947	0.8396382	0.74325573	0.6543308	0.87437105	0.4287614	0.92277277	0.69536334	0.3246786	0.8246621	0.20788321	0.21691528	0.8852831	0.19598931	0.3569393
41058	0.40287375	0.65229046	0.71955156	0.89174336	0.6060952	0.9994438	0.16708015	0.9972579	0.5823048	0.6602331	0.9054768	0.44812515	0.5822523	0.6737937	0.31395322	0.8482511	0.23517331	0.22196925	0.8120784	0.24141073	0.60785246
41082	0.3596457	0.6053483	0.51674604	0.9875109	0.36311832	0.55802995	0.2145754	0.93054205	0.85816854	0.6385723	0.8276011	0.33214852	0.707782	0.703189	0.26422468	0.8350025	0.17225635	0.25272733	0.8123487	0.20602882	0.35755712
41097	0.76859653	0.40183693	0.34741116	0.8618561	0.5293296	0.87400883	0.4246868	0.68225265	0.97418576	0.6341958	0.7303682	0.53066826	0.7275141	0.8638984	0.5997742	0.69261414	0.28554237	0.23405443	0.80949026	0.3612655	0.6414195
41102	0.549316	0.5788198	0.33526847	0.49412337	0.3900819	0.4947549	0.41978112	0.32938913	1.0733016	0.5463881	0.57839626	0.22492006	0.23744406	0.7584695	0.487061	0.7294075	0.29295284	0.25970998	0.5892942	0.30631804	0.4403812
41109	0.48703066	0.54168576	0.46644443	0.8150987	0.5066685	0.5501334	0.4697633	0.8444246	0.8141027	0.55737036	0.5416018	0.65395623	0.55227804	0.68194205	0.44247243	0.6282244	0.27711797	0.3533349	0.75196147	0.35102668	0.5241785
41111	0.7727041	0.6059691	0.42913592	0.74504596	0.346987	0.5021854	0.33539158	0.36747086	1.1852664	0.537977	0.48696747	0.5056305	0.80471855	0.8715784	0.3827748	0.8209562	0.36977297	0.5603189	0.7361646	0.24312794	0.38922402
41128	0.23826429	0.53292793	0.62721056	1.0040826	0.3334976	0.80224514	0.20829827	0.8577688	0.7619923	0.6652247	0.84824747	0.14915705	0.75426584	0.5841244	0.26753044	0.848587	0.17594671	0.21347214	0.79801184	0.2071206	0.45940596
41142	0.36370346	0.8851565	0.7590654	1.0178968	0.34672698	0.6383238	0.28270268	0.90407795	0.7340466	0.63305193	0.74949354	0.5783356	0.81307465	0.6169841	0.30698368	0.8200843	0.20260754	0.26048297	0.81384265	0.24192584	0.44609183
41167	0.3045647	0.6305367	0.70893747	0.9578397	0.38210717	0.57618713	0.20347732	0.9194796	0.53544676	0.62898254	0.7564086	0.17446731	0.95761704	0.4622388	0.33809984	0.80912006	0.22971553	0.2668718	0.827364	0.19989893	0.45860142
41201	0.3840592	0.5487186	0.7453328	1.0203816	0.38450152	0.8559701	0.34352374	0.8191254	0.83631915	0.6403263	0.72876567	0.52329403	0.9764393	0.56974494	0.36484665	0.77510256	0.24569625	0.28583288	0.83453995	0.32581815	0.56455165
41202	0.42591423	0.6855991	0.71383834	0.90653867	0.53145534	0.87626344	0.22850454	0.87556374	0.689019	0.63817126	0.7846175	0.67267066	0.97531104	0.7382158	0.3487039	0.8467216	0.28129295	0.25196502	0.9278213	0.28471076	0.76688266
41208	0.5308129	0.4944953	0.53248143	0.8673013	0.47396445	0.57325655	0.36216733	0.72881055	0.9055096	0.5228391	0.49706563	0.5230825	0.6640916	0.6624821	0.4058183	0.8090689	0.22271648	0.29686505	0.8311598	0.57819617	0.64399207
41209	0.446353	0.7079193	0.63040614	0.9807932	0.33622214	0.6012539	0.30632237	0.8099512	0.8885524	0.58467233	0.6386004	0.42464313	0.8158547	0.7365522	0.3034323	0.8270379	0.21857181	0.26000434	0.7468895	0.2534455	0.30841985
41210	0.39583197	0.6358525	0.4084438	0.9826975	0.33508837	0.7656832	0.30521592	0.95024055	0.6858223	0.56692994	0.7475315	0.28739744	0.3984424	0.7998706	0.27574223	0.82374763	0.21451169	0.23276034	0.6804514	0.2306703	0.38840333
41220	0.8740881	0.38595223	0.33773825	0.3912194	0.86451614	0.7818885	0.55758435	0.601406	0.6588955	0.53731966	0.47239417	0.7511862	0.67523175	0.55699295	0.61509275	0.5461799	0.24293578	0.34977412	0.8409158	0.46304363	0.69625866
41225	0.9333605	0.34337974	0.31785294	0.5820854	0.5053065	0.8281812	0.5402153	0.28990084	1.2126415	0.513579	0.367965	0.81711406	0.38467848	0.84914184	0.40425113	0.4259653	0.24119517	0.85697955	0.87548244	0.41551116	0.75964934
41228	0.5009499	0.46718273	0.3743787	0.3320586	0.8310647	0.8360094	0.62364346	0.31209582	0.58187896	0.550705	0.34680635	0.6921731	0.2661927	0.5213125	1.0532069	0.42192516	0.34980184	0.2907998	0.79985094	0.58963877	0.8299997
41236	0.42969608	0.8008264	0.6118713	0.5735237	0.43504775	0.6095103	0.38408473	0.4057116	1.0174195	0.616036	0.5991218	0.36512628	0.30416346	0.91907394	0.4685509	0.7103513	0.28516844	0.27331066	0.60222864	0.28540424	0.48341742
41239	0.5738877	0.3735575	0.29249108	0.91079277	0.5553492	0.9055437	0.53586787	0.17178227	0.7385764	0.5423281	0.5674348	0.62354887	0.29066628	0.7442171	0.71670634	0.3855551	0.2265149	0.22632062	0.8082488	0.6080446	0.6869014
41251	0.27716935	0.51851845	0.74155986	1.041792	0.35787633	0.85654193	0.26150623	0.9248476	0.5746974	0.64459085	0.82978857	0.27617407	0.6066058	0.5797687	0.33983916	0.76202893	0.25599635	0.2702235	0.7858831	0.27257577	0.48207247
41260	0.47910145	0.43710607	0.47812146	0.9418635	0.43415383	0.8576921	0.40127477	0.84208536	0.90116113	0.61349875	0.7543222	0.39725357	0.7801931	0.64766395	0.347052	0.7641421	0.25523815	0.29906517	0.8090296	0.36491257	0.5950531
41262	0.423769	0.5364981	0.54880655	0.97363174	0.4388362	0.8438907	0.32892254	0.47794813	1.050946	0.6246176	0.92265433	0.6753944	0.6972248	0.8025864	0.505494	0.80038166	0.20924672	0.24063037	0.8746823	0.26153812	0.7345806
41271	0.57878166	0.4035912	0.38898355	0.86021	0.865733	0.85254264	0.4998629	0.3132106	0.6726192	0.55861926	0.36983585	0.71771836	0.2588771	0.75940275	1.0207168	0.37071922	0.28948522	0.24065891	0.7571768	0.67864096	0.63086736
41278	0.87185794	0.36976817	0.30015203	0.4902	0.41057315	0.7325241	0.5522239	0.3854167	0.9991174	0.5670088	0.8029465	0.67167807	0.50800204	0.8346249	0.57708	0.68858826	0.336596	0.30212313	0.8167902	0.39399973	0.4967626
41287	0.4188964	0.6227474	0.950946	0.55439043	0.45628753	0.36203593	0.3646126	0.641879	0.5515397	0.6075171	0.55686	0.1255985	0.7178457	0.47599223	0.53273517	0.7597391	0.31847325	0.26895404	0.44380638	0.27334562	0.24617758
41296	0.82802767	0.3723385	0.24403751	0.3820555	0.9974745	0.6010715	0.56790364	0.1792232	1.0189103	0.5299685	0.24000433	0.714567	0.26694253	0.6717405	0.9473952	0.48850465	0.6282833	0.5504273	0.8120872	0.6329956	0.4985033
41299	0.34828082	0.5873293	0.80136025	1.0290935	0.3836336	0.9285678	0.19378558	0.9837262	0.57928234	0.6526189	0.9139962	0.27811277	0.79729205	0.5642945	0.27576703	0.83777136	0.21656603	0.22489189	0.78292125	0.21177796	0.39214468
41311	0.37557366	0.40100724	0.5138069	0.78084546	0.3748902	0.8953999	0.35974556	0.8033387	0.9416883	0.63498217	0.73232603	0.47705832	0.76580286	0.65718216	0.31523797	0.68838674	0.20911896	0.23897326	0.8161242	0.28567132	0.69818544
41319	0.8165228	0.4370917	0.46941042	0.36576658	0.60590196	0.6647526	0.3270296	0.6761084	0.8273382	0.56246716	0.33070213	0.64643264	0.333687	0.7060478	0.4059827	0.6358989	0.45987162	0.61544645	0.8334266	0.5628781	0.5969365
41343	0.5929392	0.46085668	0.5732773	1.0581383	0.30258685	0.87282	0.28531343	0.9471913	0.7895817	0.5927043	0.87905854	0.26369426	0.25841555	0.6596612	0.28927806	0.8659384	0.19954416	0.22236814	0.7686131	0.22069395	0.35877472
41348	0.35038212	0.32339197	0.7944741	0.9188684	0.39833048	0.86012995	0.27587384	0.790543	0.7611852	0.6774657	0.9153051	0.45771843	0.9526268	0.63858366	0.30286747	0.8211302	0.24579567	0.23697479	0.8669573	0.2612464	0.64935935
41349	0.36945486	0.41714633	0.67966455	0.51303697	0.6757448	0.84196454	0.34946758	0.36235565	0.73696584	0.55952	0.60440505	0.6720117	0.34967956	0.92415595	0.43560493	0.5335725	0.26385182	0.2313692	0.79108244	0.58935446	0.74931514
41352	0.33143714	0.4604372	0.8028095	0.72971004	0.65247405	0.51078033	0.3152575	0.76048684	0.8255101	0.5767169	0.60426944	0.2106981	0.86033213	0.72576183	0.48993543	0.6476964	0.25774217	0.2807809	0.5724772	0.27613866	0.3096146
41360	0.39406738	0.37804285	0.509839	0.6218444	0.7003104	0.8092784	0.38802397	0.565335	0.6586492	0.5865126	0.80439764	0.7207312	0.31104946	0.72459495	0.54615897	0.7231828	0.25155205	0.2345881	0.85462487	0.4081827	0.7957058
41363	0.29857528	0.46439138	0.69701046	0.8720083	0.47637177	0.59845686	0.25646955	0.84145844	0.7066388	0.61179787	0.84910536	0.48860338	0.8940441	0.59462136	0.48913524	0.7739653	0.20762461	0.22210284	0.8618686	0.25000015	0.6637079
41377	0.6533873	0.5121595	0.37776405	0.298001	1.0149785	0.6529099	0.3784675	0.2178046	1.1476752	0.59310144	0.24171953	0.5933786	0.30549142	0.8069664	0.6188797	0.5174672	0.7371029	0.7277461	0.77754307	0.74100876	0.6593354
41378	0.3331783	0.49725467	0.8562253	0.31636533	0.8224373	0.79253834	0.40826613	0.6513795	0.59171945	0.5947683	0.27940676	0.39914015	0.44345886	0.51714087	0.96141523	0.4022638	0.36880174	0.2626853	0.7091369	0.67175674	0.83230823
41397	0.39726895	0.58730483	0.88070893	0.94968534	0.43056178	0.6246624	0.38862953	0.7199767	0.84468234	0.6315755	0.7952792	0.39346266	0.8256338	0.81288105	0.3612373	0.73555917	0.27064705	0.23196581	0.80746925	0.30004522	0.5598486
41402	0.2975033	0.5418951	0.9732703	1.047185	0.37538657	0.581959	0.22162886	0.9398802	0.5610513	0.63859963	0.94192976	0.3742582	0.7618794	0.5186908	0.31665048	0.7830194	0.21780196	0.25110376	0.79548883	0.20433915	0.62428814
41407	0.89329875	0.48096928	0.30306768	0.29844737	1.0470766	0.78052217	0.4147823	0.8373659	0.7408114	0.52557707	0.23509134	0.68711144	0.7809788	0.61987925	0.404649	0.4141806	0.63468295	0.5560034	0.8853494	0.6298203	0.85255414
41415	0.833229	0.40620238	0.40000075	0.31376168	0.91514707	0.789263	0.41945976	0.60138077	0.89442366	0.63194644	0.34272772	0.65518695	0.31793648	0.73095596	0.4039856	0.79361176	0.436592	0.24531926	0.8129242	0.6476003	0.6378825
41425	0.9279942	0.37510645	0.29578176	0.29059514	0.90353835	0.8200364	0.5543351	0.27020815	1.0314255	0.5204487	0.2535808	0.8060561	0.2989218	0.66816956	0.7138403	0.40727776	0.3489398	0.6180309	0.8298862	0.6046165	0.8428113
41448	0.3569133	0.53348994	0.3691911	0.30569115	1.0156229	0.79048675	0.6582057	0.16773236	0.7615106	0.58756196	0.24797714	0.5824828	0.32664937	0.6156943	1.0825831	0.34313968	0.46239775	0.30263776	0.8520349	0.59246564	0.8494902
41479	0.6830766	0.4169103	0.40395868	0.28843793	1.0247899	0.7275652	0.7137826	0.20040767	0.43701276	0.5834445	0.19969048	0.72539127	0.27071527	0.47273803	1.1168365	0.46342182	0.3784816	0.31349504	0.77073	0.75668275	0.8442594
41481	0.90577686	0.44262412	0.5767671	0.31656888	0.9021125	0.772592	0.64873123	0.46370512	0.5598998	0.59217864	0.28863958	0.56138045	0.35146633	0.5683408	0.61230373	0.729072	0.41063648	0.35660732	0.8189947	0.68780637	0.7625551
41503	0.70140725	0.5254642	0.43905598	0.8632542	0.74416846	0.48006952	0.28941312	0.4080114	1.091725	0.61353964	0.28981462	0.30391	0.32094178	0.6795816	0.4036053	0.7955677	0.2665654	0.27242595	0.6851965	0.5868811	0.31729066
41507	0.71211714	0.3877944	0.42302772	0.32336545	0.55781627	0.830228	0.3417896	0.27148277	0.8657425	0.6426187	0.6070819	0.5440834	0.3361233	0.9131822	0.43045703	0.7460845	0.3095133	0.23358727	0.74950045	0.5327577	0.69857055
41515	0.3106392	0.69852275	0.91587996	0.5001006	0.50432354	0.48439053	0.27144057	0.6342837	0.5843057	0.6608433	0.63114685	0.23981081	0.85446364	0.5908295	0.3875119	0.62215424	0.28599817	0.24649039	0.50394595	0.42926708	0.44742566
41529	0.6877888	0.43753842	0.3342398	0.2888864	1.0331502	0.69563997	0.2768321	0.5286151	1.1848657	0.5529183	0.2706713	0.67365146	0.3754816	0.87924516	0.3374328	0.5351537	0.7570247	1.031816	0.8432352	0.81816703	0.8586723
41548	0.78526896	0.51488	0.38777694	0.7494412	0.47638762	0.5893287	0.27772868	0.79270035	1.0636579	0.6084196	0.3828646	0.57249653	0.36571822	0.8648578	0.34588814	0.81391823	0.3875617	0.33978122	0.72722435	0.34413934	0.39164266
41581	0.8077357	0.38441852	0.4600673	0.30579865	0.9389751	0.9550445	0.31734255	0.7738218	1.1845857	0.5656738	0.33034152	0.701569	0.8312985	0.87553793	0.33222756	0.6840103	0.6714947	0.5330901	0.9007806	0.26871476	0.8787661
41583	0.41198933	0.64689577	0.48539478	0.3141677	0.79195833	0.76210326	0.27516007	0.71204567	1.1277525	0.6775897	0.36501274	0.71779007	0.75079435	0.90786403	0.33752814	0.70172185	0.57634175	0.5298382	0.87220156	0.58427167	0.8207453
41586	0.7108311	0.6340673	0.4918674	0.31139156	0.9575784	0.6451629	0.292299	0.43759614	1.1416149	0.5770486	0.3371392	0.5880652	0.47946343	0.8413749	0.33258882	0.7753964	0.7818573	0.6049452	0.80551326	0.81626505	0.73264474
41589	0.7665639	0.7097926	0.6213478	0.3576963	0.8691467	0.69091105	0.3106738	0.92832893	0.73385423	0.5393413	0.47785416	0.46056017	0.5712508	0.5736563	0.37837014	0.7841751	0.4848375	0.36938137	0.86567557	0.66342825	0.5221301
41600	0.5063165	0.5521168	0.46589574	0.30308264	1.0329208	0.70265174	0.31547293	0.77269775	1.0854563	0.62701344	0.27231517	0.55582386	0.3781358	0.87040025	0.31523693	0.53970766	0.7844378	0.6258769	0.7924357	0.7158023	0.82127994
41606	0.60625225	0.57403624	0.61452967	0.30359653	1.0241464	0.74189997	0.38880685	0.90201885	0.6714119	0.5941798	0.27119064	0.675444	0.7383871	0.5970253	0.45891526	0.45792937	0.6803657	0.6068098	0.864816	0.74555445	0.801876
41607	0.40073866	0.7940955	0.90061724	0.3710073	0.9294793	0.66313255	0.47448424	0.56436986	1.0650853	0.6584066	0.4170389	0.40156516	1.0096303	0.7350327	0.52366066	0.5037807	0.5723323	0.50304013	0.74383146	0.57746816	0.73292404
41621	0.49465317	0.48935592	0.48967087	0.784322	0.35558903	0.46514803	0.40543088	0.3416817	1.1362299	0.60419273	0.7268806	0.68211585	0.3230963	0.89209723	0.38867873	0.8072139	0.21668431	0.25720698	0.7474969	0.27808183	0.3074778
41628	0.88394785	0.40817377	0.40452018	1.0348728	0.30003297	0.8865907	0.3129263	0.49646243	1.074589	0.5509189	0.85717595	0.6216313	0.57298136	0.81047004	0.32857284	0.8373544	0.22164571	0.24220556	0.8309185	0.27619472	0.6931444
41629	0.44040072	0.69506425	0.648185	0.94076943	0.36063406	0.7029	0.3697086	0.5133585	1.0050353	0.5911371	0.73917234	0.48054287	1.0409194	0.9574145	0.42524475	0.7589403	0.23931515	0.2553115	0.77994776	0.21664798	0.53563184
41630	0.854576	0.54990304	0.33027878	1.0500925	0.28063568	0.44984525	0.36696464	0.45180166	1.1079422	0.53251386	0.8758358	0.6927055	0.35869563	0.8679366	0.31433633	0.8694867	0.19537517	0.24271327	0.6911875	0.21108887	0.33679882
41632	0.6070531	0.47949013	0.36835313	0.5814721	0.44344988	0.91343755	0.63136274	0.82451755	0.73309577	0.5713208	0.81577384	0.6513258	0.45917463	0.5339084	0.82420903	0.3582731	0.25750893	0.31688803	0.8556299	0.37337357	0.82165515
41641	0.8151763	0.5578722	0.30501685	1.0098102	0.32990104	0.52841055	0.32087392	0.4109054	1.1567278	0.5738191	0.83717424	0.6706249	0.4839478	0.89169097	0.27747494	0.8191124	0.2665247	0.23956539	0.6776597	0.2916653	0.5246295
41642	0.75626814	0.4166759	0.35944965	0.9521844	0.32596228	0.71695846	0.5406	0.3673114	1.1068435	0.5665856	0.7016804	0.5792187	0.29880738	0.8464069	0.52556765	0.7831159	0.20390278	0.20675284	0.6881809	0.2573795	0.32846138
41648	0.8591482	0.5199551	0.3148075	1.0200049	0.27430063	0.38197532	0.3623367	0.5960983	0.9558434	0.5196058	0.882974	0.43932778	0.525862	0.76442474	0.27431032	0.85677385	0.20679864	0.22257686	0.5895582	0.23403084	0.29300252
41651	0.46010318	0.46303505	0.7054181	0.36243325	0.8227878	0.71822935	0.32176635	0.6963966	0.63494605	0.6285281	0.5161087	0.3657214	0.59293914	0.5176785	0.4391275	0.7964688	0.39152265	0.2920658	0.66617095	0.6985303	0.6693274
41654	0.45487005	0.5264931	0.69525397	0.9821232	0.46368665	0.86380845	0.20512418	0.9619058	0.53803915	0.600625	0.8764561	0.49149883	0.8841782	0.48422396	0.29101014	0.8340058	0.21383551	0.24415982	0.8575152	0.25835955	0.42933646
41658	0.91050375	0.5440726	0.29977605	1.0477245	0.30941907	0.60937136	0.31319335	0.3900306	1.1749692	0.58108354	0.9075263	0.74380356	0.7288458	0.89456517	0.26675108	0.81690943	0.22504056	0.23597682	0.70537317	0.22078216	0.49021056
41660	0.55653596	0.7606881	0.57747054	1.0261451	0.32453302	0.5015042	0.30592304	0.5383444	1.092786	0.55084735	0.8266777	0.6765082	0.85671437	0.8659002	0.31826177	0.8330133	0.20332187	0.2900021	0.7492009	0.2774535	0.35827398
41661	0.2946197	0.49225533	0.5439422	1.0341771	0.40706605	0.73564106	0.3377815	0.6111582	1.0638856	0.593259	0.7350918	0.489449	0.34930006	0.8164944	0.68083215	0.7832335	0.2513602	0.2852491	0.7845876	0.2123085	0.52586097
41664	0.4324987	0.38200006	0.5693978	0.9811718	0.8273457	0.6533562	0.27154717	0.43333197	0.8389757	0.585094	0.7354048	0.30975422	0.63715786	0.6976513	0.33185312	0.68137825	0.26118198	0.23699446	0.7166928	0.5115827	0.52844197
41671	0.40534326	0.48548612	0.52226245	1.0023212	0.34683308	0.63320285	0.30965912	0.77471507	0.82826096	0.53811365	0.6401402	0.42864275	0.41993454	0.67961013	0.35654196	0.8489754	0.20031899	0.23197764	0.84583366	0.2498801	0.5076005
41674	0.794834	0.45672208	0.3919602	1.0218782	0.33222243	0.790949	0.319267	0.81778175	0.91756505	0.5469779	0.74489075	0.6895242	0.5644781	0.7642793	0.3054966	0.8406622	0.19841114	0.22673614	0.8389819	0.3006965	0.50748855
41681	0.7059436	0.48702177	0.5054069	0.75330365	0.34371662	0.6328556	0.35321072	0.58254516	1.0573869	0.5693907	0.7024868	0.63454115	0.62437195	0.8043076	0.3408196	0.8471015	0.24507654	0.25798967	0.7895371	0.31451035	0.55771124
41688	0.6761798	0.51166314	0.6945187	0.9465241	0.3581023	0.6458669	0.35062325	0.31768757	1.090812	0.5847667	0.9157807	0.6536848	0.53623766	0.9288152	0.45480394	0.83447033	0.250517	0.27437532	0.77877307	0.2683039	0.42563316
41693	0.8792537	0.46080485	0.42724758	0.8304702	0.33647233	0.67207396	0.31897122	0.4498169	1.0828924	0.54574364	0.7433765	0.7340558	0.27191356	0.9721139	0.35371137	0.77311146	0.27476436	0.27149618	0.70941603	0.3817473	0.5797311
41722	0.45986006	0.5222626	0.69945526	1.0314152	0.39521644	0.5989195	0.33934164	0.8967981	1.0302453	0.60473496	0.9049512	0.5637044	0.73051697	0.70400167	0.28950626	0.7530343	0.2497611	0.4239474	0.7711051	0.30991408	0.4961713
41744	0.8632145	0.45985222	0.2829414	0.32746047	0.5951071	0.58165383	0.33857825	0.22497045	1.2026829	0.6107321	0.28574023	0.44344375	0.26027304	0.911208	0.42658287	0.8059007	0.27837873	0.2721733	0.7271997	0.6205433	0.417491
41759	0.8502281	0.4174736	0.53941405	0.90268964	0.33061078	0.7126046	0.2867017	0.82220286	1.1263379	0.52717376	0.24263471	0.64791393	0.57157516	0.84568846	0.28812054	0.82139915	0.25017706	0.23754266	0.8325033	0.28790858	0.7379743
41760	0.58660144	0.3860883	0.39323208	0.9685023	0.3358959	0.96181923	0.3046459	0.77976006	0.80876845	0.59789306	0.8154818	0.6298547	0.44798446	0.7283737	0.40071493	0.82523775	0.22910756	0.24022919	0.8741066	0.43364272	0.56516063
41763	0.46221393	0.5366846	0.57903945	0.9314139	0.39307562	0.9351145	0.43084314	0.8360264	0.9149702	0.6252868	0.80456847	0.51282954	0.8692347	0.7399951	0.35151482	0.8019252	0.26234022	0.2618782	0.75973606	0.27334508	0.5134399
41769	0.27186805	0.50244206	0.88275194	1.0752819	0.31723443	0.84178764	0.17433284	0.9037616	0.7628502	0.679788	0.9311428	0.45387062	0.79507315	0.6902662	0.2810768	0.85519075	0.18565875	0.2077822	0.8479571	0.2206825	0.3333983
41778	0.4352572	0.8918187	0.7036468	0.75037736	0.550336	0.706043	0.3519016	0.7515807	0.9888648	0.609694	0.59921646	0.5848062	0.7398516	0.85811466	0.40597838	0.7134622	0.47591096	0.3271426	0.84060997	0.5324748	0.7107285
41779	0.42807743	0.9702834	0.7422181	0.93086493	0.48352736	0.6082283	0.43416563	0.80630934	1.0822575	0.6235599	0.78336525	0.3309735	0.51913464	0.77739775	0.3290898	0.83473235	0.27238786	0.31910408	0.7829368	0.32842147	0.47079802
41780	0.47462267	0.70662487	0.54343545	0.662032	0.6497422	0.6892484	0.29829824	0.87641656	0.9408336	0.6113662	0.6235199	0.4807483	0.52087736	0.7899535	0.3650042	0.7909292	0.232737	0.30572563	0.8802616	0.33340415	0.65214705
41789	0.30164614	0.37535125	0.3647161	0.33084875	0.77607226	0.7519868	0.35568488	0.4258045	0.70562094	0.5744373	0.6140714	0.7172999	0.27759567	0.8086305	0.59303814	0.7593636	0.4289895	0.25308615	0.8202001	0.39161572	0.7738488
41791	0.7988196	0.49091974	0.34463236	0.96328247	0.49430534	0.6794359	0.33569348	0.4059335	1.2152472	0.54254806	0.50304466	0.69739264	0.26391852	0.89424914	0.36530328	0.7338253	0.25065804	0.42831904	0.83575517	0.4137368	0.45004755
41794	0.5825587	0.6135153	0.5741808	0.77522534	0.47943535	0.4477794	0.2816929	0.405978	1.1348367	0.5917521	0.727243	0.30023775	0.32960713	0.92840713	0.3209582	0.803845	0.24815947	0.2824455	0.62871516	0.30755785	0.32643172
41795	0.7691387	0.76763207	0.68142414	0.97722965	0.35589245	0.70720625	0.2689175	0.88028544	0.95091295	0.58345604	0.79373807	0.5022937	0.39700273	0.78128207	0.29700246	0.8285316	0.22894344	0.2513858	0.7823808	0.21639436	0.47129804
41801	0.39106202	0.3876582	0.3326241	0.66769314	0.8555091	0.69050634	0.3576907	0.5140288	0.80627745	0.5571049	0.47083732	0.7891641	0.6010751	0.8185931	0.7306483	0.7595623	0.3112068	0.37106586	0.8067359	0.55315876	0.70016253
41814	0.68821925	0.48160338	0.3753116	0.78086436	0.5567809	0.75501245	0.3135352	0.35223526	1.184828	0.5732753	0.4781786	0.6516552	0.5817015	0.89028424	0.35410342	0.62136954	0.27688727	0.7684236	0.87123984	0.4950785	0.7108816
41826	0.77152205	0.47368553	0.46781337	0.64988434	0.36295885	0.8556116	0.30519226	0.476453	1.0524436	0.5906063	0.5194901	0.65970707	0.5640769	0.8576013	0.32424885	0.86116016	0.25143665	0.30220747	0.84790444	0.37933916	0.48935702
41830	0.80833614	0.53918314	0.3570967	0.7056387	0.6216985	0.6355273	0.4179643	0.3075218	1.2299702	0.54328966	0.54484326	0.7512225	0.6971042	0.87448287	0.61367697	0.5238698	0.3049617	0.37916493	0.83496696	0.46521702	0.58447003
41835	0.6317139	0.5902288	0.5562413	0.38975698	0.54687816	0.74422127	0.28029335	0.5745128	1.1028397	0.6171038	0.64724094	0.48083812	0.6113465	0.86395127	0.34301785	0.7990418	0.5467356	0.34370416	0.72930825	0.7377847	0.39254463
41840	0.44533458	0.71470124	0.7359743	0.66345215	0.49000287	0.71077406	0.3237107	0.87255424	0.7154261	0.6380927	0.7096051	0.48908886	0.81421673	0.55966717	0.38808355	0.788717	0.24534124	0.33341962	0.8155108	0.7159057	0.6273538
41844	0.5330197	0.5230217	0.37109193	0.8977465	0.48690143	0.84012264	0.3633796	0.8300935	0.7486216	0.60456866	0.6928791	0.55905277	0.61540663	0.68333954	0.38796026	0.5992584	0.25358623	0.29996818	0.8288245	0.42763218	0.6989145
41847	0.8542057	0.55035067	0.39642057	0.8845921	0.32985115	0.8459167	0.37864718	0.8265626	0.9276255	0.6003499	0.79926974	0.57023513	0.8313871	0.7147674	0.32282263	0.83155435	0.24001575	0.25698167	0.75750506	0.2656065	0.52806014
41857	0.38393772	0.5269986	0.52821654	0.85226953	0.46019328	0.8457205	0.28485718	0.88364327	0.8747795	0.6407118	0.7971627	0.7386337	0.6690003	0.753283	0.35267583	0.8253452	0.25549385	0.25259358	0.867012	0.42277205	0.5773966
41862	0.78596663	0.40792602	0.5641979	0.31421944	0.9354651	0.5651416	0.6881742	0.46971223	0.8069234	0.5110977	0.28394753	0.75665456	0.7124038	0.69438255	0.75160193	0.46530342	0.40798816	0.46871316	0.80962664	0.4910234	0.7957359
41871	0.33333245	0.39235428	0.48735297	0.86857647	0.44126114	0.8134631	0.27878246	0.66820246	0.9029388	0.6220211	0.6109336	0.4265507	0.67842895	0.8316582	0.32734472	0.6434024	0.2571134	0.28216517	0.8405361	0.34324455	0.45412108
41872	0.5211891	0.39791784	0.66691655	1.0406537	0.30140066	0.7809642	0.28912908	0.74502283	0.81684613	0.62826174	0.84313375	0.5489675	0.5799473	0.6745894	0.30852565	0.8290386	0.19978103	0.23297432	0.8538739	0.22825256	0.37984264
41882	0.4446	0.67455125	0.66233003	0.97754407	0.37561962	0.7764461	0.26991153	0.9839756	0.6343275	0.64116305	0.71752065	0.293561	0.60418403	0.58377194	0.33719912	0.74434894	0.2824313	0.27910268	0.80025536	0.29794466	0.3830171
41895	0.5894086	0.532074	0.63391054	0.88400036	0.40355748	0.45121425	0.2713337	0.33993852	1.0865188	0.603536	0.7882976	0.631588	0.44396234	0.8619127	0.33279833	0.7475078	0.23425585	0.25513	0.673855	0.24820387	0.32646695
41912	0.72178143	0.48446327	0.46393183	1.0371221	0.37240732	0.79101014	0.29736552	0.50417775	1.0069332	0.60236037	0.82647806	0.5736205	0.36115927	0.8422624	0.3206569	0.80469346	0.20075995	0.30525798	0.82366675	0.27158678	0.32367122
51005	0.6311569	0.74316007	0.5357578	0.38256502	0.670819	0.89241076	0.48145056	0.6691478	1.0630916	0.64437634	0.43889117	0.52214384	0.6731996	0.8463962	0.43363646	0.7651894	0.39506155	0.4262973	0.8662913	0.38503215	0.700652
51014	0.87587667	0.61623865	0.39865008	0.37555227	0.84530884	0.6372071	0.3819307	0.79661816	0.9264361	0.5112636	0.32194456	0.6125875	0.81133854	0.6996998	0.488426	0.7332969	0.50991946	0.3345706	0.7938439	0.68918675	0.6210848
51017	0.4136542	0.51503867	0.38909593	0.40267003	0.40344328	0.5961815	0.30233908	0.8599842	0.9720916	0.6181138	0.72637904	0.6137281	0.62127686	0.8469309	0.35109147	0.7821349	0.6311663	0.30910003	0.721094	0.68087256	0.45182356
51023	0.93038625	0.36759624	0.34478077	0.2994582	0.9919076	0.6982554	0.42589536	0.89528984	0.6855375	0.5030811	0.20878798	0.82607377	0.79332346	0.5777647	0.2961279	0.4687766	0.51337546	0.6234241	0.8777589	0.52176666	0.7479627
51041	0.77128536	0.4950556	0.5177802	0.36057043	0.858931	0.648428	0.41632748	0.42713758	0.7513927	0.56878275	0.40213013	0.44869068	0.29062527	0.61740166	0.48941714	0.65415823	0.465988	0.27087396	0.73145854	0.48385203	0.698597
51047	0.5392916	0.40078196	0.6333763	0.32397425	0.96362096	0.85005736	0.30433452	0.9077979	0.90708655	0.5905685	0.3252818	0.75878584	0.94129366	0.76345515	0.3825028	0.76974374	0.39046976	0.5413358	0.88778776	0.7979102	0.7722626
51051	0.5372868	0.6530456	0.53638417	0.38250744	0.5493361	0.39545277	0.288233	0.93079895	0.67044586	0.5594524	0.3015898	0.4833285	0.68220294	0.5927955	0.3165863	0.65375155	0.66309595	0.5028215	0.5746622	0.56074566	0.25172946
51053	0.30269298	0.5701934	0.83799773	0.36569571	0.6635707	0.5942937	0.28116807	0.5843515	0.8274979	0.6550076	0.45789185	0.33539805	0.7620952	0.75444305	0.39332	0.6328874	0.30739158	0.23946182	0.61877066	0.36154476	0.69436
51054	0.46495005	0.45854136	0.6629649	0.33249098	0.7217411	0.51101345	0.28744748	0.7653596	0.68280965	0.58563673	0.49475646	0.4313005	0.3625328	0.5828864	0.31297317	0.7574005	0.22284514	0.3156706	0.6811869	0.5208706	0.44124666
51061	0.7417787	0.6324328	0.67516893	0.30792186	0.99778014	0.6083038	0.3180986	0.85454607	0.8964181	0.5802608	0.25721532	0.6864155	0.8599748	0.65092266	0.3784757	0.40886608	0.76774395	0.48926288	0.83133304	0.73747855	0.83634675
51065	0.5218427	0.42208838	0.56706005	0.3112611	1.0057756	0.81623644	0.2760411	0.90130705	1.034708	0.65230215	0.2676708	0.66042036	0.80137455	0.7059616	0.29146397	0.5636913	0.7764456	0.65950143	0.8796678	0.8829335	0.8158317
51067	0.52726644	0.5169501	0.3933902	0.37453315	0.9832428	0.71117383	0.3692656	0.82711625	0.65120417	0.5548409	0.2938846	0.73260665	0.6403227	0.5977717	0.6355	0.43304753	0.7437289	0.41557854	0.8340574	0.6488733	0.64423203
51081	0.4039259	0.9858557	0.8960515	0.30860904	0.9606425	0.5342236	0.31935385	0.84147936	0.95517415	0.66029125	0.29456577	0.69668114	1.0115951	0.72871554	0.3925879	0.77180815	0.7783111	0.41309267	0.84883106	0.7552223	0.83842766
51082	0.37898815	0.742868	0.67332363	0.34472516	0.9810497	0.7242686	0.39400455	0.7891925	0.76165795	0.6404721	0.30900133	0.55444974	0.522914	0.48617262	0.42849833	0.4443244	0.5799941	0.53686696	0.8353711	0.81562215	0.78112864
51085	0.45607886	0.5461613	0.68198013	0.30080977	1.004597	0.7395656	0.4866379	0.4280538	0.64229155	0.61183226	0.27976283	0.5267397	0.34410697	0.7123693	0.83359057	0.49787113	0.58812666	0.4063186	0.72280586	0.663292	0.79562396
51092	0.48192313	0.3798437	0.6406288	0.9238992	0.5534483	0.97296894	0.20345876	0.9357823	0.64151543	0.64300656	0.8934635	0.6342414	1.0465883	0.6278403	0.3312552	0.82799983	0.24275923	0.22374612	0.9299847	0.26764658	0.524292
51096	0.3783968	0.5677013	0.6921668	1.0512018	0.36206883	0.48610222	0.23647876	0.89029515	0.746957	0.6076751	0.77706534	0.24038507	0.83340865	0.52926224	0.31481773	0.8496126	0.18399626	0.25061536	0.69707996	0.22763595	0.40542743
51111	0.24163507	0.47124878	0.7723791	0.9458448	0.38488734	0.74238324	0.36287072	0.9345151	0.70158255	0.64565825	0.91987574	0.38138387	0.7624921	0.4940363	0.48288077	0.87983346	0.20328337	0.22063011	0.7515518	0.22212055	0.32638225
51131	0.41105524	0.48760027	0.45824134	1.0179721	0.3202482	0.6146188	0.2651437	0.7313159	0.74009347	0.628664	0.8642831	0.45015118	0.9573563	0.6546724	0.35807905	0.8382643	0.24055412	0.22794697	0.6162044	0.23641649	0.5130026
51136	0.29633883	0.3925622	0.7540465	0.8519791	0.35421765	0.95063287	0.26283926	0.8909429	1.0873634	0.6723052	1.0904408	0.7154204	0.49408507	0.59236115	0.6803556	0.87293756	0.22130403	0.2123645	0.8984612	0.18344396	0.7983213
51139	0.3692587	0.5668598	0.5543899	1.0547191	0.2849016	0.6008116	0.28471273	0.6241068	0.8167806	0.63484824	0.8424688	0.34283155	0.9886643	0.641815	0.34767345	0.83872867	0.21937194	0.22741662	0.63898534	0.24329406	0.49412414
51145	0.4871131	0.6508991	0.9684589	1.0336746	0.38484782	0.41006765	0.3432522	0.47358334	1.1148144	0.588802	0.7874425	0.23401152	0.73754424	0.74369365	0.3108874	0.7878394	0.21596676	0.27467406	0.6755363	0.22529852	0.2574457
51153	0.40319085	0.4023786	0.94137824	1.0366242	0.34828624	0.71238494	0.33664075	0.7580661	0.9246893	0.6267192	0.9658649	0.65157133	0.8108669	0.6196972	0.31531712	0.7948385	0.28399166	0.26747024	0.8386985	0.26810282	0.5642738
51176	0.8650206	0.45308968	0.4587496	0.34826377	0.55058837	0.43918318	0.42929736	0.6907589	0.7529713	0.5221806	0.3537014	0.5392519	0.6543689	0.50230414	0.34406576	0.7629471	0.3557234	0.36445552	0.5889306	0.46878624	0.47545847
51178	0.7122421	0.5090737	0.45454836	1.0241023	0.31144065	0.98183876	0.2995269	0.8709367	0.9995452	0.6226804	0.95102984	0.6865411	0.86220604	0.7948036	0.36607674	0.73847216	0.21122807	0.24448174	0.87102634	0.29055798	0.6717788
51184	0.33308893	0.46572018	0.51089966	0.9113885	0.323331	0.91997534	0.45463938	0.5217965	1.1764632	0.66527903	1.0296152	0.73084754	0.6390117	0.8034625	0.6269762	0.80385643	0.21490243	0.21790646	0.8786768	0.19525701	0.75501984
51185	0.42974892	0.7569389	0.7622896	1.0148522	0.4113287	0.8580858	0.18036464	0.9687005	0.68322444	0.5832604	0.786525	0.31956786	0.84148157	0.583252	0.28411472	0.82614934	0.18968552	0.23370491	0.83457345	0.23428479	0.3932035
51208	0.50661796	0.6796931	0.5351449	0.94602543	0.3431995	0.5704657	0.4375963	0.83252394	0.9185006	0.4962645	0.75662804	0.38886878	0.95455956	0.9096657	0.39972878	0.81090695	0.24310431	0.23734619	0.81726664	0.22225907	0.657591
51227	0.6203125	0.5551411	0.4263875	0.9650346	0.30712807	0.6680131	0.32304004	0.88006973	0.82025427	0.5959673	0.8551074	0.390472	0.47340584	0.7986248	0.3306802	0.82234704	0.23700717	0.2237408	0.6960607	0.27342048	0.41891542
51231	0.70060927	0.6715255	0.72601867	0.99783283	0.4149685	0.7601997	0.19626978	0.8862009	0.7150833	0.58337325	0.823991	0.35066417	1.0658541	0.48251438	0.3104191	0.8472358	0.2084103	0.24125022	0.8753363	0.23854887	0.4772266
51236	0.28969473	0.97394484	0.982262	1.0854913	0.32325	0.3988366	0.2672372	0.41727167	0.9888857	0.66482997	0.90780073	0.286931	0.7459182	0.7670069	0.29068616	0.81110287	0.21094176	0.23401214	0.6077953	0.23165914	0.38824874
51240	0.83910346	0.41407222	0.46481365	0.56713974	0.37692782	0.93867064	0.60230935	0.9210545	1.0709444	0.62485826	0.97498715	0.65359205	0.82783324	0.6041424	0.393675	0.79117066	0.23778626	0.22221883	0.86402375	0.25462115	0.6819776
51241	0.34238786	0.6151788	0.8812223	0.9495776	0.38031366	0.5252199	0.240544	0.2940239	1.0604956	0.6380037	0.6997125	0.5448124	0.46447578	0.7334487	0.38242304	0.71449125	0.23232177	0.23467037	0.65518254	0.23080787	0.32983488
51249	0.42584386	0.57689065	0.79934883	1.0427439	0.33633745	0.8429304	0.37270084	0.8451961	1.0264523	0.6596848	0.9556236	0.573051	0.84801924	0.7922002	0.3068912	0.8097567	0.22336003	0.43376356	0.8717676	0.23150948	0.57056296
51258	0.46886963	0.69201	0.6700328	0.9937811	0.36101273	0.66612506	0.3877176	0.68823713	0.8501591	0.59297264	0.7310751	0.49093595	0.8119667	0.6920379	0.42749345	0.8168336	0.27117527	0.28034532	0.7356695	0.24132568	0.39541656
51259	0.2763966	1.0162083	0.9471277	0.95230937	0.40506062	0.36160278	0.24576245	0.7584953	0.69140923	0.6795332	0.9280657	0.25287074	0.9522732	0.7024884	0.31294492	0.81856245	0.23390001	0.24060692	0.4854962	0.26269102	0.24482153
51263	0.5123101	0.48290586	0.6073917	0.94939536	0.38464782	0.55195963	0.29935822	0.88182676	0.82278967	0.5975582	0.73498315	0.60662186	0.7767831	0.6296359	0.34302178	0.83556634	0.21571049	0.26203638	0.71547604	0.42882583	0.41731593
51268	0.3607027	0.4237814	0.5288794	1.0171193	0.31859908	0.87493294	0.2981775	0.88757056	0.69432443	0.6273003	0.8577355	0.5100036	0.931342	0.5938453	0.33889404	0.7983211	0.20660406	0.23652095	0.867457	0.22226733	0.47382614
51275	0.2909883	0.91180044	0.70173216	0.9122789	0.4183776	0.58268046	0.30561402	0.77647054	0.6136833	0.65897036	0.75127476	0.25095862	0.7747061	0.48343232	0.44280118	0.76110643	0.24098471	0.25028148	0.62663424	0.40520614	0.5365222
51276	0.58848006	0.5369748	0.5348786	0.9551594	0.43833098	0.963454	0.21934412	0.9776578	0.5952082	0.5861062	0.86769044	0.42711204	0.37617382	0.609717	0.4078527	0.84635943	0.2189047	0.23471922	0.84743285	0.2543703	0.44033593
51278	0.30236882	0.4965455	0.5956744	1.0550835	0.30353478	0.73798376	0.41427127	0.77710027	0.6307971	0.6144762	0.8065464	0.5405728	0.6885969	0.5705945	0.5160363	0.7940179	0.17236489	0.21974827	0.77576554	0.2227729	0.4056433
51281	0.32897088	0.94149244	1.0519713	1.0087134	0.41987368	0.31641737	0.19178799	0.8216124	0.70237094	0.67928654	0.72069883	0.10981763	1.010697	0.5895481	0.29923108	0.784067	0.24185851	0.27995962	0.48277634	0.30753574	0.2209047
51285	0.6096287	0.5830127	0.5144074	0.9171418	0.32785043	0.9549935	0.5441381	0.72280747	0.9516142	0.641074	0.77894187	0.26683933	0.609596	0.7869756	0.47183228	0.8124518	0.23377985	0.24081248	0.7286569	0.32183018	0.4407681
51287	0.3441615	0.4443979	0.6297593	0.9943394	0.36511064	0.77409136	0.17094432	0.906753	0.6112948	0.6257503	0.83767235	0.6742232	0.9844346	0.55925214	0.31480554	0.86825836	0.21756554	0.21844545	0.88465136	0.2646385	0.59978485
51289	0.40829334	0.67744213	0.9729824	1.04019	0.39714646	0.565709	0.4242381	0.6957943	0.94322366	0.6526208	0.9577371	0.2739155	0.6180095	0.8381624	0.40853342	0.7225857	0.24332812	0.2956429	0.5310906	0.23461932	0.3023474
51292	0.34531897	0.45909852	0.72264016	0.8308945	0.5491982	0.7208427	0.31226885	0.89629257	0.4848737	0.66799194	0.7671439	0.36670008	1.0374933	0.4203676	0.34970126	0.7589663	0.32422003	0.35889184	0.8150741	0.4263993	0.5934772
51294	0.49265635	0.8851369	0.9562354	0.55641884	0.44466797	0.38502282	0.2794154	0.73804396	0.9696314	0.6621337	0.62902015	0.14829792	0.8513909	0.78214777	0.34913018	0.79078865	0.32667163	0.26115957	0.5025692	0.28218722	0.31757426
51300	0.28443483	0.3145715	0.7763071	0.7873391	0.49148694	0.68583137	0.19235536	0.8274264	0.64713657	0.6143684	0.7963143	0.8405074	0.98938996	0.5712859	0.44708696	0.83122134	0.29185393	0.26541957	0.8287747	0.40296307	0.6728474
51302	0.2806894	0.4152988	0.51459515	0.9683851	0.29105103	0.7137897	0.31563812	0.7065102	0.97031343	0.5503081	0.8875516	0.574163	0.80010617	0.7979378	0.58386874	0.81022006	0.17662403	0.21145542	0.76357085	0.21826059	0.3689114
51324	0.35112086	0.3358961	0.7701413	0.86932606	0.35809806	0.5111771	0.20254257	0.88115716	0.62987816	0.6142647	0.9177325	0.83943	0.682535	0.5337889	0.49695343	0.84422773	0.258982	0.26181012	0.85736245	0.29319662	0.68675065
51328	0.6341798	0.49541378	0.46164352	0.88971466	0.49988356	0.93169206	0.3780821	0.70846736	0.9527939	0.5779261	0.6816111	0.564224	0.60189503	0.87288177	0.43375558	0.6174958	0.27888256	0.29644442	0.8906027	0.3970329	0.7560574
51329	0.36200732	0.75274616	0.8645784	0.9377138	0.43025243	0.37996203	0.30180177	0.75572854	0.8550671	0.64522487	0.7055674	0.13997614	0.74015445	0.6628755	0.35043332	0.7939007	0.2801564	0.29680264	0.5291554	0.29918534	0.29524902
51346	0.81805754	0.470588	0.4310761	0.959017	0.33314866	0.7185464	0.33743086	0.3255872	1.1305921	0.5477684	0.7361487	0.711581	0.26062486	0.97402793	0.3587702	0.77939326	0.23623633	0.25324237	0.7573411	0.31988057	0.47998145
51353	0.87602717	0.4718457	0.31407946	0.30880284	0.76013166	0.7847658	0.28917474	0.29990742	1.1692524	0.5830107	0.25004727	0.5698023	0.32371232	0.8627298	0.36420697	0.7526511	0.7985327	0.7030949	0.8267712	0.7261593	0.6916145
51355	0.85436803	0.5384347	0.5137142	0.29957977	1.0152864	0.7536819	0.5436754	0.3720321	0.9582832	0.5759403	0.25836876	0.69457966	0.45419008	0.62976724	0.48966756	0.36974335	0.61248106	0.63604635	0.8429614	0.71299344	0.85567087
51390	0.2957861	0.6936544	0.9568628	0.7086256	0.42811486	0.47384432	0.26837623	0.8858309	0.6168727	0.6562825	0.75027716	0.18898255	0.73237765	0.6273877	0.38575876	0.80802566	0.30625284	0.2616737	0.7593368	0.3468184	0.3929037
51394	0.3242405	0.85810256	0.7942959	0.43007708	0.53491473	0.6963156	0.36712676	0.6403181	0.7269697	0.6350842	0.6151364	0.15675068	0.27555692	0.59365535	0.5130821	0.80287915	0.3149818	0.25435942	0.6238593	0.5774729	0.30788615
51395	0.86852175	0.5914317	0.39304236	0.9101408	0.36281914	0.4385023	0.3604985	0.37145692	1.1123269	0.587957	0.7305483	0.5611842	0.3070543	0.81621855	0.39354724	0.83979124	0.22455454	0.24668601	0.75237787	0.25099665	0.32182774
51414	0.83631164	0.4673278	0.3990934	0.31488305	0.9504983	0.50460875	0.52080667	0.21982521	1.0307355	0.56095356	0.2922361	0.3305887	0.2385527	0.7877228	0.6873149	0.701053	0.5741428	0.260833	0.6740566	0.6580968	0.6358733
51415	0.41319278	0.39529383	0.5844275	0.99053776	0.2658881	0.95621616	0.2585535	0.72267956	1.0807774	0.67324543	0.9920231	0.64861983	0.77492416	0.7751684	0.28036717	0.8349823	0.25478444	0.2516684	0.87395114	0.2185182	0.529197
51416	0.70634687	0.52528363	0.4552188	0.3206189	0.81339955	0.80086994	0.30692974	0.33611774	1.1848137	0.58283216	0.37276348	0.6568003	0.9696193	0.8605138	0.34745884	0.7189096	0.47718766	0.4376505	0.84470385	0.69747424	0.6055952
51435	0.94860476	0.3953314	0.25586924	0.2913986	1.0153583	0.56640685	0.6443014	0.231709	0.98662615	0.51363677	0.2193714	0.81616175	0.3673816	0.67202824	0.81495464	0.57322425	0.43889382	0.48730022	0.81947315	0.57772857	0.7682966
51436	0.31435993	0.5420215	0.659694	0.62468916	0.5468897	0.45603547	0.49849138	0.27077687	1.044462	0.60795826	0.2623643	0.21873674	0.29532093	0.6068073	0.909352	0.6652864	0.34292912	0.28861284	0.6317893	0.5443913	0.6059785
51441	0.29136556	0.8343663	0.8853383	0.59309715	0.64631474	0.2738989	0.1873124	0.724563	0.78466314	0.6655744	0.57302296	0.08589418	0.25007635	0.6285627	0.35573545	0.8044404	0.2736778	0.27820796	0.376292	0.34823233	0.21335201
51442	0.29218495	0.86276674	1.0670704	0.8942528	0.35766274	0.39018357	0.2131072	0.76681966	0.66768926	0.66661984	0.6416681	0.22678213	0.7130401	0.56578094	0.3743095	0.78961974	0.2786707	0.25270802	0.6749864	0.24938667	0.2999683
51445	0.25027317	1.0286908	1.0742173	0.8531951	0.3820982	0.27381414	0.18205132	0.91919225	0.5396604	0.6940501	0.66267127	0.1442722	1.0679401	0.3719012	0.2662943	0.80328363	0.2236293	0.24134806	0.55042005	0.23099935	0.12530385
51454	0.34304526	0.66848713	0.5670086	0.84299725	0.42465273	0.33018193	0.26639563	0.9217685	0.5641923	0.6441654	0.70228136	0.26339695	0.932465	0.46325076	0.28855276	0.8542697	0.21971166	0.23836498	0.5156281	0.25217673	0.16265318
51458	0.65469956	0.4850102	0.6356162	0.33399576	0.80751264	0.80768806	0.36965334	0.8330846	0.95021343	0.6429891	0.380147	0.3162944	0.9238977	0.6733247	0.35416883	0.6954394	0.5007198	0.4069813	0.7715726	0.8235626	0.63203275
51465	0.92687815	0.3602365	0.3272961	0.30280876	0.9878761	0.6740376	0.6098072	0.2612982	1.2539678	0.5156361	0.20009449	0.841466	0.35479915	0.8948595	0.42246357	0.4562228	0.4679956	0.72940755	0.85864884	0.43250033	0.7719296
51472	0.33331034	0.601096	0.7934678	0.81766486	0.49501458	0.70035034	0.2105355	0.93728584	0.5465772	0.55122614	0.8921347	0.42558706	0.8408531	0.4587469	0.4095327	0.74214625	0.1901938	0.2362646	0.76620334	0.34558293	0.54858685
51474	0.8824882	0.47750267	0.30328387	0.3146469	0.87956464	0.9304438	0.43054664	0.44878346	1.0847225	0.5791298	0.31569752	0.7249744	0.27825817	0.8640698	0.4529777	0.59391385	0.6114992	0.24647011	0.8260728	0.7400238	0.7031251
51479	0.4276404	0.4611782	0.66776127	0.56908673	0.38358438	0.5006777	0.2190377	0.5899103	0.823527	0.5934786	0.4359208	0.6355464	0.69225585	0.617094	0.53081214	0.8079209	0.268491	0.23361133	0.81612974	0.32102814	0.6780883
51484	0.60820085	0.45389023	0.53747326	0.3443197	0.6101668	0.86846817	0.31584102	0.33839762	1.0529568	0.5876622	0.3138618	0.47026289	0.59489787	0.9331571	0.41254756	0.72591656	0.36027944	0.27384287	0.7963297	0.63084996	0.63405377
51487	0.5623969	0.86696213	0.79799736	0.3825339	0.9700051	0.50237614	0.5097517	0.7221666	0.7453214	0.61540824	0.33827147	0.2595833	0.4842467	0.50704557	0.5797487	0.6556325	0.48081228	0.43959194	0.6532631	0.6741963	0.6413829
51503	0.56886077	0.52686125	0.511703	0.33723542	0.8695107	0.4631883	0.31914228	0.41356462	0.9896881	0.5792472	0.27623734	0.28355497	0.26454225	0.70221114	0.569779	0.58543193	0.4523992	0.77971387	0.6376131	0.61285985	0.48419264
51515	0.76913506	0.34217396	0.3582344	0.8478525	0.35454172	0.9219183	0.324586	0.509254	1.100543	0.6020268	0.71253663	0.56217444	0.2860401	0.9355432	0.37297025	0.707222	0.2687559	0.22821243	0.8020998	0.29411298	0.8158549
51524	0.65792924	0.43244395	0.5748071	0.55396754	0.6575224	0.55725324	0.2703654	0.23527715	1.2005556	0.61873317	0.7400587	0.57303816	0.28923136	0.9322387	0.35405403	0.76964384	0.2846311	0.26892033	0.7622965	0.3594925	0.58636487
51530	0.7316153	0.49921292	0.40758562	0.6812776	0.55616665	0.56390816	0.3122787	0.49732617	1.082335	0.57357347	0.6066053	0.7147968	0.8613235	0.8404211	0.39261276	0.8310953	0.26805332	0.24857438	0.8072189	0.35031933	0.430912
51531	0.39260283	0.8475629	0.7915403	0.45568156	0.40580282	0.5825933	0.38274843	0.5272867	0.963393	0.5995573	0.40699717	0.37218654	0.82136345	0.8365402	0.42997727	0.77624136	0.3155203	0.29117185	0.71028495	0.37765464	0.5351315
51534	0.3430731	0.6383468	0.61697346	0.9778352	0.3582576	0.5936144	0.35713282	0.33262897	1.0518122	0.59379274	0.5264065	0.34454703	0.35727882	0.85611385	0.4887964	0.7450134	0.2282283	0.28574532	0.6536367	0.2924423	0.44276416
51539	0.31849742	0.9511963	1.0873294	0.77409446	0.5245859	0.3013417	0.22695985	0.83642876	0.5793098	0.65939057	0.5425063	0.13503087	1.0320278	0.45086908	0.33658054	0.7768662	0.47511247	0.32943648	0.37149367	0.32135037	0.1725958
51541	0.5180252	0.5163826	0.62724173	0.9899019	0.359903	0.51807624	0.45784813	0.7480364	1.0373632	0.6381813	0.91202134	0.5505371	0.73964864	0.7912891	0.37732294	0.85769147	0.25639525	0.3341096	0.7574079	0.22206989	0.45139408
51556	0.27576745	0.88839275	0.98565376	0.75949115	0.43383893	0.36604643	0.25381833	0.8737196	0.5742881	0.5981936	0.64165217	0.24585856	1.0234647	0.5549799	0.35743555	0.83946913	0.28321886	0.22760788	0.68905616	0.32899538	0.26694712
51562	0.28089374	0.93489385	0.9435615	0.4633519	0.45219013	0.49540937	0.21884903	0.77285033	0.6690874	0.6636036	0.37504196	0.2194556	0.75775385	0.6153593	0.47857434	0.8128981	0.33734745	0.25295198	0.69016	0.34075463	0.3854201
51575	0.27142882	0.46705365	0.5092211	0.8638493	0.3602246	0.903122	0.46140307	0.8650605	1.0022562	0.6475775	1.036025	0.6060594	0.5372399	0.5549296	0.63568044	0.80640477	0.18875551	0.21502636	0.86242366	0.21079361	0.7349898
51577	0.43407565	0.5197481	0.83034825	0.9823363	0.4001729	0.8573772	0.17940454	0.9573021	0.6535555	0.68252236	0.923556	0.28311038	0.27465507	0.673002	0.30320892	0.84733343	0.19914076	0.21248162	0.8524251	0.22317073	0.3812904
51591	0.53414893	0.6060214	0.42574117	1.0090276	0.32131633	0.8736223	0.31872183	0.35724294	1.1232724	0.6116939	0.7572315	0.5670582	0.33807185	0.8817516	0.3681541	0.6155215	0.1846312	0.24232222	0.8296509	0.26399255	0.56694245
51592	0.83859485	0.47535855	0.35952577	1.0166194	0.36922267	0.6732908	0.32945856	0.77766323	0.8946764	0.54036367	0.65492904	0.4753289	0.28457543	0.78924716	0.34428725	0.8295878	0.1842739	0.25399327	0.7372904	0.27455187	0.386587
51593	0.35414857	0.91682315	0.7741791	0.8743091	0.48354015	0.6133289	0.3039943	0.7412055	1.0194502	0.64720595	0.6721373	0.60576546	0.89829946	0.82114446	0.35171914	0.7679553	0.2666546	0.33488667	0.7380693	0.30384016	0.41296932
51595	0.5070784	0.6524622	0.78181386	1.0300276	0.38440886	0.6841242	0.24650088	0.9666331	0.69275606	0.59568286	0.84524083	0.37671736	0.61283696	0.63952017	0.29193765	0.815331	0.21037632	0.262824	0.8231617	0.21465814	0.44278428
51597	0.75917053	0.54222655	0.40437922	0.9657277	0.3010704	0.7120829	0.32989967	0.39337164	1.0897098	0.5943639	0.7615802	0.3867004	0.3729883	0.8925517	0.3564992	0.7928486	0.23492238	0.2581814	0.72103846	0.24777532	0.38938326
51598	0.46997166	0.45706338	0.4797397	0.85432225	0.37314168	0.6840672	0.34542218	0.33353415	0.9850954	0.5548119	0.79181284	0.39753622	0.514073	0.8520715	0.4338779	0.78760564	0.25761726	0.24475707	0.7316279	0.2841841	0.5472925
51607	0.26032206	0.5042924	0.8429089	1.0410633	0.37918222	0.8742275	0.17589447	0.97374725	0.5455383	0.6724871	0.98816687	0.4320155	0.47060853	0.6152825	0.28840494	0.8009238	0.22542211	0.23197395	0.80333614	0.20741862	0.605833
51611	0.3760523	0.52723634	0.95357126	0.81053364	0.37886563	0.5075621	0.3330293	0.88788015	0.8329693	0.6505985	0.90781456	0.64186543	0.7593712	0.67233014	0.36548463	0.8177789	0.2280781	0.28956485	0.8139038	0.34213752	0.586627
51613	0.55878323	0.40102315	0.8138733	1.0094856	0.41536123	0.9454871	0.649389	0.85544217	0.65805626	0.500602	0.8796878	0.69177866	1.0345794	0.53820145	0.28883	0.82670134	0.24785122	0.21737732	0.8639876	0.26092565	0.70396674
51624	0.33192098	0.9173491	0.89531475	0.9459562	0.42776945	0.63662547	0.18964082	0.9131624	0.6023262	0.6602021	0.7277879	0.40472984	0.9918422	0.5084109	0.3151967	0.80457467	0.23760462	0.2731883	0.81141853	0.25645396	0.3858277
51626	0.39638227	0.73718816	0.6306581	0.9082432	0.46706548	0.61110455	0.35706604	0.3447548	0.98139924	0.6266934	0.67054605	0.5495648	0.4679887	0.81284326	0.5726384	0.7283335	0.2970397	0.29168284	0.71305335	0.33272836	0.472458
51632	0.2892172	0.4728565	0.7631383	1.0538745	0.31294692	0.9289526	0.22674245	0.98096144	0.6271219	0.6237803	0.97304946	0.33781186	0.39044034	0.7876939	0.2571998	0.86381537	0.2113477	0.21619543	0.7747961	0.21191463	0.37865463
51635	0.8405485	0.71137714	0.3910678	0.9824545	0.36610416	0.83497477	0.27135643	0.89281136	1.0039567	0.6140583	0.79826367	0.5355646	0.377718	0.91959214	0.27847254	0.7802494	0.2221283	0.28580523	0.7999685	0.25540787	0.39183292
51639	0.3803723	0.5521259	0.5706515	0.9885112	0.3521114	0.70880115	0.27013367	0.59283036	1.0118436	0.60376847	0.7812589	0.24872431	0.7008521	0.7672027	0.29346645	0.81948084	0.19366023	0.2369711	0.7714441	0.25846314	0.3386563
51652	0.29913554	0.42892957	0.8922704	1.0570755	0.32670107	0.94976693	0.16714525	0.96687776	0.5903246	0.65741336	1.0362469	0.43627366	0.8453985	0.6464814	0.28589293	0.8724855	0.22045428	0.22804457	0.871728	0.20717469	0.4356609
51653	0.31625003	0.5466579	0.85465944	0.88598526	0.3916036	0.9290931	0.27765983	0.8563209	1.1714816	0.67339766	1.017854	0.69694644	0.74116653	0.6296679	0.6032672	0.84283876	0.22539842	0.2193994	0.87406623	0.1831832	0.8029935
51670	0.31836554	0.9058339	0.9377042	1.0566772	0.39064863	0.791656	0.18892965	0.98216033	0.785566	0.6324683	0.9065224	0.2731708	0.5817991	0.67215556	0.2541903	0.85119015	0.19406658	0.23177789	0.75828457	0.23859695	0.35020483
51674	0.26032206	0.5042924	0.8429089	1.0410633	0.37918222	0.8742275	0.17589447	0.97374725	0.5455383	0.6724871	0.98816687	0.4320155	0.47060853	0.6152825	0.28840494	0.8009238	0.22542211	0.23197395	0.80333614	0.20741862	0.605833
51687	0.47846502	0.47902516	0.6917883	0.99948514	0.3549858	0.44524544	0.29970577	0.7784758	0.82672256	0.52224356	0.7969467	0.6175618	0.87726194	0.6390388	0.29166862	0.8380584	0.22287506	0.27998948	0.67632484	0.45850316	0.3976838
51688	0.27241144	0.98796666	0.8829216	0.9927827	0.39745268	0.54036397	0.2637368	0.7747818	0.8842752	0.64414114	0.7195418	0.20775682	0.9967378	0.60642105	0.30107585	0.8354451	0.22561109	0.25454068	0.7931696	0.2542558	0.41860056
51694	0.8375278	0.3977155	0.30614856	0.748889	0.5800502	0.67308456	0.45624495	0.60503453	0.743388	0.5026051	0.45181242	0.75970197	0.7149656	0.6751587	1.0795339	0.57042027	0.22363502	0.27740204	0.8286166	0.44673908	0.532145
51705	0.26612502	0.6629138	0.8450454	1.0563937	0.37151712	0.80217135	0.19336298	0.99010235	0.56493396	0.6556955	0.8940476	0.3912935	0.67592263	0.5992867	0.25980455	0.82624507	0.17111036	0.22822137	0.8470251	0.21525851	0.5334204
51708	0.3738238	0.6837089	0.4711954	1.0345068	0.31142834	0.5850342	0.21835616	0.39028546	1.1543573	0.5733707	0.76764154	0.57014024	0.2886026	0.89524925	0.27670696	0.7778588	0.18913409	0.25211364	0.78873974	0.2014716	0.3092675
51710	0.279685	0.5166302	0.8752628	1.0434971	0.34669688	0.79964876	0.21175636	0.9204673	0.54074377	0.64850265	0.850429	0.40233645	0.98185366	0.50021195	0.27189493	0.84743696	0.22349817	0.24187255	0.8463182	0.2228814	0.5993521
51713	0.2911354	0.68264973	0.6787501	1.0446073	0.3205922	0.85979074	0.38078976	0.7477586	1.0014149	0.6786588	0.85510856	0.48639262	0.8808573	0.79435784	0.33326727	0.7758332	0.20720744	0.27579117	0.75241137	0.25184616	0.4571937
51720	0.34900883	0.45181808	0.64241236	1.0375242	0.30233553	0.8789415	0.24081199	0.91074973	0.6668115	0.6240317	0.85406643	0.69191563	0.90973985	0.65726864	0.31437668	0.81753623	0.20359519	0.24847548	0.85557526	0.22780591	0.44888
51730	0.4325673	0.45752826	0.6313761	0.93367827	0.52177846	0.7665076	0.34004703	0.7611851	0.6943547	0.5979706	0.6772647	0.49544352	0.6650282	0.5187734	0.36742744	0.63290024	0.25461066	0.26353055	0.8072012	0.25282812	0.70155597
51732	0.2557846	0.60752565	0.8480884	1.0098805	0.3043524	0.48209235	0.23400968	0.87423867	0.6750311	0.61955154	0.8381425	0.3777259	0.95161897	0.4874577	0.26005697	0.84769547	0.17631271	0.21352609	0.7018153	0.22550994	0.36075553
51738	0.31509098	0.7206194	0.8467605	0.89229524	0.37800735	0.4212465	0.2906872	0.80049473	0.7121449	0.62380546	0.8187537	0.5693244	0.5687724	0.7558391	0.34103465	0.78203213	0.33522123	0.2443433	0.7789721	0.27098772	0.834108
51751	0.6374856	0.3924261	0.26163533	0.88805753	0.32601205	0.9348539	0.3102103	0.46291253	1.1671383	0.5411107	0.98961955	0.74839956	0.29086694	0.80445343	0.37644896	0.81871223	0.22361305	0.2137353	0.8286642	0.1962376	0.6054871
51758	0.52495855	0.46059674	0.60544515	0.9956183	0.32630798	0.7417059	0.2895922	0.8313663	0.76742554	0.65780157	0.89643157	0.3755582	0.8345988	0.67675984	0.40426514	0.79792	0.21122748	0.23680109	0.6282592	0.25711048	0.38535827
51768	0.3476129	0.530179	0.89490604	1.0136842	0.35590178	0.63852036	0.257232	0.8933517	0.6835457	0.6364488	0.7995056	0.46583498	1.0339663	0.5097225	0.30425453	0.8536441	0.21134833	0.2284608	0.6735343	0.23687524	0.44780824
51774	0.3979546	0.56019217	0.8127706	0.882332	0.47779912	0.82619405	0.21272169	0.9415476	0.5451218	0.6396188	0.79268986	0.506351	0.6935002	0.43423784	0.30958405	0.8171857	0.19386739	0.2469572	0.8303919	0.26520225	0.5021889
51775	0.2595231	0.40895823	0.51656973	0.89184546	0.3408622	0.7360778	0.33011785	0.75505686	0.88534844	0.57012933	0.97852516	0.6604036	0.7620415	0.62450814	0.43156123	0.7651664	0.24166903	0.2491782	0.6530353	0.2097722	0.6659553
51792	0.41594458	0.6524457	0.65043455	0.95776266	0.3863257	0.8591714	0.290604	0.89516646	0.70743495	0.68232834	0.89619917	0.47588462	1.0167204	0.7062982	0.35730258	0.8399267	0.23588791	0.2582854	0.8699298	0.2405591	0.5996272
51795	0.48645672	0.4450349	0.48885986	1.0267051	0.34902686	0.9651922	0.3157501	0.9285738	0.86000997	0.6464781	0.96416557	0.6278924	0.76172537	0.79451936	0.37448433	0.8524291	0.24375418	0.22208726	0.83255744	0.26332384	0.61790055
51799	0.7959635	0.5852401	0.37249774	1.018414	0.36196536	0.43850082	0.27095717	0.7450605	1.0559714	0.6242847	0.82920784	0.65234476	0.2824261	0.86085904	0.35375997	0.768758	0.17478514	0.29813188	0.721308	0.24081054	0.28387517
51801	0.42142108	0.54342544	0.43151772	0.99576485	0.40888202	0.89223343	0.28959274	0.9442932	0.57162774	0.5792306	0.77633494	0.3569455	0.80572164	0.5788691	0.35506633	0.7801249	0.2213664	0.24323924	0.8480647	0.2366722	0.57004637
51804	0.36316955	0.8614788	0.7353844	1.041062	0.38072547	0.5465999	0.27129483	0.38116348	1.1525083	0.58314174	0.78021824	0.5166927	0.6444834	0.88000077	0.38524932	0.7560372	0.22206283	0.24899916	0.7623372	0.2177062	0.37466976
51805	0.39521846	0.55511457	0.6139965	0.34183654	0.5357317	0.664076	0.4494227	0.541717	0.82024825	0.591927	0.34811062	0.6136923	0.56741416	0.6625823	0.7463192	0.6552745	0.23062035	0.26532698	0.76411164	0.71698356	0.7718163
51807	0.41145933	0.488992	0.35001522	1.0082492	0.3903427	0.80168396	0.28279644	0.29551208	1.2044052	0.5869824	0.7739775	0.7332573	0.33290306	0.93712705	0.380316	0.7931894	0.24571514	0.42831367	0.86564267	0.24363711	0.50321096
51808	0.40158057	0.46290123	0.7491266	0.9998616	0.28099447	0.4051557	0.28407153	0.86863154	0.53920007	0.6254568	0.7150179	0.22361487	1.0288773	0.41762194	0.2783903	0.84421796	0.18316332	0.22549358	0.66752404	0.2065742	0.28374752
51821	0.32286078	0.7272755	0.8501004	1.0094016	0.40396595	0.811596	0.3071251	0.36773047	1.0286543	0.66189533	0.8380476	0.52065307	0.9559152	0.7435098	0.42760125	0.7506159	0.24006349	0.22372857	0.75017464	0.25105226	0.51325446
51826	0.48177144	0.5082566	0.34449327	0.9147426	0.5518258	0.9056601	0.37429643	0.5287132	0.6760259	0.57763207	0.72347116	0.5701833	0.3223061	0.67955935	0.8354914	0.45300832	0.24829161	0.24056618	0.8150756	0.38823563	0.49914554
51835	0.6954064	0.61215085	0.49558237	0.5360314	0.80076975	0.75464946	0.3213436	0.33230805	1.1763494	0.6023978	0.43443912	0.6961362	0.3970551	0.9004732	0.36291212	0.6934389	0.40435216	0.73531115	0.85381395	0.7861702	0.74736243
51837	0.83218914	0.4471346	0.30174342	0.33953187	0.92702484	0.81834877	0.45411018	0.28282592	0.9930726	0.52812165	0.299116	0.67865574	0.53566206	0.73217374	0.46701628	0.38851258	0.35719538	0.35356957	0.82206005	0.46953583	0.80155325
51849	0.77015305	0.4488949	0.37257567	0.32736623	0.92693263	0.7373931	0.28127974	0.8614767	0.5494519	0.550417	0.29043615	0.42026576	0.84320694	0.46302903	0.37876377	0.47214496	0.5081377	0.46063352	0.84193707	0.493127	0.5103883
51857	0.8337833	0.62717944	0.66400003	0.66544044	0.38459682	0.63409865	0.29459226	0.5836296	1.1195067	0.64329207	0.44799975	0.5527969	0.6391384	0.8681377	0.4322105	0.81898844	0.2774644	0.24955338	0.801038	0.33546272	0.36541834
51866	0.62360287	0.4738056	0.32563514	0.9089549	0.5297568	0.6884032	0.47263736	0.6454387	0.6838792	0.55547494	0.7557086	0.64057016	0.8685857	0.5773103	0.4396176	0.809865	0.21915922	0.25697148	0.69305736	0.30042234	0.6037357
51881	0.6701902	0.41647023	0.5106657	0.33916813	0.8394196	0.5864683	0.47161043	0.8022828	0.61167234	0.5857198	0.4773922	0.6886182	0.4463816	0.50923705	0.4392927	0.72722435	0.28985494	0.38369644	0.8212169	0.37940273	0.5175738
51882	0.590874	0.51412606	0.5343708	0.37449867	0.86475515	0.73259026	0.38775074	0.29782522	1.1250864	0.60803974	0.26446614	0.42183635	0.395412	0.87651044	0.40312305	0.71693546	0.61579055	0.3670382	0.7353432	0.7037305	0.7047345
51883	0.5336377	0.43847948	0.45351875	1.0033996	0.30683452	0.9932108	0.32056326	0.9096169	0.6803131	0.68069607	0.8738729	0.7385662	0.89095783	0.7531018	0.34371603	0.84322757	0.22113663	0.22279578	0.8962924	0.24375099	0.57975906
51889	0.5702535	0.38519678	0.23910756	0.3312026	0.9089732	0.8674232	0.65944016	0.32384735	0.7216446	0.5090665	0.30595005	0.7175262	0.30668753	0.7346732	1.0773807	0.34348533	0.43419433	0.3304463	0.8394475	0.68439364	0.8156012
51896	0.31335402	0.7401565	0.94505197	0.91587734	0.38089985	0.7589095	0.22418456	0.8414405	0.5689721	0.6928305	0.7467098	0.3058032	1.0501169	0.46913192	0.34375107	0.8642812	0.25996858	0.2526679	0.686288	0.26849127	0.554815
51897	0.61784816	0.52877504	0.5236989	0.28125325	1.0584911	0.8333525	0.60306937	0.22359048	0.5009515	0.5944392	0.23187807	0.5081852	0.29349607	0.47359204	1.0312339	0.36810198	0.5157717	0.3790804	0.7715747	0.7547847	0.9043413
51901	0.4640608	0.605005	0.46522522	0.9875993	0.41290256	0.8500403	0.28606936	0.87058794	0.6477391	0.58972865	0.6765824	0.39439565	0.57585317	0.55477417	0.37972042	0.8208991	0.22850135	0.25599957	0.86706525	0.3714841	0.51306355
51915	0.38597584	0.4075188	0.9476003	0.32632735	0.5164622	0.80583197	0.24909058	0.31995106	0.97837	0.66662526	0.6025349	0.45608383	0.7741664	0.8371383	0.42265704	0.67767215	0.28767267	0.25723267	0.5255131	0.58487797	0.31297684
51918	0.6956192	0.4752035	0.27638903	0.83241665	0.68962777	0.90561426	0.5475214	0.19990554	0.8115716	0.5372235	0.5164438	0.76551855	0.26278695	0.64042664	1.091735	0.35003576	0.27114692	0.24454562	0.7872094	0.7814603	0.64193076
51919	0.4833896	0.4309092	0.36534905	0.72147864	0.7566396	0.8298038	0.52609265	0.26131332	0.72348905	0.5680983	0.58770806	0.6795034	0.36654153	0.78911084	0.99572015	0.5442403	0.29187676	0.25644377	0.80860317	0.6128641	0.7250386
51922	0.61545104	0.4741115	0.7875128	1.0133061	0.33369657	0.98951524	0.23788776	0.9473583	0.7305566	0.6567448	0.9367018	0.5333056	0.41214296	0.82405925	0.32240233	0.82518613	0.24152312	0.22081107	0.8407652	0.23006612	0.50904655
51926	0.27068737	0.37365332	0.8192017	0.8668647	0.42573285	0.9738354	0.31110784	0.62043536	0.72653884	0.674746	0.9848965	0.70590997	0.3593333	0.7587282	0.5277054	0.7997302	0.25061202	0.21964312	0.8631732	0.27280524	0.746443
51929	0.38539505	0.70106876	0.71432304	0.9571138	0.47853914	0.79937994	0.21469185	0.8663475	0.5968725	0.6258774	0.881757	0.4370475	1.0013702	0.5246536	0.3604016	0.8026494	0.23230344	0.2518181	0.886532	0.28856817	0.7196795
51930	0.89623004	0.45566118	0.32904842	0.2898787	0.92538995	0.5759328	0.50615084	0.27607733	1.1997331	0.51814073	0.2587131	0.7153538	0.4663487	0.856751	0.5269871	0.61216253	0.3334925	0.55043316	0.8683312	0.4197946	0.7415832
51945	0.79530895	0.61406726	0.38915527	0.74089724	0.69030195	0.5272891	0.38956892	0.2983273	1.129166	0.5755556	0.5375642	0.3331084	0.57225364	0.84403235	0.478253	0.5070487	0.25381604	0.37657946	0.7242421	0.43970862	0.4318911
51946	0.44705728	0.4540054	0.62500864	0.3173678	0.90066344	0.60785747	0.31496996	0.4354568	1.0240062	0.6253053	0.40103993	0.46457544	0.3274455	0.74405843	0.3937257	0.66432583	0.7192575	0.7654227	0.7579714	0.695367	0.67436427
51949	0.47205845	0.42186219	0.37784553	0.34955445	0.9155831	0.9680883	0.33476797	0.57944	0.87618643	0.6027581	0.57707155	0.51555336	0.43097404	0.73887855	0.38572207	0.64355904	0.42730615	0.33445138	0.86810863	0.697685	0.74037325
51953	0.69105226	0.41300625	0.3558933	0.9355541	0.8294796	0.90736425	0.3581548	0.5148824	0.70800525	0.5428733	0.65553015	0.72496367	0.31991777	0.70197123	0.7965326	0.37119645	0.28344017	0.2878632	0.83397895	0.49020538	0.78277004
51957	0.601344	0.60210603	0.5820144	0.9414135	0.49875367	0.83314794	0.3273858	0.4466113	1.1989815	0.6609498	0.69397175	0.55208355	0.7760779	0.8857993	0.3112387	0.5450617	0.2520547	0.32165927	0.88484645	0.41068146	0.83203495
51962	0.44928998	0.564503	0.5174566	1.0202571	0.3835193	0.9300205	0.4036589	0.7438207	1.0221022	0.6732986	0.92272604	0.6179552	0.90779024	0.84681165	0.3918379	0.8419293	0.2337833	0.25779277	0.884137	0.27654964	0.56487983
51982	0.43536323	0.636688	0.706647	0.9894007	0.3978312	0.9018763	0.2392878	0.947029	0.5701761	0.58218724	0.7846542	0.36186662	0.7221718	0.50181234	0.27957052	0.7991899	0.19665664	0.24427982	0.81860596	0.31184247	0.47120968
51992	0.7428271	0.49759823	0.30899698	0.9488893	0.36922115	0.58507794	0.56502265	0.3467922	1.0957599	0.58653027	0.754088	0.6274515	0.66382134	0.7318803	0.4441451	0.8166859	0.25696382	0.266209	0.82617885	0.29063186	0.35821977
51996	0.3116225	0.45606998	0.5600986	0.9412902	0.41847607	0.91173846	0.39768705	0.6158229	0.7737865	0.6243152	0.8503411	0.59854746	0.31534347	0.6389533	0.94123065	0.7157463	0.23844844	0.22666495	0.8259798	0.27355623	0.56028414
52004	0.66140646	0.47822678	0.49776244	0.92916715	0.39914015	0.8765728	0.43817154	0.7700147	0.75742584	0.56048095	0.73929256	0.33941346	0.4749489	0.7019336	0.3580428	0.818214	0.27610216	0.23983224	0.68372875	0.29023507	0.5117987
52012	0.34336445	0.63226515	0.916657	0.82906806	0.42399487	0.65296453	0.1598113	0.92112327	0.67062294	0.6764136	0.78042454	0.31875628	0.810559	0.5027268	0.28405264	0.8337391	0.21035719	0.22416659	0.76203406	0.28636873	0.48500502
52015	0.6854996	0.3860653	0.3854911	0.7209097	0.4002996	0.8828356	0.34414595	0.35128623	1.1439004	0.56100905	0.6743162	0.5268789	0.38220388	0.8138393	0.41280022	0.74205214	0.24535367	0.24348015	0.83286816	0.55947584	0.6487731
52018	0.54852235	0.41583505	0.29161662	0.44885257	0.8940923	0.920146	0.59088504	0.32159737	0.6648846	0.55612725	0.31731844	0.6837707	0.27562305	0.6002117	1.1012003	0.40366548	0.44345427	0.23887505	0.8259592	0.7986268	0.7675298
52020	0.91416657	0.34811884	0.60508883	0.37870377	0.71927226	0.7134225	0.5781025	0.4667028	0.6909728	0.53854626	0.780381	0.61002517	0.25319478	0.6998698	0.73231614	0.6414792	0.22396865	0.22120674	0.7702506	0.34896588	0.84303236
52029	0.7498007	0.6772204	0.69468784	0.9843918	0.34770462	0.943495	0.21765831	0.87562406	0.8380415	0.6781972	0.92869306	0.2670483	0.90750104	0.7727904	0.3090674	0.8547829	0.21539137	0.22412387	0.8598033	0.22464734	0.55791044
52036	0.50386816	0.45754057	0.4064285	0.3767837	0.9873944	0.8175668	0.5492467	0.86892855	0.6703579	0.5468387	0.3539461	0.6688449	0.29088014	0.4603724	1.004732	0.3369558	0.5243679	0.35477197	0.830631	0.5886003	0.8117251
52045	0.67842555	0.4643263	0.3683373	0.9280891	0.6014028	0.6898797	0.39574462	0.85529935	0.6101443	0.5443357	0.69363636	0.4166676	0.73053324	0.580733	0.39446503	0.6122311	0.27571326	0.27159357	0.841829	0.33233178	0.5567738
52046	0.85207987	0.4065224	0.25890046	0.29857597	0.9808394	0.79146653	0.52745557	0.6242302	0.6698001	0.52888244	0.28759593	0.70955545	0.42926225	0.64608043	0.5020851	0.4067986	0.28983712	0.38280833	0.8863401	0.3881085	0.8322785
52049	0.90004534	0.40909767	0.36714917	0.2916678	0.98131615	0.75547236	0.55206937	0.19353062	0.521809	0.5558383	0.24045895	0.7099228	0.27075228	0.5535369	1.0109565	0.5149441	0.33098534	0.22329295	0.7190178	0.7248796	0.82839346
52050	0.9121988	0.38004255	0.28030127	0.29333174	1.057312	0.8773778	0.76850307	0.19013882	0.4611742	0.54650193	0.1935989	0.7426507	0.2836805	0.5441413	1.1001586	0.31584123	0.4629637	0.24462213	0.776923	0.81804675	0.8711915
52051	0.4921584	0.39479566	0.46444118	0.28069803	1.051169	0.84224904	0.73690957	0.16537118	0.4507336	0.58167744	0.16483507	0.71259147	0.26698598	0.45289338	1.1050879	0.37007412	0.34421724	0.26360455	0.7502583	0.78282446	0.8666425
52064	0.8716568	0.39947006	0.6075143	0.29775798	1.0083445	0.8852524	0.76633614	0.27936518	0.5397714	0.5420816	0.19505672	0.6474837	0.27303982	0.49719173	1.0155225	0.45340678	0.32567832	0.29079705	0.7150135	0.75343174	0.81922925
52077	0.64649695	0.45649385	0.4776128	0.2801043	0.8923747	0.7418483	0.56731504	0.31609225	0.46075922	0.58204913	0.24858049	0.6439427	0.27990445	0.47760153	0.99086356	0.5010944	0.28632262	0.2820561	0.8023799	0.73281544	0.8900054
52079	0.7008871	0.39365488	0.49932986	0.30102214	0.856107	0.8491889	0.29516187	0.43645495	1.1090972	0.64202005	0.21911032	0.55913085	0.3118524	0.8890697	0.31088653	0.66632205	0.20755506	0.23353297	0.82616556	0.75019443	0.84739286
52087	0.52886236	0.5331711	0.6758998	0.33884057	0.93700594	0.91679925	0.38774365	0.69294924	0.6209205	0.61117125	0.35503784	0.3848104	0.75370693	0.5702238	0.53046167	0.58248687	0.63964	0.37007302	0.8186224	0.653992	0.7046462
52088	0.5961384	0.41598827	0.49254745	0.2913225	0.9842811	0.6971759	0.6952937	0.19898853	0.41653666	0.59827906	0.20298152	0.44074526	0.27787846	0.4228713	0.96539146	0.6620049	0.37475112	0.3567748	0.7562218	0.7455457	0.81313974
52102	0.73210686	0.43907738	0.5104756	0.31131265	0.8546941	0.81709105	0.37514552	0.37658328	1.179051	0.62090373	0.3484406	0.4680564	0.42342398	0.872571	0.48371524	0.5192482	0.6962428	0.33052135	0.8376603	0.6646965	0.81568944
52116	0.393074	0.88590926	0.91251075	0.3645638	0.8867612	0.7193925	0.32259429	0.62664866	0.8656566	0.6777867	0.3372473	0.60013795	0.772356	0.65819037	0.64913666	0.54207677	0.4697526	0.4018429	0.68721974	0.6025098	0.63927084
52118	0.6114345	0.40076748	0.59963435	0.2902431	1.0308638	0.8344229	0.7219768	0.18246052	0.5128444	0.5727956	0.17742208	0.6022293	0.27034	0.49090314	0.96235263	0.4662518	0.3392698	0.26970258	0.7697581	0.7541767	0.85094583
52132	0.61211175	0.46921727	0.49728304	0.3068469	0.9298569	0.78559226	0.32781383	0.3182605	1.1319591	0.6045101	0.3051692	0.5917621	0.2901643	0.91138035	0.40548262	0.7514948	0.5234317	0.3988166	0.8271533	0.6675236	0.7354281
52138	0.66347945	0.4221243	0.5387648	0.3134019	0.90967333	0.8718508	0.46764693	0.19224876	1.003153	0.5778725	0.3631331	0.56914705	0.31442317	0.8535907	0.7209125	0.4505795	0.6253054	0.3283977	0.81774247	0.704534	0.7676461
52149	0.76066583	0.5112303	0.5087331	0.30130553	0.84494436	0.79847914	0.7072114	0.22912696	0.4367827	0.5792643	0.193419	0.37254173	0.27875856	0.47784624	1.0687675	0.4776631	0.3734085	0.25557077	0.6927135	0.6888924	0.776652
52157	0.94449866	0.47492683	0.29378176	0.28913355	0.95540065	0.53221077	0.5380704	0.207585	0.7114533	0.54120743	0.26067063	0.6206225	0.27120605	0.5801738	0.983753	0.4609866	0.38480935	0.38202822	0.696916	0.6566616	0.7072146
52176	0.25936222	0.8024897	0.70091975	0.9356741	0.43560916	0.37213323	0.31145683	0.5777445	1.1561083	0.50465584	0.6350433	0.16135357	0.98248976	0.8791656	0.32576978	0.7736151	0.2760293	0.29425007	0.55406225	0.28643847	0.3869784
52184	0.72593147	0.5498134	0.4841723	0.3185746	0.9842529	0.79710287	0.31926897	0.5237187	0.9869098	0.6192118	0.4895208	0.5749645	0.5235451	0.73777825	0.357749	0.82102776	0.5908467	0.2748803	0.84187365	0.8039636	0.77462643
52196	0.55491734	0.5334596	0.7571544	0.31428832	0.8830735	0.82225454	0.3394279	0.32769546	1.0413196	0.6280645	0.2889312	0.36882257	0.4261739	0.8210486	0.38307723	0.74128956	0.30510643	0.26550543	0.6486251	0.63574886	0.69418615
52197	0.5299739	0.44693196	0.54800105	0.3350708	0.9233078	0.88494384	0.35314316	0.4599211	0.880149	0.62812406	0.43854988	0.50193834	0.3642639	0.70735276	0.41473144	0.7385709	0.6739951	0.32405764	0.8326325	0.7322034	0.70569843
52198	0.90484434	0.3781453	0.30660912	0.3011567	0.9875523	0.798028	0.66012335	0.21264096	0.86789566	0.5523944	0.22647732	0.8414678	0.31615207	0.7677686	0.5542817	0.41600886	0.31510073	0.36816168	0.87910753	0.47975072	0.7940596
52202	0.81617254	0.35769546	0.4085755	0.2934832	0.96276045	0.86338884	0.27943	0.4101712	1.190071	0.5971249	0.23166108	0.6750432	0.32395807	0.9095169	0.32910228	0.657142	0.4778641	0.29248363	0.807427	0.8279525	0.83719766
52217	0.67076254	0.6984975	0.7784956	0.33132693	0.7972435	0.681372	0.41301167	0.3672972	1.0894027	0.61376876	0.29984856	0.3323092	0.29247934	0.8015975	0.5185425	0.61941564	0.36572737	0.24296476	0.65153223	0.7030067	0.55284685
52225	0.8503826	0.35280013	0.4654284	0.30866995	0.92184544	0.89894885	0.5067627	0.5838755	0.99064153	0.6354356	0.29227528	0.53768426	0.5424661	0.86309576	0.37969622	0.586646	0.44298846	0.2683854	0.8410335	0.65520924	0.8000459
52251	0.7967237	0.47468844	0.4248909	0.6434538	0.3528054	0.49794754	0.40540254	0.6216458	0.8443637	0.505074	0.642053	0.35150933	0.73895603	0.5757797	0.29686967	0.8483356	0.23594165	0.27753597	0.625956	0.43146345	0.50855696
52252	0.7315323	0.39167693	0.328714	0.29989448	0.99878865	0.8334083	0.7781736	0.16276422	0.79988205	0.53740484	0.2783644	0.6241568	0.28356755	0.6290311	1.106323	0.34761548	0.59437436	0.32519424	0.83021545	0.6154582	0.855585
52256	0.6960101	0.36804718	0.48481086	0.29588807	0.8632085	0.85332334	0.2894932	0.511135	1.1353974	0.6521202	0.20934658	0.5722604	0.2964771	0.9073688	0.31668407	0.6062342	0.21724668	0.23790476	0.8476678	0.79526705	0.8516482
52282	0.79645854	0.44382706	0.30388632	0.2847494	0.9994232	0.7833335	0.6800673	0.1936086	0.63694316	0.55401534	0.21310528	0.708222	0.25240993	0.56044203	1.1602085	0.32984388	0.41953748	0.33034903	0.7779388	0.67371386	0.8465257
52284	0.68349695	0.4745615	0.6780307	0.3276729	0.90714806	0.94653684	0.35619035	0.8129026	0.7292795	0.59261936	0.3973365	0.43184435	0.87881243	0.72623545	0.45803544	0.7348528	0.35411787	0.31746912	0.8309147	0.7368067	0.63603693
52289	0.8656718	0.42179886	0.3402774	0.28269556	0.87152725	0.91787344	0.32957453	0.31799835	1.1735733	0.6475586	0.25736675	0.56136423	0.3281235	0.8938203	0.36976197	0.70792836	0.38770267	0.2388939	0.8779385	0.76449066	0.9174746
52290	0.42836303	0.73022175	1.046336	0.40082717	0.4630313	0.4213566	0.29462636	0.3759692	0.8855411	0.65386486	0.34777808	0.2266832	0.61597353	0.7688356	0.3949653	0.76226807	0.24633253	0.25707713	0.49247742	0.61313546	0.26856676
52305	0.7006066	0.5075574	0.53424066	0.3130727	0.96557355	0.61322546	0.30017778	0.73103696	1.0726947	0.59317327	0.29483134	0.64124423	0.47769275	0.8145473	0.353566	0.708875	0.6701631	0.43928915	0.88430613	0.6659047	0.6859889
52312	0.68908465	0.5000441	0.7069777	0.32116982	0.9964734	0.8286904	0.39901334	0.86448324	0.9638645	0.6499823	0.2909939	0.7263923	0.7801375	0.81633806	0.38717625	0.4758567	0.72586066	0.6208204	0.9256353	0.59918326	0.8736957
52316	0.8613737	0.3996719	0.27377716	0.29394186	0.96337074	0.5725109	0.5446022	0.4642142	1.1330214	0.5144696	0.25985882	0.7560025	0.77209085	0.75732845	0.5211767	0.69929826	0.65175766	0.47548008	0.7776641	0.6156718	0.6988922
52323	0.9031854	0.36363688	0.23658074	0.28603405	1.0195875	0.61290693	0.5469055	0.6981987	0.83249843	0.5293785	0.21967518	0.81051964	0.35935292	0.53181213	0.9309335	0.5291925	0.4716554	0.4478174	0.7789986	0.6442608	0.7631568
52327	0.80671895	0.5157584	0.61733896	0.32080236	0.8806448	0.5596274	0.3220835	0.6749271	0.8277723	0.5519398	0.32562736	0.3803921	0.5314419	0.63653415	0.4596364	0.6773768	0.5044598	0.48052388	0.6756744	0.72151864	0.6905963
52330	0.5631014	0.38832328	0.48524842	0.39763644	0.36375523	0.9455109	0.40775555	0.8932249	1.0386595	0.58599585	1.0144192	0.5766293	0.8604017	0.5899325	0.36314523	0.7689443	0.32355925	0.3055486	0.86975116	0.27878243	0.698264
52337	0.5270861	0.46872306	0.8903967	0.33787802	0.62013274	0.49914828	0.3157726	0.90183675	0.8343437	0.6042138	0.30716708	0.41836882	0.9126553	0.50804317	0.28913265	0.7464475	0.67845786	0.40575987	0.62802815	0.560755	0.62653565
52338	0.85418683	0.49350432	0.40321895	0.32894114	0.94722784	0.6814521	0.37057704	0.7471141	1.2009827	0.513881	0.23924968	0.70590407	0.5761825	0.9138743	0.33281738	0.41934097	0.60076636	0.49663126	0.82986933	0.5957782	0.75395864
52339	0.7611011	0.55003476	0.59370863	0.71285564	0.4847958	0.73619175	0.3171273	0.8757302	0.91494966	0.5897165	0.6982176	0.6774817	0.6488729	0.81466883	0.3738973	0.8116587	0.3065106	0.28319764	0.8666926	0.35388643	0.54254955
52341	0.49802318	0.5932911	0.7083095	0.29177266	0.9527775	0.878014	0.35743392	0.62289184	1.027889	0.63210267	0.30890185	0.34290975	0.33648446	0.78820753	0.41961712	0.6593133	0.53833777	0.31117433	0.84180266	0.7881825	0.8376066
52343	0.41471213	0.6508543	0.8310323	0.32375312	1.0104369	0.596018	0.3670962	0.7597237	0.657164	0.621228	0.365456	0.33472726	0.79847926	0.5085361	0.41710997	0.5330306	0.5460593	0.3650797	0.7457404	0.732709	0.69575286
52347	0.8975687	0.5153266	0.3371803	0.32636702	0.9776186	0.71776384	0.25263804	0.93827444	1.0095073	0.5404779	0.3281	0.60245436	0.30473623	0.87222856	0.35026124	0.82613486	0.60353714	0.25519913	0.8766165	0.7024177	0.70453674
52356	0.32169437	0.46460617	0.6861779	0.32938033	0.97457284	0.44955406	0.2838345	0.9157249	0.750496	0.5399895	0.40293786	0.34907764	0.6147625	0.6291295	0.3063946	0.78908485	0.5023634	0.30378485	0.68702376	0.60339534	0.5856468
52365	0.92888653	0.38761404	0.23085482	0.32880303	0.96794003	0.58779144	0.36436105	0.7537278	0.99678606	0.5054366	0.22357295	0.80131924	0.8134588	0.6698526	0.4262434	0.5994206	0.4287037	0.6232871	0.8062226	0.5501772	0.6307384
52368	0.31223658	0.73437464	0.9704838	0.57161903	0.5066017	0.5724452	0.19720092	0.86178166	0.63772845	0.6598748	0.36728802	0.1621421	1.0074131	0.53203714	0.33859268	0.79519856	0.33989134	0.25334662	0.5835772	0.35252056	0.4025814
52369	0.81911004	0.6015538	0.32689205	0.3276061	0.9805866	0.87862766	0.42941648	0.67551416	0.8682577	0.48187098	0.29636526	0.74710304	0.6302454	0.60522	0.36529034	0.74589974	0.71474195	0.46971428	0.8896029	0.6823047	0.7455073
52371	0.34071305	0.4483385	0.9347434	0.4230915	0.90735155	0.8863543	0.2539646	0.65020066	0.67218024	0.587832	0.3713149	0.44812205	0.32518318	0.63139224	0.36357886	0.7894016	0.34200504	0.2362657	0.72942877	0.6467079	0.6617608
52373	0.6751996	0.5675269	0.64602286	0.3734834	0.9379055	0.9308754	0.23521414	0.9408599	0.7197947	0.60432786	0.45169097	0.54079866	0.8164609	0.68568516	0.3402115	0.7340686	0.6219833	0.23207434	0.8568638	0.73800415	0.66723216
52374	0.5053182	0.6134188	0.6341218	0.38787708	0.8516296	0.6503634	0.31268054	0.8654224	0.67050254	0.5958573	0.2836571	0.62248886	0.6296946	0.5855828	0.4545398	0.5190883	0.609404	0.43593353	0.8101536	0.76040953	0.65721387
52378	0.93156606	0.42795843	0.29927292	0.2927892	1.0121337	0.53368545	0.5125996	0.7547979	0.76487106	0.50607157	0.24262686	0.7705407	0.5781649	0.6640361	0.4227234	0.5299583	0.69453585	0.57142407	0.82305634	0.6329795	0.7362622
52396	0.77997935	0.4059654	0.40467462	0.30360392	0.9890055	0.73198664	0.28421155	0.75298405	0.9042379	0.5645513	0.32613477	0.7080471	0.47602636	0.7196506	0.37744406	0.61791843	0.7514778	0.5155616	0.869613	0.6193019	0.7897489
52398	0.9149923	0.47838283	0.5148668	0.31274948	0.8908362	0.47459072	0.65355855	0.87776124	0.78491026	0.5383105	0.25004974	0.5006658	0.3882542	0.51310843	0.75769424	0.7938965	0.4602355	0.54084164	0.6140002	0.6589017	0.6954186
52420	0.89487755	0.44841406	0.5601334	0.7794189	0.3236041	0.7389308	0.39217997	0.18853495	1.2119327	0.6750276	0.9173129	0.6188226	0.29066852	0.89592445	0.36592466	0.8051404	0.24722931	0.24598552	0.85342497	0.22390336	0.42794496
52428	0.78931534	0.41427472	0.39697957	0.32367623	0.9248287	0.7964267	0.4065395	0.3390147	1.2046853	0.57778317	0.27535352	0.543528	0.5450982	0.8690836	0.42004505	0.6146107	0.42844555	0.40870047	0.77131677	0.6396217	0.7809434
52434	0.3071004	0.45284384	0.73331666	1.02186	0.37055138	0.85016954	0.24261482	0.84512097	0.7423307	0.65024275	0.89186686	0.44600525	0.8378248	0.6168916	0.34253523	0.85350925	0.23801494	0.21847866	0.82560796	0.22625905	0.49410444
52441	0.6417604	0.47085628	0.4487633	0.6209917	0.40392172	0.6182801	0.45688465	0.26488742	1.190194	0.59365594	0.81518906	0.64253926	0.30945867	0.81968325	0.39218795	0.7920132	0.27362064	0.27646	0.83124983	0.26302457	0.42768633
52444	0.8679664	0.5194881	0.4050114	0.8685567	0.39404762	0.7266791	0.312141	0.5049948	1.0557556	0.5846027	0.61697924	0.59134406	0.7228284	0.84186393	0.32683304	0.780688	0.26083064	0.3010782	0.81259835	0.37958053	0.5085769
52448	0.787228	0.52657735	0.31591132	0.9812354	0.35982996	0.46279603	0.32432544	0.31329396	1.1729498	0.52687544	0.81601316	0.7416664	0.422608	0.93321425	0.35406137	0.78172106	0.2973556	0.26376688	0.71763	0.26183054	0.46875915
52451	0.67869323	0.519342	0.43922493	0.39668638	0.8246223	0.77465826	0.32302347	0.42807353	0.8695417	0.58435076	0.52381265	0.33885044	0.26649374	0.7606056	0.49352643	0.76425874	0.5723506	0.33672327	0.7365223	0.49194318	0.59729755
52452	0.71055347	0.46531796	0.49968922	0.47191876	0.7636791	0.75475836	0.27611375	0.42868936	1.164413	0.57398784	0.34944943	0.6382081	0.70921826	0.82617396	0.4667137	0.70837927	0.38929927	0.286757	0.777349	0.57306606	0.50346684
52458	0.41624227	0.43596476	0.39057547	0.944932	0.33479416	0.91151667	0.30574065	0.8929487	0.7967948	0.6131981	0.86599255	0.6560775	0.5035317	0.7168717	0.35645124	0.82636905	0.20960087	0.24178948	0.85181564	0.30127043	0.48424485
52467	0.7687267	0.546972	0.39891136	0.9697559	0.3465821	0.685208	0.30541867	0.4859762	1.0700105	0.57790935	0.44832775	0.46061072	0.4622717	0.88520986	0.41897804	0.63229346	0.29987296	0.24399166	0.8287457	0.2880304	0.53379065
52472	0.49995276	0.6319296	0.40557542	0.9310599	0.33735836	0.43842486	0.36442313	0.8235704	0.8077152	0.5855853	0.6974307	0.24698144	0.79597574	0.61023635	0.34554517	0.83645266	0.2074253	0.2291362	0.677883	0.24940974	0.38853446
52487	0.3218404	0.42110255	0.84061265	0.9954622	0.26731995	0.86426246	0.25767803	0.23344216	1.1814603	0.6463201	0.92347294	0.5947158	0.53059465	0.89681077	0.28916106	0.8051876	0.24792871	0.23108745	0.7828531	0.1939696	0.48061728
52488	0.8294273	0.7180752	0.51713705	0.35142574	0.937729	0.6898085	0.28551367	0.35032856	1.1575806	0.55493253	0.3110833	0.63458556	0.7673962	0.90938425	0.35576954	0.7129417	0.6654814	0.37991345	0.7861513	0.60613596	0.6690483
52501	0.9165982	0.48724654	0.28015473	0.88990796	0.34527913	0.92126524	0.48774478	0.3783703	1.1109557	0.5699643	0.9396525	0.6652557	0.2727023	0.84764683	0.5108962	0.6715212	0.23963082	0.24330711	0.8591974	0.24566281	0.6797457
52502	0.4154454	0.4617515	0.47130343	0.96551305	0.319495	0.93305475	0.38178873	0.44044223	0.9940709	0.6020563	0.9793449	0.6608618	0.41393954	0.6678939	0.5826515	0.8093673	0.21181166	0.238576	0.84318054	0.2713356	0.5273773
52520	0.66717535	0.48374066	0.32984453	1.0072962	0.33427948	0.5260499	0.5259197	0.710354	0.71341956	0.4979975	0.77372557	0.2848961	0.28400847	0.59318596	0.42315304	0.7921914	0.25246504	0.24257003	0.5687692	0.25819388	0.28280133
52521	0.8290705	0.5135096	0.3504349	1.0229721	0.29639292	0.5315089	0.29382446	0.5418603	0.96493715	0.60768515	0.78913856	0.4655431	0.6688949	0.7893006	0.29404092	0.85522974	0.1952647	0.24454066	0.6905548	0.22774547	0.37982127
52530	0.9142983	0.40403566	0.3932635	0.29374757	0.6082487	0.7506505	0.35187113	0.44869918	1.149521	0.59648794	0.23674576	0.5868347	0.28665552	0.8695143	0.3467168	0.79064506	0.24175611	0.26947102	0.82748306	0.6463847	0.66021824
52533	0.53886914	0.36900523	0.55705297	0.95825064	0.61037666	0.5150626	0.3449276	0.44045365	1.0382203	0.48963848	0.7426653	0.60818505	0.24982384	0.9033361	0.5200039	0.7743449	0.25948185	0.31365055	0.76184016	0.33366773	0.60590416
52534	0.687994	0.386111	0.2824638	0.8996791	0.37795898	0.33091053	0.44755378	0.62451845	0.73182696	0.5037636	0.62963545	0.3276097	0.29190895	0.5403948	0.42934918	0.81693447	0.2816523	0.25302768	0.63470674	0.27044004	0.24213915
52541	0.51091117	0.42570218	0.44774467	1.0479249	0.29353654	0.6529407	0.24977894	0.7874802	0.80832505	0.6075651	0.8723707	0.66447014	0.5212924	0.6187027	0.2856444	0.834006	0.20933342	0.2270571	0.7956712	0.20015424	0.4278557
52550	0.8437605	0.47207615	0.48660082	0.94814885	0.35633415	0.57462865	0.38956308	0.4414189	1.2175944	0.54060173	0.70797604	0.67480767	0.4774236	0.8589856	0.38138992	0.78970784	0.27622655	0.3137948	0.77815527	0.24227718	0.39768487
52551	0.7409373	0.43234104	0.39235783	0.9623083	0.33711326	0.9592382	0.35199618	0.53653276	1.01051	0.61799073	0.8454548	0.5541746	0.72362477	0.8791288	0.34904224	0.8035884	0.26533934	0.22272767	0.8546877	0.23898742	0.6066537
52558	0.86024547	0.5797625	0.43320918	1.0524948	0.3221855	0.48016456	0.24412388	0.5249219	1.0896113	0.58838266	0.808608	0.35501814	0.44487658	0.8692516	0.28594762	0.81856513	0.20111212	0.306418	0.70025116	0.28615144	0.387
52562	0.6497445	0.5302417	0.42484888	0.7756275	0.36705965	0.46897525	0.44841635	0.34519646	1.1727992	0.57977945	0.77942705	0.69056994	0.27832118	0.90921926	0.38541648	0.82345444	0.22683045	0.26335987	0.764974	0.2518898	0.29671493
52571	0.4999207	0.9355227	0.38233078	0.91047513	0.41083068	0.38070986	0.2595419	0.6017648	0.9912638	0.6671651	0.8349808	0.39926407	0.56648636	0.860045	0.2973676	0.76405966	0.24500576	0.25390208	0.47731832	0.28103164	0.29716915
52578	0.47611263	0.71657413	0.75840443	0.99828166	0.33585104	0.9680916	0.25168604	0.909617	0.795508	0.669363	0.9794625	0.436183	0.8427652	0.62929845	0.2965067	0.84193945	0.2233746	0.21458532	0.7889106	0.26416814	0.4755107
52579	0.80711097	0.42633125	0.5006125	0.53307116	0.42577744	0.95625114	0.60553116	0.85176027	1.1183732	0.6038404	0.8805346	0.6960129	0.36906758	0.6196496	0.43281448	0.7882974	0.2657757	0.23849095	0.86977905	0.24420789	0.77515996
52584	0.786918	0.7472675	0.42573935	0.75614554	0.45410365	0.68466103	0.19265574	0.54678756	1.1167091	0.613454	0.6370582	0.41310933	0.72656125	0.9222947	0.3524602	0.8320799	0.2327502	0.25560465	0.85615784	0.32621384	0.47472286
52591	0.8995471	0.3711037	0.29972383	1.025526	0.27025935	0.6746479	0.29517165	0.45391405	1.1121279	0.5807285	0.9098853	0.6787947	0.3129908	0.9061671	0.27698815	0.7994083	0.20011449	0.22937497	0.77615976	0.19629136	0.37405
52593	0.46410966	0.4358566	0.6686429	0.3321085	0.9830448	0.8696239	0.23530976	0.8838879	0.5853842	0.59774214	0.5168519	0.5804397	0.9739561	0.5014422	0.3428687	0.8328849	0.5304284	0.2869981	0.90556496	0.59517837	0.6439257
52594	0.7447456	0.466293	0.53053874	0.7712927	0.35844582	0.8484803	0.556243	0.9015766	1.0719268	0.65531766	1.0618974	0.65641147	0.74899715	0.5705584	0.3927319	0.8115511	0.24297306	0.2675639	0.87283003	0.22473145	0.61208797
52596	0.91049206	0.6426293	0.2878199	0.48548898	0.42742485	0.46041828	0.4006857	0.31596223	1.1394997	0.5151142	0.6073402	0.66270125	0.61444086	0.91661614	0.4293237	0.83062845	0.42786282	0.26640847	0.81582856	0.27360442	0.4113968
52598	0.38865167	0.42373258	0.5688167	0.64099365	0.34249717	0.96142745	0.52218646	0.93638915	1.119489	0.68453085	1.0776346	0.65091914	0.7543831	0.6287351	0.32013297	0.8336378	0.25108	0.22084205	0.8933653	0.21796301	0.7731928
52614	0.86769503	0.51032555	0.3435092	1.038317	0.39295235	0.67410433	0.33140242	0.52083856	1.059482	0.5122346	0.91188943	0.67352015	0.3406662	0.8921915	0.33031744	0.7753072	0.22870207	0.3186825	0.73664933	0.29613423	0.34294304
52625	0.6528462	0.8749048	0.6334023	0.28412646	0.9582409	0.7624138	0.27372202	0.17487529	1.2166488	0.58556354	0.21110761	0.7114192	0.35050723	0.97580963	0.41655886	0.7379523	0.8563352	0.46958715	0.83466756	0.7656885	0.7642989
52626	0.3943265	0.71729046	0.43143222	0.84875214	0.5484862	0.87988484	0.3399519	0.4627481	1.1212094	0.609928	0.6769348	0.7003043	0.42195186	0.9164281	0.42075852	0.6345938	0.2672501	0.26461744	0.86837816	0.365227	0.63889813
52627	0.6367532	0.46204397	0.2731766	0.28835228	0.8827236	0.7357505	0.59554654	0.17932597	0.8188142	0.5630093	0.24814999	0.73078567	0.28707424	0.6492108	1.0858712	0.3293304	0.47083214	0.25137585	0.8636317	0.6316608	0.7813407
52628	0.7180539	0.49145058	0.6875757	1.0357475	0.30919692	0.9863213	0.23535731	0.93817425	0.80795825	0.66936296	0.9569135	0.5232103	0.7399506	0.7827754	0.28981504	0.86795235	0.21312961	0.2117889	0.8191013	0.23327947	0.47013822
52633	0.44152614	0.46538213	0.55588454	1.0260134	0.3670359	0.65103644	0.28497395	0.41609472	0.84049016	0.59771895	0.7387138	0.39937034	0.710709	0.79925776	0.42681062	0.7306049	0.19926557	0.22121166	0.6988738	0.2642848	0.31572038
52635	0.75749743	0.453291	0.419854	1.0250703	0.2924178	0.7555821	0.34480035	0.7203636	0.85802644	0.543896	0.8742659	0.70821613	0.5410239	0.7512828	0.36733595	0.8541812	0.22084731	0.22070949	0.6487398	0.21074975	0.38638327
52637	0.94718397	0.4245306	0.40435624	0.2865447	0.98488295	0.8099301	0.36941326	0.6938186	1.0287406	0.57699287	0.3777054	0.6252413	0.8006636	0.76351136	0.45169848	0.69487387	0.6212282	0.4918422	0.84892225	0.69760615	0.77946293
52645	0.7779388	0.45031837	0.46066132	0.9203897	0.37759137	0.8879643	0.2933343	0.44746202	0.94715244	0.57165956	0.8585573	0.51075596	0.38139325	0.8576297	0.38790807	0.79191107	0.22411329	0.22935541	0.7958762	0.26776445	0.41553065
52648	0.61809236	0.43288878	0.48539454	0.9582847	0.36494112	0.93907064	0.34472853	0.66290677	1.0063626	0.5830406	0.73881567	0.58890986	0.5594941	0.85995805	0.3974056	0.7653927	0.22036389	0.22154917	0.82746756	0.31030723	0.6334209
52658	0.47954962	0.49261093	0.66919804	1.0069768	0.4040175	0.7281147	0.263023	0.7468162	1.1156179	0.6206658	0.8339978	0.563135	0.8775049	0.89375436	0.4096698	0.8352375	0.2679513	0.25510484	0.82670045	0.27582017	0.5081323
52667	0.34213424	1.007505	0.94712234	0.9900549	0.46903867	0.47614822	0.47768715	0.79914206	0.88269407	0.6822388	0.9246119	0.2251704	0.9601968	0.8119843	0.43339872	0.7603144	0.2864242	0.4005624	0.62385136	0.3086095	0.38359064
52679	0.41057763	0.5111375	0.5729017	0.97800446	0.34140378	0.5158965	0.22481225	0.8428144	0.91390806	0.58207595	0.5481503	0.6228417	0.85591257	0.7521455	0.32428926	0.77879095	0.25465447	0.24712954	0.78330356	0.25109133	0.32256573
52689	0.4591294	0.5459333	0.525666	0.4039736	0.8489392	0.55482936	0.27942666	0.43941712	1.1778942	0.6411114	0.37237558	0.64938277	0.31696087	0.86913306	0.39372534	0.5837427	0.30856305	0.38012803	0.84381825	0.6937974	0.56248313
52703	0.3242559	0.46364143	0.7708318	0.74413335	0.34584653	0.9469089	0.46039903	0.90346116	1.0532593	0.7048532	1.0981348	0.69007903	0.737891	0.60741496	0.5918187	0.86717254	0.22857651	0.2131084	0.8955506	0.1974479	0.85227907
52704	0.52353656	0.5068181	0.44790962	0.7948296	0.67890775	0.7931055	0.37562346	0.7260061	1.027303	0.60370713	0.6609034	0.578285	0.5863249	0.748249	0.41758758	0.58974946	0.3440082	0.41182327	0.8564328	0.6242866	0.857108
52706	0.7260101	0.63704693	0.4794203	0.79243463	0.40310252	0.7606426	0.32571083	0.66786796	1.0124736	0.62504834	0.64704525	0.4828409	0.7580041	0.84100693	0.38452497	0.8282608	0.26266873	0.2809404	0.8037126	0.39062968	0.35075572
52709	0.72551906	0.52964544	0.4114952	0.7436887	0.53069437	0.534558	0.29350728	0.41615662	1.2206427	0.5309733	0.6582211	0.6818596	0.4318311	0.91522354	0.40749052	0.8053657	0.3033096	0.3116331	0.7317943	0.3772018	0.3464045
52716	0.38869578	0.5034189	0.66527945	0.9474142	0.40255842	0.6138008	0.25767243	0.621875	1.1481196	0.64322317	0.7464685	0.6293478	0.81940454	0.8894099	0.36779577	0.7432469	0.23001781	0.3045836	0.7680124	0.27673882	0.34182444
52718	0.40132245	0.5711013	0.5892931	0.78273827	0.5497657	0.82751983	0.50104	0.71574765	0.80851954	0.60270023	0.59119993	0.7370153	0.6725921	0.72858465	0.7333137	0.41422486	0.2566163	0.3132336	0.83638203	0.521165	0.68409175
52731	0.45077395	0.5525348	0.47101995	0.81734914	0.40893686	0.5842943	0.30055147	0.8366419	0.76822054	0.5668581	0.75636864	0.4417533	0.97269934	0.6365302	0.33646303	0.7462648	0.23154864	0.33476394	0.6714039	0.31965837	0.2782162
52732	0.33226496	0.42782104	0.75954264	1.0575303	0.26978543	0.99436104	0.264715	0.857303	1.0297879	0.7022626	1.0383536	0.6444979	1.0046566	0.778563	0.27156547	0.8857187	0.22793743	0.22916344	0.84529144	0.18897581	0.6460024
52738	0.43925297	0.5228372	0.7382031	0.995448	0.41817856	0.7296297	0.31270528	0.68791443	0.8926266	0.62262535	0.7443181	0.47503075	0.65716565	0.6174965	0.48905736	0.8201711	0.2453579	0.26702577	0.88105226	0.33697948	0.4473653
52739	0.5495491	0.7365357	0.70650935	0.911192	0.47328016	0.6742045	0.35328507	0.41128656	1.0330317	0.61713445	0.7318115	0.43364346	0.82277465	0.8169824	0.47433722	0.7545984	0.27189705	0.2953716	0.73077834	0.32255304	0.36889127
52742	0.3859866	0.51366043	0.8628537	0.97911906	0.5520048	0.90346676	0.56327486	0.74081975	0.9844456	0.57604176	0.8246004	0.5413652	1.0263513	0.66498506	0.48449063	0.6567428	0.26157954	0.35032004	0.84838253	0.2917536	0.73679906
52768	0.28789786	0.5592587	0.7821167	0.9587528	0.38975254	0.5681701	0.30267584	0.9057861	0.62822413	0.6335875	0.72370446	0.3501674	1.0225402	0.36993247	0.30198357	0.77973014	0.26986372	0.27186328	0.72003764	0.26796713	0.40821657
52777	0.39521372	0.4712809	0.48080963	0.6951002	0.46626887	0.86656576	0.33051068	0.7910556	0.8684154	0.5976273	0.5293199	0.53995615	0.657601	0.74654907	0.40347353	0.749365	0.25893667	0.31025964	0.85998565	0.5298362	0.64586085
52778	0.42504683	0.41483724	0.41788465	0.70568866	0.5861221	0.7827633	0.41151702	0.43289903	0.80706644	0.547162	0.48009175	0.75958693	0.33863792	0.7183055	0.7605172	0.61046845	0.23905179	0.2513103	0.7870674	0.4746143	0.5762891
52782	0.9132321	0.43082905	0.38704532	0.35605624	0.71322095	0.6560794	0.47242633	0.67610973	0.9064674	0.5279638	0.46522555	0.76745844	0.4390472	0.6935886	0.38951838	0.8223966	0.2780109	0.35824573	0.8315155	0.51661885	0.6474808
52784	0.55229384	0.5893701	0.40279484	0.49452788	0.7677397	0.7322969	0.30030504	0.5347056	1.1092666	0.6077936	0.4908039	0.66752046	0.5098906	0.83139837	0.38948318	0.670591	0.33427456	0.5954549	0.8673264	0.61727583	0.7126526
52802	0.32374805	0.5136048	0.36568502	0.6053487	0.6960912	0.8194844	0.3438546	0.6807489	0.73490244	0.5925525	0.5332863	0.712976	0.5208778	0.7084481	0.6378952	0.52580786	0.23585537	0.30909544	0.8647819	0.49140245	0.80543584
52821	0.83306456	0.41369864	0.3387298	0.72281075	0.6783558	0.74695677	0.3461601	0.51037526	1.1215879	0.56621695	0.69868296	0.7622776	0.3861638	0.9310637	0.6739195	0.5204871	0.34235677	0.3495118	0.82841563	0.43606272	0.6477372
52822	0.34927866	0.4351184	0.29005408	0.523763	0.6474912	0.86688334	0.458448	0.43157452	0.71758443	0.5301412	0.40437648	0.75556225	0.35932967	0.85549873	0.9281833	0.5271581	0.26415482	0.2575661	0.86057526	0.49526247	0.81594634
52823	0.4002094	0.40494713	0.5949737	0.64875513	0.40988258	0.88980913	0.45276925	0.61298805	1.024122	0.56964856	0.9705624	0.6379502	0.39569414	0.688749	0.5663907	0.7207168	0.2493403	0.27826387	0.79041696	0.2461806	0.7301643
52826	0.6106007	0.48585093	0.40801856	0.51477873	0.5883653	0.73378265	0.26829195	0.89353436	0.80146533	0.6106102	0.58612055	0.5746918	0.7193531	0.7851329	0.36335623	0.5541432	0.44297278	0.44935018	0.8523058	0.50679624	0.6369914
52827	0.6654577	0.57790846	0.33141482	0.888886	0.54646605	0.6651905	0.318537	0.45118794	1.1958239	0.5807467	0.36845034	0.63111144	0.7152783	0.86756223	0.3528562	0.690501	0.64916676	0.6976296	0.85017717	0.40823492	0.592207
52828	0.44275686	0.78682846	0.5561013	0.4646834	0.7343461	0.6601561	0.30181545	0.3374036	1.103913	0.5965661	0.41733453	0.640054	0.49208024	0.91861	0.41848716	0.6546394	0.878037	0.38571405	0.8249574	0.6576124	0.5132384
52829	0.53669256	0.47891584	0.36220214	0.5606929	0.8865083	0.48597482	0.2634601	0.90726244	0.9685008	0.5390554	0.506867	0.46763393	0.47903517	0.7302346	0.29996568	0.7547155	0.27540335	0.29497313	0.5034701	0.35270557	0.5410073
52833	0.37853763	0.78916824	0.7941924	0.39802483	0.9543467	0.4933623	0.30122295	0.60466427	0.9542923	0.62880397	0.3528933	0.3786721	0.85803515	0.85260504	0.4184074	0.80953187	0.4418899	0.4045909	0.8181436	0.6465205	0.64466757
52857	0.32623082	0.5780287	0.9464002	0.46580827	0.70650387	0.49722835	0.28689796	0.56031895	0.7807583	0.5199287	0.40280083	0.3336212	0.8786258	0.65855044	0.3789318	0.80436605	0.33424214	0.26523274	0.6849721	0.4312885	0.36089984
52859	0.54397184	0.59701765	0.45301726	0.34426877	0.5603991	0.7470003	0.24222502	0.72379184	1.0829905	0.6248119	0.34416202	0.6162669	0.49089885	0.9158231	0.37035784	0.74452454	0.4677198	0.3691967	0.8505037	0.656138	0.6859535
52860	0.6071951	0.6577328	0.70670986	0.65461844	0.52227277	0.5991951	0.2965793	0.33059675	1.1826141	0.55791104	0.45627132	0.38612267	0.5561356	0.8831264	0.37245402	0.78569496	0.3501793	0.4612981	0.7623152	0.38794017	0.58506477
52866	0.6206126	0.6546735	0.54668075	0.39458042	0.65897596	0.5765524	0.2765904	0.28762376	1.158554	0.6042042	0.30253828	0.5475213	0.41058695	0.8744511	0.33707145	0.5290216	0.8489701	0.47234386	0.74652755	0.6174162	0.59976107
52874	0.59424907	0.44643894	0.50030845	0.39331523	0.88360286	0.4731266	0.346143	0.8997397	0.9773672	0.53786665	0.27822852	0.30411434	0.71925545	0.71154153	0.3979477	0.50334674	0.5627794	0.44621742	0.63660395	0.6242707	0.39325258
52895	0.6744109	0.47001758	0.41701037	1.0293711	0.3477723	0.79348683	0.27538186	0.58734834	1.0870826	0.5375383	0.75466526	0.5667436	0.7141023	0.8828542	0.30851877	0.85042626	0.23891786	0.25565046	0.82227767	0.2528217	0.41526055
61003	0.88125473	0.40229797	0.38230425	0.919052	0.32680967	0.6671046	0.38021988	0.22074752	1.1596721	0.61976933	0.6077426	0.44699594	0.28089198	0.8682675	0.3591748	0.8180948	0.22310168	0.3454556	0.7897885	0.23019615	0.27998343
61018	0.9408441	0.32889643	0.2654419	0.2897409	1.0160311	0.809598	0.685729	0.21177465	1.267778	0.5262836	0.19008009	0.8824012	0.28095746	0.8958588	0.4145606	0.45987743	0.43761098	0.7643631	0.8768575	0.4555003	0.80715114
61021	0.8337725	0.44390678	0.44039458	0.31883785	0.9067396	0.72923154	0.34591073	0.74304867	0.9095435	0.5330917	0.407183	0.574162	0.3002255	0.82167673	0.46551362	0.63226384	0.44978413	0.34604013	0.72318554	0.7593289	0.74324983
61031	0.37515232	0.8326913	0.7184435	0.9306537	0.47883368	0.8967503	0.39768282	0.458184	1.0879074	0.6269276	0.6713739	0.55658025	0.5374096	0.848004	0.4598944	0.63109004	0.34179023	0.28943455	0.78992206	0.38315737	0.49665716
61055	0.49746025	0.71828836	0.43178457	0.6220083	0.8099317	0.70171314	0.26471424	0.7730099	0.93855804	0.5954082	0.49635062	0.6732028	0.5685489	0.82733977	0.39517832	0.75237083	0.3475884	0.38590032	0.8579803	0.65763664	0.7736726
61071	0.58298606	0.6150253	0.57566756	0.9194168	0.4711868	0.8075694	0.30603376	0.60781896	1.0554645	0.6259682	0.64018494	0.5256831	0.9404981	0.7961851	0.37784374	0.74293727	0.2924718	0.31112164	0.83000845	0.3519136	0.39756945
61094	0.4175057	0.3540303	0.7015236	0.99350035	0.3431391	0.6441433	0.31796607	0.7904477	0.8441616	0.66950476	0.94066447	0.55260456	0.7379149	0.726419	0.36969632	0.81920713	0.25932574	0.23825286	0.80276895	0.27237803	0.61475843
61096	0.3516617	0.55259025	0.63094866	0.9079104	0.4472366	0.647863	0.30005103	0.48638713	1.073601	0.5911846	0.65386117	0.29857695	0.80790615	0.77499205	0.34459803	0.80632555	0.23170349	0.29628706	0.7688606	0.34556037	0.4263955
61097	0.43993813	0.47966576	0.7808465	1.0797637	0.3095051	0.8550023	0.34160495	0.81301755	0.9562419	0.6149043	0.92171425	0.52423346	0.7779618	0.7541447	0.2606206	0.82651585	0.19542387	0.2364951	0.7950548	0.22523457	0.44556507
61098	0.49644753	0.50323886	0.4601256	0.97985935	0.5623702	0.6139501	0.28974292	0.8071664	0.6988326	0.55437154	0.5412956	0.6571392	0.7503676	0.6371597	0.37636843	0.57899827	0.27733544	0.30244422	0.74963367	0.3973406	0.4905757
61099	0.9304206	0.34281185	0.31607583	0.29599532	0.93161577	0.6469113	0.68372077	0.55397856	0.65324044	0.50248843	0.39840925	0.8277425	0.45450935	0.589693	0.85335946	0.6652294	0.31886566	0.30325907	0.84550154	0.55990833	0.805552
61101	0.326193	0.9283805	0.5133007	0.9424344	0.4784074	0.52698654	0.2560707	0.78003466	0.95720136	0.63551086	0.66572684	0.5390259	0.8950337	0.76598006	0.30373013	0.8165969	0.25334015	0.2591395	0.7930553	0.2783139	0.36201707
