text_id	suddenness	familiarity	predict_event	pleasantness	unpleasantness	goal_relevance	chance_responsblt	self_responsblt	other_responsblt	predict_conseq	goal_support	urgency	self_control	other_control	chance_control	accept_conseq	standards	social_norms	attention	not_consider	effort
21	0.8835882	0.41090173	0.4363964	0.41201416	0.37077636	0.570027	0.47112927	0.30950204	1.0103601	0.62001735	0.8201721	0.83820516	0.39894092	0.7611363	0.21034256	0.7107278	0.46875766	0.2186916	0.86678094	0.38914716	0.44171977
23	0.93780434	0.2961231	0.41767213	0.26465592	0.9730501	0.8661068	0.581684	0.39198095	1.0377574	0.6333218	0.29668134	1.0248147	0.37865308	0.7660293	0.22352041	0.5052357	0.58886397	0.60660696	0.9524335	0.25338605	0.94194233
26	0.8307806	0.53656244	0.7633892	0.27031335	0.9673543	0.5715293	0.39424005	0.5246422	1.0823109	0.69153976	0.33924028	0.6324595	0.42206246	0.87875813	0.23833527	0.53437454	0.8428966	0.85993373	0.8536897	0.81164944	0.86921424
30	0.506645	0.73288774	0.7504593	0.40258288	0.8668593	0.6887571	0.2702642	0.36036834	1.0037676	0.7108722	0.3623943	1.0434107	0.24246468	0.8786596	0.20855182	0.4363387	0.7339443	0.9211321	0.8480812	0.8124968	0.8882027
39	0.59473336	0.8643002	0.8241997	0.34027603	0.9159657	0.4749175	0.29977432	0.5647428	1.017397	0.7272395	0.35765916	0.6097636	0.480577	0.8695822	0.22821267	0.29935756	0.718898	0.5513691	0.7066681	0.83662	0.93745655
47	0.94263923	0.3431668	0.4221881	0.2797466	0.9091484	0.33093667	0.29738945	0.35431054	1.0530813	0.6747897	0.2707999	0.93287563	0.32199568	0.88463545	0.25937924	0.5903937	0.7065942	0.8331607	0.844655	0.53915954	0.57215255
60	0.6388274	0.63316226	0.6523587	0.29591882	0.88623613	0.7775672	0.64402217	0.37149718	0.7776581	0.6655102	0.37613505	0.5147591	0.4969499	0.66961014	0.640171	0.45370114	0.54596	0.34376258	0.76901674	0.5570333	0.6584845
68	0.8594823	0.55312747	0.8629975	0.30055296	0.86901784	0.8147274	0.47148398	0.7272271	0.7887967	0.65779626	0.39490765	0.6251322	0.5574855	0.78582835	0.21937545	0.55013597	0.6619648	0.8791092	0.83316493	0.5280593	0.8990678
69	0.8288772	0.43634695	0.7299552	0.33195055	0.3762608	0.9439952	0.35832298	0.5783403	1.0391395	0.7054312	0.77842116	0.7981482	0.29027194	0.8904378	0.2121035	0.6245052	0.7345424	0.7795579	0.90778863	0.2467453	0.9867783
71	0.37759614	0.8715064	0.99937177	0.37726942	0.7873083	0.3242066	0.28112096	0.90249175	0.6592708	0.7707505	0.79204726	0.37593275	0.38847712	0.5229911	0.19926563	0.66884404	0.41229618	0.23926595	0.57045287	0.21105732	0.38541993
74	0.88247526	0.4857772	0.54858166	0.2968587	0.8400852	0.669177	0.69627225	0.22138609	0.95204824	0.6675249	0.40614554	0.4634659	0.13767213	0.8597499	0.71396	0.65284157	0.41314638	0.2360247	0.7663752	0.690583	0.6724754
81	0.3840772	1.0838658	0.9589314	0.30234876	0.8258616	0.3870053	0.58407366	0.8788838	0.31339034	0.73025566	0.5803688	0.36836392	0.7047284	0.34794173	0.23991583	0.71175385	0.5071151	0.27335525	0.58931255	0.59302014	0.470668
84	0.36990258	0.8384583	1.1103879	0.30519992	0.9203714	0.3142787	0.28307596	0.3769106	1.0212071	0.70450306	0.45770332	0.4348273	0.21233873	0.78201985	0.20769031	0.72736114	0.562003	0.2721211	0.8674345	0.51003116	0.8993761
86	0.45347565	0.6463055	0.87794167	0.8308115	0.4070947	0.6993881	0.72283715	0.639263	0.6670034	0.6755434	0.90566224	0.69582474	0.7734355	0.5830583	0.35957873	0.7094567	0.27645856	0.31467944	0.9364218	0.2178152	0.89949363
89	0.71848285	0.4906137	0.73230934	0.88110924	0.28407207	0.89252645	0.32099253	0.5514846	0.6133515	0.7333465	0.95651245	0.6509286	0.77008975	0.6121719	0.24102177	0.70287347	0.22001275	0.24692109	0.93679744	0.4111197	0.7116172
90	0.89951193	0.41124144	0.80333316	0.27799958	0.9624269	0.7423973	0.35186028	0.34738162	1.0212038	0.70069295	0.47881067	0.8256244	0.349841	0.7971498	0.25299495	0.6009661	0.7164999	0.41819143	0.91869897	0.9272875	0.9048313
93	0.7290294	0.65596056	0.7920633	0.28048804	0.9295501	0.6538269	0.37672094	0.45086434	0.98712105	0.6533829	0.3724857	0.57564044	0.37302992	0.8320959	0.26632848	0.5447235	0.7543868	0.8778064	0.7460485	0.7679722	0.80007213
96	0.5190868	0.6389746	1.0772829	0.4017945	0.85875726	0.7701555	0.45317635	0.9368575	0.34806743	0.75170434	0.5210241	0.69386405	0.6869258	0.34915805	0.23257825	0.6326896	0.5418184	0.4297755	0.8016246	1.0307176	0.39272213
99	0.4313056	1.1058298	1.0162915	0.37659654	0.8283163	0.8258285	0.779069	0.95019406	0.2932692	0.73327965	0.5024347	0.64427876	0.87327826	0.26042104	0.2273625	0.66944504	0.47013548	0.29923624	0.8152228	0.865898	0.73536974
213	0.53650963	0.6413037	0.77753747	0.35917065	0.76818454	0.8041852	0.692751	0.8384307	0.3880282	0.716101	0.3907358	0.6764612	0.64864737	0.39921576	0.5265358	0.39559	0.5472226	0.42625457	0.8137097	0.6727732	0.8362269
220	0.36564562	1.0213287	1.0397047	0.37052816	0.6833597	0.48471057	0.3774879	0.83975863	0.43170652	0.7371047	0.62235254	0.49004647	0.6316593	0.4681029	0.26911506	0.7367253	0.27250686	0.2584543	0.5051734	0.32531703	0.503367
224	0.8410875	0.5225793	0.46458685	0.34831998	0.7541834	0.62311107	0.84665096	0.18971111	0.512111	0.7150248	0.47374517	0.59516287	0.19334885	0.74446785	0.70954174	0.6026007	0.44232538	0.23750713	0.51218694	0.88143474	0.20144439
228	0.54902667	0.70696276	0.83007133	0.6697979	0.73408115	0.3281032	0.3436721	0.5542283	0.8257675	0.689227	0.78584224	0.36622563	0.542189	0.6235696	0.20737481	0.7089313	0.37024975	0.2860821	0.6534554	0.18880555	0.37378255
230	0.32061666	0.81079227	1.1557012	0.39670706	0.84128034	0.41778374	0.2481529	0.8864057	0.38985267	0.76308787	0.71955436	0.46285158	0.8927082	0.32896775	0.20318615	0.71860254	0.2643431	0.21034724	0.9212026	0.260269	0.33519474
249	0.6869612	0.38746506	0.7539756	0.3020549	0.93051696	0.6010914	0.42751673	0.31999618	1.0676037	0.697457	0.37207913	0.84166706	0.29149112	0.8755929	0.2991558	0.43619868	0.7650533	0.8053473	0.78822017	0.53806514	0.6486405
253	0.61927164	0.94003385	0.7655825	0.4978574	0.7018641	0.32030937	0.365545	0.2766806	0.8361073	0.6435246	0.45375296	0.46436816	0.1984494	0.7451826	0.50463045	0.7007933	0.34546605	0.36589533	0.55917555	0.3335779	0.24854851
255	0.8130248	0.37646812	0.3679932	0.31283548	0.9589832	0.2241651	1.0297726	0.36507618	0.5356534	0.61693156	0.30944604	1.0073795	0.8138739	0.25545713	0.2608501	0.7247637	0.5438281	0.39747113	0.67433095	0.81066567	0.7071827
256	0.97242844	0.30433354	0.4622083	0.28504676	0.8521337	0.36872	0.8782821	0.47159386	0.38204587	0.5897218	0.3221339	0.9721993	0.43142176	0.3769475	0.6794257	0.5551897	0.41669753	0.25162908	0.9190246	0.30020192	0.6718743
261	0.8689536	0.6389829	0.5763598	0.40490592	0.73266107	0.3601592	0.4120861	0.6507338	1.0270017	0.69854164	0.3769837	0.648126	0.6898269	0.8382084	0.22857822	0.66196823	0.5667937	0.7920947	0.92358094	0.7856288	0.8157653
271	0.390783	1.0425233	1.1340377	0.8754086	0.33071637	0.85215694	0.27781358	0.94917053	0.507826	0.7452566	0.89042693	0.48245677	0.90192664	0.35007113	0.20717289	0.69512224	0.21385145	0.2281367	0.83945787	0.26997215	0.69598794
272	0.36211094	0.44061467	0.95111006	0.7817604	0.3736362	0.7273707	0.37753493	0.8444714	0.46701092	0.7498087	0.97163045	0.5677095	0.84148836	0.46905866	0.24916483	0.7254672	0.22859082	0.261009	0.9740162	0.2967234	0.5061608
276	0.6248247	0.35954168	0.6021752	0.6841043	0.72402024	0.8828174	0.8846645	0.27698523	0.54850835	0.6739927	0.3776987	0.95077467	0.37277004	0.3278168	0.7542783	0.34172538	0.39613166	0.27436444	0.8958254	0.40262884	0.9161107
280	0.40019503	0.7427514	0.95107794	0.34734917	0.8086187	0.602654	0.3369131	0.93006325	0.35683274	0.7293371	0.394601	0.38537708	0.5845611	0.5073492	0.27383953	0.6451706	0.59453785	0.33499515	0.55893487	0.762622	0.3703039
281	0.86586475	0.34628668	0.70783913	0.28034878	0.89895886	0.40210855	0.36268458	0.9345044	0.75063276	0.6439424	0.41291195	0.5057277	0.48796618	0.6092738	0.20926106	0.6704332	0.46577227	0.41825324	0.62524736	0.75175136	0.8275551
287	0.4403645	0.743873	1.0349768	1.0324109	0.30710626	0.40782592	0.35290796	0.5311669	0.9150452	0.7138389	0.92995435	0.34295943	0.44920018	0.71816427	0.19645976	0.6646047	0.22009632	0.21636595	0.735317	0.17200457	0.38511357
289	0.9179898	0.38853455	0.50667524	0.90450704	0.28091037	0.9959542	0.346477	0.41572502	1.0315396	0.6747997	0.9635644	0.7533501	0.43265504	0.84278935	0.22354329	0.6922651	0.1885548	0.23929694	0.8200946	0.21308438	0.32274288
294	0.44187197	0.53828627	0.7258799	0.9636586	0.28745756	0.97837824	0.27342784	0.9835499	0.35604942	0.66994464	0.97258306	0.5568891	0.65569866	0.2830381	0.20291552	0.70168555	0.17151824	0.21100597	0.8665607	0.201652	0.26513696
299	0.8908909	1.0664481	0.96641946	0.6198866	0.6149247	0.3796413	0.42327842	0.5226609	0.5392905	0.7830816	0.75997126	1.0355514	0.55329263	0.540147	0.26310158	0.53565556	0.2876913	0.26403996	1.0030506	0.414216	0.35852483
313	0.74781245	0.8700202	0.6111126	0.38448465	0.77298105	0.7763601	0.94660276	0.7318118	0.30058897	0.6730464	0.42010298	0.681146	0.37122038	0.34097502	0.76294386	0.53407973	0.48507184	0.35885713	0.93301994	0.61000943	0.60680723
314	0.8164818	0.42200992	0.645436	0.2628213	0.95423895	0.4924057	0.28315726	0.59915435	0.9584847	0.70757115	0.32989436	0.8547371	0.29080513	0.8069852	0.19289969	0.39159065	0.5863292	0.26947325	0.94229144	0.7250265	1.0042156
315	0.9418597	0.37597162	0.52873343	0.27076018	0.86929625	0.44711906	0.9571406	0.29074663	0.8531109	0.6036817	0.3386467	0.7884952	0.4058174	0.7231259	0.8014699	0.474646	0.47316423	0.29490823	0.91286075	0.4291289	0.7883709
323	0.95259345	0.3270735	0.45165637	0.2539799	0.9376638	0.70967835	0.7318442	0.4412909	1.05105	0.63246214	0.29310793	1.0205401	0.42426732	0.853987	0.26384115	0.4426747	0.62713665	0.70542955	1.0438653	0.5625041	0.9889137
340	0.78340924	0.65996015	0.5880035	0.35691282	0.32346886	0.548578	0.30749485	0.23529936	1.0156724	0.6970919	0.3080865	0.7108039	0.32693464	0.8830654	0.29852015	0.6897908	0.25072196	0.8572041	0.87519413	0.20703152	0.7183284
347	0.7297645	0.4391093	0.8120208	0.34465018	0.90925646	0.90154743	0.40408877	0.41120788	0.95053285	0.68967795	0.3782353	0.9578861	0.4176314	0.84373915	0.26740065	0.3729129	0.7677646	0.64776146	0.9244894	0.59726536	0.9244724
348	0.78015155	0.6961021	0.7849877	0.2717769	0.90170044	0.44217739	0.35639414	0.31511226	1.0587596	0.7252498	0.3199107	0.9231652	0.44574183	0.92428166	0.2987212	0.556823	0.7106768	0.75937736	0.89116603	0.64391696	0.9815498
349	0.8759428	0.36423966	0.453166	0.291831	0.95980346	0.50825465	0.2868742	0.2672756	1.0551453	0.67312264	0.33008987	0.52603275	0.24654175	0.89807415	0.21654324	0.47080553	0.73642004	0.9082807	0.9333668	0.33800012	0.79311895
352	0.8110361	0.49568456	0.68614787	0.27844873	0.8989106	0.65575576	0.3483131	0.7736814	0.88568884	0.70717484	0.40313932	0.76114255	0.5477377	0.85497755	0.23995592	0.42359462	0.570675	0.29898265	0.72418797	0.6404358	0.80996466
358	0.9272026	0.32298633	0.407369	0.27956504	0.95400083	0.60725164	0.68536687	0.44093528	0.8667078	0.61722356	0.29644096	0.9258092	0.46206364	0.8491167	0.28529602	0.42082483	0.6836618	0.82294035	0.8937753	0.423559	0.9245287
363	0.5761382	1.1162305	0.95584613	0.35951936	0.7301235	0.64262956	0.30459043	0.8085155	0.76604134	0.6791228	0.44048095	0.72287107	0.63647836	0.7694456	0.2320222	0.64841926	0.6285533	0.33590356	0.59990484	0.9240527	0.4957048
367	0.87373984	0.3767206	0.8270387	0.29012176	0.98195034	0.7753644	0.31321874	0.43244725	1.0312512	0.6985808	0.33576512	0.9625909	0.3768076	0.9007967	0.23550616	0.49518588	0.83257616	0.70896554	0.92156845	1.0151541	0.99076754
378	0.57775176	0.37231967	0.8199785	0.29064977	0.8706074	0.65219903	0.37790665	0.41040373	0.9550481	0.6836379	0.34801126	0.7835656	0.24771927	0.86596584	0.22232564	0.4742822	0.7154733	0.8711261	0.8530064	0.6850399	0.9783719
381	0.91118354	0.2865827	0.38545945	0.29925442	0.9551246	0.92257994	0.5582147	0.5090261	0.59654826	0.6410474	0.3885053	0.99553144	0.31133285	0.5837054	0.23444071	0.532103	0.62446505	0.7063436	1.0105361	0.51133806	0.77873003
382	0.7240338	0.5661916	0.9155022	0.31435105	0.84181887	0.6453691	0.3219948	0.3178287	1.0004492	0.7125348	0.38950676	0.76214445	0.26666346	0.8994613	0.24619184	0.68672067	0.7761782	0.6726129	0.8598306	0.3866422	0.606972
387	0.8641024	0.39534858	0.48688683	0.34783697	0.8616014	0.8040342	0.5596419	0.95621234	0.25918528	0.6663918	0.3392186	0.98231006	0.6213321	0.27858415	0.39302066	0.6489539	0.5467848	0.2863664	0.9627912	0.47900212	0.76846325
393	0.5223501	0.5513113	0.74881405	0.25550073	0.9697727	0.8080007	0.40363923	0.39554596	1.0237336	0.6934967	0.347661	0.7843902	0.35167274	0.88724995	0.23811139	0.570445	0.8055059	0.5898709	0.79988885	0.52692556	0.8627944
399	0.8254472	0.3787222	0.40554926	0.33611906	0.9553183	0.29629064	0.96902597	0.27180687	0.6191349	0.63840103	0.31190246	0.4660297	0.2696478	0.43761876	0.52126986	0.7228888	0.59219325	0.40107405	0.90364707	0.83999896	0.5452276
410	0.8489687	0.40187347	0.55184454	0.36711183	0.77445424	0.4284185	0.3048867	0.37994298	1.0242094	0.6949709	0.35070798	0.76277167	0.36196536	0.9016989	0.22923274	0.69679654	0.58287793	0.26530156	0.84359753	0.5408965	0.9201793
414	0.9191669	0.3227156	0.42491838	0.26134455	0.8479096	0.9203145	1.0753719	0.48098046	0.42493895	0.676229	0.342783	1.005455	0.50168777	0.2941892	0.6406719	0.46679795	0.43343124	0.25863656	0.97385913	0.8663087	1.0117023
417	0.86570233	0.43572354	0.61367023	0.30677384	0.90949416	0.95319194	0.54223233	0.4005506	0.85545474	0.68361574	0.441229	0.9221822	0.3977711	0.8197551	0.29422647	0.57955873	0.7810851	0.6661948	0.96502274	0.49477202	0.93036526
428	0.91513985	0.7162338	0.5683392	0.343463	0.7546994	0.3944936	0.35248518	0.67064303	0.9572407	0.6448537	0.56398636	0.59789973	0.38238102	0.82374173	0.21827792	0.648334	0.5663748	0.3851943	0.841634	0.5847908	0.61558527
429	0.89007217	0.37051728	0.44238424	0.26925886	0.8926741	0.59459543	0.5588738	0.36541438	1.0715817	0.6790272	0.3483803	1.0136687	0.35929754	0.8623176	0.24296542	0.46751088	0.7206293	0.8740163	0.94425726	0.49598074	0.97448975
437	0.8805039	0.48616093	0.6979127	0.32632107	0.8247824	0.570802	0.46549064	0.57664883	1.0149741	0.6539795	0.42939052	0.7353736	0.39007255	0.8020652	0.26556084	0.63048154	0.7369311	0.7207884	0.8977512	0.32846355	0.7542236
438	0.57343745	0.5829066	0.8062497	0.3211816	0.90734416	0.70191944	0.37050992	0.41534278	0.97703975	0.74296534	0.3892632	0.7245516	0.32371238	0.90320605	0.22212578	0.44332695	0.7403016	0.77350503	0.8158763	0.91169894	0.9159382
439	0.72128594	0.5091987	0.6612944	0.29937494	0.8434661	0.6401165	0.36421186	0.3186614	1.039609	0.688533	0.39061058	0.6796126	0.2675262	0.8995364	0.25577295	0.66933113	0.63483506	0.35503954	0.8946581	0.27416548	0.61744696
441	0.82559276	0.33265144	0.7436512	0.29865327	0.9470837	0.7161331	0.34784463	0.37621266	1.0284567	0.7140855	0.36445153	0.3908962	0.37709835	0.8503513	0.1870365	0.52918094	0.74215084	0.89245063	0.9225116	0.7890285	0.9781709
449	0.83228534	0.50130457	0.7008824	0.31628063	0.91660446	0.78941727	0.4100518	0.61755407	0.9826964	0.6387224	0.35956478	0.6316316	0.47756138	0.8257713	0.2339847	0.50621986	0.72377104	0.7213446	0.83739823	0.4213113	0.72510433
454	0.3700014	0.9469326	1.0399597	0.41030338	0.7406768	0.45874074	0.2906278	0.8781564	0.38982657	0.7858488	0.63135374	0.5801804	0.7214538	0.5224009	0.2634903	0.67138726	0.3729468	0.26992106	0.4807028	0.4166605	0.4980245
458	0.95308775	0.4073012	0.48726144	0.3209504	0.745596	0.5903882	0.84711814	0.49727562	0.90310395	0.6222294	0.38335574	0.85997665	0.65390587	0.8503458	0.24227272	0.45420638	0.6083715	0.7031215	0.9802414	0.28135186	0.9014942
466	0.89735216	0.36864612	0.5029736	0.3867217	0.8704738	0.89839953	0.3755031	0.45295238	1.0291971	0.7427588	0.36970773	0.9066372	0.39627805	0.80586845	0.20858605	0.61396646	0.6375303	0.7758301	0.8794105	0.52317107	0.8712596
468	0.82874435	0.38566634	0.4952964	0.2531648	0.9721336	0.6675942	0.34980196	0.2587645	1.0240612	0.6838846	0.30541533	0.8942174	0.18866882	0.8695976	0.21959156	0.36778018	0.83382344	0.9546519	0.97804296	0.6824979	1.0125651
476	0.61557484	0.45045862	0.52393204	0.28664765	1.0012374	0.85815346	0.33945972	0.36831376	1.0551718	0.6882729	0.37046862	0.8652245	0.33054975	0.8688764	0.23926426	0.4032879	0.82086897	0.90793425	0.8495854	0.9257241	0.9693089
479	0.679273	0.5159597	0.69200015	0.33986017	0.85405266	0.4684104	0.38262516	0.5208177	0.91593665	0.71444094	0.3858617	0.82482	0.649986	0.8414988	0.23911174	0.6308948	0.7379577	0.89318776	0.83557165	0.69823337	0.3845891
481	0.88012516	0.45069328	0.5395719	0.33685535	0.9187838	0.6247707	0.49742806	0.47736368	0.9746126	0.6300569	0.41342005	0.8069568	0.28650627	0.8280518	0.27734143	0.6664479	0.66479665	0.61177605	0.8742194	0.60269654	0.522131
494	0.87274957	0.8155489	0.6822724	0.31390846	0.95220685	0.48681217	0.30504647	0.2569942	1.0059632	0.6828227	0.344897	0.96849036	0.29196158	0.9132863	0.20947568	0.37753156	0.74267596	0.823712	0.83201367	0.4983012	0.99113387
495	0.3952955	0.9336285	1.1429119	0.3582151	0.88932127	0.39980862	0.33027822	0.76730525	0.3501973	0.7839125	0.5558796	0.6759982	0.5731589	0.6283218	0.2821834	0.6872932	0.36153087	0.26643038	0.49573198	0.54551417	0.52914935
510	0.8365594	0.6583348	0.7141209	0.8399659	0.30959675	0.8188776	0.39413235	0.40481058	0.99401194	0.7282055	0.95270574	0.7474174	0.70323586	0.8524021	0.21850047	0.7424156	0.20343877	0.2332775	0.9188145	0.9198134	0.47287032
517	0.77545494	0.41883096	0.72073364	0.584013	0.8335509	0.6340435	0.4839644	0.4118596	0.89980996	0.6741953	0.47471213	0.5973227	0.26174712	0.7693684	0.27715173	0.6635117	0.61644053	0.93822616	0.88082725	0.20329313	0.89054906
521	0.9146512	0.68218327	0.8181143	0.27572218	0.89042294	0.44478655	0.4616102	0.421738	0.9950957	0.73103255	0.32520786	0.9950131	0.5143471	0.8602918	0.24506886	0.54813886	0.6760071	0.5787405	0.8042187	0.5307051	0.82179725
525	0.9254189	0.30396426	0.4554606	0.26646662	0.93769455	0.44191694	0.42102072	0.32124275	1.0436261	0.6453105	0.27775285	0.93826044	0.35819802	0.87233645	0.21132933	0.44814777	0.8019363	0.8771283	0.9071148	0.6100054	0.88256675
548	0.87005866	0.40751025	0.59724617	0.32589707	0.8651602	0.6586539	0.5734472	0.7320385	0.8187777	0.66771805	0.35307845	0.7738467	0.3451524	0.7843556	0.2639855	0.54978544	0.59692216	0.33714074	0.7292926	0.9146062	0.91046125
553	0.8965285	0.40183964	0.7475664	0.30515242	0.85747653	0.7115372	0.71691424	0.29080167	1.0368505	0.6638935	0.40224195	0.8646948	0.47093475	0.8931341	0.55557567	0.55942655	0.6919377	0.77564716	0.85936403	0.3893	0.89860046
559	0.82366675	0.64204615	0.92487615	0.32123372	0.7768899	0.525384	0.53596634	0.84439695	0.3584349	0.69871527	0.37553826	0.6945896	0.54284906	0.61181086	0.35494766	0.55091566	0.5178713	0.3533859	0.5702363	0.6757732	0.3570807
560	0.7204579	0.7224324	0.9498214	0.30484736	0.92983043	0.6370889	0.68250316	0.916003	0.28239205	0.6792577	0.49387312	0.45348868	0.38356492	0.34106353	0.23298389	0.6190381	0.50035024	0.310229	0.9055106	0.5174282	0.87351227
562	0.8896644	0.72486365	0.7489699	0.33171266	0.86503476	0.53586954	0.61592674	0.31853735	0.8527892	0.67201835	0.35922378	0.7716823	0.33324814	0.7687815	0.58778447	0.44517708	0.60654056	0.32509917	0.9139564	0.5433688	0.52486783
564	0.81086177	0.5511045	0.6829032	0.35685748	0.40743586	0.64980453	0.43762112	0.69103575	0.87096393	0.6938451	0.5044823	0.7236647	0.52157605	0.8390683	0.22878464	0.713415	0.43419755	0.31073347	0.8089622	0.34404346	0.65311676
583	0.48969817	0.81068605	0.79754233	0.29320642	0.8921253	0.793125	0.28959173	0.73943216	0.72535217	0.68133104	0.45126477	0.57328427	0.49078137	0.5985173	0.2067541	0.6022821	0.6142728	0.37043998	0.7507985	0.78306264	0.6126385
588	0.8264093	0.3311095	0.69623625	0.30664018	0.93767923	0.91565317	0.32660514	0.37131655	1.0500408	0.69947594	0.4033324	0.37244162	0.6099211	0.8527082	0.19415839	0.47070965	0.76592994	0.5469509	0.9429304	0.91605234	0.9485633
589	0.8962209	0.47539347	0.44959176	0.31823045	0.75992453	0.58120465	0.32394123	0.4136471	0.9703401	0.6552897	0.3664941	0.6097976	0.20582165	0.86363524	0.3030591	0.66639555	0.50065565	0.8341705	0.7863634	0.64235485	0.44508702
594	0.9196376	0.28996816	0.50383765	0.26671112	1.0008031	0.9195614	1.0180705	0.21545435	0.27631554	0.6352586	0.23784687	0.6332556	0.20358424	0.2559608	0.7160453	0.3538828	0.54896814	0.27663413	0.9232103	0.8565859	1.0085037
612	0.6868561	0.4167072	0.43161756	0.25478816	0.98420846	0.3825514	0.27965793	0.25482872	1.0888555	0.6923944	0.2995432	0.8752494	0.26992416	0.9246871	0.21755183	0.43833706	0.8650022	0.9261043	0.86213696	0.44180542	0.8872291
614	0.54129946	0.8872623	0.85739887	0.34329975	0.8999304	0.5338287	0.4009766	0.35772347	1.0342561	0.73287654	0.35696927	0.5447751	0.41012335	0.8071752	0.2776647	0.54708576	0.8170762	0.81119823	0.73513275	0.94848263	0.75408286
617	0.8609699	0.36268607	0.5585354	0.28502125	0.9189736	0.67005837	0.42141125	0.44277698	0.95887375	0.66510403	0.34925997	0.8534704	0.33332515	0.8152285	0.22645105	0.5644039	0.5781486	0.7034926	0.9118076	0.4691809	0.86439794
620	0.9175271	0.4526881	0.6120071	0.31742096	0.89342624	0.58104473	0.5352101	0.4254605	1.0334976	0.6963647	0.32244238	0.9769324	0.49417257	0.8407605	0.22735345	0.58611506	0.7607331	0.77618814	0.87778986	0.5669013	0.70917594
623	0.82953495	0.45776966	0.69168144	0.32052606	0.9161411	0.82695967	0.3960765	0.42996335	1.0145141	0.6867841	0.39538592	0.66051406	0.41295606	0.8679392	0.2598697	0.56637484	0.795934	0.7491266	0.91552955	0.39683247	0.94390255
628	0.8217153	0.67686045	0.88773423	0.29757226	0.8891133	0.7754557	0.3330532	0.349093	0.9469228	0.6707975	0.47163585	0.51955414	0.3197674	0.8411631	0.29101664	0.708829	0.62325627	0.43961534	0.8082507	0.72732323	0.5558016
641	0.6053275	0.6115939	0.77612257	0.33149362	0.814544	0.5993388	0.40864354	0.88040286	0.79392225	0.6754308	0.45376068	0.7030856	0.51488996	0.30935526	0.20522149	0.61692214	0.63688844	0.23991713	0.7338589	0.57666564	0.36869895
657	0.461893	0.74376065	0.8968661	0.35394022	0.8337171	0.39056015	0.3985174	0.35100582	0.90746087	0.7233223	0.33796707	0.6143743	0.3612224	0.71837336	0.38524073	0.58135974	0.6931524	0.39228982	0.61257875	0.4219938	0.40929535
670	0.90178436	0.32695162	0.7311183	0.2546248	0.9878588	0.8369044	0.33363745	0.41705054	0.76791877	0.6930286	0.37843895	0.94279194	0.4203335	0.7936868	0.21528918	0.58316785	0.87326354	0.8959166	0.91399443	0.97489583	0.976977
678	0.6153531	0.6185808	0.88589996	0.3102181	0.96592975	0.99816614	0.35412738	0.3935695	0.9881312	0.7329658	0.6399674	0.6170493	0.2937073	0.7787078	0.2471218	0.6050048	0.7188877	0.86136895	0.76975185	0.90249676	0.9454014
686	0.5192886	0.398518	0.8982684	0.661688	0.8065479	0.9108961	0.3994515	0.8759333	0.49789092	0.7658178	0.97103137	0.7676525	0.81869143	0.43243536	0.21063812	0.6949728	0.41393808	0.5518348	0.9658251	0.2420338	0.92147404
689	0.8174541	0.7872737	0.9318036	0.3694626	0.912975	0.5560654	0.4582768	0.8355923	0.720095	0.69247	0.5906684	0.46011907	0.6148327	0.65628713	0.24445023	0.6749645	0.5030718	0.27518556	0.7910948	0.51620847	0.7209883
690	0.59869266	0.5216413	0.7972318	0.3024819	0.95662886	0.6931734	0.37576687	0.64487267	0.97845817	0.70122963	0.32811856	0.6251381	0.39461368	0.903454	0.20032628	0.46298772	0.69974375	0.42362314	0.8140168	0.79799294	0.8227886
697	0.43308505	0.6844879	1.1054097	0.390086	0.78249633	0.79956305	0.5526432	0.26865494	0.6311978	0.7203532	0.6050642	0.38410792	0.27268457	0.74449134	0.2697003	0.62987626	0.3974452	0.23112166	0.66830176	0.68715996	0.4027398
711	0.3746765	0.87532586	1.0029963	0.40178928	0.5856619	0.2864167	0.38889733	0.5966327	0.55250216	0.7380789	0.66331697	0.33787882	0.679359	0.62523705	0.28912926	0.6611136	0.42964903	0.28526455	0.5867494	0.27337316	0.28464508
713	0.69834906	0.8830654	1.0275083	0.5062859	0.71163845	0.57204926	0.41554016	0.9062944	0.62950194	0.7190603	0.68514305	0.5686156	0.5642572	0.54955745	0.2012909	0.69593906	0.4735565	0.26084435	0.79108113	0.65336674	0.47452235
720	0.38448593	0.7866532	0.8423895	0.3096875	0.93918115	0.84253734	0.26211417	0.73758245	0.6106474	0.71411604	0.45303956	0.6830915	0.48744267	0.79458755	0.21624245	0.6610353	0.58915746	0.39306396	0.91140276	0.8478794	1.001236
726	0.3326549	1.1478792	1.1580466	0.4705812	0.6404775	0.6285239	0.27230012	0.9003335	0.4277653	0.77649	0.7902418	0.580349	0.51417434	0.33802757	0.22175643	0.70207655	0.19635355	0.2282511	0.846855	0.61069894	0.6034434
734	0.38054222	1.0398175	1.0467018	0.39250177	0.7470353	0.39819762	0.3656727	0.885006	0.27920464	0.76887417	0.50265384	0.37374294	0.74294156	0.2805485	0.26209396	0.7248296	0.469829	0.27828446	0.5071085	0.726025	0.3621403
736	0.55093426	0.74583715	0.94099844	0.43167007	0.67782724	0.7163796	0.36614916	0.69288623	0.49768493	0.7235124	0.83142155	0.4598588	0.41127023	0.70427454	0.24613546	0.6983181	0.43868315	0.26623625	0.74382526	0.48468503	0.25578973
740	0.39430335	0.6267132	0.9582361	0.52480763	0.7121821	0.74515426	0.36303943	0.57557577	0.9055072	0.7648541	0.71044505	0.47912714	0.3575957	0.8402503	0.2229552	0.7020784	0.23563138	0.23449017	0.8850675	0.26854536	0.60503566
743	0.9147662	0.44342202	0.39791676	0.3063428	0.9019248	0.66933465	0.8491615	0.33101326	0.4265676	0.6564693	0.36439168	0.8003657	0.3221751	0.5215547	0.5507425	0.4056035	0.4796306	0.30101773	0.91187376	0.5036553	0.9126763
744	0.8131625	1.0105691	0.96759725	0.32653317	0.834743	0.33012092	0.8334163	0.8652999	0.50512725	0.6876225	0.52360916	0.46600482	0.53291494	0.5681867	0.31635812	0.70335096	0.41469085	0.25832275	0.5787925	0.3553275	0.36995742
745	0.8426058	0.46917567	0.96381223	0.5047001	0.8473542	0.42803034	0.90796155	0.4452968	0.5726609	0.6736177	0.34035295	0.49405888	0.39756066	0.42504412	0.49824733	0.69699883	0.3010317	0.24157959	0.617167	0.9253394	0.675071
751	0.87646997	0.3388123	0.4487046	0.24265309	0.9698977	0.5067369	0.33357427	0.27457625	1.069747	0.668045	0.30496192	0.9972851	0.2345243	0.9172959	0.24213369	0.35753778	0.74835604	0.91914654	0.9614453	0.20128396	1.003996
762	0.48304462	0.8032296	1.0622722	0.5193047	0.696195	0.9014581	0.31854504	0.7575868	0.40787277	0.73837227	0.82453257	0.4503073	0.381139	0.399414	0.33675593	0.6760731	0.22000293	0.22066098	0.865757	0.41806716	0.57867587
764	0.3521809	0.49944633	1.1321806	0.7075631	0.5395341	0.9507252	0.28227136	0.9085958	0.6787521	0.7641458	0.90523195	0.6306604	0.6938444	0.7654302	0.20828407	0.70558953	0.18502213	0.23173621	0.9502489	0.23054206	0.8878451
781	0.8606581	0.47467294	0.58352256	0.9936319	0.29324472	0.43373436	0.48601604	0.5635565	1.0228393	0.66854244	0.6991785	0.7015567	0.75676286	0.8504602	0.2270598	0.7071877	0.2970828	0.3265207	0.6309283	0.52776086	0.23979664
783	0.86193854	0.3808642	0.43642515	1.0502545	0.27613166	0.87032837	0.34026557	0.4665133	0.9183616	0.67370147	0.9415137	0.7055467	0.45555	0.8496915	0.2287761	0.73127496	0.19636844	0.24116	0.8490878	0.2037835	0.8749141
784	0.8465272	0.42088065	0.62373316	1.0455507	0.25058568	0.7378151	1.0752095	0.7287799	0.62665987	0.64337283	1.0171355	0.88363373	0.6418678	0.5743732	0.27563733	0.7332371	0.19074258	0.21277559	0.9011986	0.20273961	0.5472944
786	0.90943134	0.7838917	0.6293025	0.93957084	0.3188434	0.33169502	0.37495917	0.6258097	0.8898631	0.6682502	0.79108024	0.6744697	0.59930336	0.7355557	0.19899833	0.7141592	0.25444934	0.24249566	0.86104774	0.17429581	0.38588524
787	0.56648654	0.6179163	0.5899091	0.4942099	0.46889517	0.4218713	0.6122464	0.66855097	0.85625803	0.680037	0.9151741	0.64550453	0.44546282	0.76562333	0.30566964	0.6367309	0.34380287	0.4071607	0.887502	0.18914017	0.68406767
797	0.5350169	0.845054	1.0283055	0.91383123	0.3411768	0.5449674	0.5261665	0.9585374	0.4500036	0.7133645	0.84987336	0.7676158	0.68126535	0.31763878	0.23452364	0.696692	0.21166064	0.25594607	0.8481567	0.20403373	0.97367215
815	0.9559274	0.31401014	0.43317315	0.24217843	0.99930036	0.68450385	1.0017127	0.23519064	0.3775095	0.5972634	0.27264318	0.7425392	0.19723257	0.28614962	0.77450544	0.34195754	0.48247707	0.2504266	0.9729656	0.5722814	1.0132377
816	0.617011	0.4558655	0.7019474	0.49523062	0.77455735	0.9506095	0.39025328	0.43013746	0.6744742	0.72532666	0.48589092	0.4983109	0.44493365	0.5705309	0.30361378	0.54513747	0.5545912	0.30289936	0.78052825	0.8953161	0.8816203
822	0.68232644	0.3711908	0.6603159	0.30636635	0.882787	0.79792655	0.36528268	0.75345445	0.9374983	0.7065609	0.43604034	0.7052397	0.30824912	0.73468953	0.20980518	0.6292819	0.55900586	0.29872087	0.88848484	0.90753615	0.9273615
825	0.41887304	0.47429025	0.9777071	0.62234485	0.7878732	0.58795035	0.4073064	0.92359555	0.3221641	0.78623223	0.93534636	0.6367134	0.51038224	0.5006878	0.23790793	0.5673929	0.49562556	0.46268582	0.87937033	0.34809735	0.9610404
910	0.33919078	0.97248197	0.999236	0.55203587	0.5122471	0.30615264	0.3065018	0.81189996	0.7094473	0.77394927	0.74575335	0.8743983	0.7694389	0.71344876	0.2542555	0.6593638	0.26016796	0.33715427	0.8070221	0.23450008	0.37053737
912	0.8324059	0.5107578	0.76308674	0.29605144	0.89930254	0.5490101	0.5921477	0.35312757	1.0425714	0.701781	0.3978734	0.85325146	0.32842243	0.88399124	0.24432929	0.5201801	0.70651144	0.898621	0.84956354	0.8276325	0.9011411
915	0.71544164	0.5047915	0.7838131	0.27408502	0.8536368	0.5313704	0.29791006	0.786591	0.92351955	0.6705577	0.3619914	0.7086446	0.3891102	0.7361385	0.21591668	0.65166306	0.6466743	0.88710845	0.8745917	0.78963155	0.97917014
916	0.9105451	0.50461686	0.41849658	0.9633983	0.286104	0.29150432	0.41430944	0.31411555	1.0117978	0.5967697	0.8515969	1.0227634	0.4019273	0.87305003	0.23581418	0.72171116	0.25622642	0.25580475	0.71975446	0.1822236	0.2136546
922	0.38511324	0.5107375	1.0144601	0.9602086	0.24931572	1.0458143	0.55608016	0.8923414	0.7998631	0.7356954	0.9877446	0.8024752	0.78934693	0.78661907	0.19422607	0.70837784	0.19372508	0.22045162	0.94219875	0.19857563	0.7525642
923	0.7023679	0.47629362	0.74561214	0.9886897	0.2981163	0.50733584	0.39927486	0.56513596	0.9406653	0.69764274	0.9679644	0.76956755	0.54797804	0.87173295	0.23220101	0.7258576	0.22632459	0.2468864	0.650386	0.19643585	0.3715566
2105	0.4063419	1.026883	1.0767295	0.68646264	0.4773879	0.8178381	0.30736294	0.9675745	0.40351337	0.74296206	0.8528725	0.53812754	0.79590654	0.32534727	0.26557773	0.6937299	0.20653947	0.23284887	0.9169158	0.22700758	0.8403581
2109	0.73807514	0.3457567	0.6065231	0.3033407	1.0106965	0.8374888	1.0217227	0.2291316	0.28514442	0.65305835	0.24820314	0.8826978	0.24455394	0.26375297	0.72980523	0.3978238	0.49907815	0.26735047	0.9521808	0.7881313	1.036588
2115	0.33030078	1.143779	1.0936515	0.8205028	0.4112659	0.27146515	0.30837026	0.92841524	0.33283097	0.7636396	0.81009233	0.612075	0.8807427	0.37314525	0.22506146	0.6527434	0.20163321	0.25192526	0.798809	0.32348078	0.35750473
2117	0.37784848	1.0472122	1.0579886	0.5188669	0.7187985	0.5213014	0.56895787	0.6061085	0.90516555	0.7664069	0.6414081	0.64982533	0.60061437	0.7221508	0.32685617	0.64688015	0.29330558	0.26445907	0.8894883	0.47457716	0.93078846
2118	0.33779973	0.9885181	1.037312	0.5407522	0.50902176	0.3735909	0.97785366	0.9528747	0.33801425	0.7434069	0.42038	0.808039	0.19375212	0.45028517	0.21465121	0.6631075	0.44919163	0.7729294	0.71268964	0.8262703	0.21991058
2120	0.5318097	0.84862745	1.0552994	0.6820966	0.41485086	0.7887927	0.6468641	0.96440536	0.41319486	0.6996564	0.8097292	0.56006455	0.66049093	0.34841594	0.26003233	0.7353749	0.21078007	0.2410424	0.8520774	0.23177989	0.4495618
2129	0.38509724	0.8855403	0.86060476	0.91475946	0.33922422	0.4452103	0.27930418	0.93763685	0.664767	0.6622753	0.8673037	0.7003696	0.8796011	0.68425333	0.20117617	0.66916084	0.2237243	0.23012044	0.86235064	0.19498219	0.73981297
2134	0.5490487	0.49547613	0.5629309	1.0253563	0.2768291	0.89368397	0.4305906	0.4121823	0.96618164	0.68146884	0.9769422	0.86190575	0.45347574	0.8708881	0.24140574	0.6927006	0.18406415	0.22618264	0.8686424	0.21257216	0.417352
2138	0.80418485	0.62991214	0.7241248	0.65471554	0.39739674	0.5672446	0.4169516	0.9343858	0.45712352	0.6704325	0.46116182	0.56910765	0.8979736	0.49923715	0.22637622	0.649027	0.5522979	0.31091997	0.96981186	0.21642025	0.7963312
2142	0.3788237	0.4143859	0.84849846	0.769021	0.36258772	0.94478697	1.051551	0.89584	0.45201054	0.77194875	1.013596	0.9426593	0.6027949	0.4649997	0.5716465	0.68304884	0.1938592	0.23498566	1.016318	0.27898717	0.9382988
2143	0.3329791	0.74371874	0.85895365	0.94420666	0.28857493	0.2806491	0.27519134	0.96041536	0.44285494	0.678099	0.9130727	0.5985847	0.8878126	0.2166407	0.2103915	0.7294086	0.21543701	0.24599987	0.9067142	0.18559085	0.6081968
2144	0.5044386	0.5646173	1.0367026	0.679012	0.4070308	0.98386616	0.35597533	0.9442028	0.47045454	0.7252602	0.91295	0.5675095	0.73028207	0.40810388	0.22176035	0.7009624	0.18354176	0.24277899	0.9171507	0.56004053	0.8162814
2145	0.40857995	0.38081312	0.5977207	0.99875385	0.26245138	1.0148237	0.24987133	0.97348636	0.36211738	0.66924495	1.00437	0.4787694	0.74204344	0.35703385	0.20712921	0.709518	0.17086422	0.21546274	0.9319468	0.21243614	0.303288
2158	0.7283273	0.37161738	0.8272673	0.85507244	0.29805124	0.9088999	0.3979061	0.8311838	0.48965326	0.65251654	0.8602441	0.752831	0.2955366	0.81707186	0.56220293	0.64979833	0.2535016	0.24035108	0.88423043	0.23355761	0.70092463
2161	0.5042529	0.5876183	0.99270594	0.8816913	0.44960397	0.8775203	0.29199174	0.9360764	0.37739253	0.7339429	0.9220159	0.64329183	0.93177086	0.30135345	0.2237764	0.71642864	0.19793007	0.22302939	0.9158274	0.3312751	0.4692809
2163	0.7534583	0.30106968	0.4730032	0.2470106	1.037628	0.92187715	1.0816255	0.20699994	0.27934942	0.648848	0.24885602	0.68575937	0.203623	0.2707676	0.79318357	0.31682023	0.537299	0.2576803	0.99604696	0.6727016	1.021335
2168	0.63198054	0.9604407	1.080323	0.31964612	0.8124518	0.32851565	0.39832738	0.6907689	0.67913765	0.7730989	0.42896712	0.8570594	0.85209644	0.6638934	0.27811277	0.6693183	0.597229	0.71862286	0.87530524	0.53685975	0.89474505
2169	0.8398633	0.3292424	0.6304406	0.27488744	1.003129	0.88626796	1.0353082	0.2184939	0.36379027	0.64947575	0.24587168	0.9637342	0.20781647	0.2789784	0.7810064	0.3884214	0.4395159	0.26722604	0.9611376	0.9670745	1.0311906
2172	0.4122161	0.45131627	0.5088506	0.28870794	0.9577821	0.94465876	0.7067875	0.38518348	0.28238258	0.690035	0.46837753	0.8912949	0.43504968	0.454401	0.7696775	0.41874355	0.4739841	0.24882364	0.9963811	0.93544114	1.0039042
2179	0.9182293	0.31551686	0.39390004	0.26683962	0.92915976	0.95203835	1.1004298	0.24759673	0.2911293	0.6556884	0.32053307	0.9387035	0.2768648	0.24262607	0.7592432	0.37512767	0.5000945	0.2525758	0.95102924	0.9883137	0.96003866
2180	0.6964148	0.4318859	0.8575003	0.35078272	0.902703	0.8798716	0.3219909	0.94401824	0.31360373	0.70221263	0.4331483	0.9065897	0.8391391	0.3617755	0.24772184	0.6792627	0.5723966	0.25250775	0.9362045	0.88499385	0.83628887
2182	0.62499654	0.89634806	0.7778387	0.32181418	0.93363416	0.5976568	0.36161718	0.42622966	1.028142	0.6776541	0.35203612	0.7472505	0.3861031	0.88376653	0.24835052	0.48299828	0.7175713	0.41414303	0.78813463	0.8471118	0.5582563
2187	0.87292165	0.8758323	0.8614777	0.24490412	0.9542815	0.7312465	0.36546767	0.8647198	0.6145493	0.65505993	0.3442406	0.91538215	0.8020329	0.75089437	0.24320726	0.5762593	0.63111556	0.5504842	0.92694366	0.7175242	0.953609
2193	0.8619945	0.38987577	0.35467607	0.5816896	0.5246643	0.86591756	0.6869533	0.9544984	0.38593233	0.6015112	0.594504	0.9291345	0.6543574	0.29789603	0.3471969	0.69498783	0.50557214	0.32911572	0.9269681	0.667853	0.8349912
2194	0.80497193	0.5697159	0.5718016	0.8769224	0.77682436	0.4310262	0.36085454	0.48991725	0.925188	0.68946826	0.8473105	0.76764137	0.6620478	0.85943097	0.20844845	0.7047915	0.24915427	0.3174323	0.88906187	0.18693702	0.31610557
2195	0.47944108	0.408701	0.7520909	0.9435964	0.29319003	0.7950078	0.3194464	0.9362325	0.34633297	0.6578705	0.89239836	0.5397094	0.959574	0.30481476	0.27751008	0.69758683	0.22931619	0.23554228	0.8547061	0.19720793	0.8984609
2198	0.69153094	0.6032663	0.72065926	0.96695375	0.38661525	0.53879064	0.3762269	0.3281466	0.8797443	0.67091626	0.7764272	0.4806786	0.30298367	0.82110494	0.26735714	0.7037319	0.22914475	0.266829	0.80187666	0.2527369	0.30763522
2210	0.50062865	0.64429337	0.5832518	0.8866239	0.2655771	0.8628351	0.6348028	0.9190364	0.75514525	0.6870896	0.8851834	0.7571933	0.7160371	0.6871305	0.23217444	0.6323399	0.20946202	0.24983728	0.82892174	0.17944147	0.51919585
2211	0.42035705	0.75260997	0.9951664	0.88230956	0.30202243	0.69008356	0.37896016	0.86567676	0.67905134	0.7201655	0.9150182	1.0050744	0.73774654	0.8224921	0.23237452	0.70965916	0.17340809	0.27534413	0.90012306	0.19679913	0.4354775
2212	0.8912849	0.8913109	0.8553752	0.7149202	0.47733074	0.48868012	0.39449728	0.54728734	0.78368115	0.7485666	0.78430337	0.3279072	0.7051782	0.46052104	0.19778304	0.66812414	0.29887387	0.26201862	0.7266059	0.25519744	0.23617074
2213	0.7141297	0.42660797	0.58712804	0.5990591	0.2819835	0.95088273	0.31999162	0.8061061	0.75724465	0.67075956	0.8774333	0.58919305	0.50328237	0.82644117	0.23174262	0.71188533	0.25327295	0.34801883	0.91168505	0.24979804	0.35802075
2218	0.4052061	0.6512367	0.75047886	0.53709674	0.40735474	0.86960244	0.37327293	0.9281961	0.37596563	0.6674926	0.7375265	0.86590546	0.76162565	0.6337889	0.2633803	0.7206901	0.42027274	0.26691842	0.93798995	0.33435547	0.78518206
2224	0.4506394	0.58006793	0.8356482	0.8693124	0.32228112	0.59211135	0.48399296	0.7551276	0.823175	0.7025375	0.81712615	0.5395723	0.7423274	0.6652185	0.24591912	0.4854736	0.30193177	0.24507698	0.7899872	0.25037938	0.47022474
2225	0.723481	0.4029117	0.42534006	0.83947223	0.5992139	0.8097414	0.41554722	0.9208472	0.96010095	0.67626524	0.7231714	0.93234086	0.5746109	0.79585326	0.19976465	0.46025863	0.4577306	0.9349046	0.8659653	0.7616837	0.88732636
2226	0.35657948	0.7294798	1.0317105	0.61455077	0.38456792	0.9781312	0.35075817	0.8219796	0.517778	0.76906765	0.89903224	0.87376064	0.9542773	0.57774645	0.18992521	0.6840181	0.19954233	0.24588272	0.93836397	0.24161951	0.5776918
2227	0.55751234	0.82245004	0.85322225	0.95919085	0.33837447	0.7100432	0.60272306	0.81632245	0.7248551	0.70274264	0.8837431	0.66264546	0.7476797	0.6365717	0.51810104	0.6647367	0.24048644	0.2903297	0.8451041	0.23387279	0.9164457
2228	0.7085276	0.36627686	0.9571341	0.6030608	0.54476804	0.5772478	0.41461307	0.8812287	0.48350567	0.69537896	0.79973	1.0509369	0.6728517	0.59736174	0.2215982	0.6735513	0.22234976	0.24125269	0.955441	0.37030888	0.89669144
2230	0.8709701	0.33900723	0.6061781	0.33648178	0.74934757	0.68126994	0.90438414	0.74681205	0.41613504	0.6479721	0.42416638	0.8585732	0.36642578	0.50084275	0.62973547	0.6821735	0.35344294	0.30612916	0.90016276	0.5979394	0.9843978
2231	0.5452459	0.6664227	0.7706165	0.9496956	0.30403525	0.86798793	0.38886452	0.6335296	0.92575765	0.7123505	0.8046022	0.64862376	0.66731614	0.8200212	0.22491059	0.6481769	0.3200473	0.260467	0.86090404	0.21251577	0.8032307
3107	0.55905056	0.70963717	0.89701533	0.31103092	0.3403894	0.7070267	0.3599378	0.66274893	0.9284946	0.72192615	0.36437854	0.75734055	0.47521898	0.8709862	0.24888276	0.6472316	0.70702535	0.5746339	0.800593	0.76198214	0.825569
3113	0.9589274	0.3229021	0.3971738	0.26542875	0.95552325	0.85813785	0.46560982	0.2917106	1.0746922	0.6528441	0.28407526	1.0867307	0.36014572	0.8952529	0.22860773	0.37208992	0.7506371	0.81849146	1.0349534	0.70185983	0.9273116
3117	0.88439006	0.3329537	0.690693	0.28480566	0.9691244	0.90761065	0.3345981	0.38300952	1.0143913	0.69764507	0.3621475	0.3751287	0.5235352	0.8394162	0.20339425	0.48093882	0.81199104	0.5936532	0.96324134	0.9305941	0.93197626
3118	0.9488412	0.3230723	0.41881642	0.2638134	0.9799468	0.5926108	0.62308574	0.36307624	1.0402697	0.6297854	0.2504376	0.93303573	0.39991882	0.7392397	0.23121239	0.43190005	0.6961364	0.73182887	0.96327394	0.74886656	0.94400716
3131	0.38760626	0.874493	1.0406008	0.4180462	0.8097407	0.3168536	0.43322697	0.6931767	0.7326631	0.7629366	0.52594435	0.6381143	0.5797781	0.65689653	0.2807317	0.68732554	0.4864233	0.23082279	0.7696348	0.8978783	0.48705658
3137	0.35363024	0.9799862	1.0188683	0.43442377	0.7570314	0.27491397	0.3332702	0.9001801	0.45907706	0.7178355	0.44298363	0.31776646	0.90825415	0.29580155	0.23223002	0.7196564	0.47550923	0.27259037	0.3146035	0.27949443	0.29044762
3138	0.6626076	0.9036645	0.7662941	0.34840167	0.8261271	0.3039215	0.58247995	0.42038992	0.8254809	0.6453201	0.6481385	0.3660545	0.40697378	0.7115324	0.2715763	0.6901355	0.44913098	0.2376993	0.44035023	0.96609384	0.21930066
3140	0.37476417	1.0027146	0.94228894	0.36427101	0.89705414	0.33588254	0.38962567	0.81251323	0.4410105	0.7608167	0.41348672	0.33440354	0.6891528	0.45326984	0.25414586	0.5824496	0.48239908	0.32699084	0.4238734	0.80907845	0.3659245
3143	0.3638229	1.0961299	1.0196676	0.42409956	0.7022294	0.2802386	0.6698266	0.7913304	0.33131126	0.7629165	0.42063275	0.3403947	0.66964054	0.3698258	0.23189269	0.65217054	0.45746192	0.26633286	0.26318	0.53081995	0.28341097
3150	0.34578297	0.9686519	1.0436294	0.6234468	0.5746724	0.77796274	0.36014524	0.9178201	0.42454985	0.76318	0.841962	0.5523573	0.3855149	0.506829	0.21583796	0.7339714	0.2022861	0.24344942	0.9039058	0.2437564	0.80031526
3157	0.872869	0.5882024	0.68949676	0.32439998	0.8412816	0.31197122	0.5884744	0.39900228	0.32625806	0.6888899	0.3254284	0.38243207	0.27580297	0.43339682	0.33020326	0.53825444	0.43515697	0.28058526	0.48174894	0.4647801	0.34229654
3159	0.37832776	0.99028647	1.0312952	0.32068875	0.92268246	0.27547053	0.29301262	0.7374525	0.4535364	0.71529144	0.36258405	0.35602918	0.45196095	0.56152016	0.23944862	0.67414474	0.50243276	0.25957868	0.29563245	0.5612224	0.32611802
3170	0.8855135	0.41559842	0.46621627	0.31239825	0.879082	0.71764493	0.8804892	0.30504814	0.52971077	0.67171824	0.361456	0.7767309	0.33719516	0.52046955	0.52668756	0.4493011	0.47444946	0.2937727	0.9493144	0.3353212	0.91179097
3187	0.34206617	1.0861247	1.1371741	0.46859202	0.66531354	0.29248458	0.39513627	0.6152125	0.875275	0.7718504	0.5305442	0.3226393	0.29377353	0.8481238	0.27220294	0.7381922	0.29763284	0.25404227	0.8966968	0.5716298	0.63918936
3189	0.84797335	0.9273437	1.0110458	0.30554143	0.9423098	0.61396384	0.54167545	0.7722442	0.32129815	0.7393524	0.49430543	0.44169864	0.39081156	0.49483475	0.34604594	0.64958495	0.44148356	0.23772982	0.68954784	0.838644	0.8914689
3192	0.40882307	0.8411111	1.0787487	0.41914943	0.7970733	0.41703725	0.7533545	0.73883635	0.3239133	0.75684005	0.3777759	0.52669007	0.6349359	0.3432918	0.26782548	0.67727655	0.45756605	0.51845384	0.331344	0.2825823	0.4031104
3195	0.36122903	1.0316187	1.0058388	0.46386123	0.8392683	0.25308222	0.28771535	0.8254531	0.76045525	0.729937	0.71686506	0.32796383	0.85895604	0.71871626	0.21737097	0.7139715	0.4164314	0.22679421	0.34911644	0.3857057	0.21601169
3207	0.48980987	0.7841498	1.0007325	0.35046282	0.6888974	0.5886482	0.444738	0.37077934	0.8127503	0.67895	0.7641405	0.55591697	0.3221306	0.69991714	0.43484348	0.6869821	0.42256886	0.3792975	0.8793577	0.35568658	0.751389
3211	0.5618756	0.8552901	1.0435786	0.29698214	0.86041296	0.41042638	0.8748435	0.56006324	0.91439706	0.7417952	0.34427568	0.3347062	0.46282795	0.82313585	0.492329	0.6092007	0.47116655	0.317643	1.0245428	0.32593164	0.30263203
3214	0.7749553	0.88890344	0.9709648	0.38088784	0.83121777	0.2976748	0.8591005	0.45789257	0.64674497	0.7276095	0.5554927	0.5633832	0.38241485	0.57768875	0.47695696	0.67322445	0.47071213	0.43271595	0.7429076	0.46508026	0.32040828
3220	0.9437736	0.49796093	0.9065575	0.26943985	0.916721	0.2909074	0.4026539	0.7633339	0.70111847	0.6736143	0.66297626	0.35634774	0.39682105	0.56566507	0.2456878	0.7072331	0.4488294	0.23168938	0.7124903	0.4021329	0.55894285
3223	0.38441876	1.0846467	1.0842738	0.5094069	0.73435026	0.4408535	0.3240802	0.96021765	0.31276083	0.7792386	0.49326748	0.7907238	0.93692225	0.30121493	0.31206533	0.69139844	0.60148495	0.46439746	0.7629884	0.7945388	0.5686355
3225	0.48057932	0.7860211	1.0648987	0.35956526	0.7590056	0.34236082	0.38307965	0.81226265	0.27498493	0.72470516	0.35237682	0.33864027	0.56500036	0.2633207	0.21698824	0.69240034	0.4036538	0.25968954	0.3008951	0.5979612	0.30574208
3231	0.8581824	0.42342445	0.80614173	0.30421707	0.8837381	0.7910437	0.4474468	0.637241	0.9754583	0.6950673	0.38123438	0.7057716	0.38968995	0.81704897	0.66005033	0.7253239	0.5739797	0.4613901	0.9991867	0.81615037	0.99625367
3233	0.3433054	0.584856	1.138205	0.43963107	0.41442752	0.43857974	0.31928176	0.8498473	0.8800553	0.76281863	0.6667894	0.4804106	0.31107494	0.81637853	0.23610954	0.6699857	0.21804824	0.3155924	0.86124724	0.45337722	0.666365
3237	0.3440425	0.98692954	0.969117	0.33492085	0.71220374	0.22402695	0.70768064	0.5575725	0.26100856	0.7348956	0.4543765	0.3098656	0.6921287	0.2786051	0.40645805	0.7154141	0.4187408	0.22947115	0.35177955	0.66490406	0.2582789
3248	0.6960323	0.81731004	0.9159662	0.30249336	0.90459895	0.28459737	0.8745099	0.25148836	0.8814943	0.7221387	0.3349073	0.94043577	0.5270407	0.85058117	0.2401707	0.6982304	0.23403837	0.23953629	0.63425726	0.66397464	0.32668966
3254	0.67707556	0.8235047	0.6537546	0.3632513	0.74713767	0.29247397	1.0473863	0.35240456	0.5835509	0.6571339	0.41726235	0.8142699	0.35273373	0.43208414	0.3484928	0.7171134	0.5105976	0.32769382	0.5949653	0.6862674	0.4396241
3260	0.89359164	0.3738414	0.5576179	0.2987259	0.9297083	0.4783512	0.3064007	0.37665075	1.0400906	0.65041107	0.31435254	0.9740813	0.22658291	0.91403973	0.21063127	0.46224442	0.723028	0.91048175	0.91959625	0.45229477	0.9565061
3263	0.5363476	0.7291987	0.7936113	0.38501453	0.78591657	0.6779029	0.44058922	0.3329855	1.0402493	0.68186885	0.40867215	0.7962785	0.40178946	0.8590282	0.24166821	0.58008915	0.72704226	0.7142926	0.69851804	0.2285802	0.52095336
3264	0.7625197	0.42456236	0.6449484	0.31123552	0.9343188	0.52477473	0.5481654	0.3179239	1.0034732	0.6683192	0.35368806	0.5747871	0.20247671	0.8612507	0.2493795	0.4709082	0.7128215	0.9116632	0.73600435	0.8685	0.79289687
3267	0.7853995	0.59672666	0.8252238	0.31172246	0.80399895	0.42999703	0.63381875	0.39732462	0.94746023	0.6475382	0.45012784	0.538336	0.32841578	0.7483887	0.26872367	0.68034583	0.68690413	0.92924404	0.80475277	0.6504638	0.86161095
3272	0.8590594	0.49357915	0.41194585	0.25861934	0.9429485	0.38841644	0.47356063	0.22616565	1.0202006	0.66138536	0.35459614	0.72359693	0.16844647	0.8711198	0.27635688	0.41459012	0.67631495	0.9248791	0.8769216	0.30006245	0.88676894
3274	0.92351353	0.32006267	0.3952452	0.32732782	0.8548816	0.28430718	0.5744868	0.25049078	1.0535048	0.6560159	0.26673043	0.9936658	0.74820876	0.8478881	0.26646698	0.68934155	0.6238252	0.89321536	0.7013911	0.7302548	0.5184622
3283	0.47710502	0.41777986	0.88086474	0.45227188	0.48929057	0.8282947	0.52608913	0.4092835	0.88124144	0.7095684	0.5589234	0.36060807	0.3309815	0.74119985	0.25821006	0.68474823	0.7013715	0.60594714	0.83709794	0.33282876	0.76165116
3285	0.8739242	0.44846913	0.57134753	0.3634368	0.51757514	0.4689909	0.37868527	0.4136822	1.0647949	0.63444006	0.3595395	0.6161992	0.40012577	0.85926867	0.23753531	0.66887116	0.74442077	0.54193753	0.7607518	0.5713996	0.43751523
3287	0.7888358	0.38825604	0.66641957	0.29670554	0.91627973	0.6919618	0.32695663	0.34004164	1.004689	0.679264	0.38403443	0.87711424	0.3170844	0.84963346	0.26102847	0.60792816	0.7054515	0.4371435	0.88517845	0.7770177	0.9373256
3290	0.91972923	0.4147756	0.34005418	0.2860763	0.9585239	0.36653996	1.0583295	0.31688282	0.3928939	0.61250883	0.33507645	0.98234975	0.66756964	0.34355012	0.74959433	0.7081744	0.44137156	0.33390513	0.92145896	0.49166864	0.8547774
3292	0.7250111	0.3019147	0.3961619	0.2842482	0.9499999	0.45148587	0.5916821	0.23785768	0.6179473	0.67160785	0.3157975	0.52178895	0.20545083	0.90552074	0.22450957	0.54406565	0.4836767	0.23944938	0.7641199	0.6247148	0.5514439
3302	0.5907343	0.5241992	0.9977672	0.9145209	0.5288759	0.47245604	0.738835	0.65412796	0.8711736	0.7174543	0.8014495	0.791965	0.7569301	0.64362735	0.3018954	0.6817916	0.26426673	0.6772087	0.7417687	0.3006923	0.5139877
3315	0.5060683	0.5756669	0.5722032	0.41582212	0.35519943	0.9634532	0.43600976	0.8458631	0.7752945	0.622398	0.74131936	0.60737777	0.3844757	0.5917093	0.22007528	0.65285856	0.31606257	0.22481202	0.93704736	0.73278296	0.80312926
3319	0.91785794	0.48798501	0.56183165	0.29751325	0.91835284	0.2449901	0.7862418	0.9578842	0.3377528	0.64011306	0.3683663	0.92759347	0.6665394	0.21648633	0.24668826	0.73058784	0.46996325	0.26901862	0.755057	0.56616485	0.33345583
3320	0.5983442	0.9586075	0.78846765	0.48943573	0.43873864	0.43581215	0.42514837	0.6012401	0.8829886	0.7525813	0.39243206	0.8421864	0.65732074	0.85413784	0.2365006	0.6660223	0.6207777	0.34637922	0.8320416	0.8627744	0.7667158
3321	0.71646386	0.6033821	0.71732587	0.3751874	0.84625	0.28361675	0.49139428	0.7504649	0.8832269	0.67476153	0.50095516	0.6463271	0.46881858	0.7273936	0.2555786	0.7314558	0.5464649	0.58756465	0.6287791	0.9111737	0.69023097
3325	0.4076694	0.69978565	0.92084414	0.4309026	0.7540028	0.7715631	0.30633602	0.7187654	0.9537563	0.7228095	0.69929385	0.56408525	0.7824771	0.8539094	0.23600747	0.6970661	0.5644012	0.3249632	0.8833662	0.6752547	0.71929616
3328	0.7104881	0.41949663	1.0097138	0.34270588	0.8154854	0.23834161	0.9639438	0.7606196	0.65616095	0.6640999	0.36346668	0.58831733	0.49851686	0.28124362	0.2284346	0.7068272	0.4297631	0.28728995	0.51817954	0.7502713	0.31902048
3338	0.8654583	0.5353862	0.49045214	0.67989755	0.39019018	0.38436246	0.32789218	0.34222174	1.001233	0.64871424	0.45752144	0.6381976	0.35952127	0.88158447	0.2233993	0.6982789	0.53993684	0.86801976	0.70088	0.35517886	0.6356779
3339	0.8740437	0.29631138	0.44473842	0.2457859	1.0247272	0.8584751	0.45006305	0.197776	0.46439976	0.62760615	0.2520579	0.91453475	0.19351178	0.64957505	0.74353206	0.3637666	0.7279207	0.26366663	0.91871315	0.7213577	0.9845627
3344	0.9436184	0.3290474	0.56205267	0.2606409	0.96566975	0.31799877	0.83977413	0.38881633	0.97454274	0.64977235	0.27668434	0.7832652	0.28698683	0.81733793	0.290785	0.57487476	0.7013136	0.866646	0.87625146	0.7446682	0.865169
3347	0.93234515	0.32402366	0.3279072	0.27225682	0.86010075	0.22786956	0.7254151	0.1849787	0.9796964	0.61669797	0.2707154	0.730007	0.2275746	0.5202116	0.6860433	0.6513013	0.59582186	0.83406866	0.63899416	0.32034448	0.33117417
3348	0.7417921	0.50854236	0.5919909	0.8759513	0.3436128	0.46264863	0.3776199	0.32481366	0.93583524	0.69663566	0.65607995	0.55055463	0.27131957	0.74209803	0.2107785	0.704531	0.2543641	0.2534982	0.7527512	0.39328456	0.2554834
3360	0.43134105	0.51992244	1.02887	0.6005005	0.73748773	0.3746146	0.7273985	0.4066506	0.786315	0.7599001	0.6720228	0.6029936	0.3221213	0.6376405	0.29317638	0.7016622	0.27361825	0.26556486	0.52364826	0.9305123	0.43391114
3361	0.9095448	0.3512212	0.8607598	0.26979893	0.9248788	0.42599458	0.92430824	0.65308875	0.7011097	0.6450374	0.39957646	0.54555064	0.4418824	0.41811788	0.61643785	0.50676394	0.4520259	0.27417606	0.89509547	0.62995243	0.94963825
3366	0.7858933	0.28158078	0.4663037	0.30952802	0.9566847	0.88597405	1.0091877	0.26673144	0.33546713	0.63808465	0.330729	0.92806137	0.21745342	0.55461264	0.74299496	0.27930936	0.4469173	0.2524004	0.95997137	0.89025956	1.044252
3370	0.94304496	0.29247618	0.40021694	0.2500863	0.9752321	0.7892091	0.691532	0.3294114	1.0491638	0.6317956	0.24725713	1.0805186	0.26074967	0.81964976	0.25457788	0.37305495	0.8187301	0.773934	0.9752852	0.7909786	0.9394187
3373	0.94652504	0.2952989	0.4483985	0.2734824	0.95231855	0.7979869	0.73526335	0.2554795	0.72522956	0.65921307	0.26892355	1.0146712	0.22385645	0.83601063	0.47342825	0.5343634	0.51136047	0.2773538	0.9759378	0.7341299	0.9878407
3378	0.6469438	0.41507104	0.94733554	0.3089352	0.7001164	0.6463824	0.9646924	0.87262064	0.5143424	0.72473043	0.4690877	0.98589456	0.3872623	0.5240666	0.49820977	0.45983896	0.35336435	0.2482445	0.82565475	0.36621115	0.93622535
3399	0.9522036	0.31511542	0.35051984	0.30587828	0.9001087	0.8778567	0.7072165	0.22085735	0.6844131	0.61390465	0.30954975	1.0314915	0.26509994	0.7120897	0.71022666	0.30614415	0.3810583	0.2585163	0.96186656	0.27069804	0.95412314
3401	0.9489896	0.5183073	0.5327867	0.38744688	0.7988192	0.4737821	0.5144542	0.4616998	0.52027124	0.65340054	0.32998237	0.82676625	0.5403042	0.55791336	0.61221504	0.537853	0.352536	0.276471	0.9560076	0.6970792	0.7957554
3404	0.7740593	0.3358785	0.49922326	0.32338306	0.99306774	0.8613128	0.84306985	0.22917354	0.34866765	0.6767133	0.3482299	0.90182936	0.23560385	0.9187204	0.5567754	0.37633482	0.45289513	0.26139092	0.9570472	0.58309305	1.0107957
3414	0.9665383	0.36368564	0.486362	0.28419235	0.88340265	0.7646108	0.5606206	0.41430685	0.96320885	0.65945727	0.28992802	1.0675805	0.3678956	0.86895704	0.25221372	0.35616678	0.6334503	0.7203472	1.0248836	0.33599314	0.9747144
3422	0.7995298	0.6877647	0.92603916	0.35256886	0.8440512	0.31789705	0.6191756	0.31913778	1.0405849	0.70881	0.4000343	0.7897612	0.46393415	0.8281357	0.22721814	0.63372046	0.69436204	0.9044125	0.77851015	0.72762287	0.8875249
3423	0.8509173	0.37151158	0.6643997	0.26803	0.8943743	0.46342245	0.3771775	0.43544883	1.0213616	0.6999579	0.33541432	1.0034523	0.3818433	0.9276425	0.2221446	0.4460298	0.85871387	0.9247853	0.8665516	0.92296934	0.91955405
3426	0.9289616	0.38278213	0.4615757	0.26390484	0.9387995	0.5118541	0.6284174	0.43600792	1.063216	0.62287074	0.30888197	0.8402291	0.37707686	0.88626236	0.24924158	0.46969822	0.60294396	0.6232582	0.9952468	0.42774147	0.9791123
3427	0.9005557	0.3815604	0.5958563	0.34583002	0.9446282	0.65829915	1.0170184	0.668266	0.3138675	0.6671499	0.49825764	0.9241327	0.29611337	0.6780373	0.26499972	0.64270455	0.41793633	0.24765399	0.87762713	0.85120404	0.9527809
3431	0.52495366	0.4242984	0.9744995	0.30398303	0.80431104	0.41737437	0.85963136	0.6427883	0.47174037	0.708462	0.43897623	0.4574577	0.37141347	0.45374593	0.6071259	0.42420334	0.47319978	0.3096695	0.7674426	0.9202678	0.9555965
3436	0.8361532	0.44154117	0.3965849	0.32546347	0.87182415	0.5450937	0.70270044	0.322247	1.0366249	0.66244	0.36070582	1.0440392	0.42479673	0.800834	0.23001206	0.5140494	0.6713894	0.8584407	0.96857786	0.77996075	0.90693957
3437	0.87390023	0.48988467	0.7002872	0.3418689	0.7754166	0.3695614	0.8611288	0.48530227	0.90090954	0.66009307	0.3456694	0.66249645	0.36094496	0.70533866	0.23576437	0.62505907	0.53495294	0.52303934	0.8456548	0.91368353	0.40791407
3440	0.68668884	0.5639926	0.917355	0.32098165	0.8506167	0.6839915	0.62032944	0.8322447	0.4440164	0.7234649	0.4031033	0.9324676	0.61446697	0.51190025	0.33697337	0.41155425	0.5312399	0.36757332	0.8286398	0.5808551	0.7103189
3442	0.9722028	0.34001806	0.5127717	0.27372524	0.933018	0.7183213	0.94117755	0.76747996	0.488867	0.65337336	0.28095496	1.0671974	0.5803433	0.46915343	0.54524213	0.48320234	0.5760561	0.34793752	1.0158556	0.5973117	0.96969515
3443	0.8699012	0.4928733	0.39919809	0.65232635	0.79048735	0.8078664	0.845432	0.5011107	0.52322584	0.6119675	0.8337976	0.70153826	0.32421646	0.39357015	0.6706296	0.71455103	0.32235733	0.22088568	0.95705456	0.582973	0.33921608
3450	0.953166	0.30745614	0.44447377	0.27685153	0.9211672	0.748491	0.6431371	0.89139366	0.30928773	0.71928984	0.298596	1.0945745	0.50118893	0.30920675	0.5482534	0.41684017	0.5989315	0.30773088	1.0451857	0.41408128	0.9536324
3451	0.87556136	0.4414439	0.92093426	0.2757222	0.8830292	0.57668495	0.95924836	0.26443306	0.65241313	0.68345296	0.3306332	0.4272857	0.23104133	0.79554665	0.68534964	0.42660367	0.4795173	0.26592118	0.91818637	0.6956092	0.6522355
3462	0.71988887	0.7081217	0.71563125	0.3261742	0.92327714	0.32277864	0.6040497	0.4850278	1.0394083	0.6990647	0.32309768	0.81268686	0.5308941	0.8855293	0.2686069	0.55626595	0.72290266	0.85424066	0.9443615	0.9284565	0.7425799
3467	0.74871325	0.35343233	0.6261598	0.4614836	0.32938728	0.7862349	0.4226166	0.7780915	0.95299464	0.7003704	0.81989825	0.95628893	0.53604984	0.836829	0.24049859	0.7495652	0.22109383	0.34837508	0.91550285	0.2516976	0.81758064
3469	0.9291549	0.30206347	0.3902545	0.28144687	0.95566666	0.7900548	0.8497165	0.37171873	1.0159576	0.6582766	0.3114409	1.0393983	0.41074413	0.8591447	0.30247363	0.44906005	0.7266581	0.77650505	1.0138831	0.4769643	1.0168086
3474	0.50851846	0.44629246	0.6756293	0.3362626	0.79435396	0.3433374	0.8682125	0.34838933	0.7185343	0.694838	0.47308066	0.7295503	0.39523423	0.7386998	0.44828287	0.5733303	0.41293103	0.4028923	0.85868	0.9908842	0.665018
3480	0.41492948	0.98421407	1.0584632	0.35927203	0.7881658	0.7782378	0.32598865	0.950763	0.3069774	0.74436426	0.4643749	0.5049315	0.9059361	0.26450673	0.2081877	0.67962945	0.68185747	0.2873186	0.8363402	0.8947828	0.42430758
3481	0.45106444	1.0157405	0.96563125	0.39652577	0.8351869	0.6096492	0.30822456	0.95014524	0.31391856	0.73893356	0.40590528	0.77955973	0.60177153	0.28413847	0.5363339	0.49580482	0.54698366	0.35376072	0.51449037	1.0523114	0.48550197
3492	0.8853494	0.394198	0.45941645	0.30143157	0.8930668	0.7884265	0.7564306	0.29575714	0.76513684	0.6467522	0.36161453	0.8734138	0.2295487	0.6489748	0.27250934	0.33149788	0.5890207	0.38605547	0.85510767	0.37847748	0.8653725
3493	0.66118574	0.42642108	1.0183244	0.46931624	0.8420481	0.8101204	0.31697837	0.93566686	0.5881182	0.74179614	0.402725	0.39230666	0.87671226	0.5867547	0.20500587	0.49362198	0.65622735	0.8896482	0.74441224	0.9599413	0.95689833
3498	0.67332816	0.3842048	0.8949318	0.29972088	0.99067676	0.7027873	0.86902726	0.341565	0.2884514	0.69201404	0.35706943	0.50551486	0.41390568	0.26248172	0.7515121	0.46155387	0.62987936	0.24293923	0.7627017	0.8059569	1.0208286
3502	0.59982485	0.3593581	0.9661837	0.3572595	0.90142703	0.74652743	0.38851866	0.91844994	0.31270802	0.72885865	0.39124137	0.5572609	0.87077665	0.33012497	0.20017129	0.6447628	0.7456578	0.6006515	0.90242946	0.9717542	0.9537255
3514	0.7009727	0.34346697	0.76788855	0.3116152	0.93763906	0.6293742	0.32348216	0.8626338	0.7133688	0.70590764	0.34682944	0.4854178	0.90249336	0.6976618	0.18323946	0.70215917	0.76931757	0.90051425	0.9481358	0.86503476	0.9879094
3519	0.5759628	0.57402897	0.71829844	0.7352771	0.5177198	0.5517502	0.37431931	0.97778404	0.46375796	0.6570332	0.8224354	0.7428291	0.7069242	0.40149277	0.23739363	0.70233375	0.33458534	0.24925768	0.89836514	0.3068988	0.3748428
3522	0.6785817	0.64705354	0.8726375	0.36260754	0.9007104	0.5626214	0.9197693	0.8790435	0.38141176	0.6989382	0.6318388	0.64337945	0.66199565	0.4550008	0.25416425	0.6192164	0.5829806	0.45802805	0.83662695	0.45007822	0.7008773
3523	0.659221	0.4500504	0.96028733	0.29840863	0.8246173	0.47151452	0.28347635	0.9050284	0.7187756	0.69980997	0.51001996	0.66208017	0.7347984	0.6575387	0.19920725	0.4285091	0.46022308	0.24908587	0.7344106	0.35603267	0.5373969
3525	0.7260996	0.8051064	0.922456	0.3902638	0.81289506	0.74849254	0.38386562	0.7952229	0.8318739	0.71356016	0.5474258	0.6199066	0.7000353	0.76516116	0.21950458	0.704803	0.6205987	0.5931747	0.63808805	1.0141107	0.7568098
3528	0.40831354	0.61087734	0.9056853	0.40464076	0.82942414	0.92407244	0.3871599	0.7731181	0.71238714	0.6936197	0.5921279	0.49618813	0.50145763	0.6691612	0.25675344	0.5704587	0.53515637	0.4932	0.7405639	0.81367874	0.9454791
3533	0.74627614	0.8641668	0.94940907	0.31519783	0.89680433	0.5956604	0.513314	0.9491215	0.4253649	0.70723027	0.3898568	0.6030277	0.6522342	0.5721021	0.28361693	0.5636266	0.6473962	0.5036907	0.6683843	0.80089724	0.84818643
3536	0.86194557	0.3982613	0.61952126	0.6663257	0.33282095	0.9164846	0.82191575	0.8926833	0.5837576	0.6404508	0.90363526	0.65599227	0.47136387	0.476936	0.3370229	0.7039722	0.20741563	0.23489177	0.95867234	0.23121177	0.8112389
3538	0.80454856	0.366262	0.574418	1.0148964	0.27299067	1.0091774	0.33053136	0.94359297	0.6789222	0.77682287	1.027127	0.67661417	0.661024	0.66546047	0.22398116	0.7312306	0.17766897	0.2273829	1.0123049	0.23057777	0.77621967
3542	0.5938456	0.39067963	0.6496529	1.039141	0.2597032	0.5996345	0.95016795	0.6919363	0.7789385	0.64486283	0.936359	0.7551524	0.78876346	0.66510415	0.29752386	0.74700916	0.20600243	0.21535869	0.85361224	0.18409541	0.59114957
3546	0.8106933	0.44003275	0.8942801	1.0412332	0.26980302	0.9671491	0.34330744	0.9308318	0.6894397	0.73137116	1.0009929	0.5115381	0.48254433	0.65783805	0.23050533	0.7121209	0.1796305	0.22681281	0.80144274	0.2180546	0.4743804
3576	0.84758687	0.35051474	0.5927638	1.0575713	0.26075608	0.90703845	0.3475242	0.4797341	0.9427867	0.68790746	1.0282515	1.0143569	0.5135404	0.91566974	0.18858163	0.71083015	0.18951002	0.25925958	0.9759547	0.19895813	0.80451864
3579	0.33509132	0.34516004	0.9861374	0.89814013	0.33043826	0.49614137	0.2631167	0.94842273	0.33705395	0.73520905	0.86847407	0.994755	0.8026838	0.38792166	0.24957784	0.69335103	0.2167022	0.252347	0.98229975	0.18894893	0.9530257
3584	0.3872689	0.72711134	0.94538295	0.8434191	0.47649422	0.39693686	0.6549838	0.67939353	0.38840705	0.7161735	0.81695974	0.43637472	0.72324985	0.4769166	0.23707186	0.7184248	0.28376517	0.2629469	0.6693458	0.22975335	0.36101076
3586	0.7118417	0.34147847	1.0624083	1.0004323	0.33715495	0.5778581	0.33224362	0.94757605	0.39366207	0.71074706	0.9221754	0.8049937	0.75542146	0.3367056	0.21389218	0.62992513	0.21838303	0.2751386	0.9759985	0.2019125	1.0012287
3587	0.7742145	0.40289962	0.562796	1.0568168	0.26037058	1.016689	0.3259365	0.62650526	0.9413881	0.70317584	1.0095779	0.9943806	0.7618154	0.9123569	0.19810534	0.72458524	0.18819468	0.24427766	0.9560297	0.20171855	0.65167546
3589	0.38241434	0.59901094	0.86679065	0.9477287	0.26505625	0.91369534	0.3541198	0.9240383	0.78726476	0.7729757	0.9759151	0.9445068	0.8132952	0.59256923	0.46059248	0.6923509	0.22925074	0.2362331	0.9848339	0.21201654	0.8183168
3601	0.42997262	0.40259802	0.93842345	1.0628178	0.25306606	0.44200492	0.37833425	0.7628433	0.78667486	0.72084594	0.9947881	0.91067475	0.8343016	0.7336866	0.19855426	0.73157674	0.20115039	0.22662832	0.7798085	0.19006348	0.30952385
3603	0.38915044	0.45809552	0.8355424	0.99431807	0.277387	0.963087	0.37684488	0.98012406	0.34991717	0.748669	0.93537194	0.59552574	0.82675195	0.37473625	0.21069267	0.7158638	0.40947688	0.2638781	0.7883118	0.27376732	0.7087233
3604	0.3636216	0.5645883	0.9781759	1.0250039	0.28633735	0.74414986	0.34810075	0.7939633	0.8254724	0.71701705	0.9623281	0.5295006	0.7073683	0.7023641	0.19427238	0.6556533	0.21634802	0.2306098	0.7340966	0.18062319	0.45299092
3605	0.71770924	0.45844492	0.6159906	0.58806306	0.32723713	0.9079437	0.4266387	0.8531518	0.7201296	0.74096084	0.8840821	0.7342425	0.737609	0.77459675	0.25612104	0.72614944	0.18436116	0.2336615	0.96384025	0.23271717	0.45967996
3612	0.3664843	0.65621793	1.0425993	0.88478833	0.347657	0.843557	0.66888994	0.94717914	0.50472635	0.7751141	0.98244506	0.8868054	0.83409953	0.40376943	0.3222215	0.6867899	0.25388503	0.23751375	0.9587111	0.24333443	0.9260431
3615	0.38197374	0.7856826	0.9675169	0.9998564	0.28189945	0.43344298	0.6416942	0.7243064	0.9187259	0.71215206	0.931445	0.3393403	0.62520546	0.72592837	0.23666103	0.69867426	0.23186119	0.22646925	0.69463277	0.16389194	0.5753009
3618	0.53717893	0.43842602	0.5073323	1.0002122	0.27291057	0.95943564	0.3489564	0.92193514	0.646005	0.7158572	0.9982534	0.83087623	0.62418926	0.79010624	0.22326204	0.7142853	0.18771362	0.23358412	0.9925762	0.22794709	0.72479486
3620	0.55508417	0.7803147	0.7532632	0.9622569	0.30211166	0.61235684	0.6407731	0.9017324	0.4244794	0.6342377	0.895112	0.5294672	0.6420748	0.36126795	0.40901935	0.7088658	0.24399003	0.23488486	0.84284055	0.2103603	0.436482
3639	0.38026068	0.39614937	1.0768236	0.7297398	0.6390022	0.78619003	0.38150048	0.87293917	0.6656904	0.75284964	0.879926	0.6041237	0.5795455	0.55840087	0.26511016	0.6510133	0.20629582	0.25183278	0.84122956	0.5433014	0.861424
3641	0.70823586	0.44450063	0.5087706	1.0319139	0.27896616	0.8564607	0.80836546	0.8741692	0.4795818	0.7302067	1.0002747	0.8216146	0.8966528	0.66173357	0.26401094	0.72091144	0.21211411	0.24106869	0.88732594	0.21384442	0.34577322
3644	0.37969285	0.79969627	0.9482412	0.66778624	0.71684635	0.32479465	0.45553786	0.3868801	0.9149043	0.7043931	0.6941924	0.50261354	0.28761974	0.7617574	0.2217724	0.69588965	0.27518472	0.24892256	0.76725376	0.1967258	0.46560413
3645	0.68817836	0.4409761	0.58902144	0.9387566	0.29788458	0.9777093	0.5996416	0.9450277	0.6461758	0.6620706	0.8015553	0.5802584	0.6060153	0.5182607	0.25063214	0.45759344	0.2391307	0.21858475	0.8001026	0.23193227	0.71783507
3647	0.33834678	0.9290401	0.9285579	0.9004234	0.35528228	0.34648117	0.5759541	0.7819786	0.3395679	0.72421247	0.86343443	0.31253624	0.8632107	0.33641714	0.21982323	0.7247251	0.25964454	0.24219081	0.6252449	0.20413482	0.29476306
3649	0.31664833	0.40111417	0.98691463	0.92697793	0.35352507	0.7800581	0.29466447	0.9160135	0.35441735	0.7357999	0.9703404	0.5385128	0.95294726	0.34546462	0.21207519	0.72261137	0.19618027	0.24168095	0.99849945	0.19264853	0.9507761
3651	0.3750097	1.0615151	1.0906568	0.9733528	0.33841288	0.53449136	0.30612713	0.8942891	0.27916476	0.77806884	0.9468752	0.4069865	0.8591072	0.30386496	0.1798876	0.70401853	0.20832044	0.23780999	0.43240872	0.20724875	0.28227633
3662	0.84700906	0.35947362	0.5343899	0.8029118	0.37924427	0.5568252	0.5035342	0.49572137	0.82501715	0.6795943	0.8194043	0.8143568	0.3982455	0.8264171	0.39268574	0.6603144	0.24447405	0.2772012	0.9199342	0.9677788	0.56110674
3672	0.3526317	0.99645054	0.952662	0.8605525	0.5322026	0.30937877	0.4813272	0.6500144	0.41003335	0.78864676	0.73299	0.86461675	0.7087745	0.5319049	0.27701402	0.7271768	0.29884526	0.25778207	0.92746204	0.2890066	0.33307305
3676	0.32351428	0.8180881	1.1010429	0.5370961	0.37258136	0.27230576	0.25747547	0.9355316	0.38823822	0.73835534	0.8067088	0.61297596	0.84655964	0.58208007	0.21585086	0.7222962	0.21011828	0.23670843	0.8474851	0.17196372	0.31464502
3686	0.44944048	0.82726055	0.97063315	0.6881407	0.41789663	0.34528574	0.27081636	0.96615386	0.4210099	0.70394146	0.94130427	0.5052495	0.9415453	0.28974462	0.20913629	0.70770234	0.2713314	0.26210296	0.8690522	0.20739259	0.3139132
3687	0.55464345	0.67530996	1.026393	0.9264106	0.61902225	0.4181578	0.8840885	0.6077789	0.7506993	0.66636175	0.78808856	0.7608362	0.7321671	0.6625384	0.30761805	0.6735125	0.31627277	0.6294347	0.6890709	0.36531806	0.4536339
3697	0.3963518	0.9629644	1.0705204	0.42379662	0.7437098	0.30632353	0.2951001	0.93195444	0.31670043	0.7669202	0.443396	0.41501445	0.75037813	0.35086465	0.20810834	0.6978379	0.5310773	0.29080263	0.26381117	0.2671671	0.2604218
3701	0.67841357	0.6446306	0.96085036	0.31005186	0.8513265	0.8068839	0.56942904	0.75068927	0.57291347	0.71430314	0.39096844	0.49764302	0.5331769	0.6675897	0.34582937	0.40261623	0.55360985	0.41503236	0.8920008	0.85762966	0.9820804
3704	0.4553471	0.6851947	1.0560433	0.82105845	0.4028486	0.64900994	0.4474992	0.8030174	0.59285456	0.73218876	0.8914391	0.48248765	0.7394323	0.41824028	0.31123257	0.65328264	0.31344807	0.3459196	0.6878953	0.24005486	0.6263545
3706	0.78312737	0.42059886	0.5949657	0.30821195	0.88937956	0.44174606	0.86955804	0.2322092	0.37902972	0.64302576	0.32295182	0.5578335	0.21531144	0.30133355	0.45708075	0.5617976	0.45930588	0.29603142	0.77833354	0.91885674	0.55522627
3708	0.3253387	1.2155355	1.1511967	0.79988617	0.31608105	0.25838166	0.24985455	0.9707533	0.31427518	0.7167316	0.8630495	0.52136123	0.9760775	0.25061148	0.21032506	0.74389315	0.2079653	0.2303363	0.58770466	0.19529124	0.25592783
3709	0.45207953	0.59538805	0.96068865	0.43668118	0.69504166	0.26340616	0.6782629	0.8530142	0.72507316	0.6653483	0.5458445	0.49223062	0.46135175	0.59862584	0.23324975	0.7127345	0.271074	0.3020355	0.73191917	0.37763238	0.21619713
3710	0.8972587	0.5044681	0.94851786	0.46370763	0.81711674	0.4787924	0.813404	0.5676554	0.92536545	0.7107917	0.5879883	0.85286725	0.32925835	0.83289874	0.44084734	0.5948366	0.53561825	0.8222384	0.8323961	0.2872205	0.71188223
3712	0.89616936	0.5838255	0.5060714	0.8297779	0.5983923	0.28393835	0.46570882	0.27432725	0.9889938	0.7074003	0.68039304	0.53895724	0.5442999	0.8634715	0.22867289	0.716161	0.46806863	0.7363757	0.8617433	0.20417504	0.30172363
3725	0.48835164	0.63570726	0.9090079	0.6865459	0.53414106	0.3654833	0.39017183	0.871665	0.7085008	0.7494873	0.76969886	0.873479	0.7139821	0.6385314	0.25936043	0.54743093	0.3169404	0.34799296	0.8649152	0.4207433	0.918762
3726	0.8270317	0.57951015	0.67080444	0.40382487	0.8047972	0.470026	0.51258534	0.3072249	1.0428685	0.7061009	0.5695413	0.72279227	0.26665217	0.7780848	0.28317627	0.705065	0.38837102	0.45460972	0.87709445	0.22557005	0.33625278
3733	0.3353603	1.1440814	1.0999769	0.45285732	0.4375207	0.3127784	0.27959305	0.952053	0.28016907	0.7563287	0.60345215	0.4156895	0.93676805	0.23303895	0.20472361	0.7204197	0.20588031	0.21995108	0.5349257	0.25110638	0.26782638
3734	0.9138446	0.32287815	0.4091609	0.27245012	0.97193533	0.5263542	0.9658096	0.19752163	0.2878786	0.60868365	0.24565001	0.58419913	0.18388481	0.26371083	0.7554325	0.34946895	0.46182525	0.24865502	0.90837675	0.32034865	0.39295983
3737	0.55000883	0.4793783	0.5984391	0.2807302	0.9166914	0.8260588	0.68752766	0.7831109	0.39046222	0.687608	0.41424903	0.91999125	0.4676454	0.46975994	0.6809117	0.40444466	0.48883164	0.29144573	0.9078639	1.0239905	0.97279906
3748	0.3368113	1.1806623	1.1889417	0.550853	0.49052283	0.28986856	0.31464064	0.90254515	0.40455136	0.7708374	0.6125982	0.520526	0.87669027	0.4645556	0.2382498	0.66933256	0.22874868	0.25975728	1.0192302	0.38206244	0.57873714
3773	0.33119452	1.0743964	1.0404679	0.66385734	0.52225405	0.2244587	0.32659778	0.8329054	0.52797234	0.7607026	0.7268459	0.42223856	0.9338613	0.63653886	0.18785176	0.6230443	0.44728348	0.28203258	0.61639977	0.34207976	0.42143992
3779	0.37962663	0.45449036	1.0986261	0.97152704	0.2634892	0.8739841	0.2833313	0.9592397	0.4037935	0.735726	0.98689586	0.4929587	0.81815857	0.320906	0.20397723	0.6962689	0.18745837	0.22853975	0.8352102	0.19964817	0.8095758
3797	0.3404055	1.0167245	1.0878854	0.9794767	0.33687425	0.46019518	0.46549964	0.80558014	0.8233009	0.7233946	1.002068	0.50041515	0.88411766	0.72512704	0.2673066	0.7085607	0.19286448	0.23951152	0.6342643	0.20227697	0.4274268
3804	0.4126627	0.39726806	0.93826026	0.94249177	0.30166876	0.8534646	0.30575928	0.96882105	0.31328276	0.6693405	0.8452976	0.5900913	0.85987526	0.25721717	0.2684799	0.7011503	0.30675608	0.21979919	0.9345037	0.18619813	0.5997975
3811	0.31274667	0.44975853	1.0652368	1.0361463	0.26888123	0.88990015	0.27073887	0.52519274	0.8691226	0.74706566	0.97862846	0.787596	0.29489183	0.7850028	0.20617437	0.67875576	0.17837127	0.21676493	0.9625154	0.20856847	0.30535334
3816	0.49290884	0.94741297	0.94651836	0.95325655	0.29010558	0.8781482	0.28521952	0.9484822	0.48156643	0.713967	0.8971934	0.51768035	0.9145365	0.28920922	0.22922698	0.71045154	0.21024479	0.23931304	0.87979573	0.7281816	0.7240074
3819	0.32706147	0.49918765	1.0725105	0.9870605	0.29167354	0.97960925	0.2873037	0.9498936	0.3335223	0.77082044	0.9933451	0.68480074	0.5003598	0.55577	0.19600491	0.6810603	0.19446118	0.24474922	0.9372739	0.2133185	0.47664702
3827	0.60556304	0.44239676	1.1044309	1.034021	0.25604266	0.9624591	0.2463591	0.9794703	0.65773994	0.69459313	0.9493205	0.49564645	0.6179112	0.4800973	0.20150188	0.73112863	0.18850061	0.21952803	0.7828125	0.21535993	0.30610964
3830	0.41292265	0.38766274	1.037419	0.98387456	0.26875976	0.76751953	0.5686445	0.9569266	0.4512024	0.69223315	0.96459275	0.6403273	0.81647563	0.34757704	0.22448461	0.74571526	0.18626606	0.2360037	0.9356398	0.1933138	0.6408979
3833	0.911448	0.79547817	0.7083345	0.3913025	0.8209591	0.52558476	0.89677763	0.7419228	1.0025173	0.677448	0.41174772	0.9354157	0.71431315	0.7366778	0.25090116	0.62839407	0.6659724	0.44595268	0.86307293	0.5819932	0.95259064
3836	0.8516594	0.8068108	0.7295708	0.4937423	0.34139076	0.45940092	0.52667546	0.4316449	0.9665962	0.69258827	0.6039896	0.81633216	0.53715235	0.8468635	0.43136474	0.67520165	0.30956063	0.3114363	0.9107825	0.35829952	0.7888767
3850	0.38760492	0.73952895	1.0700964	0.98485357	0.3036727	0.6277265	0.9065255	0.8682701	0.34964964	0.69789535	0.9578411	0.6438159	0.67730117	0.21823224	0.22723623	0.6943998	0.18514687	0.23840478	0.943094	0.19534738	0.99257904
3857	0.95913196	0.38689172	0.41855723	0.41830936	0.58855647	0.47560543	0.5950596	0.4309778	0.9211052	0.6205776	0.3232014	0.94321764	0.67172074	0.7577931	0.31337968	0.60241497	0.32850447	0.31100032	0.8247788	0.23343359	0.3482166
3859	0.47896832	0.6272176	0.7325483	0.9056936	0.4042394	0.8184365	0.4485601	0.84025514	0.6148844	0.69423246	0.4595996	0.712882	0.7695883	0.646223	0.35127437	0.7036306	0.30495036	0.276116	0.95504737	0.24113722	0.9830502
3864	0.9065888	0.4065067	0.40640268	0.778674	0.30028898	0.42685896	0.35597625	0.35064578	0.95688564	0.64589965	0.4816483	0.9044338	0.25601956	0.8891666	0.28325734	0.70547277	0.26418912	0.3990316	0.86192137	0.22579585	0.3602902
3866	0.84447587	0.59524375	0.82723117	0.74051905	0.45947862	0.7024528	0.5402158	0.68466675	0.80072075	0.70039964	0.7766389	0.9280616	0.7929234	0.61264646	0.2583991	0.7191114	0.26700905	0.28876847	0.9551653	0.22180788	0.9196064
3868	0.5231414	0.39466697	0.8629997	1.0599618	0.25203794	1.0161629	0.25227493	0.91531324	0.5397438	0.69275796	0.9942847	0.5403136	0.57110053	0.40806332	0.18857321	0.70957834	0.15778176	0.2151579	0.8261722	0.20725037	0.34928846
3873	0.5178207	0.47615984	0.7278267	0.74252313	0.31591257	0.6568649	0.4935633	0.57384986	0.9184794	0.6919517	0.6411085	0.8004118	0.38272417	0.8253506	0.29557598	0.60166836	0.32869533	0.3392548	0.89426357	0.19226553	0.75499314
3882	0.46674958	0.43459782	0.5820148	0.98485357	0.27960807	0.932778	0.42415276	0.9264834	0.51253045	0.7191248	0.9717478	0.57903206	0.66324794	0.62740546	0.24329416	0.7194806	0.20985228	0.22748706	0.7833389	0.2853896	0.6490247
3884	0.5908109	0.43297926	0.57568246	0.90822357	0.2936375	0.68592244	0.3422213	0.7637392	0.94862664	0.6291002	0.8691976	0.76315796	0.36787182	0.71267503	0.19810042	0.7062667	0.22982657	0.21441592	0.7814166	0.19380233	0.39189932
3887	0.4893251	0.45023268	0.5781816	1.0111015	0.27504733	0.93877274	0.34084594	0.96248275	0.56748223	0.728165	1.0058855	0.678432	0.7953888	0.57488954	0.23325644	0.7268566	0.20120282	0.2235626	0.99433845	0.22703826	0.88169533
3890	0.9729025	0.30600756	0.35636088	0.3507432	0.9090039	0.5030155	0.8992738	0.251003	0.6875759	0.606981	0.28685868	0.845412	0.27182782	0.69259477	0.41206932	0.50046045	0.40545118	0.3977945	0.8573515	0.44803703	0.975856
3893	0.3671967	0.6460428	1.106952	0.7083765	0.30211362	0.6270708	0.33829862	0.90157634	0.4078285	0.77666146	1.0010979	0.5233334	0.5911645	0.62266934	0.20781234	0.6720501	0.2085276	0.23746076	0.61632174	0.23780237	0.49828658
3919	0.87301767	0.44545084	0.45873237	0.3478771	0.7994724	0.87830836	0.8513706	0.9146087	0.71293414	0.6647448	0.54917884	0.7639454	0.7638294	0.27096424	0.33726272	0.41807833	0.44748092	0.28534162	0.8963064	0.819003	0.952993
3923	0.39315227	0.36761427	0.75470287	1.019067	0.28917885	0.9569645	0.35797355	0.9458477	0.45887226	0.7285599	0.97437394	0.6290051	0.78850234	0.43009204	0.22797887	0.70311636	0.20592785	0.2417317	0.9657674	0.19030277	0.82308453
3926	0.42536312	1.0647274	0.98775864	0.9890619	0.31137085	0.8060397	0.3008535	0.9390577	0.32691455	0.7364532	0.9373788	0.5139378	0.74443156	0.3146604	0.24306087	0.6895236	0.22812894	0.2854279	0.86768764	0.24215381	0.25581047
3934	0.61267966	0.37323365	0.44850928	0.89663565	0.32184467	0.8066449	0.86236614	0.5044917	0.7741736	0.6730869	0.925154	0.68757254	0.48889774	0.67494285	0.31874546	0.62528133	0.27078798	0.25198758	0.93765354	0.2962638	0.9832996
3936	0.38950816	0.43478608	1.1595411	0.9786427	0.28951946	0.94408846	0.32212016	0.9360217	0.5102567	0.7863181	0.93121225	0.67264307	0.62874	0.56206775	0.20985262	0.67851716	0.19630131	0.24064821	0.9368118	0.26387662	0.8110201
3937	0.86831725	0.3974332	0.4790326	0.76634496	0.8108747	0.89900154	0.8311421	0.7269546	0.59642696	0.6277204	0.9199334	0.9781861	0.6214328	0.40408483	0.24710257	0.73256874	0.2239517	0.23221923	1.0129973	0.4231648	1.0128893
3942	0.8660475	0.38231552	0.50744754	0.62410283	0.33717272	0.86659807	0.8550737	0.8542509	0.7616048	0.68562037	0.95448756	0.999578	0.75216943	0.44011846	0.3771068	0.7054881	0.23260716	0.2954608	1.0329394	0.22065471	0.99386424
3944	0.8294631	0.71117294	0.6539383	0.9995058	0.27407202	0.7702504	0.50171864	0.8660181	0.6814969	0.6289351	0.78015405	0.54251	0.6171058	0.59251875	0.2558192	0.69871324	0.23330384	0.21902725	0.8920417	0.20977105	0.68884546
3948	0.720635	0.41626996	0.59654063	0.84278905	0.7751897	0.94091207	0.6691133	0.83156693	0.39248437	0.670679	0.5336975	0.5304098	0.23668404	0.32517844	0.70642793	0.5641008	0.43266657	0.23103252	0.87623924	0.4769825	0.8898664
3964	0.74356765	0.4702711	0.6213391	0.68376553	0.47249034	0.8826648	0.39300323	0.9408651	0.57063925	0.6473336	0.5671676	0.74227995	0.61441016	0.73033303	0.22074302	0.60863954	0.36393565	0.4716808	0.8536193	0.3578422	0.76305354
3966	0.8540188	0.6314302	0.978041	0.29733035	0.85132825	0.74373704	0.44648412	0.43236157	0.8820184	0.6872264	0.41410848	0.62968135	0.3315844	0.7688039	0.30356848	0.664574	0.4479078	0.29452625	0.85941994	0.6407608	0.8168317
3969	0.88952935	0.3693945	0.36154047	0.30856797	0.92739356	0.4141355	0.33202842	0.28323305	1.0712835	0.6092315	0.30585012	0.8410133	0.29453042	0.86469126	0.21596445	0.45661262	0.558843	0.849819	0.9117252	0.42633477	0.8396711
3973	0.5826911	0.44322726	0.7371912	0.9584978	0.294433	0.9043434	0.3689334	0.9398185	0.40730777	0.64887124	0.7898944	0.6865347	0.7422266	0.408491	0.20810139	0.65926754	0.23156652	0.40233645	0.9018829	0.22311378	0.86641127
3975	0.4293076	0.47431824	0.47097075	1.0214609	0.26250118	0.9084576	0.39021394	0.9290724	0.60020256	0.76971763	0.9905004	0.7622632	0.7921679	0.65757316	0.214085	0.72529745	0.18039837	0.23039359	0.979759	0.23460011	0.7639333
3983	0.36751023	0.5882389	0.81101334	1.042975	0.2739135	0.8290735	0.31752512	0.8778717	0.54200953	0.7386646	0.95234025	0.5768094	0.8596099	0.74941236	0.20523621	0.68395984	0.20124269	0.2317721	0.7479401	0.21884203	0.5492528
3991	0.39610747	0.6563629	0.90596384	0.98279274	0.31859177	0.74681157	0.3469435	0.95229423	0.372373	0.7104797	0.8822848	0.630163	0.9178875	0.2694725	0.2138381	0.7187098	0.20536129	0.22034073	0.8939119	0.2091571	0.6974177
3998	0.35228208	0.46955204	1.079696	0.36190605	0.34418744	0.6895334	0.292845	0.9115223	0.4987271	0.74408925	0.9814156	0.48041987	0.2930063	0.6907179	0.21825033	0.70615715	0.33742312	0.23005593	0.6825123	0.48387605	0.30414274
4117	0.6600148	0.65297914	0.8181036	0.4040701	0.6119891	0.85465693	0.31724638	0.93226075	0.38063174	0.6731597	0.5050192	0.48707446	0.7875348	0.26199415	0.26219097	0.68982536	0.50085616	0.2364868	0.7707737	0.6491955	0.6296455
4146	0.9024389	0.36554533	0.4102545	0.30211538	0.94094133	0.37557885	0.49368173	0.34190306	1.0162227	0.6317211	0.30114812	0.8398181	0.37824494	0.7594857	0.19437163	0.60432357	0.6372827	0.832072	0.64825416	0.44293702	0.489503
4150	0.895724	0.43493176	0.5082838	0.36623573	0.70244765	0.48058686	0.40603197	0.30538782	1.0511464	0.6905631	0.622759	0.8910388	0.5671159	0.92568636	0.25634864	0.7178945	0.692807	0.4569429	0.8295082	0.23504466	0.37083116
4151	0.8960658	0.35880554	0.7039598	0.2979373	0.7940738	0.31514058	0.3353325	0.33483166	1.0237337	0.67289305	0.3566781	0.87047404	0.26215884	0.68878996	0.23986478	0.52032626	0.755798	0.93086874	0.80370027	0.700126	0.90372086
4155	0.8696086	0.41976577	0.59031224	0.4164208	0.8676357	0.62549865	0.374634	0.30184108	1.0343932	0.7220555	0.4710856	0.90791684	0.20569253	0.8793468	0.19657566	0.4696552	0.4963025	0.31747437	0.922378	0.36081666	0.9146408
4163	0.36103284	0.5961666	0.9801277	0.5763068	0.59877294	0.4116315	0.67086196	0.80411935	0.41798943	0.7281117	0.640492	0.64570004	0.30848217	0.47426158	0.36942497	0.70183593	0.28885442	0.2892506	0.8225175	0.63308585	0.8217049
4165	0.37807354	0.3881207	0.8515052	0.9995776	0.27744856	0.98979765	0.43177134	0.91525286	0.5277495	0.79449564	1.0314325	0.95100987	0.8809493	0.48589918	0.21680985	0.70053273	0.21033671	0.2489993	1.0270883	0.21604206	0.97761333
4170	0.35959855	1.152323	1.0882319	0.37936482	0.7624193	0.34103897	0.29860902	0.9485278	0.4433784	0.75490004	0.51289946	0.5847176	0.75192	0.49068806	0.22766297	0.6932374	0.40221575	0.27542192	0.62723446	0.33433762	0.3381084
4174	0.37119657	1.0267247	1.058686	0.36740065	0.6427306	0.30693924	0.28936228	0.572398	0.7815043	0.76059407	0.6456753	0.298249	0.3969997	0.6648967	0.27852324	0.6211476	0.55504423	0.27407473	0.77286947	0.27621785	0.42860368
4213	0.32727045	1.0658518	1.0870242	0.50573504	0.4894286	0.34451842	0.2608859	0.8836972	0.39995676	0.7811632	0.8452755	0.9398787	0.9203056	0.6569281	0.20229174	0.6757759	0.20608613	0.24423009	0.93141985	0.3371033	0.8030474
4215	0.7855458	0.81313026	0.9808279	0.35042772	0.77608687	0.5828399	0.26593688	0.31407833	0.96685684	0.73121613	0.39568442	0.47755843	0.2380658	0.8451664	0.22927552	0.72697186	0.52763444	0.321595	0.9081859	0.52669257	0.7824565
4217	0.34918696	0.9287372	1.082823	0.38569915	0.82669795	0.74124426	0.28405187	0.8635459	0.9472315	0.74330544	0.46103847	0.4328051	0.3108878	0.69164705	0.27335387	0.7252494	0.41375855	0.23254955	0.8664902	0.6909884	0.9055453
4254	0.3495581	0.84422535	1.1298034	0.36417642	0.8476225	0.80927616	0.30786625	0.37363654	1.0177401	0.7198454	0.77533656	0.45693836	0.23779093	0.86182433	0.24509604	0.72464216	0.4170628	0.21640098	0.91075325	0.876706	0.4269551
4269	0.42327544	0.68530387	0.99474025	0.4011617	0.83936816	0.7466621	0.35654336	0.9087838	0.40339768	0.7521449	0.50832653	0.5133319	0.6765509	0.37329695	0.31824023	0.58049285	0.565847	0.4859098	0.81193393	0.66313446	0.4695392
4281	0.46263015	1.0091124	0.9727759	0.33667713	0.8075808	0.60404587	0.47065434	0.91664875	0.32052252	0.7165582	0.5045025	0.4480058	0.6331435	0.27296233	0.23918499	0.6198228	0.5044277	0.30635154	0.6456691	0.59382635	0.31278467
4288	0.39830485	0.90067345	0.9613326	0.36565903	0.85858077	0.27482095	0.58227843	0.7256181	0.29357877	0.7551161	0.37162918	0.33281586	0.7478265	0.337444	0.22133152	0.6565682	0.46671194	0.30933532	0.29182455	0.51648676	0.3198342
4290	0.39677083	0.95706224	1.012984	0.31050405	0.9152408	0.40949273	0.6112187	0.42625865	0.73644143	0.76789796	0.51206666	0.32649377	0.7614599	0.3684546	0.41963148	0.56952876	0.5795565	0.39263603	0.552916	0.9139821	0.6989978
4304	0.3633592	1.0331862	1.0953865	0.47930095	0.73656034	0.31494856	0.8478687	0.3183861	0.7192847	0.76561576	0.53362703	0.3269857	0.44665024	0.55115306	0.30818668	0.68115324	0.3941338	0.27456915	0.58589107	0.4347501	0.22504969
4306	0.4663077	0.9584264	1.0487865	0.8015764	0.6815624	0.29495692	0.27389327	0.6500833	0.87176144	0.76992863	0.8782437	0.64843976	0.5205364	0.60349923	0.19358732	0.7226497	0.22579233	0.25520444	0.7270817	0.23023129	0.31026527
4317	0.45443553	1.0216866	0.9968599	0.33230168	0.7683326	0.68592143	0.66415423	0.7184531	0.39822957	0.7524907	0.53544265	0.36669043	0.47014087	0.4706859	0.50821984	0.6838159	0.47585404	0.32107258	0.5851605	0.8048418	0.8115656
4327	0.617265	0.4971671	0.71512973	0.25869176	0.96524066	0.7878323	0.43640435	0.3199407	1.0397247	0.70241344	0.38304543	0.762282	0.32663563	0.8680089	0.23631218	0.5376579	0.80621576	0.5901908	0.7892626	0.7813222	0.839976
4337	0.8546203	0.335661	0.39673474	0.32531393	0.88055134	0.35100818	0.3519516	0.22950143	1.0701672	0.6720186	0.29009894	0.6599693	0.2736095	0.9436861	0.2325206	0.7032839	0.8557024	0.9153043	0.7894086	0.84615	0.43608472
4343	0.6159855	0.5061382	0.9386591	0.33162344	0.8998637	0.79568774	0.5289485	0.6205955	0.82985854	0.6915655	0.44436252	0.5778447	0.5066555	0.68908936	0.3601139	0.62742966	0.6863096	0.6397754	0.7700105	0.8868213	0.84583724
4348	0.48840255	0.79701036	0.973811	0.31823066	0.8567199	0.37987337	0.3607876	0.4186814	1.0300013	0.73100215	0.41342163	0.42154595	0.45826834	0.8335783	0.2180631	0.65125036	0.6814369	0.62038064	0.8722405	0.7009652	0.9409079
4364	0.925329	0.33617628	0.41162568	0.30553985	0.8665574	0.6920121	0.45654905	0.2911387	1.0369043	0.6325866	0.360808	0.96217483	0.3549706	0.86562055	0.34105894	0.48593643	0.7836019	0.7494925	0.8304078	0.731035	0.94178647
4387	0.6097298	0.41270086	0.52649564	0.2670886	0.9722817	0.45417947	0.72019815	0.3051819	1.0247359	0.65642655	0.26162943	0.6118176	0.23680411	0.5833081	0.26649147	0.3331142	0.7754127	0.83383465	0.87169594	0.73502356	0.86161226
4400	0.94590926	0.3526135	0.37546265	0.28231522	0.9472241	0.28616065	1.0576117	0.27055895	0.38501117	0.58734107	0.26730782	0.82565904	0.29381424	0.29161698	0.7534849	0.6122367	0.48401076	0.46709543	0.72613275	0.98337436	0.4116921
4408	0.8403383	0.47525775	0.8396263	0.32488313	0.86406326	0.6141374	0.5571761	0.5158491	0.9298566	0.67291945	0.3862919	0.64264345	0.44150093	0.6712374	0.22203264	0.5882746	0.7238574	0.7347974	0.7915949	0.85796463	0.88791424
4410	0.6872954	0.64597446	0.79748404	0.3450577	0.89257383	0.91396725	0.43275082	0.39592728	0.94695157	0.70967954	0.36421105	0.96500874	0.3623281	0.85193855	0.27184126	0.38655558	0.8054086	0.4888426	0.92339617	0.6475534	0.9228287
4431	0.9427066	0.32552305	0.35610497	0.29278103	0.9565939	0.23782219	1.0233383	0.2205526	0.54360723	0.6053331	0.26784518	0.8510067	0.24506073	0.28939942	0.6202517	0.6796928	0.65771973	0.85048246	0.77164733	1.0286522	0.25697747
4454	0.83257216	0.3190236	0.7472699	0.3264446	0.9585844	0.24493419	1.1179594	0.22358373	1.0234758	0.6502221	0.3199078	1.0158751	0.44992954	0.8602803	0.22748075	0.692965	0.77951694	0.7530153	0.65689766	0.32157034	0.3325377
4461	0.8900334	0.42274398	0.42543125	0.3018899	0.9581284	0.6099887	0.5317258	0.30392307	1.0229052	0.64713615	0.30801323	0.95573664	0.24755369	0.87031806	0.24021874	0.33173767	0.70216894	0.86233443	0.98776585	0.85701644	0.90362847
4475	0.68277276	0.66178775	0.7973668	0.43082216	0.5710118	0.4416974	0.3136602	0.541402	0.83424234	0.70428306	0.40011585	0.67083716	0.5939263	0.68740565	0.38495696	0.40691122	0.6030604	0.40250564	0.84549993	0.46969932	0.31198812
4490	0.9406019	0.33909532	0.41769126	0.2730637	0.95581174	0.6500751	1.0420096	0.20132312	0.8445997	0.6471876	0.31204206	0.9167826	0.31238592	0.8555354	0.8097525	0.3476187	0.47406903	0.4043195	0.9883161	0.48535413	0.95551294
4496	0.86281765	0.6146516	0.7097914	0.27941853	0.88516384	0.74382067	0.61795944	0.8456828	0.40628594	0.6742023	0.4267079	0.8182538	0.5481822	0.48826256	0.7221225	0.5462498	0.55156904	0.44945076	0.88726026	0.68908834	0.93598586
4497	0.9489675	0.39388618	0.3850594	0.27356786	0.85934246	0.4758598	0.9987554	0.21865496	0.552326	0.62413955	0.32782826	0.7302334	0.26791635	0.59031105	0.7742174	0.43533581	0.3564441	0.2655593	0.9183971	0.25509015	0.70974004
4504	0.84996974	0.31489635	0.57825875	0.33224624	0.98815036	0.83080655	0.8886352	0.2589143	0.33750573	0.6902494	0.39501554	0.9841457	0.22217534	0.9029114	0.41153067	0.54690003	0.40966353	0.2443347	0.9510549	0.6920849	1.0168211
4510	0.8480288	0.43617824	0.41335934	0.27936074	0.956089	0.35003322	0.31666532	0.26466182	0.9831764	0.6885328	0.2704947	0.7036769	0.2622187	0.8967928	0.2233488	0.50156164	0.6366166	0.8932431	0.78421825	0.95671445	0.9140603
4517	0.9263293	0.31404993	0.35705975	0.25821668	0.9701699	0.84639126	0.86570823	0.31645405	0.98893446	0.62845933	0.27803203	1.0045372	0.2298769	0.5741369	0.3766623	0.3219338	0.6588826	0.8741035	0.98028564	0.6703697	1.0218501
4519	0.33458093	0.32798392	0.85421175	0.59038	0.8919271	0.8874875	0.5745901	0.68686646	0.3117953	0.69576347	0.72778404	1.0011096	0.27772436	0.6007301	0.3285246	0.72366416	0.2469607	0.24315888	0.8390649	0.93466306	0.9823184
4538	0.934777	0.30265787	0.37274462	0.2599822	0.9269875	0.3364758	1.0741909	0.36383978	0.95359343	0.61405534	0.2883288	0.94901544	0.2996312	0.6591385	0.71435434	0.61943907	0.5631789	0.37290817	0.93549937	0.6490807	0.9342592
4539	0.93083775	0.36377156	0.816937	0.5995142	0.62208796	0.62225425	0.7888397	0.9519259	0.25752708	0.63416	0.42573455	0.78064615	0.50233966	0.22378416	0.43382162	0.55218786	0.33445492	0.24360043	0.9229045	0.4001654	0.9172744
4571	0.7633903	0.4844156	0.5283728	0.29859838	0.94634926	0.4993044	0.31882638	0.36193848	1.0895438	0.67264634	0.31508446	0.78612405	0.3157113	0.89525187	0.22988546	0.5211233	0.80015045	0.92924666	0.78650326	0.92733395	0.90271974
4573	0.5877811	0.5797528	0.9475645	0.30524445	0.8515543	0.8484959	0.37664336	0.47951138	0.62290686	0.7090822	0.4063298	0.4856139	0.43497434	0.6827787	0.21719632	0.6174798	0.5589141	0.3678124	0.7900707	0.6287441	0.40631318
4579	0.84047276	0.58871424	0.8032213	0.29419997	0.8927913	0.72928566	0.4453884	0.7191413	0.976645	0.6869784	0.396133	0.78002095	0.7723408	0.77820176	0.25635388	0.6178691	0.5820015	0.8186236	0.8037912	0.6688736	0.91479087
4582	0.8687728	0.5675358	0.8715205	0.29114068	0.9421625	0.46829954	0.5094097	0.69583887	0.8121553	0.6659833	0.4665455	0.6463658	0.29770645	0.62122446	0.32804888	0.7077072	0.4887902	0.36144358	0.92670566	0.73021847	0.9617709
4583	0.87724346	0.32864878	0.38807118	0.31043035	0.9278029	0.31214687	0.40119305	0.20201758	1.0612186	0.65456295	0.27888316	0.84619457	0.27934226	0.8876147	0.21548994	0.59610206	0.8042394	0.8914141	0.8832427	0.41474047	0.5748159
4592	0.5586916	0.49654174	0.84827685	0.52533793	0.88848704	0.32132924	0.27369633	0.51786315	0.9009472	0.69168144	0.4749133	0.45953974	0.30384713	0.55086106	0.28914565	0.6291162	0.2780185	0.3081163	0.83331436	0.6752776	0.44418356
4594	0.9015323	0.64572495	0.6711446	0.31621474	0.84787846	0.43763268	0.4967358	0.42043152	0.96285427	0.64024657	0.38678846	0.5569293	0.33877292	0.77590495	0.3381726	0.5011866	0.5534857	0.63688004	0.76968586	0.4519834	0.8187819
4600	0.4743139	0.6213497	1.0063846	0.3154465	0.8019484	0.7139498	0.6226563	0.8638072	0.41295254	0.7018187	0.43207833	0.76944274	0.62166613	0.36480787	0.4506515	0.44406146	0.47896168	0.3562585	0.9361996	0.826794	0.97185546
4609	0.9544194	0.30910766	0.40700582	0.25334764	0.9494464	0.5071862	0.76616186	0.37029412	1.0180324	0.6758213	0.27171493	1.0669575	0.2869039	0.8296294	0.27223963	0.41403762	0.7222532	0.514289	0.9919335	0.27650937	0.8505405
4633	0.93057954	0.42279094	0.49542156	0.25903764	0.9411409	0.80470455	1.0089971	0.23737611	0.39848867	0.6628602	0.32621947	1.0090027	0.37020174	0.46259543	0.76338756	0.3179359	0.5227391	0.5144696	0.8760304	0.37924013	0.948896
4636	0.94589293	0.4224257	0.5539543	0.30717367	0.91224945	0.5395574	0.57319516	0.6427491	0.9472596	0.6700511	0.3499835	0.9923947	0.4990548	0.62193197	0.3012344	0.5765974	0.57030046	0.605533	0.9954416	0.71780556	0.9935754
4639	0.7235337	0.45547688	0.7373269	0.3057284	0.9375742	1.0001712	0.40385902	0.7515303	0.6124403	0.6948262	0.4557241	0.79704785	0.45718366	0.7020373	0.24938141	0.31957954	0.4650095	0.43349084	0.8880914	0.459728	0.8439767
4649	0.33851394	0.9744441	1.0187209	0.91572565	0.33636916	0.26883098	0.3624557	0.8986465	0.4571571	0.6462437	0.63186055	0.51010424	0.8040132	0.38116503	0.18357393	0.7226858	0.23425522	0.2525386	0.68200415	0.18732801	0.28386122
4655	0.96785086	0.3267843	0.38888317	0.30110013	0.8805063	0.49222088	0.76248753	0.95489573	0.34926385	0.62856764	0.29072568	0.95084935	0.5887551	0.2629472	0.3022568	0.6467945	0.61121994	0.53230935	0.883887	0.47453448	0.4642337
4659	0.7487289	0.62185514	0.9705722	0.3663655	0.7341253	0.7826248	0.43292725	0.92655385	0.4238379	0.7032723	0.35592002	0.6598279	0.9575884	0.4867843	0.24340163	0.5406986	0.64648426	0.43892157	0.83195657	0.527889	0.9022022
4666	0.80238074	0.38789964	0.810204	0.28964376	0.86253536	0.32368633	0.42681214	0.34853658	0.8914345	0.650411	0.3635594	0.6624411	0.4020441	0.7751854	0.24951722	0.41674507	0.70804596	0.9253601	0.8055828	0.77202296	0.79824793
4671	0.762786	0.4129604	0.6004183	0.30839923	0.9118138	0.62293917	0.29836702	0.96830493	0.41850784	0.6673956	0.31131616	0.8739842	0.5421608	0.5554554	0.2109732	0.60435313	0.676008	0.65492415	0.8823734	0.76462436	0.7557866
4692	0.5376806	0.3883285	0.68739814	0.2763524	0.94868696	0.8265954	0.32475707	0.93059754	0.33153078	0.6755652	0.3657345	0.6318187	0.6412618	0.5516138	0.19390616	0.61514765	0.67452013	0.878289	0.9203141	0.9407267	0.9624657
4706	0.46963528	0.547412	0.95393455	0.3504242	0.96057606	0.6999798	0.31295168	0.9506088	0.34672192	0.754867	0.3951479	0.6826718	0.83404046	0.5099807	0.19000272	0.45409957	0.7363261	0.84257	0.8830231	0.93317443	1.0009301
4745	0.422633	0.53394693	0.98468596	0.9390692	0.28692183	0.37886685	0.32531986	0.7967351	0.7379647	0.68495077	0.8834773	0.4074531	0.7835458	0.6030201	0.22877675	0.71146005	0.24241224	0.2272765	0.6880326	0.17594898	0.82203
4759	0.4451768	0.72126555	0.99579334	0.97217816	0.31936833	0.7569793	0.392621	0.939015	0.4029385	0.7163414	0.92110044	0.5204594	0.9057289	0.31548488	0.26290706	0.6811201	0.2365925	0.29420903	0.9248159	0.47265908	0.77478534
4763	0.52627873	0.4356937	0.95646393	1.0186493	0.257786	0.89537597	0.3392427	0.7996533	0.7140262	0.73227376	1.0068105	0.9429804	0.6678028	0.5779574	0.20498933	0.73729366	0.20033066	0.24296427	0.9884867	0.19931224	0.29332414
4768	0.72950524	0.4851351	0.78054786	1.003082	0.3100783	0.52670777	0.36245453	0.70684135	0.86136806	0.66119146	0.9195745	0.5030522	0.68453425	0.7894439	0.20949247	0.71245015	0.20932671	0.23557727	0.7715202	0.17273843	0.5076967
4773	0.77589536	0.40939665	0.76160586	0.8779792	0.31916264	0.69973254	0.559022	0.3204931	1.0066962	0.7202752	0.37474716	0.74179703	0.5280814	0.81761056	0.22065814	0.7210141	0.2280949	0.32844013	0.91542864	0.21271078	0.5793229
4778	0.4044793	0.30538997	0.56102234	0.4409296	0.4087052	0.8765099	1.0558431	0.43996692	0.42883182	0.70321804	0.9936691	0.9514044	0.31124997	0.568484	0.5040458	0.65684575	0.23034349	0.22337143	1.0023385	0.6896281	0.9993209
4780	0.4166013	0.6870892	1.01031	1.0107694	0.27431372	0.94411737	0.62774986	0.9036842	0.777005	0.76305133	0.9329537	0.8270602	0.70442516	0.81764305	0.19559675	0.6534797	0.23822394	0.37103277	0.9168351	0.18477844	0.8883918
4802	0.58043295	0.73883814	0.79751843	0.9985848	0.32471117	0.55134493	0.36292264	0.3639179	0.90979457	0.6666833	0.79943013	0.5060461	0.6277084	0.81331587	0.24693184	0.69515723	0.21059068	0.23443708	0.88123673	0.21032926	0.31679007
4804	0.39703	0.66410595	1.0182526	0.9917421	0.3490421	0.53013754	0.36019218	0.55458236	0.8586702	0.7739272	0.83988875	0.67146057	0.5212701	0.6132883	0.30025283	0.68494505	0.235966	0.26478785	0.90466756	0.1800466	0.75476474
4814	0.50505775	0.39651066	0.6391042	0.9462839	0.28821224	0.95025706	0.64930016	0.95216566	0.45825943	0.6853796	0.909171	0.63944364	0.78563565	0.3874023	0.2065177	0.6680085	0.22991085	0.2308438	0.9085655	0.21825208	0.48330358
4817	0.36678737	0.4610141	0.7098866	1.0191923	0.26567286	0.5189256	0.3187912	0.41378903	0.9125752	0.73424935	0.9493121	0.6658904	0.48972285	0.8736589	0.22233774	0.71894073	0.19320035	0.21634483	0.8579987	0.20112182	0.39913294
4821	0.6738086	0.4968232	0.6451417	0.52613884	0.5168867	0.4166645	0.7588406	0.7828918	0.64747596	0.64368665	0.74984217	0.83159065	0.7600728	0.51249826	0.22697611	0.593554	0.34212142	0.46002918	0.8899851	0.32819614	0.59171915
4842	0.45420924	0.4736108	0.8757995	0.9560051	0.3190745	0.83433783	0.3312206	0.9347367	0.6722126	0.7403053	0.9341648	0.43461436	0.8474017	0.5786519	0.19445634	0.7189593	0.19975781	0.22507603	0.83671683	0.17532538	0.6363188
4868	0.6572424	0.9980712	1.0142579	0.6218717	0.5089142	0.31810573	0.31610796	0.91672313	0.49730852	0.71982586	0.53341585	0.5433082	0.9311137	0.31773368	0.21941951	0.66418993	0.27392727	0.26246744	0.80838555	0.1863757	0.7406242
4874	0.41345862	0.62937844	1.0155269	1.0403802	0.2971406	0.70732105	0.68764704	0.870975	0.79672396	0.7521565	0.93386966	0.59795594	0.79488194	0.71184313	0.26357746	0.7198883	0.22353862	0.3170769	0.81408536	0.20152898	0.35018972
4904	0.93413866	0.34999564	0.43917122	0.28193155	0.953002	0.65024716	0.8534708	0.29079336	0.34593973	0.6376818	0.3179333	0.72847784	0.20264952	0.74659115	0.7705142	0.3529942	0.5357849	0.26082757	0.93452984	0.7342939	0.9774546
4925	0.6557135	0.58516073	0.68069047	0.7237606	0.35317054	0.9624256	0.41311687	0.6179992	0.64072067	0.7057081	0.63222265	0.6674672	0.72017014	0.5491942	0.68618786	0.48044616	0.34193566	0.5682125	0.8694378	0.8067149	0.86309373
4928	0.53660387	0.60372317	0.7627642	0.47157082	0.7698006	0.8131208	0.30378702	0.94307005	0.41118684	0.6693293	0.4417988	0.4830857	0.79397655	0.26041567	0.21172692	0.68210447	0.55114716	0.2243214	0.73450094	0.43136877	0.3524484
4929	0.3589982	0.60569483	1.0235642	0.6184885	0.64016175	0.34007615	0.29096115	0.813531	0.5241744	0.74606705	0.7564685	0.56154776	0.93170804	0.52950716	0.22072749	0.68096936	0.21566765	0.24771506	0.6502292	0.4519138	0.2719823
4930	0.7465253	0.462463	0.75592464	0.5505455	0.72231627	0.57729733	0.7835426	0.401308	0.7808672	0.651979	0.6040717	0.78430736	0.34490672	0.61370724	0.47078905	0.65056205	0.4036238	0.31863567	0.8772136	0.71476257	0.7998268
4940	0.32774955	0.45204997	1.0839481	0.8645243	0.2848011	0.9489635	0.31949463	0.93423325	0.3907496	0.7813164	0.9707939	0.5616662	0.61474603	0.59736615	0.26342183	0.6953818	0.2019553	0.24357891	0.8835056	0.6111866	0.7421485
4943	0.8355025	0.37514225	0.61271924	0.31912664	0.9327023	1.012666	0.4372255	0.34908155	0.93571454	0.6900468	0.37535837	0.88411313	0.31925863	0.9191455	0.20229705	0.69024634	0.67877424	0.32108888	0.93028	0.9676372	0.9802578
4976	0.89659184	0.37474006	0.54461455	0.2763253	0.96291584	0.59977436	1.0601472	0.22857995	0.38583815	0.606438	0.30356723	0.49553993	0.18159169	0.27641535	0.7701875	0.3908687	0.39657435	0.26194003	0.79229856	0.38166356	0.8779391
4981	0.3258254	0.902576	1.1034851	0.52812606	0.54649776	0.27724785	0.28142837	0.99602044	0.44202816	0.78447974	0.62517035	0.49656257	0.7675867	0.4268286	0.20316114	0.63421917	0.24075538	0.2545176	0.9120523	0.2038977	0.26760283
4987	0.32134038	0.606891	1.079834	0.98619527	0.2971376	0.7991854	0.29669252	0.94321144	0.3350279	0.78260446	0.9952746	0.68921036	0.53515357	0.5200411	0.19650571	0.68319124	0.21552601	0.24462014	0.96214753	0.23515475	0.70031995
5103	0.8193755	0.572124	0.66885465	0.29803818	0.9011625	0.41743475	0.35010168	0.3083494	1.0103267	0.6892184	0.40462878	0.82232034	0.28225544	0.86437464	0.20398267	0.52338904	0.631383	0.3038657	0.7565831	0.36214703	0.7025377
5105	0.3517021	1.0092347	1.0773374	0.36364156	0.5389976	0.49058962	0.36940223	0.37944156	0.9304085	0.76065254	0.3289345	0.53811985	0.49419123	0.7903076	0.2195207	0.6532275	0.5072043	0.24973547	0.6847748	0.80295974	0.43047333
5109	0.9021397	0.42204687	0.43673477	0.28961542	0.9806365	0.75952494	0.80722153	0.6358782	0.37300673	0.6514588	0.33713484	0.76359475	0.26363868	0.38709763	0.19836012	0.6456087	0.43557462	0.25723428	0.8963499	0.9074102	0.55735385
5123	0.8810598	0.42012373	0.6414476	0.31878546	0.9198536	0.7141614	0.651977	0.89300245	0.3613846	0.66676676	0.4384365	0.801463	0.34315953	0.5071872	0.31145123	0.6254137	0.5145213	0.27056697	0.8250411	0.5391618	0.6125147
5130	0.82511395	0.5236128	0.69390017	0.3287747	0.9459097	0.84120226	0.33084786	0.68462896	0.8265441	0.6760438	0.43556118	0.64552605	0.34238252	0.76409686	0.22664158	0.6578407	0.699023	0.52236444	0.8670696	0.6622431	0.9013801
5145	0.8124621	0.4973275	0.87458247	0.35338268	0.76349795	0.4740105	0.40931904	0.70588166	0.876686	0.69122195	0.5711357	0.8768356	0.42457655	0.8288653	0.2654417	0.68790156	0.46657628	0.25094408	0.88039863	0.81334877	0.37285358
5149	0.6497325	1.0449241	0.91149294	0.32444847	0.9165676	0.59631705	0.39711547	0.44352388	0.89479965	0.7105608	0.40700385	0.76405585	0.6151276	0.8547656	0.30914223	0.37641662	0.7356405	0.47177237	0.7875853	0.78485984	0.90761703
5158	0.83875155	0.40150803	0.42445874	0.3146251	0.94049424	0.28630537	0.26498875	0.25317425	1.097273	0.65450454	0.2787517	0.9155441	0.28426847	0.8642344	0.20958753	0.5325126	0.81965935	0.88954645	0.68095535	0.48832744	0.58082044
5166	0.7720361	0.45878583	0.5948542	0.35148215	0.7397252	0.94619936	0.30689514	0.52507895	0.96406263	0.6871443	0.7570957	0.5404751	0.3794691	0.86577326	0.2111172	0.6948239	0.54483116	0.23459826	0.84888047	0.5444119	0.43904653
5189	0.82781106	0.30932096	0.7501029	0.30428955	0.9186659	0.3749667	0.24960302	0.51314205	0.9939093	0.6574281	0.3469752	0.86119103	0.56949455	0.72479224	0.19266926	0.64213836	0.6988095	0.432834	0.7290136	0.36397573	0.40601346
5206	0.6882874	0.9789191	0.7813295	0.3145269	0.83248585	0.4384895	0.56627786	0.3621087	0.999747	0.68452483	0.38461953	0.9134879	0.38918975	0.84285516	0.31948084	0.55073595	0.81410503	0.7468025	0.7107021	0.7426692	0.6844333
5208	0.82275647	0.5188844	0.5857939	0.3190155	0.8077961	0.7951796	0.4129665	0.37858894	0.9457098	0.61439764	0.55065864	0.6119224	0.2534173	0.8170965	0.2905253	0.5892839	0.5511851	0.44348842	0.8693133	0.60833716	0.55521446
5210	0.89967006	0.48471373	0.5102622	0.31883156	0.8291537	0.47761884	0.5139585	0.40701956	0.9945025	0.6299512	0.5038005	0.6640923	0.24122556	0.75373244	0.3117051	0.46382585	0.46135	0.28509414	0.80842334	0.6804329	0.46897098
5225	0.8801882	0.74153346	1.0158659	0.319553	0.786164	0.76714975	0.38310087	0.4050486	0.9990178	0.6867376	0.40823418	0.7813577	0.48057273	0.8286139	0.22426087	0.6215686	0.7288077	0.40681243	0.7643711	0.6449479	0.75763434
5238	0.5675914	0.9248649	0.7205636	0.3417771	0.84132504	0.58809125	0.5862848	0.26745793	0.84168476	0.6335871	0.4095675	0.5004178	0.46638614	0.8052185	0.23490722	0.5012598	0.46780044	0.26618344	0.9181137	0.83949244	0.51006013
5240	0.35457557	0.8612175	1.1101054	0.50417715	0.7735919	0.26486313	0.3409419	0.7443149	0.65052	0.75747263	0.60972446	0.38063136	0.5793548	0.5926716	0.24761577	0.71821254	0.20973173	0.2438303	0.47502097	0.3941562	0.2988068
5243	0.67406553	0.7703024	0.78140557	0.3357994	0.91776437	0.37409425	0.30423388	0.3404562	1.059998	0.70614433	0.5729928	0.5516714	0.19721437	0.915146	0.22909848	0.7082046	0.6786359	0.2891301	0.83855623	0.8363718	0.6573023
5247	0.32967922	1.0367922	1.0848165	0.4857537	0.81526816	0.32947055	0.27441555	0.92053914	0.3672031	0.7549706	0.7624761	0.30096862	0.9923603	0.23629355	0.19852875	0.72921354	0.4182805	0.25041616	0.65703726	0.34063748	0.4647004
5254	0.4281796	0.751874	1.0748253	0.59098625	0.6462036	0.4726201	0.48881525	0.60213846	0.5483842	0.72682077	0.8193923	0.65391225	0.5154346	0.60712326	0.23739938	0.67557365	0.23383377	0.23744255	0.859961	0.3036171	0.5917926
5257	0.8502752	0.67177653	0.7065386	0.36281642	0.7485165	0.6091612	0.5307314	0.22896555	0.6393042	0.6806058	0.43473125	0.6841647	0.28360417	0.83101565	0.6569748	0.67826307	0.4636021	0.24169841	0.5924524	0.8302844	0.2045174
5263	0.34595737	1.02343	1.1241002	0.48646718	0.7491132	0.26112735	0.29740885	0.46402016	0.9663688	0.7575265	0.7883626	0.620863	0.23701878	0.7801187	0.29419303	0.7339506	0.22492234	0.23528618	0.88765866	0.6833375	0.43864715
5276	0.40631205	0.98933506	1.0234284	0.40153524	0.7947861	0.36249155	0.47490054	0.7724466	0.63942796	0.7317408	0.6254416	0.40728366	0.5825903	0.62783474	0.32299876	0.7257193	0.4577003	0.24215075	0.60751003	0.56135625	0.31171107
5284	0.81571704	0.7055921	0.74453723	0.35196283	0.81314147	0.42655036	0.50186133	0.33351406	0.92567843	0.700155	0.77174246	0.6413262	0.24950953	0.771853	0.272607	0.7034044	0.43093574	0.52141005	0.8438422	0.37963456	0.43644264
5298	0.49530202	1.0959543	1.0708306	0.38542444	0.4597265	0.29521018	0.31366304	0.5553704	0.5844303	0.7214303	0.8385359	0.39404064	0.45465866	0.75082284	0.18768765	0.719447	0.39932024	0.25242248	0.55784845	0.23689975	0.6595778
5306	0.39515883	0.43367067	1.0758411	0.83587855	0.59331644	0.5052917	0.48077106	0.88653946	0.3818685	0.74580973	0.55116475	0.3541171	0.7335068	0.50588	0.22199114	0.7158653	0.27058676	0.23455209	0.3514209	0.22071086	0.2924312
5307	0.3902982	0.8362966	0.9299544	0.3144888	0.8957529	0.29536593	0.7658792	0.39356923	0.32339066	0.6823931	0.36713877	0.3889898	0.5741641	0.3213743	0.738055	0.5768388	0.5325757	0.2764143	0.28691494	0.82229865	0.2623393
5329	0.35358012	1.0499691	1.0580813	0.38874656	0.51212287	0.54568577	0.2382368	0.975063	0.27588704	0.721794	0.5103268	0.5194154	0.5169158	0.3393592	0.20198229	0.60861224	0.57087725	0.5442511	0.6488282	0.711996	0.639078
5339	0.3146191	0.7371329	0.8796989	0.5026254	0.6526338	0.72742563	0.45763028	0.62724304	0.36183363	0.7182749	0.66477066	0.5504495	0.47448325	0.6625108	0.41655758	0.7208021	0.28752208	0.23651457	0.6557309	0.7684504	0.20081179
5341	0.3877091	0.8112446	1.0823979	0.3055043	0.9171566	0.5614757	0.2752865	0.8411088	0.63057876	0.747752	0.44747737	0.45489475	0.44806072	0.3687726	0.26159325	0.73472345	0.46522993	0.24287638	0.8978697	0.3526972	0.8360016
5356	0.38865453	0.9317928	0.9866543	0.35341263	0.87263197	0.41202408	0.54852664	0.7336628	0.34104037	0.74886554	0.75521535	0.34947187	0.8552336	0.42330536	0.3581409	0.6485555	0.48502272	0.335397	0.6591926	0.70449305	0.33543393
5361	0.40843514	0.7839386	0.9602217	0.43160757	0.7133349	0.46339357	0.3845926	0.79564404	0.7895858	0.75885314	0.8466685	0.38537413	0.66202945	0.716355	0.24694632	0.71794546	0.32985416	0.2565884	0.7095738	0.26126668	0.25281546
5371	0.34704003	1.0302628	1.0792111	0.4990608	0.51373243	0.4444638	0.29843813	0.8718236	0.4134198	0.7587722	0.8298194	0.73441464	0.7425514	0.547293	0.22716133	0.66686046	0.2180492	0.24662724	0.90864676	0.70837164	0.6380041
5382	0.4219339	0.9220365	1.1087209	0.38860917	0.6926663	0.35688436	0.41182044	0.76818275	0.7159206	0.7103633	0.46406132	0.43812892	0.32186866	0.63728267	0.38963723	0.73322904	0.43944037	0.2697359	0.83976835	0.41047418	0.44118854
5388	0.89770555	0.5031713	0.7483027	0.31223762	0.7975869	0.6300893	0.7263879	0.37034523	0.40039778	0.65565574	0.43270355	0.6456476	0.3420174	0.59647876	0.68076766	0.66847	0.4796427	0.30787945	0.9151149	0.3027336	0.6984429
5389	0.37677422	0.5149427	0.9808099	0.34219334	0.9046497	0.5248227	0.3182495	0.4593204	1.0353519	0.7225386	0.45441172	0.5713814	0.6114876	0.86798275	0.21499579	0.5408689	0.7063739	0.36633408	0.8604097	0.6605497	0.7812943
5413	0.41696912	1.0288261	0.9759537	0.32772246	0.8140518	0.38013577	0.71714944	0.7155368	0.332816	0.75871146	0.4260343	0.35939327	0.6215199	0.38601884	0.49367368	0.46601492	0.53956366	0.3480839	0.6860302	0.9649056	0.34758788
5420	0.66790944	0.7595936	1.0286677	0.31338525	0.9193337	0.32655036	0.943807	0.36766854	0.67640173	0.72456527	0.32274333	0.32950392	0.40973595	0.7106632	0.5727871	0.63915867	0.47529572	0.325721	0.94719476	0.45930427	0.26625866
5454	0.49911535	1.0169239	1.0213004	0.41805938	0.7142811	0.34499773	0.32459885	0.72636646	0.84817487	0.760607	0.4415139	0.34426522	0.51414365	0.5828778	0.21348141	0.70539844	0.47654223	0.2732245	0.47496918	0.8616727	0.4381794
5456	0.88041323	0.45914617	0.56332594	0.29643872	0.8219709	0.70538026	0.8185056	0.20208195	0.63217276	0.68362874	0.3524189	0.48542327	0.18699814	0.8804107	0.7198533	0.5225382	0.48070604	0.2499784	0.84591293	0.46723825	0.4038229
5471	0.34874555	0.7678587	1.1034219	0.4542598	0.69056934	0.535958	0.32631078	0.7649733	0.89874774	0.73757243	0.83544964	0.35785213	0.516245	0.75094265	0.2601832	0.7142966	0.40820912	0.21985088	0.6424962	0.6023905	0.75363195
5481	0.8080011	0.48678148	0.95754397	0.3172085	0.94959366	0.34328744	0.5260788	0.23806523	0.90534407	0.6966445	0.35852352	0.41500136	0.1986244	0.83769935	0.44990653	0.6308493	0.5370174	0.25692454	0.8465821	0.6384987	0.63065106
5502	0.9633437	0.31605226	0.45759633	0.2980033	0.92371666	0.39201158	1.0388571	0.33233446	1.0439029	0.6485399	0.2816477	1.0134772	0.28002396	0.8277499	0.44096518	0.5434617	0.73445195	0.6113209	0.81925946	0.72152704	0.92313594
5515	0.93367535	0.32055286	0.31873325	0.32033813	0.88278806	0.4585001	1.0603106	0.23848067	0.75391626	0.59741324	0.2863773	1.0208786	0.5550312	0.3057987	0.513714	0.7059146	0.57841176	0.41430408	0.90232825	0.82921296	0.7089418
5517	0.8866681	0.38023338	0.38400084	0.34103668	0.82350916	0.43802652	0.3488968	0.31391668	1.0786413	0.67950565	0.40755552	1.0050333	0.43293744	0.90867525	0.22245291	0.6106612	0.8427202	0.9275394	0.87252873	0.528333	0.8292299
5524	0.88439006	0.3329537	0.690693	0.28480566	0.9691244	0.90761065	0.3345981	0.38300952	1.0143913	0.69764507	0.3621475	0.3751287	0.5235352	0.8394162	0.20339425	0.48093882	0.81199104	0.5936532	0.96324134	0.9305941	0.93197626
5538	0.7520107	0.6050887	0.8015626	0.34160197	0.76454633	0.86958134	0.50432366	0.5522593	0.671255	0.6838102	0.45123646	0.5013497	0.3642711	0.6350304	0.41763082	0.6736716	0.5226659	0.28038818	0.8847412	0.84040177	0.6878164
5546	0.64579725	0.41049215	0.5500215	0.29469553	0.94827056	0.59728235	0.47539815	0.30035967	1.0643643	0.6983651	0.3319267	0.914465	0.22086707	0.9020692	0.2221738	0.47886536	0.74938357	0.901643	0.88193065	0.6935032	0.8871516
5550	0.70031786	1.1123283	1.032736	0.42959785	0.8168303	0.29603624	0.7051879	0.3692968	1.004116	0.76025224	0.33156872	0.45406872	0.43762088	0.7517157	0.2366577	0.7015435	0.7575327	0.5111422	0.6305509	1.0068977	0.7766065
5556	0.6059965	0.5773657	0.7351561	0.31598398	0.9454	0.6735559	0.570224	0.36968282	1.0169907	0.6688371	0.40678152	0.9498323	0.38370416	0.8351652	0.18371825	0.6805009	0.6078507	0.7947465	0.66845703	0.8506258	0.9234073
5561	0.8439965	0.36219415	1.0290017	0.4240228	0.28425205	0.82885265	0.27823555	0.4373329	1.0022386	0.7055734	0.37701136	0.91268516	0.5232635	0.89270866	0.6354446	0.6663216	0.28591046	0.24433172	0.95728624	0.28037637	0.95977163
5567	0.88326854	0.4821289	0.5578336	0.30426094	0.86033046	0.4673131	0.7105926	0.34324563	0.89278746	0.6802786	0.35292163	0.6325777	0.25407913	0.7537634	0.5720945	0.5482044	0.7914603	0.89216024	0.7993183	0.820987	0.68804747
5568	0.8887581	0.32624146	0.48067603	0.27667442	0.99443996	0.88038814	0.4368977	0.45658022	0.9496269	0.6698797	0.3674565	0.8181264	0.31558904	0.74550647	0.23421218	0.45596725	0.7969214	0.91949034	0.95679086	0.7674024	0.968952
5572	0.88146555	0.43005264	0.3842172	0.35169914	0.8556523	0.5998358	0.6842842	0.336467	0.85656995	0.6475161	0.3689442	1.010514	0.6788232	0.48906556	0.23032272	0.7105173	0.6625901	0.7877916	0.83264095	0.9249621	0.8285103
5575	0.9088845	0.4045535	0.37782362	0.28355184	0.9192539	0.3340645	0.57733357	0.21152453	1.094917	0.67638457	0.29873067	0.88952625	0.2608407	0.9168547	0.25655258	0.53564554	0.80630815	0.88578033	0.8278381	0.33199364	0.67380226
5577	0.798414	0.3458714	0.52457356	0.302399	0.9242691	0.6865991	0.33437496	0.29665563	1.0387564	0.67968726	0.3913293	0.5106643	0.1802318	0.88373244	0.24177088	0.67161316	0.777812	0.9507556	0.7821706	0.6634364	0.63664895
5580	0.7910946	0.3931162	0.6060046	0.28558376	0.96310717	0.28963313	0.593169	0.64361614	0.9755647	0.6669091	0.259806	0.99644995	0.3890576	0.6452545	0.2579372	0.6559773	0.6125212	0.78509486	0.7350334	0.687929	0.88579845
5600	0.74281794	0.47813293	0.64268833	0.41920644	0.8373964	0.29204348	0.6518329	0.5054548	0.5195685	0.6587442	0.43142974	0.5557206	0.2869068	0.42799512	0.2651577	0.7340547	0.5006405	0.50874794	0.6812264	0.71072245	0.39157668
5601	0.5231339	0.42432743	0.577015	0.780881	0.33133855	0.8749706	0.609736	0.681064	0.4357747	0.72024137	0.7971592	0.9284612	0.76059073	0.8418977	0.24327289	0.6827623	0.21174656	0.2397809	0.90264463	0.2806649	0.8285896
5603	0.83560205	0.3676364	0.5806738	0.27603903	0.9643579	0.7133022	0.34823707	0.28445494	1.0412122	0.7074399	0.33499086	0.84911937	0.29176655	0.8878877	0.25583944	0.47871917	0.7920764	0.9464213	0.8889157	0.4709488	0.9070796
5605	0.9019949	0.43942627	0.758498	0.2954558	0.8695086	0.29096758	0.7586689	0.6302194	0.8722515	0.64562815	0.3415465	0.53873855	0.46273416	0.5140772	0.3119756	0.72727853	0.4957245	0.4244617	0.5848018	0.7216036	0.55646574
5609	0.88813597	0.3346135	0.72049373	0.3104019	0.8904676	0.6815784	0.83576834	0.50762284	0.61686015	0.64454377	0.5098774	0.7427709	0.41295007	0.76158047	0.4156956	0.6977573	0.47581986	0.24440107	0.8263831	0.7796504	0.9283446
5627	0.920848	0.36631405	0.56231797	0.2858703	0.8730293	0.2769052	1.0775712	0.38177007	0.6079871	0.6032569	0.3910714	0.93768513	0.7798258	0.38630292	0.22011054	0.69621474	0.47217804	0.25809738	0.76279783	0.66047585	0.2564163
5629	0.88492435	0.4696677	0.48660472	0.30874273	0.91604275	0.2996366	0.5694761	0.24616982	1.0630528	0.6718133	0.3493548	0.6563665	0.309427	0.88274384	0.23988818	0.64248717	0.76840174	0.92820096	0.71854115	0.46201724	0.67441726
5632	0.8815023	0.49353844	0.60134405	0.3314156	0.89682776	0.34716284	0.5819014	0.40600535	1.010026	0.65645707	0.38965788	0.7342	0.41785282	0.73875946	0.22643888	0.62764543	0.8689076	0.8514675	0.69062555	0.84450334	0.63602453
5639	0.88497245	0.4309587	0.42799598	0.32993513	0.9009618	0.31649187	0.3976924	0.23318394	1.0939797	0.67367446	0.3294214	0.85998744	0.33056986	0.92234886	0.21603619	0.5862165	0.8587888	0.89977586	0.7388046	0.56569	0.7030936
5641	0.85271204	0.5367649	0.58291656	0.29927596	0.93954283	0.7312173	0.39480397	0.31128994	1.0677277	0.6461859	0.34105575	0.8878762	0.33870456	0.87480867	0.20311216	0.5391104	0.74046046	0.8648944	0.87851673	0.6583791	0.9378212
5642	0.78304684	0.34315404	0.43804076	0.29621837	0.95886564	0.9114843	0.37462264	0.3161022	1.000064	0.72171074	0.30117524	0.8104449	0.22867262	0.9121045	0.2015428	0.39424393	0.81993395	0.70553666	0.91457856	0.8326819	0.9799053
5653	0.908168	0.32636228	0.36149046	0.30825004	0.94257385	0.6870091	0.7647632	0.9392436	0.2595295	0.6226095	0.31460202	0.9812906	0.54331225	0.3612973	0.32284495	0.58766776	0.5060332	0.29576886	0.98426974	0.49916875	0.6713276
5654	0.89111364	0.81988007	0.8257905	0.3823553	0.80612147	0.28416044	0.88334197	0.25169837	0.98924595	0.7231861	0.30817443	0.75840956	0.3668353	0.8273714	0.22590567	0.6775322	0.6274929	0.80188406	0.666088	0.97457486	0.6041786
5658	0.94263625	0.34920713	0.37574652	0.28700888	0.9304256	0.314462	0.66886246	0.24094813	0.9959304	0.6575055	0.29544982	0.62414116	0.60302466	0.83994585	0.25912386	0.7114758	0.6802484	0.8666407	0.75141156	0.7404398	0.5000883
5661	0.69738495	0.35214755	0.7039515	0.253237	0.9766954	0.44687667	0.29240704	0.31821564	1.0511758	0.6587102	0.42101246	0.62260103	0.27305192	0.8847072	0.19858061	0.5007317	0.7393888	0.9024778	0.88532233	0.55593365	0.9323012
5680	0.9196148	0.33658788	0.3717232	0.3078102	0.96081114	0.44436938	0.2733105	0.2149338	1.0551032	0.66573954	0.2651931	0.9575002	0.3676187	0.77984124	0.2583736	0.482418	0.74811256	0.5148378	0.6429615	0.6558914	0.3749214
5684	0.8661535	0.37299407	0.43175685	0.28604588	0.98386765	0.9111483	0.30494663	0.29421774	1.0240608	0.6861761	0.33904904	0.90993345	0.2788918	0.8901908	0.2448643	0.32004812	0.7790715	0.95670056	0.9436031	0.78283	1.0273042
5688	0.8399416	0.44475633	0.829402	0.41002932	0.83659035	0.38218257	0.37670338	0.30484873	1.0384821	0.72239745	0.4433436	0.36216816	0.48467553	0.8881879	0.2172107	0.7271132	0.7546444	0.890012	0.7550275	0.84162456	0.6450359
5689	0.88117397	0.41409463	0.5267027	0.28710425	0.89287186	0.41019076	0.38351017	0.33190337	0.777011	0.61818755	0.3460611	0.88050216	0.25828126	0.72004056	0.22872451	0.5908361	0.49801093	0.25850496	0.7959309	0.7252819	0.41603276
5691	0.9128208	0.3712137	0.428636	0.27945343	0.9300562	0.42140862	0.2986622	0.31527284	0.99070555	0.6812225	0.31327	0.54660076	0.23180392	0.82805836	0.23738383	0.505157	0.66843903	0.89627033	0.7022132	0.83790106	0.9733667
5700	0.8164438	0.5330096	0.4479917	0.35963324	0.93308866	0.58152366	0.5724128	0.28890893	0.99727947	0.65033656	0.41528457	0.70317876	0.39380622	0.78628784	0.23808636	0.6473744	0.74332345	0.9298611	0.81217486	0.8914463	0.79715836
5704	0.9598762	0.3606348	0.35012078	0.30580795	0.87553626	0.26942304	0.8281726	0.2760485	1.0377264	0.61924237	0.28556198	0.94577944	0.23896898	0.8163427	0.27173734	0.73043466	0.64727026	0.73626304	0.6427197	0.52467	0.58624345
5705	0.70347196	0.3804568	0.47459432	0.26593834	0.94484013	0.7023368	0.5079165	0.30535978	1.062729	0.67831504	0.347936	0.65572333	0.20225818	0.82897747	0.41347593	0.52770734	0.72460794	0.9128969	0.86783314	0.923773	0.7892166
5720	0.64844024	0.99969375	0.8862057	0.5195098	0.810313	0.21387504	1.0636061	0.3472551	1.0037637	0.67820275	0.33246437	0.54663986	0.44009006	0.5774765	0.73014057	0.706239	0.76696587	0.34218237	0.5099414	0.6574318	0.35348818
5725	0.86124784	0.45548832	0.5100539	0.25478363	0.98096466	0.7846229	0.5022376	0.3517736	0.9668943	0.6817377	0.31717163	0.9248486	0.37151128	0.87406147	0.26470613	0.28837663	0.8013482	0.91408074	0.90692127	0.81148446	0.9849049
5727	0.9325954	0.30704644	0.34303975	0.3077255	0.7646367	0.7582311	0.93350357	0.21829465	0.42879534	0.63213354	0.37187645	0.761629	0.25074545	0.33665323	0.66199845	0.45324653	0.3858536	0.29569492	0.82045025	0.41357458	0.62018156
5730	0.90070087	0.36809513	0.4293286	0.26730338	0.9013617	0.43325442	0.40538317	0.330252	1.0683503	0.63467264	0.2859729	1.0096614	0.2665401	0.93451244	0.24804632	0.4983982	0.7473137	0.8652026	0.9132859	0.37388864	0.9341262
5734	0.9259351	0.25248265	0.4029562	0.3398666	0.89622	0.8745603	1.0404856	0.40999284	0.31411308	0.682967	0.46654865	1.0394474	0.24566682	0.5585692	0.758656	0.56485486	0.380553	0.2411465	0.982652	0.68710506	1.0303653
5752	0.36666122	0.97129464	1.1104752	0.5070761	0.77046216	0.81070006	0.27825588	0.9418379	0.3591086	0.7383189	0.825269	0.5932432	0.5933054	0.381636	0.25574556	0.6772475	0.21106601	0.22952662	0.83140796	0.39236373	0.6349227
5753	0.66338724	0.45838714	0.5408169	0.31249276	0.9216788	0.9461036	1.0133414	0.5254845	0.50689733	0.65863055	0.44437063	0.7757081	0.29682088	0.45355162	0.41228893	0.34810773	0.5000103	0.6058657	0.88539714	0.93336713	0.900095
5754	0.93691653	0.324693	0.36747935	0.26066732	0.96304226	0.61761194	0.32079247	0.32154295	1.0997168	0.6540969	0.27629936	0.9422656	0.24173836	0.9067603	0.22999287	0.38334882	0.7214545	0.909944	0.9521915	0.55067325	0.9536473
5766	0.86809605	0.5372485	0.7625162	0.28925353	0.89728934	0.42188013	0.41890734	0.36711866	1.0576909	0.68974966	0.32738528	0.83635217	0.43324968	0.856776	0.20498353	0.5376277	0.61898756	0.8261633	0.84405446	0.75561255	0.69754344
5769	0.9441525	0.27764487	0.34181374	0.29068252	0.9635376	0.81804645	0.8459202	0.18441018	0.3344312	0.60182995	0.26466137	0.8146873	0.18873891	0.30696476	0.7459691	0.29388735	0.35555172	0.23279014	0.96620494	0.48856145	0.99662346
5773	0.92334956	0.29794952	0.39228556	0.26093113	0.97322625	0.8256126	1.0850139	0.22871415	0.29506892	0.6399581	0.26317623	1.0021007	0.22745745	0.30543348	0.7798575	0.31547466	0.46530756	0.25612742	0.94580895	0.9388331	1.0068494
5774	0.8106453	0.47809368	0.5274701	0.31957108	0.8620721	0.80835325	0.91086686	0.37520236	0.29532918	0.6577808	0.36740136	0.76550865	0.4347857	0.35018155	0.7262984	0.4817497	0.43771684	0.26478553	0.86173403	0.53100115	0.8662014
5796	0.8800086	0.9728191	0.7543003	0.3897343	0.8585777	0.3514289	0.78520757	0.3326019	0.6831255	0.72002214	0.4160675	0.59530437	0.437668	0.56791055	0.5070952	0.42820403	0.521775	0.5184779	0.7952602	0.9453859	0.535019
5798	0.36236426	0.43608648	0.88505566	0.9347481	0.28542536	0.99549335	0.35008785	0.8393444	0.74934787	0.81950074	1.0323617	0.9653656	0.7214652	0.52789515	0.26684916	0.70275193	0.23606196	0.2332343	1.0198928	0.19074155	1.0010958
5802	0.5926232	0.5670164	0.86892986	0.34426022	0.7948805	0.94077337	0.2812061	0.9534571	0.31200686	0.7236012	0.44284397	0.5027623	0.7474775	0.27131337	0.21936755	0.67892927	0.590486	0.25743905	0.792804	0.79478383	0.8969808
5810	0.98314166	0.26995477	0.42547867	0.25373188	0.9985752	0.65912265	0.798054	0.5942895	0.8823606	0.61683536	0.26679772	0.9824822	0.30103406	0.6796416	0.23348777	0.43583977	0.59592795	0.7540561	1.0045929	0.7578366	0.9729184
5813	0.9471731	0.34449986	0.612309	0.35894623	0.8704155	0.44169325	0.6373176	0.8991736	0.565777	0.65321493	0.55083025	0.9187124	0.56395847	0.39291674	0.25391153	0.5165668	0.3529076	0.2414155	0.86014605	0.50409377	0.8921047
5830	0.9155484	0.43880644	0.38114628	0.34045872	0.7275831	0.58398	0.9612701	0.2836696	0.43039855	0.62033266	0.30921164	0.9661146	0.3521472	0.44136325	0.7802387	0.40112463	0.3221599	0.262782	0.92717165	0.3156296	0.966014
5841	0.61238843	1.0321152	0.9720561	0.3338858	0.86220616	0.7178792	0.9186156	0.8353729	0.37557665	0.70537496	0.33812132	0.7081883	0.5600084	0.29858583	0.7131774	0.36653545	0.5584298	0.40228462	0.79835945	1.0059949	0.9549143
5848	0.50264597	0.50447774	0.99228275	0.4049832	0.79397833	0.9073665	0.48945397	0.8675224	0.4887025	0.7015966	0.7350175	0.7281007	0.6305138	0.48756263	0.30862534	0.6621102	0.39123714	0.34713197	0.8581898	0.6064789	0.6004856
5856	0.94432026	0.42821056	0.55628866	0.28574553	0.8465133	0.78943413	0.4601493	0.5887375	0.9089645	0.650189	0.54967743	0.96849906	0.41262493	0.8762952	0.23063107	0.6697578	0.6949962	0.89599794	0.96085864	0.61206806	0.9516694
5873	0.9243569	0.3034348	0.51407194	0.45765677	0.5914903	0.7236241	0.7571333	0.4183606	0.70435697	0.6331458	0.63140994	0.9462073	0.6652734	0.5454536	0.48277813	0.49317846	0.28677532	0.31780908	0.96696	0.5563814	0.95975834
5880	0.91001767	0.30569348	0.67477345	0.50003606	0.90859467	0.8208928	0.83073074	0.5496906	0.46557444	0.71431166	0.646832	0.8462454	0.35393143	0.6423306	0.22808729	0.4602668	0.31279317	0.2585046	0.98530924	0.7164736	0.8339999
5892	0.9297468	0.43684137	0.3280392	0.32118198	0.890814	0.22254738	1.0287126	0.2646599	0.35425782	0.6252069	0.2953824	0.99334085	0.35307944	0.41641808	0.7465858	0.72544754	0.3218128	0.2587651	0.82590824	0.6501059	0.9673613
5901	0.8973384	0.40868816	0.49289486	0.33569098	0.8383889	0.892299	0.94639623	0.55123836	0.46447957	0.62696874	0.4629998	0.9360915	0.38258743	0.46749404	0.5806341	0.5790459	0.49740237	0.2611202	0.8524739	0.26888016	0.7358175
5914	0.9499439	0.331637	0.42772412	0.28630334	0.9424914	0.9096551	1.0387844	0.51150846	0.3715256	0.61859375	0.4201986	0.90784365	0.36528826	0.50527173	0.7433247	0.3046063	0.4133191	0.23668748	0.98604983	0.46197593	1.033178
5916	0.5077602	0.77749467	0.9712838	0.37493554	0.8733554	0.8873935	0.4459476	0.8588425	0.32528713	0.749982	0.52248466	0.8775606	0.7181302	0.40957946	0.2945081	0.61017525	0.53467166	0.3741941	0.92113024	0.62016624	0.8194265
5920	0.9090947	0.49749863	0.49549618	0.28394374	0.9058459	0.5366692	0.69382304	0.74296814	1.0495056	0.67032933	0.30814055	0.9288165	0.44076586	0.90272003	0.23444015	0.5416959	0.7680465	0.78916377	0.8565254	0.5162772	0.57882774
5929	0.6716824	0.63357097	0.42683953	0.39266306	0.85079736	0.22296706	0.92930216	0.3365893	0.46418887	0.66203725	0.34770644	0.9462316	0.38759375	0.4524418	0.6614745	0.7213628	0.3372827	0.26601022	0.6847556	0.7734552	0.66614443
5931	0.8818305	0.3302113	0.4182048	0.26861763	0.89349174	0.7391328	0.50965977	0.28708318	1.0389874	0.6336471	0.3500954	0.9396304	0.39120603	0.8845983	0.24172609	0.41697773	0.6717663	0.8933542	0.8863646	0.44031715	0.9830708
5936	0.6749907	0.37945557	0.4988527	0.3275239	0.86272514	0.6921915	0.48386464	0.95974934	0.30207974	0.6753172	0.41678324	0.86621106	0.6137092	0.39999717	0.21564442	0.6631375	0.6489482	0.6541197	0.9092458	0.37245962	0.77051884
5951	0.41441932	0.9057241	1.0393466	0.4007557	0.8177153	0.619585	0.34188706	0.873	0.59927416	0.7572468	0.6873039	0.61708903	0.7876708	0.5687278	0.28188065	0.6634253	0.31611168	0.28940108	0.8769409	0.32533464	0.9531648
5953	0.38462514	0.40959847	0.7721369	0.35405895	0.8558494	0.31508338	0.30622098	0.64048487	0.8864212	0.7115096	0.5245079	0.8343984	0.17979042	0.5175061	0.21342406	0.56151825	0.2247962	0.25233108	0.9314319	0.7816878	1.0135919
5955	0.9501646	0.29058063	0.39206657	0.26760894	0.9256492	0.8561525	0.93981093	0.695162	0.7427661	0.6462288	0.27909756	1.0073661	0.2935185	0.60822743	0.3073046	0.4091964	0.57780504	0.709498	0.9054135	0.5031351	0.8965811
5964	0.89674926	0.33289582	0.43296382	0.3074606	0.8916708	0.38091695	0.5326806	0.36777675	1.0783836	0.6524129	0.3643223	0.9795136	0.52411914	0.8325115	0.24521403	0.6277436	0.77902997	0.9085016	0.929947	0.32352164	0.8971339
5981	0.46742207	0.42503506	0.51143086	0.34161544	0.82824636	0.94691837	0.9132875	0.8796777	0.42972276	0.6578722	0.46185437	0.6219238	0.27747664	0.4698399	0.5955261	0.43839055	0.34933412	0.26308393	0.9422915	0.5705925	0.935543
5986	0.97543454	0.2961993	0.40291932	0.28705847	0.96403867	0.5722167	0.93405634	0.95212376	0.3061385	0.6311107	0.27324897	1.0008434	0.5258717	0.29041976	0.37717363	0.6237074	0.5010445	0.25394616	0.9494429	0.91353196	0.743382
5996	0.75486296	0.8218259	0.8405453	0.34744522	0.8613111	0.43640363	0.30527538	0.94923013	0.25286946	0.71402943	0.4185468	0.6821888	0.44690207	0.41282746	0.19264486	0.67629707	0.71947145	0.24689677	0.6624527	0.36410362	0.29498032
6101	0.3584928	0.9293646	1.075845	0.45401183	0.61736035	0.6431939	0.5561036	0.79751414	0.3658442	0.7148452	0.6750519	0.5221321	0.69080126	0.4679732	0.35084334	0.7381138	0.3444468	0.25510016	0.70120215	0.5300745	0.68531823
6106	0.47008216	0.71504253	1.003508	0.4375533	0.7546373	0.45378432	0.58783823	0.8833708	0.36801273	0.73783803	0.53984433	0.3924846	0.7397525	0.4561071	0.26414368	0.6576313	0.4312668	0.39608014	0.54628205	0.23766942	0.30943745
6110	0.6002414	0.9194729	0.96099174	0.30978802	0.89926285	0.63652384	0.8833741	0.6704469	0.28343612	0.711405	0.37395754	0.43052754	0.6742126	0.24401355	0.7410776	0.47103631	0.46622017	0.2500773	0.7010785	0.913135	0.889316
6122	0.3559744	0.81286496	1.0986283	0.37229806	0.82957584	0.30496272	0.38753617	0.44591486	0.98214513	0.72514206	0.4862125	0.5464623	0.18542102	0.79872817	0.30161607	0.6829382	0.51415265	0.21802291	0.88236225	0.34260127	0.4362461
6124	0.37175572	0.954041	1.0678071	0.37055734	0.7860363	0.57188785	0.3147022	0.8814432	0.39647055	0.7165047	0.58808947	0.65686923	0.47530755	0.44964394	0.22235885	0.72103107	0.39136997	0.24072248	0.84112287	0.39159507	0.7994757
6135	0.7019443	0.48451194	0.6147461	1.0170687	0.33645156	0.33521035	0.28151712	0.44973555	0.93938285	0.6988805	0.95570767	0.674075	0.7396263	0.86387056	0.18398197	0.7072624	0.20502067	0.22307524	0.52750444	0.17474271	0.24778882
6143	0.49950606	0.63236433	0.947095	0.33900928	0.87483084	0.5953287	0.4268682	0.30453315	0.9561711	0.7071032	0.49954766	0.45313382	0.25107375	0.8051299	0.39459628	0.70309883	0.6149456	0.2727223	0.891664	0.76891834	0.72439164
6144	0.47072664	0.97330916	1.1151601	0.41018233	0.86689836	0.3866645	0.50439876	0.82407475	0.30649453	0.7537899	0.48099932	0.43304858	0.74933445	0.34254953	0.2510912	0.6244172	0.4988166	0.26427028	0.42742154	0.27013752	0.33544576
6154	0.8798048	0.4099181	0.9216798	0.30025494	0.897481	0.38103312	0.733266	0.33664244	0.48337147	0.7102002	0.35579532	0.37558112	0.15722547	0.58756757	0.3230215	0.557989	0.42288896	0.47101974	0.8331655	0.47470176	0.31815532
6156	0.8704145	0.3456137	0.66782075	0.39291567	0.78761184	0.88010967	0.91988206	0.3165256	0.480141	0.7028439	0.3924411	0.92813593	0.47116786	0.5916914	0.78691256	0.4937218	0.47098505	0.48761272	0.9039022	0.63828146	0.9906607
6161	0.3486059	1.1233499	1.0580418	0.67513955	0.3775464	0.32182732	0.30110914	0.92997205	0.51893896	0.7752959	0.53868586	0.35411945	0.84881604	0.72615963	0.20871386	0.7133503	0.26349106	0.2562501	0.4332922	0.18184192	0.2633129
6162	0.33725688	0.74482214	1.1020162	0.4551709	0.6381809	0.39708576	0.33826768	0.86199844	0.52442557	0.7455636	0.5933474	0.44313428	0.6224304	0.6307671	0.23185243	0.73233575	0.24572337	0.2519165	0.6389989	0.28598028	0.4450806
6170	0.40414727	1.0039315	0.93175703	0.335054	0.77761865	0.3107007	0.68998915	0.6182375	0.4306729	0.729834	0.71457714	0.33224452	0.8253524	0.4215519	0.25592497	0.5978575	0.48990583	0.33377147	0.6905492	0.9302466	0.35719398
6174	0.7858909	0.5481939	0.7554491	0.3053539	0.90149844	0.40472776	0.6642277	0.23671873	0.9375791	0.65562	0.37566486	0.47437403	0.2275019	0.77050924	0.4107099	0.70405847	0.4843347	0.3191401	0.6898555	0.80877197	0.33800125
6178	0.7963	0.7421863	1.0337886	0.32081148	0.91475046	0.43235663	0.8196901	0.72520024	0.48196793	0.71876544	0.38449043	0.3612641	0.53866553	0.6455151	0.69364077	0.6540621	0.4071142	0.20671374	0.78023607	0.28278816	0.8754688
6181	0.3411054	0.9168222	1.128272	0.49190557	0.6623243	0.4896155	0.35080895	0.540303	0.85239136	0.76164424	0.62529093	0.36345536	0.3324048	0.73510116	0.26489833	0.72306854	0.2701155	0.24044082	0.91255635	0.3811606	0.8526867
6192	0.75282866	0.49767762	0.788481	0.33090398	0.8625964	0.8148915	0.33419007	0.84222496	0.7095941	0.69136465	0.63862854	0.45654142	0.5127501	0.8307203	0.19945803	0.71871084	0.36705053	0.41468784	0.81964445	0.77919483	0.609012
6204	0.8615857	0.37411767	0.6249212	0.36569202	0.90769696	0.71571654	0.8600001	0.45379406	0.34832543	0.6623405	0.40607697	0.5162923	0.25039697	0.6061883	0.60256535	0.611438	0.42590538	0.25518167	0.7954945	0.59005535	0.7213959
6210	0.41321334	0.95710415	1.0269945	0.65068	0.6621672	0.26060754	0.34163204	0.82818145	0.532509	0.76290673	0.6951189	0.5407837	0.8260666	0.3802548	0.21266167	0.7056845	0.4132943	0.27737775	0.60165215	0.58945966	0.4422082
6218	0.77193326	0.5465502	0.999792	0.35695517	0.8644886	0.6690711	0.49068838	0.9529045	0.36866426	0.6879451	0.45394817	0.85204047	0.7414519	0.3487631	0.25157613	0.5745049	0.56769556	0.510851	0.8257528	0.6557831	0.8447569
6221	0.8020149	0.543584	0.7400576	0.30081952	0.87763	0.788852	0.2887159	0.44224262	1.0233746	0.6699456	0.3813769	0.7508744	0.4511727	0.7694908	0.23125176	0.58190227	0.7425792	0.67597634	0.8448036	0.45643866	0.70445794
6224	0.75736177	0.42843795	0.58901465	0.90153724	0.2931664	0.5139546	0.3726126	0.35014603	0.99996537	0.708334	0.39792198	0.73724633	0.46665305	0.91988015	0.20903836	0.7107878	0.45324388	0.27479193	0.8079524	0.32617873	0.44093293
6228	0.95213103	0.3008944	0.4313469	0.25766623	0.9842406	0.2784058	1.0900306	0.2935517	0.49769387	0.6192066	0.24216838	0.9250684	0.5376553	0.35144737	0.47426614	0.65069574	0.55182767	0.30778694	0.80042136	1.0097163	0.60609496
6235	0.90442324	0.3027061	0.69769263	0.34552118	0.9456871	0.379736	1.070863	0.78196335	0.30548003	0.63173324	0.3048596	0.88291097	0.5580494	0.24903175	0.5468107	0.70069164	0.6217109	0.4276019	0.8897198	1.0117707	0.88530046
6249	0.77586967	0.48879737	0.4838588	0.42045647	0.8059283	0.24811216	0.40705565	0.224836	0.9981554	0.6453465	0.327639	0.39674515	0.29086873	0.76502585	0.23916145	0.71908087	0.6539109	0.7902179	0.32682154	0.8677622	0.21887298
6258	0.89944696	0.34973285	0.40105012	0.26973042	0.852509	0.252631	1.0009873	0.25358972	0.68528414	0.6285263	0.29668054	0.6390755	0.28593978	0.36910385	0.765093	0.5699991	0.5119625	0.4287623	0.6993946	0.3945584	0.5479435
6277	0.8330609	0.64194876	0.6675055	0.30554295	0.8297106	0.29807287	0.44534254	0.26409784	1.0629259	0.67008835	0.3503846	0.52818054	0.39196604	0.9127035	0.23754393	0.67292756	0.83172727	0.8473512	0.6968449	0.6027926	0.27203673
6281	0.8358551	0.4401077	0.49003807	0.35262415	0.8702383	0.23073472	0.41222864	0.23893742	0.98293567	0.6708423	0.28150627	0.40568635	0.35164583	0.6006517	0.29985303	0.73700476	0.65017104	0.7715072	0.5127495	0.6884284	0.32980523
6283	0.9758477	0.36198133	0.42026043	0.4075371	0.78704065	0.46628752	1.0430661	0.35124525	0.41378593	0.5960716	0.36040524	0.9011744	0.5008922	0.39281452	0.7248858	0.65595233	0.35175174	0.29105046	0.83634233	0.8142323	0.8366808
6288	0.96917236	0.4705498	0.7222319	0.2928815	0.93366945	0.2386231	0.82949716	0.8741077	0.43162024	0.6767568	0.36032188	0.8966796	0.3691456	0.5765275	0.22718987	0.6792396	0.62824947	0.8560676	0.8341456	0.83923954	0.47881112
6290	0.71612346	0.42020515	0.6559691	0.32442737	0.9329836	0.38041395	0.31853542	0.2688752	0.9601931	0.71813184	0.32307127	0.89654005	0.27015233	0.77534	0.24236019	0.4692687	0.7797233	0.8578005	0.7419364	0.46584582	0.52399075
6294	0.7534798	0.33786982	0.6339663	0.30198762	0.9468136	0.49972284	0.39765772	0.2126591	1.0848731	0.69178754	0.31430367	0.7447278	0.16507241	0.91660875	0.23786135	0.5681503	0.84053725	0.9277126	0.85308	0.91278994	0.9326273
6304	0.87845385	0.32894427	0.428715	0.30802083	0.9001019	0.38730913	0.88817275	0.3109992	0.63730013	0.61390394	0.31900996	0.7211562	0.45829594	0.48728785	0.42314357	0.61662835	0.5839771	0.5054009	0.8665847	0.88452816	0.73922765
6306	0.90831375	0.37333524	0.46387035	0.29377535	0.96029466	0.832321	0.33615682	0.26250103	0.9987456	0.68147135	0.35495132	0.81017125	0.1990484	0.87056977	0.24242295	0.53417814	0.83649915	0.9607438	0.9044452	0.67255354	0.9799184
6307	0.9364743	0.4128909	0.53268754	0.2665118	0.94328946	0.45953798	0.9843199	0.8566297	0.34836242	0.6513269	0.31249225	0.8953738	0.36945438	0.26225328	0.6224976	0.6521052	0.49472356	0.3353542	0.8966428	0.88295734	0.877776
6308	0.89017093	0.8489332	0.8281197	0.34851468	0.8666622	0.328674	0.98031336	0.78622025	0.99571353	0.74646175	0.31960917	0.36906686	0.32326052	0.8141941	0.22602901	0.70679927	0.6055154	0.6623413	0.49710897	0.89456034	0.31818974
6315	0.43688068	0.87754893	0.99740803	0.36030376	0.79170644	0.9762078	0.66608083	0.91132414	0.32074413	0.7436962	0.50065255	0.6289029	0.6585129	0.33218732	0.34472048	0.39914268	0.525114	0.39738837	0.8466724	0.79764485	0.91554946
6320	0.8493664	0.44623476	0.96621233	0.29035592	0.90802395	0.77113193	0.39658353	0.9509731	0.3700003	0.7671487	0.40891156	1.0467911	0.7467569	0.45383856	0.2961431	0.43850484	0.6036829	0.74475425	0.97001016	0.5657416	0.7679653
6324	0.72686726	0.39663383	0.5776784	0.42274293	0.8540332	0.77342385	0.9268195	0.28878173	0.3435377	0.6922603	0.6036399	0.8582241	0.2806943	0.8088324	0.481902	0.47561628	0.37422696	0.23635967	0.83064044	0.73685384	0.9508074
6329	0.93444854	0.3354251	0.3902055	0.26845053	0.930514	0.40846783	0.6468871	0.40316734	0.9238511	0.625159	0.28221884	0.8757913	0.40215948	0.6278247	0.2576024	0.48068306	0.5761743	0.43928194	0.9891165	0.99310327	0.93237317
6333	0.5011735	0.8203035	1.0035301	0.38582024	0.8600423	0.7716746	0.7273186	0.70205665	0.35138887	0.71758395	0.49148005	0.56486297	0.7587676	0.30504134	0.6780362	0.3624732	0.4906518	0.4549519	0.75116605	0.95855784	0.86647767
6337	0.39031094	0.5158481	1.0965958	0.835384	0.689176	0.46706367	0.3918118	0.8229523	0.8291873	0.7031527	0.91982377	0.62507194	0.5242357	0.7600896	0.19337228	0.7107601	0.2234182	0.23750833	0.88464665	0.9755231	0.7053758
6339	0.8859599	0.3293829	0.37174475	0.2703593	0.9938779	0.92778254	1.0501702	0.3175586	0.28704736	0.62378937	0.32370597	0.933162	0.38411215	0.35757157	0.73081195	0.29511765	0.47198492	0.29351103	0.9404242	0.9480009	1.0061234
6364	0.75500727	0.34093693	0.9281528	0.3750316	0.88271713	0.4678172	0.62234116	0.4751829	0.94014156	0.69435847	0.59023297	0.9006235	0.27092117	0.77421796	0.39125097	0.5814619	0.5058644	0.25767097	0.8520148	0.60296196	0.6008577
6366	0.91951823	0.3005743	0.3690914	0.23902826	1.0140169	0.7804976	1.0005836	0.20773982	0.29885915	0.6280337	0.26837757	0.75415254	0.22312957	0.28006783	0.7480992	0.31479877	0.4785342	0.25616673	0.99603015	0.87932354	1.0350287
6370	0.9686224	0.34116235	0.38950747	0.3123944	0.6344753	0.5397338	1.0358121	0.4624896	0.4404508	0.5776827	0.35744286	0.74847	0.5265599	0.35244998	0.700942	0.5049798	0.43640772	0.33073354	0.86058265	0.32422385	0.94864357
6374	0.9295032	0.27553347	0.5221868	0.32001826	0.9275304	0.87250113	0.98550856	0.37214234	0.3314546	0.6742735	0.38057262	0.9925983	0.27435076	0.6240799	0.7604648	0.3546213	0.52561975	0.23994127	0.9899892	0.6919417	1.0283662
6375	0.94967306	0.7863125	0.42749324	0.75111103	0.8850313	0.3148045	0.4899426	0.30964145	1.0044148	0.62465507	0.64618385	0.6626312	0.2601323	0.572769	0.62094027	0.6877846	0.4079549	0.263461	0.849916	0.9345053	0.40983564
6389	0.9466953	0.39016214	0.6598622	0.24732135	0.9642314	0.85387576	1.0245934	0.64368486	0.29870984	0.6319029	0.33182877	0.80171347	0.3549843	0.33744594	0.7710934	0.36459938	0.4948299	0.25550556	0.95262337	0.5778115	0.9960868
6392	0.90014994	0.554168	0.92169505	0.3000047	0.9178883	0.8596813	0.6937184	0.8684435	0.5973155	0.74662656	0.85062313	0.9908229	0.67318857	0.5107756	0.2418666	0.5213875	0.472185	0.2357293	0.82557666	0.54603887	0.9022388
6397	0.7035521	0.49274814	0.85098004	0.29593772	0.82734203	0.57347435	0.34590358	0.95224005	0.3230995	0.6747965	0.37085167	0.7609967	0.80205417	0.48860368	0.3237844	0.70548004	0.6304544	0.39201134	0.84367764	0.46658295	0.76745814
6403	0.9411892	0.3846511	0.63937336	0.30790108	0.74925965	0.50383425	0.80775124	0.76424956	0.7714777	0.68086976	0.3141797	0.949658	0.71082884	0.73978674	0.2252802	0.6622929	0.6921567	0.50473094	0.87859255	0.31121844	0.7271838
6407	0.77150935	0.45904094	0.64958364	0.40231904	0.6682967	0.4126356	0.29621264	0.5581045	0.9179484	0.63602036	0.82067263	0.6812728	0.51568097	0.7033729	0.2014883	0.7117375	0.444108	0.255536	0.7887773	0.29423073	0.22221904
6418	0.93921345	0.3030311	0.38598976	0.46063042	0.38034108	0.43702292	0.7194006	0.9419631	0.28696814	0.6137044	0.38096258	0.9374288	0.6689285	0.29947904	0.5517398	0.68154556	0.32291585	0.23007835	0.954888	0.2368147	0.50089025
6422	0.8901817	0.32468978	0.49230108	0.31385666	0.8247015	0.9278984	0.4497222	0.95497113	0.3447696	0.7079199	0.31437084	1.0419128	0.4191525	0.42131743	0.19196655	0.47304612	0.53455275	0.5990893	1.0420469	0.6017746	0.95189816
6423	0.38026097	0.8539333	0.88826454	0.73692405	0.44573772	0.3341317	0.35462424	0.8662096	0.934272	0.7215229	0.85307956	0.41588277	0.7447727	0.7953839	0.20122577	0.69968325	0.2513831	0.22511403	0.51500475	0.20819852	0.32821965
6424	0.5325954	0.77510285	0.76462704	0.3049124	0.9473863	0.47798523	0.4222138	0.40386483	0.87617606	0.6798249	0.36871994	0.809621	0.29844242	0.667073	0.6850775	0.33358243	0.5482392	0.39822847	0.8549559	0.7009121	0.9987622
6436	0.5090848	0.5595519	0.69911	1.002054	0.285428	0.75303835	0.31372833	0.93096834	0.40701634	0.65626866	0.9755584	0.62693125	0.9792259	0.25005335	0.24354081	0.67879194	0.17927772	0.22507009	0.90851575	0.19714811	0.9503622
6440	0.36630693	0.8985645	0.9950304	0.8871259	0.38597292	0.3577846	0.336792	0.8738107	0.8825036	0.73840743	0.92652917	0.54232687	0.8571895	0.6679672	0.1970373	0.66198415	0.24326706	0.24693131	0.9007627	0.21187371	0.54374653
6443	0.4517771	0.4459237	0.54642946	0.9208906	0.2632522	0.96798354	0.49196327	0.80977345	0.50955445	0.68648833	0.9714173	0.45836902	0.29823378	0.77438223	0.24229287	0.7238272	0.1850383	0.23055726	0.86557734	0.22098528	0.30004516
6450	0.89029884	0.42129537	0.4828698	0.9933633	0.27482462	0.55238885	0.5236874	0.36234277	0.96310866	0.64464223	0.9721559	0.712334	0.527885	0.838865	0.21237688	0.704943	0.18440114	0.22696494	0.8667587	0.1933962	0.4542979
6468	0.34191853	0.44552946	1.0549803	0.9616102	0.27002978	0.97732544	0.32037908	0.8439928	0.7799676	0.74335575	1.0327773	0.87665284	0.8573645	0.8048728	0.18933901	0.7152542	0.20849828	0.24831685	0.98829263	0.20924592	0.88614655
6472	0.57235944	0.38160613	0.651457	0.359874	0.50295115	0.8855556	0.64449203	0.52331203	0.31365535	0.663085	0.78518695	0.6452583	0.47667825	0.46560904	0.7417225	0.4558116	0.24806315	0.24245504	0.9534187	0.46161956	0.889318
6492	0.3927465	0.6549131	0.98231703	1.0028485	0.28109992	0.38891205	0.690401	0.7968192	0.5022161	0.73288155	0.8173818	0.3778062	0.7754681	0.4292634	0.2738185	0.7121031	0.22252886	0.22887874	0.7571569	0.18843481	0.39574835
6499	0.45287606	0.57571465	0.874547	0.89517295	0.31402704	0.8090235	0.63676417	0.9202045	0.42631015	0.69901	0.92803913	0.6304595	0.6436343	0.32324764	0.3146939	0.68934435	0.21233758	0.22791159	0.8192098	0.20298734	0.4726659
6502	0.3637653	0.70469135	0.98881876	1.0011458	0.33759245	0.65204173	0.37838325	0.8391038	0.45014688	0.72236997	0.9498421	0.8377202	0.8007741	0.48742887	0.24936245	0.72530353	0.22971553	0.24777526	0.79977316	0.20143247	0.3172078
6508	0.37048897	0.45224863	1.0632635	1.0385053	0.2698892	0.6810593	0.40500435	0.93834776	0.4004264	0.75038576	0.96929115	0.4738065	0.83717144	0.35587662	0.21943049	0.7287642	0.19630243	0.22830668	0.76442665	0.19062658	0.7134222
6519	0.49686903	0.44184473	0.53620654	1.0086808	0.26568165	0.68448985	0.7754283	0.7709828	0.94721836	0.707921	0.950803	0.7126261	0.6932619	0.79467314	0.24475797	0.7666358	0.22343642	0.24149036	0.8710833	0.19156553	0.7249593
6524	0.47444922	0.5397426	0.67281777	1.0237964	0.30271044	0.38043284	0.37665528	0.3736917	0.97060066	0.6815652	0.8893667	0.5195096	0.23394777	0.7498923	0.24718817	0.62679553	0.22025996	0.2678663	0.7320334	0.18436198	0.60665655
6535	0.9003198	0.3105593	0.34824818	0.2767485	0.96489716	0.58427244	0.2895416	0.27671012	1.0894116	0.6530742	0.3080583	0.9916153	0.2511749	0.9070315	0.20863304	0.4357392	0.8066073	0.91909075	0.90962887	0.92262715	1.0002496
6537	0.9004487	0.42118004	0.3681483	0.43350962	0.39759928	0.3600539	0.9511653	0.26660565	1.0257922	0.6061829	0.6062181	0.5144752	0.26575866	0.73013496	0.43531963	0.7046465	0.5423003	0.5307659	0.6859261	0.40076753	0.3582724
6546	0.32408842	0.65862435	0.9793223	0.4546634	0.3280031	0.58852035	0.3603779	0.6129477	0.78540057	0.7370662	0.9017868	0.571424	0.6761939	0.85034925	0.3489112	0.71019596	0.22712912	0.23376405	0.787445	0.3524913	0.28364187
6565	0.6299378	0.6451474	0.7963476	0.3563551	0.8889381	0.75907725	0.46618173	0.7333453	0.5174123	0.6734538	0.40766945	0.5096503	0.3368357	0.5000854	0.36394075	0.535301	0.47336227	0.29620293	0.8363943	0.7897586	0.8031421
6573	0.41439041	0.42650953	0.9825397	0.9066429	0.53271717	0.63615775	0.30651894	0.91799486	0.5356795	0.7209683	0.91757035	0.77952784	0.77194136	0.6671178	0.21186024	0.73127127	0.19460765	0.23230205	0.88114524	0.6615655	0.5486494
6575	0.5590763	0.4100111	0.7528004	0.3292852	0.9177737	0.38927814	0.35990834	0.6609075	0.987132	0.69722384	0.35311267	0.9329952	0.37196347	0.87671566	0.22122452	0.7177545	0.70533967	0.80783737	0.8219611	0.84242344	0.91153014
6579	0.70120305	0.5230808	0.5885275	0.47309062	0.75173783	0.80692273	0.48153606	0.4124892	0.50325906	0.6679146	0.5327466	0.86956936	0.53506684	0.6753038	0.23263896	0.56647325	0.3406671	0.27085716	0.9060788	0.2692784	0.7356934
6582	0.3392821	0.9509399	1.0367589	0.7902775	0.5899445	0.2419032	0.28929278	0.8811553	0.56257993	0.7972513	0.7776074	0.3059058	0.8750032	0.32782686	0.19350478	0.650942	0.24500135	0.27996302	0.56378233	0.46613714	0.26841974
6590	0.44010898	0.41506383	0.8312451	0.8101454	0.4419357	0.4963659	0.5177519	0.53019214	0.92214113	0.7198537	0.92172784	0.8306472	0.67329943	0.7829613	0.18922465	0.70271206	0.19877923	0.23254727	0.63596976	0.18704909	0.54157203
6595	0.48753887	0.70320743	1.0155336	0.4519712	0.37140188	0.34626982	0.5771179	0.664904	0.48144826	0.6879885	0.54700184	0.60564893	0.79712117	0.4740587	0.29850212	0.58153754	0.4188202	0.3038414	0.70061976	0.46432573	0.75864536
6598	0.3255732	0.9473917	1.0005455	0.5726907	0.44302514	0.42715248	0.35130444	0.36773396	0.93062454	0.74570215	0.74696696	0.6022725	0.35354334	0.88067216	0.22331609	0.668932	0.2830733	0.25238675	0.8121908	0.20207879	0.44375616
6602	0.38966796	0.83332574	1.030241	0.7766131	0.43394363	0.4391293	0.41147333	0.9557295	0.2787857	0.7239799	0.8735628	0.38379145	0.8450065	0.21736418	0.21088031	0.7317592	0.24863565	0.24121845	0.76948935	0.34445104	0.7710089
6603	0.36781088	1.0345356	1.0032272	0.36174926	0.82745534	0.6087875	0.32466444	0.5830452	0.8722722	0.7419922	0.63186085	0.5843361	0.32991803	0.8820274	0.23331489	0.6781475	0.5292111	0.30155435	0.8489281	0.79311436	0.87307405
6609	0.59639275	0.39097294	0.92961234	0.25913435	0.9442904	0.78766173	0.30770546	0.61024165	0.9257578	0.7646303	0.31218106	0.9868156	0.647925	0.6832805	0.18838134	0.46019658	0.5081595	0.2611779	0.9390568	0.83600533	0.98842233
6613	0.33578384	0.90056336	1.0634109	0.5094629	0.40362397	0.53905886	0.37887093	0.84540915	0.36555082	0.7039086	0.79296166	0.56153023	0.33920324	0.6904435	0.2563243	0.73817164	0.23625356	0.22565566	0.7887486	0.6571278	0.30059794
6619	0.34504712	0.9384834	1.0986903	0.7360232	0.43196678	0.2986462	0.272736	0.89421344	0.40183184	0.76242864	0.827986	0.47430375	0.81661284	0.34801066	0.20244655	0.6484611	0.24442413	0.24937326	0.73287517	0.21530122	0.31052768
6625	0.39724934	0.33367202	1.023315	0.63493866	0.33997965	0.85221815	0.40251276	0.85572964	0.58812773	0.72052985	0.7400044	0.6504799	0.3782023	0.84744084	0.3345279	0.63079834	0.24819058	0.24577996	0.92573243	0.37096098	0.3646217
6629	0.4110138	0.9094863	0.9853586	0.6585685	0.67524135	0.34315565	0.2903367	0.6910544	0.5059419	0.6909702	0.75471085	0.4587448	0.844375	0.48863414	0.3587599	0.70709974	0.2829244	0.24132025	0.78346664	0.45368356	0.44128087
6630	0.35315725	1.1057823	1.106173	0.39533156	0.62022656	0.4431742	0.2635471	0.99090695	0.23787847	0.75327075	0.50590646	0.52516913	0.8937351	0.25319028	0.20134813	0.7121661	0.32004672	0.22566175	0.7829262	0.34849703	0.6993622
6649	0.72677195	0.44699416	0.47461143	1.0194868	0.2684194	0.9338983	0.43865642	0.80442625	0.8838859	0.6778106	0.9917881	0.7260822	0.7072861	0.8355241	0.20851569	0.71660775	0.16785586	0.21690507	0.9376937	0.20540564	0.6593896
6652	0.37010562	0.39218602	0.7202229	0.9971015	0.27752188	0.740804	0.38248444	0.8727557	0.6798735	0.64824295	0.87243015	0.5447346	0.80608976	0.60384125	0.24162395	0.67204046	0.20070185	0.25294214	0.8861332	0.18255644	0.6542404
6696	0.3709432	0.64548373	1.0469832	1.0655831	0.30025604	0.4199669	0.28171566	0.38503566	0.9461047	0.7490206	0.85776085	0.91304624	0.30684316	0.85638547	0.2301276	0.67440885	0.19201988	0.22020265	0.900496	0.18230239	0.5812992
6716	0.34044445	0.48842192	1.0567764	0.95846415	0.2998154	0.78128594	0.33788043	0.51887894	0.8083176	0.7697182	0.9845993	0.8137796	0.24557768	0.75934947	0.78687644	0.69545007	0.19854352	0.23919803	0.95858437	0.19995448	0.9807566
6717	0.60175824	0.40051958	0.6920008	1.0446701	0.26636428	0.9912159	0.27904886	0.9218475	0.6632316	0.6878451	0.95717925	0.6044116	0.54766744	0.69850725	0.2017626	0.7210071	0.17351986	0.19939464	0.8633713	0.19692463	0.5717392
6720	0.8306239	0.42457047	0.53759724	0.9309396	0.276081	0.596301	0.48038685	0.3125811	0.8013642	0.6475935	0.77692723	0.47283843	0.26777196	0.7513262	0.25313213	0.67372257	0.24476168	0.2581318	0.7649484	0.19145487	0.3047911
6728	0.58219177	0.45702305	0.6621431	0.97658837	0.2719002	0.5597484	0.29741025	0.88936055	0.897146	0.6291575	0.842903	0.49051628	0.5579192	0.6976497	0.19269992	0.70984936	0.22296739	0.21020636	0.8542906	0.17346884	0.3534976
6729	0.68880635	0.56146896	0.49410686	0.82088447	0.4743135	0.7450525	0.9437334	0.2439525	0.43931744	0.6811698	0.70785123	0.8211727	0.29087517	0.7049087	0.6994327	0.4356095	0.2692221	0.23383982	0.95177215	0.3780993	0.8577536
6732	0.4459182	0.81638575	0.9755039	0.95462793	0.31738967	0.8217324	0.42786404	0.94219136	0.3442522	0.69683576	0.9004066	0.49155888	0.92005825	0.32365823	0.25454432	0.65989095	0.282792	0.2920508	0.77555716	0.22621591	0.4800448
6736	0.38488683	1.1283691	1.0659796	0.87271184	0.34574193	0.33671337	0.30829176	0.8746197	0.46508864	0.7813396	0.94462615	0.35923663	0.6053203	0.6327057	0.20982604	0.69361824	0.27712268	0.30359012	0.3986579	0.46665347	0.36545727
6752	0.36668602	0.6761783	0.9716798	0.60912526	0.6008936	0.9331963	0.36703685	0.7886943	0.53181404	0.75624394	0.8267579	0.82432973	0.642077	0.69940126	0.21669668	0.6854752	0.26486507	0.24062282	0.8828271	0.29209498	0.525966
6761	0.93140686	0.42478365	0.71551836	0.83966416	0.3468989	0.6550658	0.6370804	0.648956	0.8613754	0.68454313	0.7910543	1.0312915	0.67204577	0.7740817	0.5666048	0.4816055	0.22768918	0.59209955	0.94419175	0.78942674	1.0134605
6768	0.8588817	0.32572588	0.4065476	0.7269547	0.75713706	0.85379833	0.97193235	0.21380189	0.3278122	0.6446025	0.63254887	0.7244032	0.20992279	0.30347756	0.785072	0.32312346	0.2809462	0.24721071	0.96501327	0.8483482	0.5821289
6773	0.58486176	0.35937563	0.6737313	0.7711785	0.59889	0.92455566	0.77284986	0.7708241	0.35119158	0.6656027	0.5683294	0.7953996	0.26412874	0.36898592	0.7322329	0.49445435	0.35863718	0.24578673	0.8236069	0.51725173	0.8341297
6779	0.58795005	0.42853668	0.77550304	0.53447753	0.6803929	0.88563514	0.3858956	0.86302537	0.49959388	0.74559885	0.92829424	0.7117535	0.6755856	0.49749556	0.22533977	0.60769516	0.48962826	0.4066112	0.9128179	0.281833	0.9395683
6789	0.7900338	0.3761782	0.5526353	0.9633118	0.2752495	1.0021434	0.4408403	0.7810801	0.7484181	0.6539826	0.9534716	0.7268659	0.53115827	0.77599794	0.22152054	0.6859746	0.19024405	0.21535522	0.93473536	0.21382503	0.9257375
6796	0.6197771	0.78510267	0.9542259	0.64005595	0.7266454	0.5247589	0.41233253	0.403292	0.8306901	0.6829588	0.48028874	0.5295331	0.41248602	0.74209803	0.40592209	0.49353978	0.39104557	0.25453636	0.8732987	0.28537634	0.58353484
6799	0.98052245	0.32066548	0.40969405	0.45994207	0.4167428	0.5329406	0.7625507	0.9206697	0.3473394	0.5838832	0.45032594	0.8082142	0.6506806	0.40407392	0.33890656	0.72105837	0.2491566	0.2247562	0.9589095	0.2417462	0.34216946
6801	0.30547065	0.7652168	1.0076362	0.87839	0.36072263	0.58480126	0.25848463	0.9366983	0.29152188	0.6983295	0.943044	0.4662364	0.87069887	0.22808914	0.20148131	0.70818776	0.22406292	0.22700284	0.93205756	0.18748201	0.5621127
6804	0.82167745	0.47402054	0.73429155	0.43513092	0.8036027	0.7700257	0.52271825	0.29588488	0.9762862	0.6784882	0.6975458	0.70591205	0.29623035	0.86507547	0.22576311	0.47049826	0.45025802	0.3147118	0.9078098	0.69290835	0.8571065
6808	0.79686856	0.3359421	0.53839666	0.90553635	0.28156236	0.98595876	0.6584438	0.6769719	0.75181913	0.6178277	0.9113414	0.609694	0.39785394	0.6822405	0.3172614	0.6494199	0.26987305	0.23275408	0.91439754	0.22128972	0.9598172
6810	0.48081303	0.52375495	0.61252064	0.93933094	0.26295993	0.9608227	0.29289934	0.96087295	0.4373933	0.6364572	0.8726714	0.5273518	0.51868576	0.33105612	0.2427289	0.67049176	0.21650007	0.2097041	0.7793574	0.20677912	0.5068528
6815	0.8567108	0.42173186	0.403846	0.80717796	0.5722596	0.9385692	0.9030919	0.3077924	0.31286597	0.6456668	0.52880394	0.69779617	0.2717004	0.4629755	0.72950727	0.3996959	0.2530652	0.24433413	0.92785263	0.53175896	0.8587298
6829	0.74334997	0.34568164	0.51894474	0.29634497	0.8062074	0.98314697	1.0655944	0.7358983	0.3722184	0.70387554	0.82453555	0.9815645	0.30184203	0.25091207	0.28014582	0.5303696	0.42196864	0.24974525	1.0096545	0.92400926	1.015562
6831	0.71881425	0.3870175	0.7943099	0.2859948	0.9358014	1.0208561	0.47531626	0.779867	0.82831657	0.7278767	0.3456086	0.9564655	0.8826194	0.84046596	0.17794122	0.72264147	0.4937082	0.2701503	0.97553176	0.8931745	0.93124056
6835	0.38248518	0.6312448	1.0530525	0.3717411	0.7342867	0.5475873	0.40589285	0.92028606	0.3471868	0.73764217	0.8842305	0.38113862	0.7701417	0.43021053	0.21228	0.5612167	0.30883065	0.22908087	0.6344231	0.5187808	0.359458
6836	0.7753714	0.45867747	0.65969115	0.29272246	0.88580006	0.97974724	0.3349254	0.6879048	0.90279686	0.67917514	0.48560226	0.56189847	0.35459474	0.72416	0.25733164	0.6652091	0.52820927	0.31719947	0.86676747	0.63617027	0.8566462
6848	0.80684716	0.5556749	0.7760903	0.29139754	0.90850925	0.8141836	0.55217457	0.41713038	0.9391717	0.6697679	0.36549658	0.7459818	0.58419245	0.8190417	0.31959173	0.4643913	0.6011345	0.37858018	0.8775233	0.35127047	0.9155981
6852	0.8959722	0.40072638	0.5276709	0.26885608	0.78732264	0.587393	0.844449	0.19379069	0.87658566	0.652679	0.42577213	0.5070544	0.21144661	0.8146488	0.73022604	0.5400875	0.5135498	0.32407704	0.7773074	0.75208086	0.44017687
6864	0.84823775	0.370664	0.46999633	0.28633785	0.9343401	0.66671824	0.30902302	0.37306467	1.047376	0.67171544	0.36241618	0.9149432	0.6278772	0.8801371	0.22811818	0.5556723	0.8217203	0.6591552	0.9559174	0.7506815	0.9882031
6869	0.80028576	0.35504672	0.62974536	0.2764979	0.9712431	0.6325036	0.31799486	0.355734	1.0291867	0.6939463	0.33575332	0.40660366	0.33577055	0.8690118	0.19894597	0.4615309	0.75453055	0.95092237	0.9614889	0.8599009	1.0122093
6879	0.8919182	0.3512475	0.42304423	0.28103983	0.9682063	0.7925487	0.3469759	0.35900754	0.9806416	0.6687415	0.33194128	0.6926348	0.2592501	0.79822457	0.22059119	0.50030607	0.6886436	0.8891682	0.950515	0.7327958	1.0187637
6885	0.6212465	0.6472373	0.90820456	0.2578221	0.88630146	0.3769945	0.30703315	0.75369495	0.8372513	0.73625386	0.43927243	0.65860784	0.7540205	0.52183926	0.19365264	0.54540616	0.45717055	0.24904978	0.83345574	0.4699335	0.9325124
6899	0.6489978	0.524895	0.9322675	0.28469384	0.95311904	0.6823546	0.30274132	0.76834965	0.6421814	0.683659	0.3970895	0.7006034	0.5500105	0.48585775	0.19875762	0.38113025	0.53037155	0.36177287	0.81724125	0.83199316	1.0107781
6906	0.8496503	0.58544284	0.47061622	0.32857358	0.87096083	0.35615757	0.52265024	0.35180327	1.0285466	0.6294496	0.38543853	0.804895	0.41890436	0.8745903	0.21004531	0.6628103	0.7543413	0.80817765	0.80793697	0.4684861	0.78040195
6907	0.9251972	0.42855635	0.7960426	0.32971933	0.8427983	0.7221626	0.83349955	0.71003294	0.45924318	0.7143808	0.38844004	0.9606134	0.45917422	0.6658981	0.62211025	0.39352328	0.5741065	0.5983677	0.951314	0.84160286	1.0131327
6915	0.62097347	0.42276087	0.6473315	0.3574993	0.86617494	0.49817467	0.64561915	0.32631883	0.9364155	0.66404855	0.33091435	0.44366947	0.187443	0.45014486	0.5478653	0.48878744	0.7216332	0.88141394	0.7504132	0.29015335	0.85562646
6916	0.48294547	0.43872738	0.7793465	0.3190322	0.823647	0.90210545	0.5230913	0.82965374	0.5284764	0.7327749	0.8077509	0.56943357	0.630372	0.63639945	0.25061655	0.6114725	0.41374478	0.2814303	0.8034349	0.5476723	0.9161518
6920	0.8150121	0.3720174	0.6046453	0.29925886	0.98164445	0.9938958	0.32708412	0.45496476	0.9503068	0.69459474	0.35210416	0.714209	0.32974747	0.7541739	0.20340735	0.42981964	0.72883385	0.4189448	0.95040435	0.9454535	0.94993937
6928	0.87349516	0.35876036	0.6045315	0.26196	0.9468645	0.90663826	0.51099426	0.5143535	0.79950136	0.7001303	0.32868317	0.8009	0.2363906	0.6619459	0.30112427	0.35057643	0.51374686	0.32604343	0.88136953	0.24711011	0.8775763
6933	0.8347771	0.40702984	0.44293246	0.33798644	0.9045149	0.8985771	0.99709064	0.5667659	0.45521542	0.6689541	0.5031618	0.90455693	0.2580461	0.48041418	0.37379396	0.55247116	0.5539844	0.3980318	1.0065187	0.9417002	0.9253707
6938	0.4947185	0.8377357	0.976479	0.40745738	0.82442534	0.6939407	0.37214738	0.8720757	0.3085666	0.7356502	0.6223173	0.59970176	0.90295327	0.42764843	0.3215901	0.68504083	0.5319691	0.27475968	0.57481366	0.58879113	0.42067564
6944	0.6507674	0.63206947	0.75850624	0.2689825	0.9922098	0.96223986	0.8974621	0.67962277	0.62007356	0.68871635	0.34080294	0.7529124	0.50312805	0.5735371	0.7093887	0.38631117	0.6687172	0.50228727	0.8861798	0.98355657	1.0087125
6950	0.9137034	0.4888456	0.6289686	0.293423	0.90298665	0.48661667	0.71575624	0.9138009	0.5826553	0.6226589	0.35695198	0.6736046	0.7548442	0.54571027	0.26870632	0.71414334	0.5238612	0.3244571	0.8116643	0.57250255	0.3807975
6953	0.7932244	0.41034108	0.6520676	0.2666208	1.0028176	0.778993	0.398307	0.8874527	0.58256215	0.66252786	0.47568858	0.6879641	0.5207481	0.6134496	0.2815394	0.4129996	0.5808055	0.6217212	0.82783896	0.7316155	0.9905457
6954	0.50262	0.37325928	0.6576224	0.4927534	0.81756896	0.5153366	0.44912037	0.8981968	0.737216	0.7169485	0.4635254	0.8574646	0.8240233	0.8358282	0.20039673	0.6772759	0.58765155	0.8812746	0.78381544	0.8546063	0.78885835
6957	0.7707223	0.4984259	0.737039	0.302986	0.8440615	0.5729032	0.3739077	0.87891054	0.48801765	0.6399662	0.48539045	0.6907891	0.71326977	0.6367912	0.23184629	0.5861412	0.5510657	0.45502454	0.78398585	0.72361904	0.6015373
6968	0.80901843	0.6628848	0.8761633	0.30812597	0.896354	0.512588	0.33826995	0.37820515	0.96353656	0.73967165	0.5285422	0.85370046	0.54708254	0.77718574	0.25049874	0.48683485	0.6074061	0.2596648	0.81902236	0.43492737	0.4310215
6981	0.75173604	0.33241758	0.56467724	0.8189263	0.5169159	0.72820777	0.3396495	0.27644977	0.97695434	0.63389087	0.4263494	0.8646465	0.3300654	0.8830635	0.20985013	0.67463356	0.530817	0.3854736	0.8031333	0.63033026	0.8496787
6987	0.922698	0.5028493	0.794654	0.94346476	0.25872985	0.38106012	0.42825726	0.33298624	0.92399395	0.6708248	0.87756294	0.70267165	0.5733204	0.7702109	0.2589383	0.63031083	0.2623173	0.23037954	0.71177244	0.20525338	0.31116766
6989	0.5846093	0.67352414	0.8932646	0.9856858	0.30105597	0.5935274	0.36804497	0.92985755	0.6314552	0.6856697	0.9006572	0.67579156	0.5797039	0.75348186	0.19661017	0.7154319	0.19716834	0.23371112	0.8792236	0.19664016	0.39380622
6992	0.7540906	0.48734736	0.6880628	0.9705443	0.30260092	0.39011207	1.0442722	0.8178254	0.44963902	0.6316157	0.88582915	0.48376587	0.22328024	0.31059235	0.8085694	0.68750435	0.208381	0.2456699	0.6400524	0.21067886	0.4362469
6997	0.47001928	0.4551435	0.6292176	0.9697412	0.31851876	0.4245417	0.90772676	0.6445606	0.8583308	0.6619789	0.61971796	0.83151984	0.5727025	0.6138871	0.25176692	0.72222793	0.37101847	0.23617241	0.8800346	0.23416574	0.44090205
7100	0.92003083	0.32020405	0.41587996	0.2674521	0.97936594	0.7612899	0.9575398	0.20423698	0.28026482	0.63793516	0.24849541	0.5888291	0.17467709	0.25601923	0.7343548	0.3415654	0.48169553	0.24297988	0.94569254	0.8802471	1.0123572
7113	0.36042297	1.0856414	0.99720037	0.95463717	0.3125414	0.47032362	0.2511686	0.833686	0.5991491	0.6765635	0.96838915	0.5306123	0.87511015	0.5565747	0.18582849	0.6904867	0.21370609	0.2141527	0.6874909	0.2059355	0.49040845
7118	0.4177345	0.37963873	0.875349	0.8533792	0.47881812	0.6469334	0.27967107	0.7947775	0.4319813	0.6625687	0.718579	0.6396334	0.5867962	0.35765132	0.2048907	0.5517255	0.2067993	0.23285297	0.88903147	0.9107745	0.9165233
7125	0.5034332	0.8346102	0.8541626	1.0005655	0.33003187	0.8170077	0.5486022	0.92560303	0.47231764	0.702546	0.87303084	0.74300134	0.9352764	0.49195644	0.26584244	0.6923179	0.23124793	0.2826132	0.7109118	0.22338869	0.42863894
7128	0.67490274	0.4009578	0.97409517	1.0689845	0.2773076	0.7666139	0.29438338	0.48063907	0.8030346	0.7720726	1.0014608	0.9123587	0.42303956	0.65230936	0.24674325	0.7244479	0.20058309	0.22978544	0.96735036	0.18898414	0.658391
7134	0.4493369	0.5835829	0.974549	0.40265772	0.32461902	0.33653173	0.7314464	0.8397613	0.7748966	0.6926963	0.7125841	0.70948327	0.6857536	0.74797606	0.31567022	0.6153708	0.27853915	0.2286196	0.8185094	0.18257694	0.48451468
7135	0.68092734	0.70631284	0.806706	1.0235411	0.31103912	0.58853644	0.72573376	0.88550305	0.7011903	0.6854986	0.87166965	0.95687836	0.785835	0.61807525	0.23092023	0.5702149	0.2156722	0.24986476	0.92283	0.18854092	0.7654344
7143	0.8593054	0.48808724	0.7493015	0.3423657	0.6613757	0.3669455	0.7478884	0.7627632	0.40634516	0.64721644	0.49601132	0.4353787	0.2880627	0.457729	0.33874986	0.7024229	0.32675254	0.25551617	0.7658561	0.39741516	0.5153508
7144	0.42359078	1.0026212	1.015455	0.91673887	0.36971873	0.77949274	0.35274625	0.9193661	0.4858093	0.72217005	0.8556696	0.6327716	0.87140155	0.36530587	0.20789869	0.66126364	0.23249076	0.2797353	0.8846666	0.19872998	0.665717
7146	0.9539727	0.5689508	0.55779105	0.29704478	0.7737899	0.33117524	0.9800645	0.33758086	0.7751826	0.6510434	0.31259137	0.90046674	0.42444927	0.49930683	0.3309161	0.7109291	0.40289095	0.26035476	0.55222327	0.53217006	0.26427287
7147	0.75440717	0.89586014	0.8357845	0.26961538	0.93482924	0.50776625	0.37274098	0.2578966	1.0248997	0.72104955	0.33104	0.58638215	0.20943719	0.8890823	0.2204428	0.5859147	0.74383783	0.92801636	0.7723915	0.9002837	0.96059394
7157	0.83477056	0.39984933	0.95767844	0.31128302	0.9039981	0.85245305	0.59513104	0.7711378	0.6687187	0.71408755	0.9362178	0.8293985	0.35268033	0.42012295	0.19709846	0.5700524	0.41976285	0.2415255	0.910352	0.549596	0.95163184
7160	0.7454512	0.53602475	0.55218107	0.36866158	0.8698466	0.86696404	0.45587406	0.9211837	0.27581462	0.6672478	0.4491899	0.82401615	0.84137434	0.23648393	0.4132923	0.42044967	0.5768391	0.33278012	0.90759456	0.33774763	0.9706881
7161	0.67427766	0.44044754	0.83127445	0.4886889	0.88323176	0.9815177	0.33582613	0.8494734	0.6297757	0.7669855	0.7345502	0.6752886	0.5034994	0.5323223	0.19416521	0.6066907	0.35860345	0.48550758	0.87550735	0.5369319	0.98055965
7164	0.7504872	0.39813617	0.5842326	0.29266804	0.97636515	0.6753079	0.30329937	0.4726791	0.94354117	0.69012344	0.3358304	0.8832606	0.38836253	0.81689817	0.20564324	0.6359799	0.7273333	0.41932768	0.95253307	0.91708267	0.9213128
7175	0.78663176	0.33080333	0.5014073	0.2694127	1.0013013	0.8746653	0.33124614	0.40192044	1.1042746	0.64630544	0.32469866	0.8047919	0.47452632	0.89592344	0.21873182	0.4582006	0.8184939	0.9534734	0.8208591	0.45819318	0.95117575
7179	0.87632066	0.6828427	0.52750576	0.29262823	0.8344982	0.5324682	0.73189735	0.7757476	0.664908	0.64665407	0.32476854	0.7252058	0.5212447	0.57451665	0.54950994	0.41647843	0.53748846	0.4670571	0.85888153	0.6528585	0.9497822
7180	0.73565865	0.58974534	0.73046976	0.32740703	0.91072446	0.94374853	0.40110913	0.45037502	1.0191506	0.71346307	0.41774023	0.9594462	0.72949415	0.76123625	0.2304297	0.5372445	0.82377297	0.38524944	0.8692928	0.97038096	1.0091355
7187	0.44759396	0.39634866	0.85419136	0.41722754	0.78175664	0.90731657	0.5032931	0.9237619	0.42248136	0.7604237	0.5866628	0.5689763	0.6114645	0.5026243	0.227666	0.68935645	0.3983232	0.28892612	0.8929726	0.5679703	1.0004094
7192	0.776491	0.3369677	0.9220654	0.28861704	0.9175101	1.0083884	0.5101982	0.614502	0.8260982	0.7174795	0.33768272	0.920781	0.37878942	0.6972711	0.2676017	0.4399767	0.5261607	0.2902543	0.9595256	0.41788572	0.9788196
7193	0.59372574	0.4357655	0.60804635	0.30120456	0.94878685	0.99353343	0.6853964	0.599789	0.9713948	0.7132148	0.36709592	0.6657755	0.2944408	0.83429915	0.22443679	0.41026357	0.5565703	0.30917495	0.93592453	0.7329783	0.9828457
7198	0.74166566	0.41155857	0.55783844	0.9681782	0.28233808	0.88149977	0.40599087	0.94479656	0.5038165	0.7040663	0.9708463	0.84404165	0.62337047	0.6576513	0.24520259	0.69883317	0.20769188	0.2593933	0.9525562	0.23889966	0.77419376
7200	0.92176706	0.5468907	0.38455212	0.32468238	0.9169935	0.27561617	0.8825026	0.26499388	0.7596651	0.6347876	0.334979	0.53948	0.36626852	0.45840466	0.41220355	0.66186845	0.46174923	0.52551794	0.77073014	0.7117287	0.5067954
7204	0.547542	0.43080804	0.7627812	0.8150416	0.30808932	0.531823	0.44541007	0.8525763	0.83078635	0.6861025	0.8250573	0.9217219	0.5235362	0.83282536	0.25851735	0.68957156	0.21175878	0.24637625	0.9049069	0.17993748	0.96451515
31009	0.77540636	0.43509915	0.47769147	0.25693324	0.9919584	0.76054806	0.842572	0.5905264	0.3704259	0.63544995	0.28245428	0.7558157	0.29449055	0.2978718	0.76622385	0.3130154	0.63096005	0.31252068	0.91161275	0.82416934	0.99671334
31015	0.86261237	0.500687	0.8182656	0.28370753	0.8501528	0.79471344	0.4265071	0.4651471	0.8225875	0.6374423	0.3997525	0.56405896	0.36714327	0.7189712	0.2885625	0.4742697	0.50028926	0.5549982	0.8170886	0.79273236	0.9250761
31021	0.36371556	0.47470698	0.91020536	0.4699454	0.758401	0.68443996	0.62326413	0.79864347	0.8738672	0.7598887	0.8743997	0.6074288	0.7544299	0.82076424	0.18898118	0.71325934	0.51084805	0.5228162	0.83178866	0.61774135	0.7220522
31029	0.93587446	0.33270538	0.46073052	0.3181671	0.9710366	0.6512315	1.019943	0.33185798	0.49477217	0.63086736	0.26238418	0.81439924	0.2641799	0.31911442	0.76574093	0.4367286	0.35731217	0.23959032	0.93607855	0.54589975	0.74989474
31034	0.8753639	0.32988375	0.4725801	0.27867308	0.96049625	0.8546203	0.8434206	0.23398168	0.30349857	0.6539809	0.25086156	0.8273703	0.21857505	0.28482884	0.7654132	0.40889788	0.47295564	0.2557682	0.9825085	0.5942141	1.0090432
31056	0.81486475	0.40820625	0.69180113	0.45209685	0.8800974	0.7343406	0.4246978	0.3646725	0.9347017	0.74655384	0.39697397	0.6772705	0.20513603	0.75017905	0.22386268	0.53703445	0.37509605	0.27526894	0.85160834	0.62953866	0.9398002
31060	0.8543166	0.42751506	0.6193505	0.38480157	0.6054469	0.72150505	0.85780954	0.23851423	0.8850307	0.68362373	0.94111514	0.7100923	0.31221017	0.7522278	0.767475	0.67305505	0.44943023	0.53691965	0.8336536	0.28571308	0.6969991
31062	0.6394172	0.37334839	0.6161832	0.3212356	0.8452725	0.9609537	0.84641343	0.29599178	0.4302657	0.67284596	0.408534	0.9029878	0.22823156	0.3167495	0.76452106	0.4322501	0.6335919	0.27927887	0.87618023	0.98064035	0.8281892
31067	0.7412425	0.32897308	0.65947676	0.35959098	0.95010555	0.5740315	0.98973745	0.2736181	0.41111305	0.66894066	0.3344857	0.6083472	0.21987867	0.27770117	0.76009685	0.37512287	0.32299268	0.24240407	0.83426106	0.48165822	0.8303028
31070	0.86218554	0.37029436	0.68130875	0.2774311	0.98918915	0.7388686	1.0243413	0.21132322	0.28584808	0.65198696	0.2437353	0.7753089	0.2022303	0.27385977	0.7526498	0.37753755	0.44974327	0.26341462	0.91328067	0.962804	0.39988333
31077	0.79368746	0.3544452	0.5073132	0.2878437	0.89452475	0.8724913	0.3838244	0.43874744	1.0112697	0.6362645	0.3352283	0.9608241	0.38747615	0.5578078	0.20575151	0.59719396	0.6976432	0.26229647	0.93927294	0.22346438	0.96329707
31083	0.8679091	0.4343782	0.5799477	0.31642532	0.86605394	0.65707713	0.67743796	0.18841979	0.93994176	0.6447556	0.40861177	0.68690664	0.2198216	0.7765146	0.723736	0.48242837	0.46426153	0.26549673	0.810529	0.74290043	0.34289882
31089	0.7711056	0.33772784	0.64288723	0.28107482	0.9697127	0.833832	0.92351913	0.2740747	0.3821742	0.6702569	0.28248307	0.7100347	0.22720146	0.2753943	0.7977789	0.36695868	0.5058867	0.29534358	0.9084473	0.39631635	0.780179
31098	0.9386498	0.33060604	0.5370025	0.28796148	1.0078533	0.8115049	1.0601038	0.2195453	0.27110755	0.63983417	0.24796452	0.94761235	0.23028535	0.28282717	0.74976236	0.3625247	0.46006182	0.25555593	0.9734431	0.95886195	1.0224755
31114	0.3899709	0.7283811	1.099727	0.6546245	0.4167895	0.7337386	0.3115753	0.9556934	0.3700434	0.74143416	0.528002	0.5648879	0.640866	0.44502872	0.20863187	0.55599695	0.34838325	0.4788316	0.81974673	0.23746707	0.896063
31116	0.91560227	0.29996562	0.46623534	0.28146413	0.9567249	0.96954393	0.9712682	0.28338376	0.8764533	0.6267481	0.29519632	0.9838189	0.23477447	0.47324973	0.6672875	0.40266588	0.5445019	0.47656322	0.9309431	0.6616508	1.013574
31118	0.7625194	0.30777168	0.6780994	0.2666843	0.99222136	0.86660796	0.97210157	0.22841112	0.2846565	0.6518661	0.25842452	0.615608	0.20478629	0.27740565	0.71572953	0.37909713	0.55484027	0.27747184	0.88674384	0.77265894	0.95749664
31124	0.6589589	0.52093226	0.60085857	0.27695453	0.92597777	0.37360024	0.33025745	0.94098693	0.63972104	0.6739727	0.31224912	0.51586527	0.3101021	0.7114199	0.22662422	0.68502265	0.72945	0.8468282	0.7015655	0.7541497	0.5456916
31129	0.49190164	0.95267123	0.9299465	0.29646242	0.9149423	0.86361974	0.37155163	0.8894683	0.63597494	0.7081032	0.4176134	0.70141006	0.64923704	0.6900001	0.25633407	0.5360966	0.63297653	0.67457664	0.76080006	0.9004693	0.88583076
31141	0.644197	0.7436705	0.9077437	0.29909822	0.94781786	0.89424974	0.8697104	0.81752974	0.34825426	0.7216046	0.38242015	0.70835245	0.5240298	0.4564017	0.3779304	0.61934537	0.5044553	0.38513184	0.85325354	0.5963361	0.9197173
31143	0.96497154	0.33158106	0.51672935	0.2393245	0.9915545	0.5572957	1.0529767	0.8345478	0.371685	0.6060051	0.25988263	1.0510168	0.3781773	0.29256007	0.59985524	0.4097142	0.4449366	0.27287024	0.89359856	0.2620371	1.008396
31145	0.5825937	0.53635967	1.0733147	0.37474602	0.71018213	0.75090677	0.33737695	0.88255596	0.5956003	0.71716505	0.45615995	0.7841398	0.6756783	0.6123174	0.23468173	0.6717063	0.64549494	0.5566512	0.90897393	0.74212444	0.96126217
31146	0.36414704	0.65425175	1.111557	0.53265715	0.6112264	0.42514765	0.2797379	0.9566201	0.7718675	0.7248113	0.8882149	0.74844354	0.78186536	0.6247412	0.21578209	0.6942963	0.31925178	0.21684033	0.7524456	0.21329102	0.47110206
31147	0.86721414	0.36736128	0.59838635	0.33939886	0.65094274	0.7973018	0.4482925	0.7176369	0.6454752	0.66200787	0.3632222	0.9846515	0.59291625	0.7655106	0.24597453	0.4536345	0.6439236	0.38715675	0.8658059	0.293257	0.8784222
31154	0.9036503	0.48272476	0.5170375	0.2617211	0.9187917	0.41193306	0.70274997	0.5914482	1.0088611	0.6390872	0.3345968	0.73673004	0.4025363	0.856005	0.29627362	0.6224079	0.7879622	0.8314229	0.83972013	0.39437202	0.54999906
31174	0.63084966	0.53334075	0.9491706	0.3271161	0.94256186	0.7440039	0.3716371	0.9329281	0.31699356	0.73441494	0.4064307	0.8181011	0.7136592	0.35178694	0.2453985	0.58089685	0.5969956	0.37831482	0.8509181	0.96556896	0.94806874
31177	0.96646667	0.3672003	0.40845427	0.30455023	0.90796256	0.48052824	0.72867197	0.9765261	0.27707282	0.69930124	0.32878682	1.0213727	0.57486194	0.3625677	0.27328292	0.54735917	0.703275	0.83441573	0.8547154	0.40939373	0.5607338
31179	0.43023625	0.6380493	0.9813381	0.49265993	0.53367406	0.8471747	0.28249153	0.96450835	0.30697852	0.72167784	0.821496	0.6299546	0.88839716	0.2688259	0.21353006	0.7001779	0.56475115	0.27725384	0.81557906	0.28097633	0.900624
31180	0.8597145	0.5243506	0.5961984	0.32135653	0.822649	0.27450398	0.3629089	0.36520758	0.90556645	0.6253023	0.39061838	0.53534544	0.35005254	0.7771863	0.1941556	0.61509955	0.5135742	0.27848777	0.7400648	0.4213954	0.3478261
31181	0.8973484	0.3815049	0.6320531	0.8043394	0.28435928	0.7265186	1.0118655	0.8812596	0.5207312	0.67700016	1.0277828	0.976111	0.49129647	0.45668283	0.31799462	0.6988178	0.22969013	0.22573358	0.9740246	0.2152031	0.93859273
31183	0.90995294	0.36396542	0.43281844	0.77793145	0.31525445	0.31033617	0.81694365	0.24744086	0.9309717	0.66632855	0.40580425	0.57423085	0.48718917	0.5852699	0.32793462	0.6845467	0.3415394	0.24890807	0.91843945	0.228213	0.5284592
31203	0.42867392	0.85027444	0.9850921	0.8589104	0.4954662	0.9244938	0.29240823	0.93965435	0.33663768	0.7228263	0.93753856	0.6562858	0.773829	0.31109294	0.23576812	0.70151657	0.19994958	0.22245333	0.9250947	0.23993559	0.4585949
31207	0.78336006	0.334422	0.5414901	0.96664625	0.2600897	0.92616653	0.41904768	0.5365479	0.8447638	0.70253086	0.996288	0.7137654	0.32933822	0.8985148	0.22581618	0.668126	0.19491911	0.22780275	0.8586472	0.18850227	0.42577758
31220	0.8614195	0.41441306	0.5167877	1.0246807	0.25780052	0.47939977	0.33924943	0.3736021	0.9665023	0.67193824	0.98627335	0.8256831	0.6248023	0.88673884	0.21073508	0.6972139	0.21913604	0.21972857	0.8013354	0.18844242	0.6503398
31227	0.88565207	0.40092286	0.4602991	0.9638224	0.27937564	0.49041826	0.3677336	0.37646872	0.89780664	0.6897127	0.9840252	0.63357484	0.70864004	0.8438192	0.20338696	0.7201192	0.19047943	0.22211376	0.6579869	0.18991409	0.28856078
31233	0.836532	0.7950349	0.77355796	0.2755303	0.8855371	0.7969486	0.43234992	0.7734938	0.8520209	0.6939316	0.34439322	0.90498734	0.7569241	0.8121267	0.260262	0.5014794	0.6396368	0.4360039	0.8874869	0.31289023	0.9753682
31234	0.8368852	0.48820084	0.551809	0.8990885	0.28761148	0.7996624	0.34703156	0.53973645	0.870086	0.6479216	0.7236423	0.6421107	0.2702651	0.85170364	0.20989531	0.7038226	0.34072813	0.38056114	0.85708594	0.35136202	0.5153869
31240	0.91388726	0.3702507	0.41776052	1.0155971	0.2635572	0.5104746	0.5247181	0.4000246	0.82954973	0.6532462	0.9232843	0.78743553	0.21964407	0.7963656	0.2876773	0.7077899	0.22522293	0.2217419	0.92654234	0.18781693	0.36322105
31269	0.6429528	0.5155618	0.61482525	1.041331	0.25449938	0.59662706	0.28473756	0.957673	0.79932016	0.63134414	0.91529155	0.51724637	0.5776837	0.7569072	0.20294859	0.7036454	0.18420243	0.2131119	0.78993523	0.19722043	0.29744336
31280	0.8426024	0.59182715	0.5635212	1.0334153	0.25381067	0.28463906	0.35202107	0.28008986	0.92375946	0.6225353	0.93397933	0.5437944	0.3002289	0.8810469	0.19282925	0.7258409	0.19035877	0.22525935	0.8277561	0.19066082	0.21997851
31285	0.8680421	0.50032026	0.5139389	0.9936264	0.2650542	0.40443993	0.7275296	0.49600926	0.9691906	0.62115914	0.920093	0.6308396	0.4621608	0.8353392	0.22397885	0.73951733	0.2114439	0.22157818	0.7409653	0.1652387	0.44208032
31286	0.88040304	0.40588516	0.69628614	0.4607929	0.7749764	0.51432496	0.3404095	0.4699757	0.97622716	0.7086578	0.7873376	0.7379056	0.38331637	0.890461	0.20714532	0.7197024	0.5334147	0.24107778	0.67409694	0.2708166	0.39548132
31292	0.924459	0.4377259	0.4353347	0.96237	0.26585227	0.41799787	0.72956717	0.44396666	0.9785035	0.60095096	0.86143154	0.5620778	0.22540534	0.80351746	0.27723023	0.72192216	0.22194476	0.23194982	0.799981	0.1716511	0.2577417
31304	0.7145536	0.41832578	0.6727113	1.0132581	0.36091563	0.95662814	0.45372835	0.6725489	0.8714297	0.73848027	0.93117386	0.9150125	0.6646457	0.8587598	0.23946963	0.73261946	0.2244475	0.25738564	0.9422789	0.20894818	0.72533864
31307	0.78821266	0.432875	0.46070132	0.90239036	0.30132946	0.9867042	0.5079946	0.44322386	0.6119156	0.6497228	0.8441208	0.682727	0.49238515	0.54504186	0.21257703	0.4602106	0.27574098	0.4861553	0.8981388	0.28942093	0.92036265
31313	0.5892177	0.79341066	0.6566431	0.8297686	0.37180766	0.597417	0.5804865	0.6502919	0.9893617	0.7075076	0.67255884	0.67431206	0.5425413	0.80777186	0.32069075	0.49627563	0.30584747	0.29535043	0.74374765	0.46048373	0.7258459
31317	0.7624717	0.4839699	0.63564146	0.47943625	0.842036	0.7318949	0.42594635	0.8731845	0.625977	0.681598	0.42025608	0.6646454	0.6758776	0.6725018	0.3937222	0.4914886	0.49423927	0.7887959	0.90443325	0.6944583	0.8899683
31330	0.93305194	0.37968987	0.73012644	0.30163932	0.5732279	0.42134947	0.7268624	0.4774492	0.9020456	0.6872979	0.5117695	0.8952582	0.28765005	0.8019439	0.2567862	0.40040377	0.3098461	0.27077696	0.9052225	0.2095456	0.52327824
31332	0.6931867	0.44280347	0.8260352	0.45058918	0.58519346	0.81712914	0.33939308	0.93929416	0.31856683	0.6681354	0.79566145	0.72910875	0.82038957	0.41250765	0.20750792	0.7076688	0.33108604	0.2690875	0.7840374	0.5899548	0.32030976
31338	0.5049107	0.64950365	0.71788675	0.973099	0.33929852	0.9122338	0.28032732	0.90086305	0.9858343	0.6796436	0.9025868	0.6239642	0.7105058	0.813174	0.22973168	0.6724983	0.19159363	0.20736611	0.8872307	0.22363858	0.45180047
31340	0.34760854	0.42846796	0.9672947	0.9375874	0.37660414	0.74959123	0.5094263	0.90350807	0.34350383	0.7100066	0.9443549	0.6408854	0.9211444	0.3341806	0.1933537	0.7062209	0.18667309	0.23730627	0.9897036	0.24269415	1.0100647
31346	0.6018156	0.35888985	0.7953478	0.80295235	0.4827246	0.95238477	0.33502677	0.94844866	0.3247521	0.73172677	0.92612547	0.8315531	0.93651897	0.33950433	0.20502141	0.7097646	0.28390598	0.33349878	1.0144302	0.56952083	0.6714372
31347	0.5858151	0.48590952	0.59862036	0.6967563	0.31250092	0.6679545	0.38438523	0.5984734	0.8971502	0.6820368	0.71480477	0.67596626	0.6168847	0.8019598	0.23939036	0.607584	0.21030034	0.24746254	0.8498468	0.25599	0.4855553
31360	0.8774753	0.39272687	0.44638965	0.6795736	0.8475363	0.48132595	0.3429315	0.46910465	0.9745102	0.69238484	0.61157924	0.7144182	0.44028756	0.74169016	0.23923548	0.46383446	0.28371674	0.2754283	0.90502375	0.22764383	0.63181335
31361	0.92032236	0.4748909	0.5561979	0.41221717	0.7893429	0.37580302	0.4150877	0.49782577	0.8748116	0.6979532	0.7502788	0.9883956	0.45444515	0.82576174	0.19959301	0.4528536	0.5052169	0.66045976	0.9257094	0.23680492	0.8035997
31378	0.8455836	0.5911233	0.8888468	0.7633663	0.56414294	0.82729566	0.40036768	0.5681644	1.0230844	0.686899	0.79407287	0.7316398	0.72858745	0.8976162	0.23847432	0.66504645	0.2833045	0.8818325	0.92640585	0.43117845	0.7106704
31382	0.81990236	0.4038913	0.4927822	0.72566015	0.28547627	0.875406	0.34969884	0.434332	0.9372748	0.7074413	0.9041277	0.52627325	0.33832067	0.8304379	0.25701138	0.6783292	0.22139938	0.24465087	0.6172165	0.20650741	0.28294373
31387	0.76838887	0.3851821	0.5949401	0.729052	0.32301986	0.6418329	0.349208	0.37753767	0.9741402	0.6158937	0.63101465	0.7053132	0.22411364	0.8782955	0.19667578	0.619388	0.30980244	0.24428695	0.8200049	0.54991555	0.44946188
31390	0.7128682	0.43648562	0.67122555	0.94348437	0.35386935	0.93323547	0.48582637	0.936743	0.5427331	0.66637045	0.7337875	0.7157578	0.729094	0.70631915	0.2641469	0.5438493	0.2630317	0.6337154	0.88831913	0.24688093	0.88256437
31398	0.6038157	0.58218634	0.764499	0.43826723	0.8320858	0.876894	0.47176835	0.7411206	0.94719934	0.6858213	0.44347554	0.7895822	0.71413565	0.79470706	0.22951451	0.33840287	0.6349044	0.46124294	0.85928375	0.8664829	0.93459696
31415	0.57177275	0.42748016	0.8087117	0.73844844	0.3638544	0.34196055	0.47118598	0.52842927	0.9718837	0.71827954	0.78234947	0.7654092	0.60974324	0.82099015	0.20887075	0.7127241	0.39493486	0.28458858	0.79501706	0.45441395	0.3857643
31421	0.95104456	0.39072922	0.5623594	0.7161355	0.45255974	0.5472917	0.82540154	0.66094905	0.67545897	0.6517461	0.6396358	0.664725	0.4107821	0.7317155	0.46351966	0.6594467	0.27312893	0.24887303	0.8655094	0.6181434	0.7844743
41006	0.32442763	1.2084048	1.183139	0.61793053	0.405576	0.24996118	0.2901047	0.9799098	0.38409218	0.7790756	0.699736	0.72832984	0.91721845	0.29808035	0.21321806	0.6697367	0.23756	0.24940735	0.7883329	0.28111863	0.29148293
41007	0.3320223	1.1213379	1.0785446	0.52019274	0.48546326	0.2996474	0.38055897	0.9452685	0.4271302	0.7672346	0.75643396	0.6164121	0.6425815	0.32487726	0.30611765	0.71534175	0.28293428	0.2560625	0.816724	0.2006374	0.40239057
41013	0.8931187	0.63015455	0.8395519	0.37540886	0.38185397	0.33237574	0.47326586	0.26810688	0.93572384	0.6982006	0.4010935	0.4318896	0.37010196	0.817022	0.29557064	0.70949745	0.35388818	0.225302	0.73718613	0.25093785	0.29749426
41017	0.3489962	0.9595398	1.1172477	0.5033551	0.5883374	0.3585408	0.33715904	0.87793696	0.34839907	0.78546685	0.61667186	0.7425971	0.79547596	0.5572887	0.27640525	0.67902637	0.22901729	0.2608896	0.9371471	0.42324534	0.35870802
41018	0.45335293	0.7809407	1.0265244	0.38820755	0.43900684	0.45919955	0.47872633	0.64105374	0.3833671	0.76583606	0.52549976	0.59709877	0.64522153	0.5406863	0.28228185	0.576289	0.44100243	0.25411335	0.5047952	0.8687493	0.3674548
41020	0.3528807	1.1810348	1.1204344	0.5577322	0.6183326	0.27879325	0.28313506	0.977796	0.43672118	0.76247406	0.64184093	0.46433905	0.8316732	0.508407	0.24808247	0.58739024	0.3414718	0.2800774	0.9178021	0.25921756	0.2640847
41023	0.38539213	1.0050814	0.90012956	0.69131225	0.38872793	0.72157896	0.48687947	0.5902672	0.3076347	0.70648223	0.7499787	0.41997245	0.33727095	0.39934868	0.67103255	0.67327005	0.24631923	0.23989326	0.71243167	0.37010425	0.24655199
41045	0.4742058	0.6048804	0.7055099	0.77686125	0.3013335	0.8809629	0.5838808	0.823493	0.8544408	0.7064756	0.5910272	0.5577682	0.5890403	0.8377294	0.22345561	0.67028993	0.2640638	0.26540977	0.81482494	0.24998443	0.6041825
41049	0.9081191	0.46076024	0.47973728	1.0425477	0.2680018	0.3728763	0.35793087	0.40398714	0.9319035	0.6390597	0.9700025	0.47746024	0.45823845	0.7963308	0.19207765	0.72130066	0.19665	0.2261571	0.75587785	0.21600053	0.29960963
41051	0.36234036	0.6795938	0.93671167	0.41756454	0.9060216	0.28979453	0.28020152	0.76208925	0.7538888	0.74284935	0.5017161	0.36889037	0.2623915	0.6182614	0.20955628	0.70148796	0.41937605	0.22649753	0.7016157	0.1828086	0.50925964
41052	0.8418846	0.5318283	0.6173214	1.0057071	0.28608853	0.97847044	0.40478164	0.95402706	0.5222283	0.77604043	1.0051184	0.9197602	0.9110272	0.6677898	0.19726507	0.7173379	0.19207749	0.23560712	1.0546875	0.21082258	0.48386735
41058	0.36359844	0.88915956	1.0483044	0.86318666	0.47422218	0.9724239	0.2808698	0.9504062	0.30368277	0.7482106	0.9126386	0.60198116	0.73688346	0.33312014	0.23401384	0.69372004	0.20268111	0.22528541	0.89469784	0.22625722	0.46962294
41082	0.41652882	0.7062985	0.89583397	0.9841079	0.31269106	0.71079177	0.28457505	0.94980496	0.5816056	0.6603656	0.9239842	0.563995	0.6294337	0.65175825	0.17870207	0.7034606	0.18302529	0.20820476	0.8455109	0.1984453	0.4030954
41097	0.7878072	0.3826969	0.6643381	0.5989226	0.41076422	0.89929634	0.5562562	0.5445899	0.63979566	0.7053231	0.8294119	0.64113617	0.7253322	0.5628751	0.25425828	0.58664405	0.30163097	0.25586072	0.9362504	0.201892	0.8479487
41102	0.74214554	0.5813051	0.58432823	0.82526624	0.37165794	0.5434923	0.422669	0.31447303	0.8831722	0.6756545	0.6889974	0.4462807	0.31328094	0.7223789	0.36752632	0.6032965	0.52373976	0.29144812	0.7747369	0.5193513	0.40842742
41109	0.70123065	0.4831999	0.6372796	0.95695263	0.39998037	0.44920677	0.5889648	0.81248057	0.68770903	0.6471857	0.7202805	0.8951081	0.6069892	0.5640504	0.22712347	0.5272903	0.30553293	0.28569132	0.9010673	0.22706938	0.7723023
41111	0.8847961	0.50287247	0.6084036	0.6332223	0.33931276	0.39218694	0.44111165	0.43808874	0.97010666	0.6537666	0.5143035	0.76890373	0.5212153	0.83767647	0.22439931	0.7087932	0.38113073	0.3998959	0.8296467	0.19853058	0.32383028
41128	0.3330157	0.57713354	0.8119746	0.98641855	0.2739129	0.8355092	0.26090637	0.95051616	0.49585	0.7218921	0.94888324	0.48185953	0.4171237	0.6488138	0.21813974	0.70588994	0.1738986	0.22148885	0.9228536	0.2049118	0.5565427
41142	0.40627667	0.96066374	0.97916675	1.0221527	0.2777901	0.6742282	0.36272153	0.9346041	0.6318984	0.7497179	0.8989923	0.58880407	0.84772915	0.49636963	0.21341346	0.7043678	0.21144064	0.24442023	0.82795113	0.1912091	0.727258
41167	0.35833555	0.82771647	0.9587367	0.94875306	0.35219076	0.75705445	0.31736666	0.95592755	0.38364425	0.71597946	0.9288841	0.47121146	0.9421381	0.26237968	0.21694888	0.71654266	0.21360576	0.23523146	0.90831876	0.19615878	0.9380546
41201	0.43038374	0.58416945	0.9230641	1.0185045	0.28123578	0.9794621	0.7247418	0.9571438	0.69848484	0.7595715	0.9269624	0.70410925	0.8892167	0.6569919	0.2113615	0.68011385	0.24419656	0.51663804	0.90613496	0.26240042	0.82411724
41202	0.42535073	0.730182	1.040016	0.9057231	0.37700006	0.82192	0.28629002	0.88301146	0.41230854	0.70623946	0.9041588	0.7549945	0.92356664	0.32901043	0.21980391	0.7126205	0.23640668	0.23445672	0.9717929	0.31517226	0.98906356
41208	0.7274418	0.5353511	0.80870914	0.79106987	0.2944488	0.5087549	0.5478949	0.8736198	0.85817474	0.6297639	0.61791277	0.61244214	0.50210506	0.58239585	0.29009238	0.5730002	0.33472076	0.23001401	0.88893247	0.54537857	0.76896477
41209	0.49316275	0.87163323	0.81753755	0.9451857	0.27270177	0.55006444	0.35816744	0.9012096	0.8344933	0.65516156	0.83961993	0.5739125	0.7271342	0.74934185	0.20593567	0.7241566	0.2266408	0.2443746	0.75407404	0.18145393	0.2600061
41210	0.6071492	0.4902326	0.76683384	1.0178013	0.2817051	0.9029603	0.28823265	0.95214206	0.4454695	0.6594675	0.92233956	0.53578275	0.44798717	0.6038332	0.20227607	0.7078799	0.181683	0.2179919	0.778596	0.22194165	0.48211262
41220	0.9295317	0.3371211	0.45805767	0.61949515	0.3405812	0.9390549	0.98285085	0.57703626	0.69692737	0.59829336	0.59229445	0.83711404	0.6094022	0.62189394	0.65258586	0.54275656	0.32181022	0.45916897	0.9011312	0.2562769	0.6573325
41225	0.92842805	0.3384202	0.43515974	0.54356974	0.35155702	0.9324864	0.38333356	0.3238756	1.0496134	0.6220234	0.6740651	0.8003789	0.3681254	0.8316084	0.22090122	0.53050727	0.44957462	0.69479454	0.9442705	0.27720326	0.7584127
41228	0.8843997	0.3806523	0.45048004	0.5697403	0.5210483	0.94572407	0.9727487	0.24242885	0.40271476	0.6243044	0.48547736	0.5822309	0.20262276	0.3102893	0.79142517	0.3788475	0.35482806	0.2667941	0.88262194	0.7060364	0.98205394
41236	0.5705037	0.9065335	0.73988676	0.824672	0.34116283	0.713754	0.38610613	0.32667148	0.8041281	0.6703968	0.7694025	0.52505195	0.60165024	0.8153298	0.3046965	0.6650447	0.28814	0.267778	0.7826058	0.34810033	0.55589175
41239	0.8371427	0.32639667	0.3939263	0.8668148	0.36492142	0.89690554	0.8018583	0.21312542	0.34433737	0.64089984	0.81333464	0.67876595	0.23588453	0.6917946	0.6888466	0.38866818	0.23239514	0.23517781	0.8810072	0.4429083	0.8240826
41251	0.37118435	0.4618012	1.0190867	1.010272	0.27567407	0.97304934	0.30647895	0.9526689	0.38263935	0.7346592	0.9075593	0.4659473	0.7176479	0.44899905	0.23223807	0.64191884	0.22434267	0.27700523	0.7425179	0.2011646	0.49638
41260	0.4764063	0.4194388	0.6459092	0.94766927	0.29354444	0.97740936	0.55870646	0.871442	0.58144236	0.7008423	0.8994493	0.6407338	0.82676655	0.59079754	0.21139365	0.6463538	0.23661703	0.30272868	0.8829157	0.19113626	0.9392014
41262	0.44546786	0.47056767	0.8334863	0.8922071	0.30381036	0.90434027	0.4035265	0.67520714	0.75756776	0.70575106	0.8666827	0.71637636	0.65791065	0.808953	0.40107927	0.69496006	0.27505028	0.24296558	0.9712563	0.403658	0.978999
41271	0.6889363	0.3508511	0.41144425	0.6888177	0.6833739	0.9039133	0.8275259	0.26413634	0.5067041	0.63135123	0.47864878	0.76566505	0.20814869	0.57891446	0.72574013	0.32376108	0.29679844	0.22791705	0.88867956	0.38223577	0.5964394
41278	0.9343083	0.33253783	0.42014506	0.53587675	0.37587553	0.96624166	0.91555	0.28402457	0.90138716	0.658624	0.8486694	0.9382394	0.3094129	0.8375829	0.62874746	0.52765834	0.21504125	0.25101307	0.94297594	0.20887932	0.7863815
41287	0.4247392	1.0823447	1.1132263	0.69169796	0.54711187	0.34380963	0.95223457	0.5806922	0.37024486	0.7098147	0.79086816	0.3337533	0.6569757	0.36160612	0.56357795	0.7333393	0.26490074	0.24543238	0.5984007	0.5014193	0.34852907
41296	0.91295165	0.32718256	0.38734022	0.30104133	0.87857157	0.6725959	0.95737654	0.20575944	0.97565526	0.62790066	0.5616979	0.6345119	0.20258288	0.7253045	0.40513647	0.37503594	0.52191526	0.41740248	0.88409376	0.61535525	0.6875953
41299	0.3812276	0.5851594	1.0296366	0.9915442	0.2856615	0.9652561	0.26159132	0.95176816	0.33704585	0.7321861	0.97163445	0.4199345	0.793885	0.29692954	0.20383695	0.69315183	0.1746627	0.20958816	0.77316165	0.228996	0.37924713
41311	0.48266557	0.39637667	0.7030283	0.4266187	0.3065642	0.9752286	0.305273	0.9492614	0.6549363	0.7017088	0.8909315	0.7287842	0.6874312	0.65282655	0.21821183	0.6827968	0.27580795	0.26287338	1.0182881	0.2798838	1.002556
41319	0.72119665	0.45467618	0.6128585	0.33368614	0.6657277	0.781525	0.3729771	0.8095646	0.70993507	0.6158619	0.5523656	0.6302967	0.39051995	0.6833802	0.24064691	0.6848197	0.36688092	0.7131467	0.8823245	0.674549	0.70742375
41343	0.58637744	0.4128585	0.61555773	1.0280468	0.2554183	0.9902374	0.33283034	0.9704521	0.6385996	0.654456	0.97442234	0.4711472	0.48298335	0.55907434	0.20782484	0.71020615	0.17925389	0.21213856	0.77678144	0.20509411	0.31028694
41348	0.42989683	0.4455686	0.89599735	0.9249839	0.32495722	0.9314662	0.36704373	0.92203784	0.47180063	0.8070975	1.029176	0.8293248	0.8517976	0.4918277	0.19875282	0.7141173	0.22290626	0.25068223	0.9700355	0.25727776	0.9786942
41349	0.37241438	0.65001494	0.9336156	0.7022438	0.7298803	0.75913936	0.50397635	0.74252146	0.33390832	0.68829083	0.7912182	0.7774754	0.4923802	0.8439551	0.24209605	0.5749716	0.42558548	0.2276113	0.7789998	0.51241046	0.7077591
41352	0.47536585	0.5302302	0.81148314	0.7834288	0.5887246	0.48318836	0.4646229	0.9054994	0.540528	0.7014418	0.8968471	0.5891339	0.74848443	0.5257513	0.21461044	0.71901286	0.2584371	0.25167426	0.76593137	0.23360977	0.3975623
41360	0.4422656	0.34035408	0.78616863	0.68966424	0.743452	0.88314134	0.593317	0.8428603	0.35995185	0.6952657	0.9448989	0.6792384	0.3334446	0.71486396	0.39108536	0.5902301	0.2262203	0.23146245	1.0130876	0.7216567	1.016752
41363	0.3502974	0.4556265	1.0868673	0.59382254	0.48310032	0.71784323	0.3388751	0.94078106	0.49835965	0.74008256	0.897357	0.71367675	0.88434017	0.57540065	0.29839393	0.6664974	0.22975697	0.23299095	1.0070295	0.23503439	0.7761071
41377	0.7219788	0.4210037	0.5782633	0.26030794	0.98878026	0.5634109	0.41917118	0.23181309	1.0115325	0.65874684	0.3138435	0.5427003	0.20109984	0.72255373	0.29058126	0.36759752	0.65333354	0.8570482	0.81203765	0.7386658	0.74579835
41378	0.546607	0.38562915	0.75589085	0.27899262	0.82804877	0.72388935	0.7904131	0.77020013	0.3273327	0.6827209	0.36582243	0.7472375	0.28803068	0.3879445	0.7420555	0.3623167	0.43326542	0.24452415	0.8618756	0.8689202	0.9530042
41397	0.40715325	0.6491526	0.9429379	0.5822378	0.33707246	0.7196482	0.40022534	0.70624036	0.37048048	0.7436703	0.9306779	0.63630974	0.5664644	0.7066224	0.27652162	0.7128022	0.27934057	0.28890565	0.95041186	0.25587037	0.8942308
41402	0.3481354	0.56882	1.1382754	0.9876986	0.27433342	0.41822547	0.2856543	0.94073415	0.42242962	0.7555153	0.9533754	0.5862194	0.58785313	0.5105882	0.18652476	0.6772338	0.19758305	0.24067223	0.9681122	0.2006598	0.68164206
41407	0.88507915	0.30231252	0.4844009	0.2573264	0.958204	0.83839536	1.0097481	0.9275695	0.38628227	0.6536698	0.33812508	0.99055815	0.4554261	0.47018948	0.23797832	0.35636425	0.71723616	0.70293766	0.9594142	0.78023154	0.99880034
41415	0.775469	0.41667935	0.6344311	0.28883713	0.8843479	0.87515783	0.84064215	0.31546423	0.5691377	0.6868247	0.573684	0.6068822	0.32553196	0.6359167	0.23858617	0.6256169	0.4499912	0.2620349	0.89557505	0.42011064	0.7110614
41425	0.9295037	0.31902632	0.4024345	0.27778703	0.9712618	0.8970102	0.77509034	0.29387724	0.77424663	0.61973643	0.39277002	0.7489994	0.21839161	0.51929015	0.66823804	0.32949117	0.47904757	0.29137123	0.9753995	0.8143385	1.0340797
41448	0.60497165	0.4588474	0.4839594	0.280515	1.024935	0.8127325	1.0057683	0.23733316	0.33185676	0.66652733	0.29231486	0.80210745	0.2381228	0.4459893	0.7703581	0.31162584	0.49309665	0.3058507	0.95652276	0.6956763	0.9281201
41479	0.92437375	0.34135094	0.57257503	0.27985665	0.99945056	0.74179703	1.0409375	0.19161725	0.36590168	0.6365677	0.25098464	0.9750227	0.2041361	0.2783782	0.79004365	0.3623602	0.46412548	0.2599835	0.9156526	0.89926165	0.9895529
41481	0.8375033	0.3631354	0.5987625	0.31544954	0.9676669	0.62019706	1.0330902	0.37136492	0.4094343	0.65664124	0.37619573	0.9335697	0.29797176	0.3375153	0.21674216	0.46277967	0.4106767	0.26244682	0.8900332	1.0182842	0.9653693
41503	0.8946174	0.42782426	0.47112453	0.32392922	0.7444123	0.34409422	0.37336737	0.3252779	0.9189436	0.638683	0.37978515	0.7734538	0.32903954	0.74624926	0.24111463	0.65394723	0.29761502	0.22625771	0.73672074	0.26015347	0.34098995
41507	0.87332755	0.3831413	0.9418232	0.48602104	0.81269747	0.9032285	0.3651845	0.27958032	0.8326224	0.77503973	0.5784063	0.55434084	0.25395703	0.79935133	0.37689665	0.68241996	0.31575927	0.24803486	0.8635866	0.76983094	0.9060874
41515	0.40173143	0.8379063	1.0348865	0.44224834	0.45705456	0.37302363	0.39561856	0.75835794	0.36171415	0.7570972	0.7900622	0.60791814	0.69087696	0.5595138	0.27314693	0.6524885	0.373568	0.24697185	0.73584163	0.41450387	0.53905475
41529	0.84236866	0.37156114	0.50724465	0.2638157	0.99044967	0.75968546	0.2868299	0.572903	1.0173259	0.61800474	0.3290679	0.6998792	0.38770774	0.8395968	0.22029583	0.4250653	0.70869046	0.9439852	0.92700106	0.91223395	0.96005154
41548	0.7896878	0.42792225	0.44844368	0.36366975	0.6933911	0.53335446	0.34339294	0.9458921	0.65087235	0.6586251	0.4639912	0.7172667	0.3354191	0.7992831	0.21712248	0.7410786	0.43337333	0.24219996	0.75230443	0.25473696	0.5595703
41581	0.8943704	0.33579975	0.7382469	0.29608947	0.9329764	0.91938597	0.3850384	0.6789301	0.9631547	0.7535808	0.37810582	1.0217512	0.9424034	0.6353807	0.24460928	0.5436528	0.7825456	0.9144777	0.9752562	0.56981635	1.0218201
41583	0.73901165	0.48340398	0.6800409	0.37855354	0.9004679	0.86219466	0.3005113	0.9301239	0.64433527	0.7249055	0.37209535	0.8328161	0.58793133	0.86649644	0.23542388	0.44857365	0.4644432	0.8982924	0.862915	0.88504165	0.9731724
41586	0.74778897	0.5581652	0.6596987	0.2655457	0.9102639	0.7159033	0.38811633	0.7299502	0.85780156	0.6579393	0.44235137	0.70193017	0.4395242	0.859578	0.20704746	0.6015891	0.65034366	0.49307722	0.8249556	0.7985498	0.81983453
41589	0.8160291	0.6119586	0.95473677	0.332983	0.75513154	0.75496554	0.4001124	0.95362276	0.36680952	0.6847698	0.510719	0.76079696	0.6840974	0.33757433	0.21247455	0.6979319	0.5093036	0.25529948	0.91334164	0.60964304	0.85419893
41600	0.74347115	0.45025256	0.6884453	0.2773869	0.95087916	0.8090908	0.3811876	0.96916175	0.5801644	0.7096569	0.34328386	0.77377975	0.4022742	0.75619566	0.2232074	0.5115452	0.7351369	0.87780124	0.85278964	0.96788406	0.9350464
41606	0.71593183	0.62579536	0.792682	0.26397324	0.99787474	0.86127526	0.60233164	0.9323582	0.33677173	0.68716896	0.36906818	0.81028605	0.68725455	0.56802565	0.30523267	0.47535336	0.6970638	0.815927	0.8851134	0.84415746	0.91366094
41607	0.4273132	0.8566423	0.9758031	0.4228326	0.8895327	0.5341857	0.5302619	0.6839494	0.8184932	0.7581072	0.47964048	0.8379269	0.7082392	0.6792544	0.3138181	0.523337	0.51624525	0.28422612	0.6771789	0.47525668	0.93090856
41621	0.89518356	0.39198965	0.4844931	0.919776	0.26461056	0.38944045	0.7255182	0.31781784	0.9125112	0.65559965	0.76674354	0.70577985	0.3498153	0.765441	0.34871268	0.6926454	0.2257193	0.25162196	0.89046556	0.22478533	0.4325493
41628	0.8896898	0.371202	0.522148	1.0146978	0.24544887	0.9425196	0.36269093	0.69268876	0.97933257	0.60903376	0.9259906	0.8984693	0.73997724	0.8436869	0.1974536	0.7051684	0.22260106	0.23919317	0.83092356	0.18302248	0.7674733
41629	0.5742459	0.9362717	0.7954238	0.9791308	0.31657228	0.77656305	0.35468376	0.4569581	0.884105	0.65381134	0.8799411	0.69806844	0.9389872	0.8385159	0.301459	0.6760227	0.20772043	0.23921213	0.91020846	0.20405033	0.9568026
41630	0.9039248	0.4509993	0.41929665	1.076618	0.24972023	0.40090513	0.39584935	0.3717335	0.9901013	0.61582994	1.0147902	0.76835686	0.33193746	0.87396646	0.1981775	0.72412527	0.19034575	0.22727725	0.78392756	0.21289846	0.48572493
41632	0.7370817	0.39707848	0.4344912	0.8224642	0.32600275	0.9657099	1.0929452	0.8640862	0.4332354	0.6439721	0.60867643	0.80715024	0.72283757	0.31458056	0.5268323	0.40031385	0.3517694	0.26417106	0.8954515	0.44664225	1.0028137
41641	0.85068977	0.55463386	0.5576238	0.97813874	0.33159658	0.39919606	0.37553465	0.367095	0.9891234	0.6838549	0.99794954	0.6207263	0.41207787	0.8764166	0.20130552	0.68385994	0.22778596	0.24632898	0.74973285	0.17483526	0.5407616
41642	0.911461	0.34338787	0.42382243	0.89228535	0.26600465	0.58618563	0.6864812	0.2902446	0.85596603	0.64194196	0.9178046	0.83433104	0.2739682	0.74344975	0.2427782	0.7345485	0.18620087	0.22037788	0.8833147	0.20929947	0.43727097
41648	0.92207116	0.47145987	0.42818648	1.0484977	0.26930383	0.6303531	0.4353931	0.51150703	0.92792964	0.6543941	0.9829122	0.5094267	0.7019978	0.71569234	0.20436506	0.71762395	0.17067234	0.23532926	0.69604653	0.2082362	0.3315361
41651	0.5162195	0.53542256	0.94626707	0.40397188	0.86134464	0.9126683	0.45879173	0.80032253	0.47903818	0.6941384	0.73154205	0.49410364	0.64284086	0.5045016	0.33194143	0.6169628	0.38562512	0.2976934	0.74378335	0.83489394	0.8995126
41654	0.5039315	0.5405666	1.0211552	0.9454527	0.35267183	0.867167	0.26829553	0.9667545	0.37639755	0.69385314	0.9033368	0.5427962	0.7636235	0.271944	0.22381972	0.6735497	0.20590538	0.20987782	0.80158937	0.42854872	0.5498894
41658	0.89477336	0.49099535	0.40875754	1.0352702	0.2704153	0.36450714	0.36958212	0.33207202	0.9853028	0.61388224	0.9810192	0.97981364	0.8196832	0.9178412	0.20078126	0.67296886	0.20375131	0.23617107	0.78717	0.19386838	0.5278166
41660	0.8789525	0.42502218	0.59266764	1.0203993	0.27186337	0.3739671	0.31294736	0.66170883	0.96749806	0.67152	0.952065	0.66982	0.6235347	0.8412644	0.19961567	0.70437336	0.18793996	0.24257499	0.7798107	0.20166422	0.33988947
41661	0.34084985	0.40363264	0.6781519	1.0352999	0.42886156	0.44474337	0.7235336	0.6158375	0.8617744	0.71287036	1.0194243	0.84984946	0.6070166	0.86468494	0.18594393	0.7097057	0.26446116	0.22991574	0.93604666	0.19702436	0.6787034
41664	0.6349654	0.42850786	0.6936903	0.6742273	0.27688634	0.83626276	0.33281285	0.9011379	0.92598295	0.69655883	0.956773	0.72642756	0.51923	0.77075696	0.21334948	0.6733866	0.2445091	0.21838312	0.7798416	0.19317827	0.84863144
41671	0.5607936	0.46727353	0.71892524	0.9925024	0.27090308	0.61843973	0.36674672	0.90287066	0.83396256	0.6410061	0.883766	0.6233155	0.64485836	0.536274	0.23728772	0.7156629	0.22173299	0.2263628	0.88996685	0.19415659	0.607145
41674	0.7247084	0.4376777	0.5525115	0.9897252	0.25790596	0.8380921	0.4683301	0.90201557	0.84646666	0.63818794	0.8883597	0.621655	0.61480063	0.72805417	0.2139134	0.71611756	0.19442523	0.20520203	0.85577816	0.20480065	0.5197624
41681	0.8539193	0.49551344	0.61061066	0.56269115	0.27837062	0.41586512	0.4618543	0.6730265	0.98219585	0.67899257	0.75796634	0.6760336	0.5952	0.8152009	0.20741175	0.73622453	0.29222608	0.23115303	0.7725664	0.18768656	0.43091774
41688	0.75807303	0.42171988	0.7073057	0.9720427	0.29094914	0.49033517	0.5190645	0.31782633	0.95841974	0.6725765	0.92798036	0.71309435	0.5928253	0.82689524	0.5320545	0.68938845	0.27280492	0.24290973	0.89319575	0.21849549	0.5392422
41693	0.7969227	0.4508989	0.48675987	0.7826033	0.34438595	0.73445857	0.36262593	0.592054	1.0254537	0.6429424	0.8414068	0.69208676	0.35150513	0.89689463	0.2520017	0.6899643	0.21152303	0.24372634	0.83163524	0.57187533	0.6537147
41722	0.48541704	0.45470372	0.8702493	0.990437	0.30606297	0.7479731	0.45709565	0.9165925	0.78178793	0.7356616	0.8539767	0.6461873	0.7324675	0.64343137	0.21672136	0.71277475	0.2866964	0.7011775	0.72893536	0.2125601	0.67150915
41744	0.89994663	0.40210804	0.46339396	0.4413762	0.82093596	0.53148323	0.5138222	0.2265627	1.0343167	0.6781608	0.43858883	0.5031667	0.1932395	0.72337645	0.28266442	0.6757438	0.520633	0.26018795	0.8497307	0.39774647	0.27858022
41759	0.861435	0.38329586	0.7638461	1.0222639	0.30477986	0.8960512	0.3103244	0.78299665	0.9964562	0.7019058	0.38289434	0.71784586	0.49863958	0.85435885	0.18653853	0.6553713	0.6470754	0.23607488	0.5997667	0.23536792	0.4986541
41760	0.49644887	0.45174056	0.50325286	0.96123743	0.280255	0.9717112	0.41782588	0.83461636	0.8727986	0.6571473	0.83156234	0.65374506	0.678141	0.76350397	0.24692754	0.68458754	0.21828943	0.22078925	0.87181705	0.22095469	0.37457582
41763	0.48631716	0.5668948	0.66316	0.9589358	0.2723423	1.0010434	0.697621	0.7593512	0.77865434	0.71228725	0.9378662	0.76881087	0.78262264	0.7507287	0.31914133	0.7319805	0.21284775	0.2558053	0.8119022	0.22946614	0.9370696
41769	0.3473119	0.7250235	1.0969914	1.0481325	0.26083782	0.93740314	0.25672367	0.9507314	0.44718608	0.73117155	0.99984556	0.6507815	0.81049824	0.49639335	0.21845157	0.7257108	0.1892005	0.22949448	0.93539006	0.20051172	0.4507195
41778	0.4452976	0.92052925	0.9257479	0.8286651	0.39043614	0.8572354	0.5359954	0.8307491	0.7928293	0.68648523	0.7136721	0.6679182	0.7198892	0.7782978	0.24345349	0.5563834	0.4576753	0.2743406	0.785131	0.20996569	0.71710294
41779	0.44649032	0.8782952	0.9041968	0.97265434	0.32131928	0.94299823	0.6196111	0.78770125	0.93100595	0.7477919	0.89372474	0.49100378	0.5706741	0.7393789	0.2160289	0.67902243	0.24889958	0.28449675	0.80397075	0.20608039	0.74455166
41780	0.44025692	0.6843669	0.97844595	0.78039986	0.40953767	0.94608957	0.44951952	0.87195086	0.61709565	0.7168084	0.762577	0.5047642	0.7029126	0.72971195	0.22402473	0.57531446	0.2354739	0.47213352	0.87114674	0.21506472	0.7823711
41789	0.3709543	0.32974184	0.522841	0.35681507	0.9106943	0.7647202	0.6120078	0.49906132	0.49253902	0.65718853	0.73895615	0.57556456	0.29354662	0.836806	0.39127532	0.6919703	0.38471225	0.24014664	0.8728729	0.50308734	0.71594507
41791	0.78730214	0.513285	0.49732748	0.81182307	0.3120516	0.8656654	0.46108186	0.44893503	1.0263859	0.63405675	0.7175217	0.6509939	0.36965525	0.8163268	0.23685391	0.6538141	0.29951942	0.58363	0.8089219	0.20961338	0.5469907
41794	0.84038234	0.48956287	0.6293576	0.883435	0.39822054	0.47677067	0.33301952	0.44889483	1.0282253	0.64745766	0.87876284	0.53030235	0.43447426	0.87631744	0.22865692	0.7125114	0.2830998	0.26406783	0.795222	0.25504288	0.62467736
41795	0.7068421	0.5482242	0.8888882	0.9974051	0.27055618	0.7753296	0.39899915	0.9491701	0.79078305	0.7210927	0.88743025	0.5794587	0.6340342	0.67864144	0.21451567	0.6969107	0.20057815	0.24104062	0.8317856	0.20647186	0.7968618
41801	0.41208673	0.32891706	0.8217572	0.5367918	0.5547555	0.6116876	0.608278	0.4923329	0.60530585	0.7069906	0.75134355	0.9113302	0.4048557	0.8046438	0.29284844	0.5979548	0.2672089	0.26712635	0.943559	0.42238128	0.9020871
41814	0.6345058	0.42041236	0.49216548	0.8012074	0.34553733	0.93670434	0.38528383	0.51494557	0.97719353	0.66377133	0.52534974	0.73099315	0.473693	0.87283033	0.24094452	0.56836504	0.34403294	0.9247815	0.87782353	0.2697493	0.8533401
41826	0.78726625	0.48655415	0.6070539	0.7942248	0.37562525	0.9043742	0.3789706	0.50061655	0.97331333	0.6617936	0.7325383	0.61131084	0.39480263	0.8098198	0.20128836	0.70822173	0.26242003	0.3269651	0.8634615	0.3262971	0.67723733
41830	0.9143019	0.5174455	0.56331044	0.60779196	0.3363033	0.53161067	0.57668966	0.38205945	1.0273895	0.63755405	0.63092375	0.98669994	0.6737176	0.8392295	0.30466163	0.54766107	0.31178936	0.77128845	0.9473059	0.36503628	0.75009614
41835	0.6502068	0.4966517	0.62184584	0.5264105	0.31640702	0.655989	0.34968746	0.5320021	0.9504835	0.6985359	0.46282378	0.6229901	0.54524004	0.8843698	0.20273644	0.71157366	0.39894578	0.32341564	0.76801395	0.91198885	0.59230524
41840	0.5134348	0.7387581	0.8673232	0.9420902	0.5010873	0.88298523	0.3542043	0.9127697	0.4036562	0.7333532	0.67585874	0.66921675	0.7113598	0.42038864	0.24997614	0.631016	0.34142506	0.39713836	0.83450973	0.8437373	0.90146583
41844	0.4788346	0.5021388	0.6157734	0.61200976	0.35335585	0.97495675	0.60375667	0.935155	0.5354988	0.6650663	0.6552773	0.7006136	0.6935722	0.67162544	0.3039485	0.5139801	0.33271408	0.26266316	0.8876032	0.3832032	0.8278888
41847	0.80573267	0.46810177	0.6050659	0.9852901	0.27901375	0.90218717	0.49025458	0.91222984	0.71413165	0.6677504	0.943315	0.6360733	0.68532246	0.6206016	0.22118331	0.70787805	0.21101665	0.24827111	0.90248984	0.21132861	0.65524435
41857	0.40009454	0.59967333	0.6868625	0.72394824	0.3291762	0.91169494	0.3481867	0.9258067	0.77124554	0.7114857	0.8658438	0.7134235	0.6620917	0.74504185	0.22583842	0.68312037	0.20118812	0.22336473	0.8463067	0.38480636	0.88550574
41862	0.9221456	0.45350924	0.7260305	0.29332638	0.8710242	0.49757487	0.9575412	0.54942334	0.7574544	0.6747638	0.33684462	0.984359	0.6357834	0.65408564	0.5111426	0.52929115	0.50702727	0.3215588	0.98323244	0.59412676	0.7277297
41871	0.43371662	0.47721332	0.6355815	0.7832373	0.2977599	0.9389187	0.32044005	0.9049347	0.67251194	0.68981665	0.7989348	0.59200144	0.763513	0.7302856	0.18872882	0.63219637	0.23661765	0.26381922	0.86107546	0.24939771	0.6138836
41872	0.6516403	0.42865303	0.6840802	1.0283729	0.2523365	0.9508473	0.34017828	0.89098203	0.888709	0.71442616	1.007287	0.78518754	0.8517812	0.7360164	0.19261838	0.72127414	0.18115216	0.24099058	0.9377658	0.20677868	0.54145813
41882	0.4978391	0.71805584	0.9648792	0.8389925	0.30406106	0.86430293	0.43291795	0.960471	0.507611	0.7218624	0.8875461	0.48438346	0.67815304	0.45884115	0.24455585	0.6421987	0.20264886	0.22830716	0.8314782	0.21853174	0.38496262
41895	0.5262936	0.4621133	0.5991815	0.5657312	0.28699994	0.34616154	0.35082468	0.37049013	0.96011317	0.70047146	0.861842	0.7570468	0.4690978	0.8871027	0.20531392	0.69368225	0.21197471	0.25106645	0.7559481	0.2328545	0.29400182
41912	0.68509007	0.44673866	0.6236032	1.0457835	0.27773568	0.9318404	0.45217857	0.6530916	0.88719827	0.7059876	0.89858186	0.64796364	0.5754496	0.76876605	0.21023276	0.72259974	0.2158681	0.27042037	0.88131344	0.18829136	0.45042482
51005	0.49359846	0.4190673	0.9364553	0.6440651	0.684358	0.89803416	0.92808604	0.7398327	0.8445609	0.7482928	0.86584157	0.6795267	0.8407397	0.73582953	0.37900966	0.71370214	0.35263783	0.40401533	0.9197079	0.39353094	0.9524813
51014	0.83688706	0.585086	0.7904236	0.32568038	0.7752695	0.45935193	0.40321377	0.89628613	0.7567556	0.64091706	0.41509455	0.7966007	0.56410897	0.45922956	0.24841733	0.604552	0.55118185	0.27617198	0.83655745	0.5384805	0.51951313
51017	0.5669687	0.52423555	0.7616716	0.4042315	0.63481694	0.55686855	0.34915033	0.9284022	0.6298063	0.71108973	0.85394114	0.70561063	0.67658657	0.72138363	0.23736112	0.71286607	0.24428293	0.31370896	0.8374277	0.43038133	0.80448896
51023	0.9786608	0.2893839	0.47048578	0.2781895	0.92197984	0.7520138	0.68418145	0.9606586	0.35565972	0.6491569	0.29371518	1.0318022	0.72095925	0.4445221	0.22404353	0.4590579	0.6790319	0.5374304	0.9898698	0.5377636	0.9300453
51041	0.7668239	0.37554374	0.907442	0.3760302	0.7638637	0.6047104	0.720814	0.55653995	0.5222103	0.68693	0.4843285	0.76735187	0.36982456	0.40075716	0.21434341	0.6177778	0.5145609	0.30574596	0.9032825	0.45425683	0.69272524
51047	0.36585185	0.34310466	1.0674577	0.35019055	0.87682605	0.80239624	0.45794463	0.92607737	0.4077892	0.7346322	0.4480776	0.91239786	0.8592145	0.28688332	0.23565726	0.72077715	0.5861322	0.3797185	0.9328968	0.9188862	0.97555876
51051	0.8091097	0.5908463	0.9042297	0.49607098	0.79768	0.36281565	0.29218706	0.9726703	0.53685236	0.71120554	0.32299942	0.88599944	0.78755516	0.4141025	0.20174772	0.7020221	0.68674856	0.70225	0.7280757	0.24172314	0.37803814
51053	0.45088896	0.4738421	0.9821099	0.31585318	0.86849	0.49202424	0.34802708	0.9158294	0.5068251	0.72105265	0.38856265	0.6011572	0.5413752	0.6734061	0.22838342	0.5782949	0.3470819	0.24102813	0.74224967	0.40973616	0.49607417
51054	0.42308885	0.38443282	0.902996	0.33932889	0.7926541	0.4243819	0.3835658	0.9338647	0.71313393	0.65705943	0.7980706	0.538283	0.44567603	0.61545515	0.20063406	0.6744834	0.39121395	0.23654193	0.7291908	0.80042267	0.66578525
51061	0.8356354	0.49767107	0.8119204	0.28676695	0.920115	0.7501861	0.4914164	0.92803437	0.42623183	0.6638144	0.33322525	0.80099833	0.66228205	0.54675436	0.3673408	0.4090078	0.6927244	0.653207	0.8284111	0.8511597	0.9051814
51065	0.69109166	0.33783805	0.9501056	0.37341195	0.9415328	0.6593496	0.33965403	0.94018203	0.35686746	0.7261602	0.3960053	0.36491352	0.86349833	0.5098563	0.18230653	0.7142674	0.7030639	0.7955226	0.95176274	0.77736115	0.9950673
51067	0.8761859	0.45964962	0.5794899	0.36474633	0.8854902	0.74592686	0.4555144	0.98337436	0.31624836	0.63143283	0.40001407	0.9782771	0.6992489	0.4238523	0.59431547	0.45045915	0.63420767	0.4017628	0.83153063	0.7766113	0.73568153
51081	0.5269111	0.9052605	1.0887374	0.29806617	0.8617022	0.4056531	0.31017795	0.917853	0.46405178	0.7449589	0.38034824	0.76519746	0.8654746	0.4748244	0.25788876	0.4370723	0.58338135	0.30261394	0.9772558	0.20272113	0.9824528
51082	0.45863765	0.6283335	0.9254291	0.30799562	0.902532	0.86563843	0.3906123	0.89710337	0.40782052	0.72758156	0.40339467	0.8011793	0.6381645	0.32472786	0.7263817	0.3922107	0.6077695	0.8402213	0.87877995	1.0200815	0.9749321
51085	0.5206481	0.6900899	0.77314246	0.278914	0.9756386	0.83052546	0.7730934	0.40719047	0.41356614	0.67802453	0.36622903	0.57808036	0.26000184	0.7636729	0.57838017	0.38363272	0.5778218	0.28946412	0.8770999	0.6070173	0.94838077
51092	0.6581468	0.3919189	0.92941797	0.9034987	0.53028643	0.91948533	0.30673447	0.93934345	0.33588067	0.7269244	0.9311285	0.89763886	0.9584079	0.35640752	0.21836719	0.69659114	0.21413302	0.23454383	0.96926105	0.2458392	0.52666193
51096	0.42716253	0.6037293	1.0237584	1.0301592	0.26737064	0.521425	0.29319882	0.9069737	0.613746	0.70356613	0.9050114	0.3693826	0.8875433	0.44433773	0.2262738	0.6921772	0.18981668	0.22132793	0.7763831	0.18009683	0.54361343
51111	0.3410324	0.42749035	1.0015763	0.96442163	0.32435802	0.71374506	0.7924238	0.93539006	0.40954095	0.7346995	1.0049977	0.72805405	0.7501551	0.25649887	0.20831223	0.7198021	0.1866795	0.22946052	0.96311516	0.2048431	0.36517325
51131	0.3454162	0.4020457	1.0390955	0.95309967	0.29429647	0.6692831	0.30616942	0.9155201	0.6861424	0.75452614	1.0031793	0.56980896	0.68550235	0.7611117	0.23840992	0.7056468	0.18670684	0.21439555	0.5811671	0.5551591	0.8825876
51136	0.34248182	0.38614663	0.87654567	0.9186299	0.28748763	1.014558	0.3301344	0.86711675	0.7739037	0.84908646	1.0308032	0.9551691	0.69789517	0.5691066	0.5389848	0.6944617	0.21321835	0.23404032	1.0307465	0.20440206	0.9862732
51139	0.39898336	0.4657994	0.78735256	1.0598692	0.26980084	0.4588029	0.45131168	0.85597354	0.80747104	0.71365625	1.0093879	0.64537	0.91108716	0.668162	0.22491755	0.7174812	0.22448924	0.22901207	0.6904515	0.2004451	0.36712334
51145	0.59536487	0.9111041	1.0983351	1.0057237	0.36780217	0.31892654	0.62550104	0.6612619	0.90884274	0.7399738	0.89751214	0.623071	0.9008833	0.79821616	0.20050287	0.7363649	0.2295283	0.27983463	0.85351235	0.19117966	0.28766677
51153	0.47187963	0.43922895	1.1184776	0.9878482	0.29742113	0.9372649	0.4766133	0.737575	0.76117665	0.74673945	0.98416024	0.88671225	0.8565047	0.7724062	0.20214283	0.71260333	0.25520384	0.2658383	0.93099475	0.28250206	0.947216
51176	0.9289348	0.5077789	0.5699378	0.35501194	0.63549113	0.359989	0.6487792	0.76364005	0.5583893	0.5973856	0.6643461	0.6306296	0.5037952	0.604026	0.23950906	0.72880226	0.45386288	0.5661377	0.7880907	0.20736428	0.41165537
51178	0.6028653	0.5887427	0.63774663	1.0303745	0.2754674	0.9848835	0.39541858	0.9190731	0.716344	0.7088831	0.95249766	0.6646599	0.75078154	0.6895721	0.20647441	0.65759706	0.23581037	0.21812107	0.8771315	0.23146956	0.747262
51184	0.47927767	0.4158393	0.78146756	0.924171	0.28795466	0.79645306	1.0303	0.6180162	0.60847133	0.79187685	1.0101107	0.951332	0.6395417	0.78474313	0.31224307	0.67918783	0.20566666	0.22766513	0.99283093	0.25315621	0.9328577
51185	0.38452622	0.80778337	0.97642374	1.0151281	0.27608258	0.6648504	0.26920518	0.95327854	0.48334363	0.6950502	0.93120784	0.4894409	0.8413458	0.25771177	0.21203677	0.69782805	0.18643393	0.21035817	0.84176755	0.21256648	0.28656334
51208	0.6796835	0.9175513	0.8132369	1.0047768	0.32168895	0.7678378	0.33562976	0.88114	0.7562533	0.64898646	0.8405713	0.78178984	0.8752584	0.49242017	0.27995348	0.6929539	0.2114538	0.24790588	0.8721924	0.21092011	0.9787481
51227	0.8508449	0.47084284	0.501515	1.0226763	0.28437763	0.6280998	0.39310214	0.87925	0.72751975	0.68653286	0.9357297	0.5537973	0.44833457	0.6862354	0.23968507	0.6941517	0.18367067	0.22773144	0.7424339	0.21466777	0.3787533
51231	0.34699163	0.68856543	0.90079683	0.9813259	0.32295802	0.7699272	0.2891244	0.9214682	0.37921563	0.7027804	0.9786127	0.6470309	0.89308816	0.215729	0.17611957	0.7015778	0.20282866	0.22275768	0.9435664	0.1958205	0.61196744
51236	0.33959085	1.0614859	1.0434998	1.0324389	0.2720003	0.3942849	0.3041671	0.66559535	0.8765236	0.74094474	0.9808751	0.35208195	0.6682251	0.7837242	0.19333382	0.7020365	0.23196551	0.223634	0.6920118	0.17406476	0.5233106
51240	0.901099	0.3616012	0.44363004	0.8125452	0.2692367	0.91168904	0.82669663	0.95506966	0.70511544	0.67472565	0.83117145	0.78745586	0.8175117	0.31090724	0.28096402	0.6786183	0.27190527	0.24820095	0.9996211	0.22910489	0.91834503
51241	0.40990657	0.7411421	0.9025701	0.82036895	0.35760152	0.33849388	0.42830446	0.49427435	0.81304675	0.7272625	0.8790737	0.8452745	0.396052	0.69309986	0.23725446	0.7136703	0.26561695	0.24461454	0.90765387	0.2455362	0.34269905
51249	0.44325718	0.42161325	1.0788879	1.0146027	0.27686	0.90886074	0.45815438	0.82383424	0.8473117	0.7959412	1.0073596	1.0044911	0.82516664	0.71228045	0.19596522	0.7262298	0.18583658	0.2551397	0.97500795	0.20960186	0.9121484
51258	0.51022905	0.64662725	0.85739	1.0156502	0.30023676	0.6343739	0.4038331	0.79959315	0.7308896	0.73524374	0.9503327	0.814083	0.8297269	0.5384363	0.21378693	0.7121698	0.22900102	0.23622441	0.83739376	0.19537504	0.47950435
51259	0.34716517	1.1237969	1.0750254	0.93863153	0.3647281	0.31040457	0.32123238	0.9185374	0.7987842	0.7123218	0.9846949	0.3916456	0.75717086	0.5799022	0.2013119	0.68822944	0.21667527	0.24276444	0.38455042	0.2018434	0.3354528
51263	0.5727633	0.4840788	0.79804504	0.91899455	0.30120632	0.61338496	0.38686305	0.90965945	0.65211844	0.67023915	0.8401428	0.71502364	0.80745536	0.703267	0.20288593	0.7176562	0.26222792	0.23445849	0.7859534	0.23379073	0.6713376
51268	0.4571442	0.41237366	0.69490945	0.9860011	0.28474125	0.9918557	0.36325544	0.94438094	0.43815935	0.74025005	1.0216254	0.8640049	0.9148943	0.35812843	0.2069612	0.71515	0.19889376	0.2247614	0.98078775	0.20307039	0.7385064
51275	0.37236843	0.9449818	0.88879406	1.0107459	0.29530695	0.6526619	0.34683734	0.9335307	0.39537492	0.7325168	0.9458497	0.43835115	0.7383296	0.31187788	0.26099637	0.6726875	0.22811143	0.23681489	0.9010218	0.23193575	0.84717375
51276	0.73537505	0.54554576	0.5768384	0.89678115	0.3161801	0.90822154	0.3297442	0.96386623	0.32058603	0.66782594	0.9566663	0.53634214	0.7145428	0.31113547	0.25584596	0.6925638	0.19701931	0.21532452	0.94097847	0.22571443	0.7105588
51278	0.48212057	0.47859535	0.7460742	1.0461682	0.2628632	0.8557517	0.81296283	0.84210205	0.43807322	0.68424356	0.92740107	0.80907774	0.6591717	0.33282766	0.25022122	0.5861371	0.19746362	0.2138784	0.8734986	0.1982053	0.88023967
51281	0.32299957	1.1289835	1.0652357	0.8641054	0.45431527	0.2714253	0.26824003	0.9123291	0.55254394	0.7628451	0.80667555	0.27453998	0.90061533	0.48880622	0.20123953	0.705908	0.24673113	0.2508598	0.6042095	0.17941721	0.24178678
51285	0.58851033	0.4905765	0.51331055	0.9826124	0.27630973	0.99450535	0.4367013	0.76874995	0.8440181	0.70006585	0.9614452	0.53640544	0.5958541	0.6247556	0.35811582	0.66798365	0.22710499	0.24514821	0.86575407	0.22794785	0.8461867
51287	0.4835778	0.50009406	0.8039291	1.016203	0.2806516	0.7909013	0.2715688	0.945363	0.3672415	0.7284847	0.98950356	0.6946344	0.8669599	0.29751787	0.26521692	0.70552635	0.20906681	0.23445338	0.95342046	0.23308796	0.8503352
51289	0.66628695	0.77962697	1.0158095	0.9934202	0.36169472	0.55052936	0.81578016	0.73829645	0.91984606	0.707879	0.9121741	0.79844296	0.8161178	0.81289834	0.4136939	0.7168357	0.25322616	0.27349287	0.5448081	0.20750381	0.40679958
51292	0.44175643	0.74126977	0.8050465	0.89199823	0.6357721	0.7155981	0.8298311	0.96039504	0.2969992	0.7293109	0.88425255	0.63253826	0.8177783	0.2619406	0.22849785	0.6202865	0.29515925	0.28003573	0.9821587	0.9487659	0.8822242
51294	0.39051187	1.0347877	0.99833274	0.7703217	0.6469203	0.3397361	0.40816957	0.7515957	0.83336556	0.7287775	0.8141039	0.32727122	0.95132744	0.74722505	0.20471658	0.71877086	0.45555207	0.23638159	0.55246466	0.19593532	0.40434423
51300	0.33218545	0.73446524	1.0037184	0.7313992	0.42155436	0.72201914	0.29297543	0.94649607	0.38518837	0.7256544	0.81560224	1.0461507	0.91878617	0.38168317	0.194316	0.68026894	0.19718897	0.24902394	0.9312556	0.45019567	0.9556546
51302	0.37148675	0.3818221	0.6703003	1.006706	0.29856515	0.77308995	0.30085418	0.899746	0.69794333	0.7348524	1.0196456	0.9392546	0.7283211	0.64292204	0.22796012	0.72503203	0.2015149	0.24127087	1.0088154	0.21220425	0.76603085
51324	0.3377332	0.37034294	1.0198259	0.9107712	0.36557972	0.5667237	0.26811653	0.93345124	0.3674565	0.7382975	0.89225554	1.0309173	0.8381067	0.3931029	0.2683979	0.68989533	0.21257424	0.24721017	0.9759521	0.20220734	0.9704886
51328	0.5562227	0.44626796	0.71192324	0.9330897	0.29516798	0.99140567	0.529009	0.90528715	0.71117467	0.69240826	0.91387886	0.6385959	0.7425779	0.69262946	0.30385152	0.657609	0.24474311	0.34966493	0.961682	0.26571667	0.8768923
51329	0.42074388	1.0539075	1.0292642	0.99492806	0.29820645	0.38590884	0.3573389	0.84025115	0.82751614	0.7703279	0.8947486	0.34325856	0.8558241	0.6360253	0.2118538	0.6279175	0.24126536	0.2583916	0.5524354	0.18124822	0.36754686
51346	0.7901738	0.4684725	0.56541264	0.88912594	0.3006344	0.613295	0.4923132	0.32705078	0.99935347	0.6549694	0.90169275	0.66906697	0.3433505	0.89403224	0.24567668	0.7004223	0.22862497	0.23969513	0.8327045	0.22661671	0.35756218
51353	0.8900066	0.42381114	0.42966935	0.3265523	0.8433149	0.5419458	0.30656463	0.31163388	1.0219656	0.65193826	0.37691358	0.5548546	0.29537892	0.8155907	0.21155445	0.5907442	0.6527384	0.9089984	0.79126394	0.3817162	0.87919974
51355	0.81380016	0.4562872	0.55625516	0.32818258	0.95226526	0.85864925	0.7940115	0.3743454	0.697418	0.69176483	0.2919984	1.0319781	0.39574444	0.33703718	0.23524866	0.32558343	0.66151476	0.5031811	0.8872659	0.80572814	0.9851916
51390	0.3647949	0.8649315	1.0259768	0.70982337	0.5298234	0.32535258	0.36341575	0.9079706	0.5607463	0.71649885	0.8841159	0.40558854	0.67031705	0.40381244	0.2390409	0.69889915	0.22128648	0.2973748	0.99083644	0.26587215	0.44356143
51394	0.41185242	0.9985837	0.97191083	0.62377083	0.5929434	0.74590486	0.66711026	0.7044426	0.3822824	0.7079385	0.79538625	0.3412683	0.24190028	0.41609088	0.25248733	0.7057984	0.45082402	0.24190277	0.54691756	0.40642652	0.3210877
51395	0.89290494	0.4875065	0.44885808	0.8648712	0.2849349	0.37137476	0.5104446	0.316899	0.95147735	0.6269993	0.8045047	0.62041867	0.39953464	0.7532525	0.34289205	0.70355207	0.24314901	0.23990503	0.74484646	0.19268659	0.32332465
51414	0.8511871	0.4434194	0.5906542	0.294113	0.8482487	0.5089074	0.83831996	0.19834276	0.9815144	0.64979833	0.3995306	0.68263245	0.19762449	0.82621527	0.6183489	0.51580554	0.50200695	0.27734363	0.7997271	0.81523687	0.52051675
51415	0.6443825	0.39524928	0.7896582	0.99888855	0.2717363	1.0302986	0.29317042	0.7251554	0.8977786	0.7660853	1.0257124	0.9990823	0.85940015	0.8386332	0.17891975	0.70992035	0.20903736	0.25225082	0.9830377	0.204919	0.36690548
51416	0.83635753	0.4564798	0.62115353	0.5383041	0.5871216	0.63043344	0.32053936	0.4522422	1.0222363	0.68185127	0.49097812	0.86597896	0.7569407	0.8746822	0.20667145	0.69242954	0.6180879	0.5856807	0.8860099	0.82551837	0.91436267
51435	0.9488799	0.32168514	0.37464973	0.30044883	0.87717664	0.49555898	0.9077246	0.23503934	0.9863915	0.6393431	0.34522405	1.0332763	0.24968071	0.7021887	0.49927086	0.54882693	0.4935372	0.45827168	0.9531279	0.48521045	0.81979203
51436	0.4089273	0.43760866	0.9262533	0.56854373	0.5276877	0.3451421	0.7789461	0.28712994	0.67428654	0.6673993	0.3711628	0.30751032	0.20269476	0.36346528	0.7507226	0.49679664	0.29066363	0.28203815	0.6138379	0.7079115	0.6630123
51441	0.38177833	1.1612675	1.067875	0.6315213	0.7763605	0.24546094	0.28512555	0.9042193	0.82784146	0.74566525	0.6511376	0.30154106	0.71835834	0.38217872	0.19891268	0.7141468	0.31255636	0.25891444	0.33211425	0.22726119	0.23857525
51442	0.33946434	0.944529	1.1645105	0.63910097	0.3616829	0.3331193	0.30641916	0.9440268	0.63067627	0.77691144	0.75411	0.47610036	0.636339	0.62952274	0.22729713	0.72750354	0.22399588	0.26774022	0.90746623	0.23697834	0.4946362
51445	0.32792962	1.2110265	1.1670829	0.73376215	0.30117905	0.25707743	0.25983432	0.97993773	0.39245078	0.7914933	0.8080751	0.41038862	0.9707201	0.25119767	0.205932	0.71080965	0.1998324	0.23523594	0.61134166	0.17905287	0.2908809
51454	0.3215615	0.539051	0.8021717	0.6714092	0.29364228	0.36566764	0.25813884	0.9376329	0.4507812	0.6858152	0.859119	0.45698035	0.59034336	0.30824485	0.2107759	0.7213685	0.21706028	0.2362433	0.69747174	0.1951551	0.23361105
51458	0.8063507	0.47952247	0.79127353	0.43328345	0.8721447	0.7748995	0.3951356	0.80906147	0.72808534	0.71096003	0.4681575	0.5947951	0.89598817	0.63934815	0.20476522	0.61636865	0.5015843	0.30815473	0.78484005	0.94041276	0.7243811
51465	0.9471412	0.31276894	0.3788093	0.29480696	0.91372544	0.8314001	0.92850554	0.33231944	1.0459569	0.6402595	0.28079972	1.0746834	0.3215538	0.8404688	0.29786062	0.4895961	0.56280214	0.6835655	0.90873563	0.2613805	0.9422343
51472	0.60040814	0.5506877	1.0243845	0.68675745	0.5131804	0.8494678	0.3793126	0.9404509	0.3615487	0.68907917	0.85333776	0.46818498	0.8000921	0.32451117	0.36213458	0.64920616	0.30556273	0.24142805	0.8644377	0.24613266	0.6637637
51474	0.8548085	0.33095416	0.4370617	0.33799437	0.8638969	0.9475859	0.6372385	0.2539709	0.76488256	0.6542241	0.4789545	0.67555785	0.28036606	0.7406909	0.39251924	0.54193896	0.63330704	0.25275996	0.93526125	0.73309463	0.8871527
51479	0.41361576	0.32869527	0.9019544	0.9727436	0.4607424	0.5316425	0.31427047	0.6979404	0.6265898	0.72014654	0.8918832	0.8343707	0.77770597	0.5453889	0.32708192	0.71486896	0.24522582	0.26760268	0.88554305	0.70566267	0.9510659
51484	0.78157777	0.48211816	0.7686653	0.52037835	0.6379629	0.8474029	0.38479078	0.33668697	0.9013859	0.682621	0.51197445	0.72385234	0.32476082	0.6107345	0.25228366	0.6674218	0.5703397	0.27431482	0.8809251	0.438059	0.4910808
51487	0.47502282	0.6493563	0.9403932	0.40812632	0.682322	0.4597912	0.7829858	0.64110845	0.59235346	0.70528156	0.43761247	0.38808236	0.5141631	0.36953023	0.51980656	0.5376988	0.48776913	0.38435552	0.56050664	0.5044164	0.772296
51503	0.82324535	0.5495721	0.62964547	0.35584137	0.8329679	0.60042566	0.42801562	0.39531195	0.7589856	0.6333986	0.36543393	0.40940103	0.17932278	0.7618358	0.48247808	0.43426728	0.5675344	0.72273374	0.70548815	0.384555	0.44435045
51515	0.74228275	0.35577446	0.54406863	0.6536027	0.30755776	0.9676157	0.5047537	0.885778	0.9351583	0.68961346	0.71702254	0.7453955	0.61073357	0.7655633	0.20776471	0.64590424	0.20021674	0.22743824	0.9768665	0.22135992	0.96359235
51524	0.8064481	0.43401825	0.55792224	0.51291656	0.73923033	0.5001883	0.34592524	0.23170471	1.0201446	0.7200578	0.50869983	0.8422722	0.22370674	0.89421535	0.1953578	0.61818796	0.255396	0.56196904	0.901921	0.5033214	0.7367923
51530	0.81553197	0.44181305	0.6131807	0.61414576	0.30534014	0.49149513	0.39584565	0.56470245	0.9408608	0.67370194	0.7906084	0.8251878	0.61987984	0.79036605	0.20454873	0.7144362	0.20779228	0.23177038	0.8800088	0.2046192	0.34776935
51531	0.42507565	0.9854285	0.91261053	0.5828802	0.3930514	0.5666084	0.38667417	0.7976636	0.9042438	0.6929386	0.68222404	0.49999353	0.6326852	0.67241424	0.271317	0.6642705	0.4819008	0.27107185	0.7556725	0.1936508	0.4285491
51534	0.45346606	0.6849534	0.7151671	0.87065125	0.38056645	0.49185252	0.495152	0.30687293	0.78581816	0.68873245	0.7049421	0.49037883	0.35314628	0.80207545	0.32962918	0.71063375	0.3156167	0.27511683	0.7678024	0.22132118	0.4960055
51539	0.33641702	1.1958836	1.1510775	0.68356407	0.4690205	0.27547717	0.29536185	0.9668945	0.438077	0.7581282	0.69784236	0.33562645	0.904943	0.34572172	0.2230929	0.70271623	0.23611674	0.25360242	0.39613128	0.34536466	0.27353558
51541	0.4718598	0.56455517	0.7705824	1.0070949	0.28085065	0.62386674	0.5106431	0.6858742	0.9505457	0.7614452	0.98806065	0.761971	0.8014235	0.69311005	0.2466806	0.72272563	0.19908656	0.3581563	0.9084247	0.19672051	0.8068115
51556	0.31932396	0.99347675	1.0482641	0.69193536	0.34244907	0.30244762	0.34962088	0.9571292	0.28203443	0.7031129	0.81768876	0.4870281	0.85827965	0.33634824	0.20221022	0.71396816	0.2629441	0.22455445	0.72793436	0.1892054	0.28130955
51562	0.35695025	1.001215	1.0928102	0.52436036	0.47449458	0.31554353	0.31689712	0.9129272	0.38062137	0.7652419	0.46496958	0.48155725	0.65494823	0.49285606	0.34033132	0.67824495	0.2580173	0.2368693	0.7549805	0.18561482	0.24475679
51575	0.36657447	0.40107518	0.8761961	0.8154673	0.2993199	0.93775624	0.815594	0.95267886	0.5372665	0.7316148	0.9998321	0.94269705	0.60197115	0.45646697	0.51061577	0.6864164	0.20417407	0.22488268	0.9690541	0.2714409	0.9456828
51577	0.8470891	0.43645325	1.0873755	0.9639255	0.2676448	0.94396377	0.27388903	0.9651934	0.3668153	0.73590994	0.9341406	0.6767312	0.45867392	0.3752327	0.22330232	0.70200074	0.18945718	0.23763844	0.8199306	0.2664166	0.43509412
51591	0.48191133	0.42128807	0.5671117	1.017348	0.26401272	0.8573307	0.3590145	0.40887767	0.941445	0.672238	0.8582116	0.5747376	0.36541888	0.8568935	0.2219708	0.5924775	0.27229276	0.21931364	0.8187259	0.19735777	0.56181073
51592	0.7743345	0.4756306	0.58110017	0.9849628	0.26506817	0.8502203	0.33689603	0.87369	0.78843653	0.62870073	0.85466886	0.49157235	0.30998108	0.7144149	0.22982638	0.71064377	0.20309277	0.20540598	0.7970954	0.21187335	0.37734464
51593	0.42698357	0.8219464	1.0298226	0.8920079	0.38276595	0.65483606	0.39838168	0.7635735	0.6805491	0.76591676	0.9059686	0.7526537	0.82362854	0.6914683	0.20581342	0.69113857	0.2539145	0.29255855	0.8379128	0.2627602	0.6667006
51595	0.5091721	0.5566201	1.1087515	1.0307487	0.262807	0.91300327	0.32431298	0.9556015	0.6249248	0.7081831	0.95304805	0.5683798	0.7261865	0.45712498	0.21681267	0.69872004	0.19830897	0.2568162	0.88680273	0.21374834	0.49962875
51597	0.71515524	0.50501436	0.5213847	0.78119045	0.30007488	0.7740677	0.4211562	0.58876944	0.9302647	0.6820936	0.90166914	0.4996927	0.42653596	0.7966223	0.21747008	0.6658855	0.20932561	0.2559095	0.78660905	0.20491512	0.3805323
51598	0.55989665	0.69629484	0.7786535	0.8864223	0.3184882	0.68383676	0.3946769	0.5315987	0.8320503	0.649264	0.9183196	0.6394656	0.4302296	0.7761992	0.6145611	0.6578941	0.21996716	0.24679217	0.8866676	0.4319443	0.867859
51607	0.3283719	0.55830425	1.083215	0.9804956	0.29286835	0.959602	0.28296906	0.95184124	0.3172189	0.77221704	0.98713034	0.6785819	0.48605755	0.53979737	0.19626287	0.68213886	0.18767767	0.24939671	0.93009007	0.20687589	0.5311044
51611	0.38108763	0.41419378	0.98602486	0.7245308	0.6328825	0.9203069	0.33087152	0.89760476	0.4599368	0.7317045	0.83775115	0.7545001	0.6984143	0.55739766	0.2736122	0.7026524	0.23278818	0.33217707	0.95385414	0.39182457	0.91930056
51613	0.3428122	0.38797635	0.9597085	0.9981416	0.31303158	1.0018015	1.0044084	0.9746647	0.36062258	0.7200154	0.37149584	0.8137046	0.8299667	0.4021024	0.2220275	0.7021966	0.20907767	0.23184428	0.9967353	0.21406151	0.92117643
51624	0.4744259	0.9617746	1.1049231	0.910623	0.36686876	0.6314129	0.33689082	0.9354471	0.42812097	0.749863	0.878322	0.57389975	0.87554866	0.2911583	0.21431145	0.7083837	0.23323318	0.26174375	0.9070812	0.24522017	0.70578057
51626	0.4354997	0.56507605	0.945456	0.93911946	0.3269441	0.58562356	0.5141991	0.44469097	0.84588546	0.7026151	0.7536399	0.53732556	0.3497724	0.8307834	0.27149066	0.66371	0.2689031	0.275061	0.8744924	0.19472268	0.6945977
51632	0.3363272	0.47568136	1.0349187	1.0351806	0.27325457	0.9836622	0.27390027	0.9518527	0.37325746	0.6841387	0.9753266	0.50794774	0.38453385	0.5464529	0.19111599	0.68967247	0.17345184	0.2202734	0.8196736	0.21028338	0.41781843
51635	0.7456075	0.4803834	0.6536174	1.0147636	0.28352576	0.7437385	0.33904505	0.9047855	0.7671491	0.6914628	0.89240634	0.66592336	0.3973582	0.7655138	0.19856593	0.68892086	0.1973617	0.22946641	0.8577383	0.19929026	0.24504396
51639	0.5349656	0.58492166	0.63211757	1.0168393	0.2772558	0.78888446	0.34037393	0.8508611	0.89290726	0.6623228	0.85291713	0.580292	0.61202884	0.82011896	0.19822282	0.7120931	0.1883885	0.22575176	0.77008873	0.21592534	0.37481397
51652	0.33350104	0.4510554	1.066378	1.0023451	0.2775729	0.98369306	0.281876	0.9349586	0.34590575	0.7809948	1.013012	0.6371113	0.733509	0.5130759	0.21016623	0.68467766	0.1911826	0.22763744	0.96605664	0.21632917	0.6661213
51653	0.36606216	0.59824526	0.8781006	0.655178	0.27530894	0.94886285	0.36571962	0.9035021	0.8506217	0.78702176	1.0010711	0.92042863	0.720101	0.5847505	0.6248396	0.68777424	0.22440854	0.23629825	1.0133115	0.20249172	0.97421926
51670	0.38980788	0.7290041	1.1551259	1.0232868	0.26444864	0.99726945	0.28832275	0.9669992	0.57172817	0.7023702	0.9634893	0.40837622	0.7816927	0.36421373	0.20657864	0.7022867	0.17321075	0.21885274	0.8143664	0.22828467	0.61153555
51674	0.3283719	0.55830425	1.083215	0.9804956	0.29286835	0.959602	0.28296906	0.95184124	0.3172189	0.77221704	0.98713034	0.6785819	0.48605755	0.53979737	0.19626287	0.68213886	0.18767767	0.24939671	0.93009007	0.20687589	0.5311044
51687	0.60076404	0.64096653	0.9825778	0.9560555	0.29778305	0.35326758	0.34431922	0.86382294	0.5902791	0.6416858	0.9809116	0.7184289	0.65524393	0.6745005	0.18706387	0.7197375	0.25853223	0.24588412	0.8221468	0.26547873	0.34442154
51688	0.35614952	1.0980238	1.0308704	0.9492008	0.3029096	0.4864635	0.28383002	0.9375946	0.71796554	0.72409046	0.89499646	0.39839736	0.9612579	0.5504952	0.17340493	0.7148401	0.20431492	0.22205633	0.783838	0.18968381	0.5902659
51694	0.909299	0.32826823	0.44288433	0.46981847	0.4143172	0.7833877	0.8193084	0.78925884	0.55022377	0.62001354	0.6092361	0.7971887	0.533282	0.53836715	0.7167953	0.4181604	0.24163252	0.22376606	0.9651143	0.35948113	0.8617142
51705	0.32836217	0.5936599	1.0962735	1.018165	0.2659596	0.80359197	0.25535628	0.9504615	0.37713286	0.7316699	0.9442176	0.52958536	0.6185525	0.31191584	0.22245653	0.7011457	0.191744	0.21118487	0.89573383	0.19842719	0.8991514
51708	0.4167126	0.5639843	0.85069984	1.0396619	0.26407102	0.6512801	0.26737583	0.56973857	0.8987167	0.6821512	0.9000201	0.6913683	0.2798981	0.81785816	0.19531628	0.6913567	0.21418709	0.24294797	0.7656392	0.19517721	0.27495897
51710	0.33203188	0.5047859	1.099234	0.97547585	0.2666861	0.90774715	0.25514552	0.96324277	0.3628048	0.74785185	0.95487493	0.55236125	0.74560905	0.36083275	0.2124601	0.7126078	0.21286203	0.22358245	0.8845472	0.19888845	0.90287465
51713	0.3732328	0.58923686	0.9002981	0.8944801	0.27022696	0.9256229	0.5402064	0.78459626	0.83068544	0.7495857	0.94591516	0.81635284	0.8864171	0.76444185	0.23456636	0.7387746	0.23002808	0.2737836	0.8638515	0.22957483	0.54757196
51720	0.41758022	0.50335944	0.7383904	1.0051738	0.26162577	0.9008034	0.39291188	0.92525655	0.540146	0.7105628	0.93947333	0.65547055	0.8610848	0.53207403	0.21689671	0.7297456	0.2037105	0.2222127	0.866975	0.18728617	0.5958485
51730	0.53459466	0.46224317	0.8836874	0.8943191	0.30939305	0.91356647	0.5668556	0.7992813	0.47653928	0.67806935	0.60864425	0.5152806	0.6307008	0.37866575	0.23956622	0.63934034	0.31228188	0.27051476	0.8518637	0.28433856	0.9548427
51732	0.35237184	0.7168878	0.8943611	1.0113208	0.27910444	0.4275783	0.24944024	0.9553054	0.48420978	0.66138786	0.9608127	0.57946444	0.7754374	0.35088563	0.18397269	0.702908	0.17810719	0.22149381	0.8228821	0.193808	0.3880755
51738	0.3588295	0.49838012	1.027893	0.7395769	0.47122395	0.38560155	0.34235376	0.9616401	0.6054007	0.71221787	0.79233295	0.65677255	0.62011755	0.63933104	0.21347918	0.6883105	0.2764089	0.34980136	0.94573665	0.82201296	0.90701056
51751	0.50710887	0.31266344	0.7819122	0.9926248	0.27335966	0.91708356	0.32447687	0.49147305	0.8171672	0.7003706	0.9867844	0.96903855	0.3756347	0.8274827	0.19812304	0.70253235	0.21117695	0.23266728	1.0007793	0.20239633	0.8819198
51758	0.41261816	0.44431975	0.9168122	0.99631685	0.28409815	0.8071925	0.35867336	0.91650176	0.50194025	0.7152093	0.9979983	0.5112529	0.69877857	0.62688136	0.2434536	0.69406635	0.19185539	0.21933448	0.7513308	0.19084267	0.47573388
51768	0.415772	0.6339506	0.92822427	0.94162625	0.2778501	0.6044739	0.3773036	0.974557	0.36980253	0.72589284	0.98581046	0.71424806	0.95577323	0.2288318	0.19805019	0.73469675	0.20836554	0.21796793	0.82310116	0.19006643	0.43048897
51774	0.44136846	0.49996567	1.0005281	0.5263638	0.39252737	0.64612556	0.4180883	0.94345677	0.43561348	0.70790166	0.8623814	0.56109005	0.6532521	0.28598702	0.24900241	0.6777251	0.20026088	0.2436693	0.9607624	0.23735692	0.9196074
51775	0.6120436	0.38055512	0.86783767	0.84300447	0.29715475	0.8712864	0.54077244	0.9028835	0.51109254	0.7566458	1.0011	0.9918026	0.8748648	0.54141533	0.22733757	0.6919774	0.23504427	0.23690712	1.0077193	0.21478641	0.8609217
51792	0.38402784	0.57491964	0.91550857	1.0203937	0.29839054	0.8192363	0.31789684	0.93107814	0.43593308	0.71294403	0.96081567	0.7141792	0.9265338	0.39664343	0.21236639	0.7109574	0.18861179	0.23004666	0.9336748	0.22342546	0.6637345
51795	0.5857873	0.428307	0.81610054	0.95663655	0.30396655	0.96300954	0.44276708	0.9112504	0.4513245	0.7424517	0.9836785	0.67221093	0.8322132	0.510621	0.21669517	0.70617205	0.1870309	0.23174423	0.98482096	0.20720515	0.94178015
51799	0.74584424	0.44311938	0.53679794	1.0151591	0.2792831	0.5630269	0.35410878	0.88726217	0.77828234	0.6892819	0.86129564	0.65367424	0.33974773	0.8032469	0.28897992	0.66792995	0.19413516	0.24085706	0.8026169	0.19775434	0.2533681
51801	0.5961855	0.59709316	0.61562216	1.0007684	0.28454462	0.92700124	0.49508107	0.9367259	0.4624193	0.64700127	0.89338344	0.5518423	0.7666215	0.3270831	0.2790552	0.6433006	0.22007301	0.22963804	0.8544481	0.2164736	0.44496027
51804	0.4685981	0.8840689	0.9825065	1.041544	0.29876587	0.48106807	0.32854947	0.6402223	0.96717334	0.717019	0.8797434	0.87203103	0.676794	0.78264165	0.21220785	0.6904198	0.22700836	0.25289643	0.88104993	0.17927347	0.4398898
51805	0.41108137	0.3997967	1.005186	0.51493126	0.7355981	0.7842649	0.65096515	0.5199241	0.7448956	0.67180055	0.4859326	0.6011088	0.44890624	0.342336	0.37880057	0.56704974	0.28973728	0.2681044	0.8828504	0.9426193	0.9852545
51807	0.390244	0.44907588	0.88698673	0.9516274	0.29237542	0.8476318	0.3381372	0.62296635	0.94785404	0.7637072	0.8399997	0.91370595	0.4159604	0.7825231	0.23186333	0.7033409	0.20842469	0.36505184	0.9576957	0.19335343	0.5257538
51808	0.38795337	0.8587158	0.88078034	1.0367901	0.26241082	0.4467365	0.38645965	0.9724865	0.43764588	0.6998967	0.96840584	0.6277538	0.8849174	0.2330421	0.21426424	0.72988737	0.18376315	0.22697432	0.73682314	0.19945493	0.39203995
51821	0.38756362	0.6860604	1.025921	0.99506766	0.32602072	0.7827495	0.40051043	0.6780821	0.7788197	0.7691048	0.92761457	0.8738655	0.7053446	0.6036627	0.3936674	0.70299965	0.2267694	0.22719315	0.95452636	0.21894936	0.8834392
51826	0.7761752	0.5001123	0.4338396	0.9064708	0.4506811	0.96378046	0.49987078	0.60282594	0.2945183	0.6709562	0.82198834	0.62721103	0.3627571	0.5065912	0.58627605	0.6757934	0.2111327	0.23486896	0.9217743	0.3674627	0.7991105
51835	0.76783705	0.6005688	0.63381374	0.82497215	0.5100905	0.76056486	0.40256462	0.40341812	1.0186185	0.6727346	0.5946811	0.77109003	0.27017486	0.8736269	0.2960996	0.49614003	0.5968612	0.87300396	0.82839715	0.8631416	0.9091829
51837	0.90646166	0.3685878	0.37088743	0.35591242	0.50304186	0.7936762	0.77511984	0.39583188	0.89678425	0.6035232	0.3368722	0.9351665	0.4135196	0.57632715	0.49300313	0.31185704	0.43800575	0.2799118	0.95300025	0.46791148	0.9836546
51849	0.8874139	0.43448445	0.55064875	0.32289833	0.5219389	0.7951466	0.30919278	0.9915699	0.23399642	0.6772405	0.6950628	0.92934626	0.8761094	0.26221845	0.23631853	0.46099138	0.41019514	0.31580824	0.8940839	0.53487074	0.675455
51857	0.8934429	0.5654186	0.6565245	0.73225605	0.29057646	0.90082055	0.3257021	0.69914955	0.79570967	0.68209344	0.7778292	0.5631687	0.5225256	0.80505437	0.26148686	0.6975647	0.23422173	0.24843803	0.82995826	0.22429237	0.3279105
51866	0.85517895	0.47215462	0.5381936	0.93184334	0.30934516	0.7812744	0.6864991	0.5074143	0.5273045	0.62485516	0.90524507	0.8099613	0.537261	0.59192634	0.28603444	0.66505784	0.20250672	0.22407469	0.95428747	0.21179904	0.5050339
51881	0.8681268	0.37839004	0.42952353	0.4501768	0.90539384	0.797227	0.7497379	0.9272899	0.36415637	0.6060725	0.45446157	0.8922502	0.6042338	0.34089938	0.38510203	0.63348544	0.25264195	0.26173005	0.9731381	0.23858471	0.8134396
51882	0.795541	0.6313039	0.7203249	0.4542937	0.8576866	0.721663	0.43199387	0.3248609	0.9709586	0.70175666	0.4017281	0.595797	0.2540087	0.71242046	0.28004384	0.61792314	0.6264342	0.3262842	0.8496918	0.985404	0.72993976
51883	0.60920984	0.48306015	0.4599184	0.981939	0.27919188	0.9458557	0.53956646	0.91722447	0.5101352	0.72442013	0.99090284	0.8138234	0.7705377	0.6447561	0.2734438	0.70492727	0.19400668	0.23811662	0.9660688	0.214554	0.76015025
51889	0.89500684	0.3150219	0.3452701	0.45717335	0.97806746	0.8619146	1.0632265	0.30325124	0.31753865	0.6268841	0.39791778	0.78101784	0.2775408	0.57469165	0.59552014	0.38309297	0.43182513	0.24747911	0.942268	0.8896292	0.8517345
51896	0.37907606	0.92915404	1.0096909	0.93715566	0.2837633	0.637185	0.40511897	0.9240558	0.29841742	0.7283953	0.91943836	0.633394	0.9790919	0.26850235	0.24119492	0.7290284	0.23848075	0.24372363	0.8091726	0.25066686	0.61394334
51897	0.72030425	0.40737298	0.61575377	0.24252982	0.99772584	0.9244531	0.9716032	0.23222359	0.32857856	0.6541817	0.29717323	0.6460257	0.202462	0.26231295	0.77597886	0.2630912	0.57015514	0.41538596	0.84864765	0.818795	0.9765537
51901	0.54021275	0.664294	0.8582224	1.0281188	0.27997357	0.86233497	0.550864	0.89176327	0.48476553	0.6546801	0.86801565	0.5732436	0.82565486	0.3308921	0.28353783	0.5930892	0.20447245	0.21968792	0.8917582	0.23435687	0.89498436
51915	0.40768185	0.7217454	1.0472018	0.5059777	0.89273554	0.5247337	0.41705963	0.32604495	0.8621221	0.73257816	0.7298055	0.7182479	0.47963536	0.82157207	0.30174252	0.5274007	0.3520288	0.2644417	0.8445026	0.39780957	0.3864764
51918	0.86873573	0.324562	0.503451	0.7752757	0.62180275	0.94344544	1.056155	0.23902027	0.3344424	0.6833953	0.79527056	0.79110974	0.2194281	0.5446777	0.7416758	0.39565024	0.23569468	0.24629322	0.9951348	0.9972745	0.9933465
51919	0.7752991	0.35394025	0.52860796	0.7805672	0.6169941	0.7461768	0.7864455	0.26997486	0.357333	0.6721526	0.730859	0.7175111	0.2625312	0.79339594	0.6578842	0.41945627	0.26131153	0.23212752	0.94360876	0.6611512	0.93278855
51922	0.5814041	0.45899516	1.0566492	1.0199382	0.2846062	1.0145357	0.31643924	0.9495143	0.61175865	0.770925	0.9968534	0.472865	0.58160037	0.71291333	0.2144197	0.68850225	0.17221186	0.22534937	0.82026654	0.22953084	0.51532274
51926	0.34586856	0.35239848	0.96950233	0.8251894	0.83956474	0.92973506	0.56242007	0.76063555	0.3076515	0.7754729	0.9897017	0.9698606	0.41516373	0.5119347	0.2663235	0.6996679	0.19044772	0.2291039	1.0284542	0.20955959	0.95212996
51929	0.6266981	0.86140054	0.92151177	0.99099606	0.307383	0.7343685	0.35605717	0.91368496	0.3479612	0.7032414	0.9091981	0.6479867	0.9437218	0.2752783	0.28090802	0.6650362	0.22978336	0.23608841	0.93800277	0.2467667	0.7316038
51930	0.9446003	0.37812266	0.5114809	0.5319891	0.50309455	0.47908986	0.78668195	0.45430937	1.0399296	0.6253721	0.36261898	0.9155413	0.41514048	0.7370418	0.32148752	0.6088682	0.46585935	0.7313356	0.972094	0.23078837	0.8787492
51945	0.91164416	0.6166643	0.53658676	0.666275	0.6007657	0.5038547	0.44775644	0.33823046	1.0064255	0.66145253	0.6073961	0.6390427	0.47831666	0.65289056	0.6987289	0.5153074	0.35473907	0.3084511	0.8570905	0.34359813	0.53360724
51946	0.54543495	0.46724516	0.76197803	0.32032102	0.89719033	0.70349497	0.36670664	0.58569187	0.9992805	0.730105	0.44384706	0.61677885	0.39338475	0.76553905	0.21087359	0.625288	0.68743944	0.8633549	0.7981286	0.8349331	0.52482647
51949	0.5686135	0.42208493	0.623163	0.77205235	0.50146055	1.0051961	0.37743297	0.80622405	0.70979077	0.6944621	0.82382154	0.5396453	0.42048013	0.72768795	0.19125873	0.5564326	0.33924308	0.2711571	0.9469703	0.38519183	0.90527546
51953	0.8921362	0.37804386	0.39436764	0.83797365	0.54230714	0.95085996	0.6836328	0.7471387	0.3149517	0.65377384	0.86936706	0.9560896	0.3583123	0.8610126	0.5856245	0.55074424	0.28132984	0.29155383	0.9484144	0.3823701	0.955478
51957	0.5314556	0.47016668	0.6570609	0.91788125	0.3352297	0.92865235	0.34865528	0.3830018	0.89595246	0.7254665	0.7382221	0.87253654	0.6947595	0.8791204	0.206742	0.5476124	0.31888872	0.5852791	0.91604906	0.20913725	0.9750737
51962	0.5757886	0.46482518	0.7311998	1.0315765	0.26501277	0.87228847	0.6955642	0.7825685	0.9117132	0.71517766	0.92877936	0.90276474	0.7927363	0.77419084	0.23968373	0.7490836	0.21511853	0.23844701	0.87913585	0.18679129	0.30200094
51982	0.4446203	0.6303163	0.8918883	0.9845739	0.27685878	0.8837148	0.27135274	0.9467591	0.41798458	0.6788121	0.9088099	0.51735365	0.7116945	0.2813905	0.22021419	0.69540316	0.21087518	0.19993164	0.80628544	0.280317	0.61940575
51992	0.77998084	0.4369491	0.50373554	0.76707816	0.30614874	0.43661729	0.82606167	0.44580898	0.8548445	0.64162946	0.8191832	0.7702004	0.58836925	0.7144684	0.45001087	0.7261215	0.24902439	0.2556332	0.9420782	0.2591613	0.56339425
51996	0.41518465	0.4652034	0.81463003	0.91947407	0.353855	0.91711575	0.79104084	0.70843464	0.41819376	0.69242996	0.8362957	0.80839	0.36592528	0.5070244	0.49038845	0.62743616	0.2157748	0.2282271	0.8954189	0.20009525	0.77520764
52004	0.7036618	0.50077355	0.6944405	0.9740081	0.3004071	0.9341579	0.823098	0.73497593	0.6649561	0.7048724	0.93222654	0.4677145	0.5202043	0.53522784	0.28915334	0.69417286	0.2068275	0.21700157	0.9051985	0.20233886	0.39831114
52012	0.3617537	1.0875305	1.1307429	0.70338327	0.46477884	0.81157625	0.26778334	0.95718914	0.43986627	0.73057777	0.77199304	0.45774192	0.7333487	0.29484105	0.21965653	0.7241726	0.20517276	0.22879668	0.9499125	0.23773317	0.8453179
52015	0.79388463	0.3740748	0.515259	0.8247447	0.31480235	0.9304626	0.47627717	0.48248562	0.9661227	0.64612645	0.7938458	0.7014756	0.32257807	0.71561146	0.20475142	0.55099267	0.28521955	0.21881832	0.92571557	0.32854497	0.9406018
52018	0.73609585	0.38085884	0.44084695	0.6103406	0.86941355	0.9402959	0.98718315	0.35818413	0.31639725	0.65045506	0.41386238	0.7662612	0.25776035	0.37672314	0.74010813	0.40029678	0.4848961	0.24905008	0.9231115	0.93092453	0.96664244
52020	0.7060958	0.3338941	0.9883628	0.7790492	0.5334198	0.88014543	0.5450231	0.7016009	0.5621324	0.66266745	0.55587935	0.6427346	0.19267029	0.63354737	0.5216326	0.4350571	0.32796076	0.22941932	0.92739296	0.89099354	0.9716652
52029	0.80371493	0.6074643	0.9388201	1.0572644	0.27285203	0.95648146	0.2779618	0.9271525	0.73484355	0.74398476	0.97314745	0.47566882	0.7945903	0.5692695	0.20622802	0.71465683	0.16119464	0.21975279	0.90152335	0.20083551	0.2985701
52036	0.4893431	0.38338733	0.5894263	0.31992105	0.886219	0.8831425	1.0109764	0.98145676	0.3492287	0.6659158	0.3762724	0.8537218	0.33537644	0.3667852	0.7011899	0.2830242	0.381192	0.30709174	0.8854366	0.7468015	0.96849483
52045	0.8955264	0.44712824	0.37396088	0.5679393	0.5280572	0.89350826	0.5210585	0.9568638	0.2946902	0.6047705	0.6771447	0.73208356	0.37757933	0.25577614	0.24539225	0.55198807	0.29327014	0.23346497	1.0244155	0.21734707	0.7794442
52046	0.8942617	0.299452	0.34782735	0.3128961	0.92844373	0.7782825	0.81958324	0.652084	0.44615954	0.61171377	0.39003193	1.0059396	0.32032108	0.3135983	0.32846004	0.34994444	0.39484975	0.2614762	0.99312097	0.27045366	1.0059384
52049	0.91033787	0.3025643	0.48111096	0.2806139	0.9867692	0.7323635	0.9486125	0.26037097	0.34460393	0.61616045	0.32591248	0.51210153	0.17786168	0.31171867	0.75128883	0.402585	0.43312508	0.23601966	0.86171806	0.8252812	0.99876744
52050	0.92894924	0.31537342	0.41629714	0.23956914	1.0461243	0.89418644	1.0990299	0.21828346	0.27430996	0.63695896	0.24679972	0.8843759	0.24148391	0.2722085	0.7886889	0.3351048	0.4679351	0.2672682	0.9788269	0.7949015	1.0200276
52051	0.76207685	0.35280466	0.71157444	0.2798659	1.009048	0.91494715	1.0248231	0.2029797	0.2781191	0.64671403	0.22987598	0.87757385	0.2073253	0.2682483	0.70995647	0.36984587	0.47626713	0.26234156	0.88766694	0.67336595	0.9361066
52064	0.864829	0.30475166	0.7126849	0.29262462	0.9675319	0.8927223	1.0688274	0.2267106	0.26873043	0.6278898	0.24091499	0.7095497	0.23268747	0.27696708	0.75739324	0.4374959	0.44852403	0.25987282	0.91053694	0.9288397	0.97681004
52077	0.75583285	0.36927563	0.62426925	0.24658673	0.9785898	0.90203476	1.0053484	0.33633533	0.32030055	0.6445577	0.29309356	0.68974364	0.20865473	0.2578891	0.77040476	0.366308	0.34321448	0.24453738	0.9561197	0.30637822	0.99349207
52079	0.8605956	0.41927102	0.6870438	0.25665358	0.92814505	0.4591582	0.2838285	0.67804396	0.9019682	0.68474466	0.3128149	0.79141855	0.25980443	0.7506062	0.21063036	0.5152375	0.50315446	0.26993805	0.9441548	0.4530157	0.9511463
52087	0.6372763	0.67069536	0.9126737	0.34857094	0.93028176	0.958185	0.49952286	0.8915431	0.32087275	0.71394056	0.48171973	0.7235084	0.8092519	0.46747586	0.589056	0.45683694	0.5761947	0.38659722	0.8295569	1.0002025	0.89452296
52088	0.7766072	0.33827552	0.57414764	0.28320262	0.99812603	0.7651769	0.9167083	0.23224734	0.37714344	0.6538722	0.28374913	0.5600902	0.18808226	0.27423126	0.79482716	0.37473443	0.47347602	0.27671736	0.912856	0.6523427	0.69940287
52102	0.78570336	0.43492424	0.59498894	0.3050294	0.78866154	0.81624854	0.4854486	0.47756878	0.87318045	0.66854715	0.4003985	0.7574872	0.38206717	0.8529621	0.37392935	0.5366006	0.56727135	0.45644322	0.8642789	0.40894988	0.9425725
52116	0.42302868	0.9364414	1.0639987	0.3742984	0.69059414	0.57885325	0.5911306	0.88946086	0.5038477	0.7597272	0.48210868	0.58550274	0.7459961	0.4365077	0.7121208	0.58781374	0.4963652	0.3418257	0.8478125	0.4928651	0.89924246
52118	0.73686296	0.34480205	0.7458022	0.26989028	0.98532134	0.7749408	1.0017734	0.21680062	0.28978157	0.6471608	0.25766647	0.72154915	0.21582092	0.27101097	0.7416222	0.37664035	0.5499929	0.28034472	0.88638544	0.9661509	0.9804021
52132	0.6548529	0.44501165	0.6364272	0.29897436	0.94091755	0.760385	0.37179518	0.32569575	1.01178	0.7047448	0.52660096	0.68473834	0.181994	0.8314708	0.24191846	0.5748559	0.56485254	0.28965756	0.8554035	0.7382438	0.8275512
52138	0.7917497	0.3764032	0.750979	0.28020242	0.86783516	0.7636471	0.7470451	0.27593318	0.8797051	0.6938253	0.5333242	0.7645725	0.3206343	0.81504536	0.47780314	0.47094524	0.525193	0.26501748	0.8853438	0.72641945	0.86165106
52149	0.8758473	0.40388438	0.5841897	0.2704186	0.9853208	0.74471176	1.0533448	0.2348408	0.35543337	0.6380494	0.2742575	0.57419634	0.20335871	0.2673359	0.7712707	0.4621177	0.46613526	0.24799061	0.83930784	0.6478772	0.61424726
52157	0.9184586	0.43101507	0.46723711	0.26416773	0.9405285	0.46024308	0.9508243	0.2456475	0.56973726	0.6012016	0.3246767	0.57413113	0.2842024	0.33559808	0.73995405	0.37813	0.4901163	0.34661242	0.8606062	0.41341037	0.93632185
52176	0.36465505	0.54860854	0.95126873	0.79701084	0.41787666	0.3519946	0.61951536	0.7596394	0.93065643	0.7335011	0.8942783	0.35121232	0.6403114	0.8244213	0.18856129	0.70587695	0.32487738	0.32408494	0.68534034	0.1832898	0.42100593
52184	0.7828657	0.48605472	0.63147676	0.3053499	0.9167864	0.9155407	0.33585915	0.57959485	0.87245816	0.67438495	0.5623476	0.6710368	0.452249	0.67839	0.2129259	0.62631243	0.5587088	0.23299687	0.8881503	0.723207	0.7717827
52196	0.6358348	0.5954423	0.85055	0.29089075	0.9143336	0.7690104	0.44646597	0.38545197	0.9376258	0.70569783	0.4197198	0.60409784	0.35898027	0.7862461	0.21007168	0.5357195	0.42600945	0.25467652	0.7731667	0.5449786	0.9224524
52197	0.60875046	0.4365433	0.6843374	0.319216	0.8589374	0.92514765	0.4579393	0.5817966	0.86195517	0.73654556	0.6740363	0.60869	0.3351932	0.80765533	0.23899741	0.64841574	0.479604	0.29588032	0.8545217	0.8790122	0.8101801
52198	0.9571138	0.2945168	0.43343896	0.28527206	0.9366992	0.8007968	1.0217239	0.25305334	0.8662532	0.65898997	0.2950789	1.0343753	0.29383808	0.8550088	0.73330516	0.43904757	0.43774596	0.2601735	0.9577156	0.5903895	0.792007
52202	0.82295173	0.36950296	0.5189396	0.2865683	0.9572989	0.8159706	0.33690673	0.40313897	0.9934668	0.6824727	0.34588957	0.9507152	0.3584575	0.8485743	0.20183136	0.59402376	0.72515553	0.3326633	0.9073274	0.8939221	0.9759452
52217	0.7975137	0.75427264	0.9705898	0.43380743	0.8364532	0.5600189	0.5865384	0.3405015	0.77891505	0.72244453	0.7011485	0.5525766	0.18978877	0.6541622	0.3663571	0.511528	0.5380841	0.2865051	0.7357772	0.35051015	0.6371741
52225	0.8418367	0.33537263	0.8019167	0.3191908	0.8935195	0.93883187	0.49889904	0.49263355	0.8420445	0.7363398	0.37987718	0.73377717	0.24690048	0.66838235	0.21448731	0.54466075	0.48996323	0.29847708	0.90992653	0.26130846	1.0012814
52251	0.8826093	0.46708336	0.49779144	0.73158205	0.30239487	0.50004023	0.5159352	0.60683244	0.82587343	0.60487694	0.8848459	0.6702545	0.2960049	0.50752807	0.1895347	0.70337707	0.29673418	0.22142228	0.74517256	0.21592768	0.57532656
52252	0.63053834	0.31963992	0.46873483	0.28698555	0.92167497	0.85970205	0.90095556	0.27222	0.33219647	0.6518876	0.37675533	0.83973604	0.2597795	0.29162788	0.7828915	0.3149248	0.5389317	0.27748683	0.8869562	0.95823663	0.9874955
52256	0.8298148	0.41771564	0.6337434	0.25577092	0.9457424	0.5083607	0.2934136	0.7351064	0.9079531	0.69415253	0.30077916	0.83740795	0.30373198	0.8265461	0.21641125	0.44957122	0.53257024	0.27340186	0.9442733	0.48547146	0.9428375
52282	0.8700452	0.31144214	0.41508108	0.27802986	1.0095617	0.71379	1.0488286	0.19354013	0.5645294	0.63422686	0.23360142	0.72138023	0.19473293	0.28224567	0.72388506	0.31532887	0.4972108	0.26840946	0.9355928	0.66147876	0.98326
52284	0.7186254	0.60778546	0.6723849	0.3280892	0.943333	0.9307	0.46089756	0.87187535	0.6238014	0.72796494	0.56812334	0.72673535	0.6847306	0.65954524	0.52968013	0.6869957	0.51678014	0.30619916	0.8901854	0.4480823	0.4965348
52289	0.8527546	0.358604	0.4442763	0.26859307	0.96331745	0.59034014	0.33183062	0.2991778	0.92884177	0.69148296	0.3362342	0.71513325	0.64024454	0.7923231	0.20554999	0.56939906	0.6936395	0.25425485	0.9716252	0.6238543	0.92112476
52290	0.41360033	1.1102711	1.1056718	0.42708114	0.73073727	0.30057672	0.39959884	0.33941004	0.7831247	0.7198899	0.6177777	0.38410857	0.29617938	0.75152385	0.25127366	0.59027886	0.2394852	0.2658038	0.7023599	0.3418151	0.31620744
52305	0.8508264	0.5139317	0.9483545	0.29494986	0.91120523	0.7641123	0.4544677	0.9681835	0.5266398	0.6831554	0.4557106	0.76622856	0.49501508	0.61319715	0.23161216	0.679122	0.6304265	0.43521595	0.9217223	0.50498694	0.7553893
52312	0.8327184	0.6181445	0.9416976	0.2890549	0.89317864	0.7851714	0.42055717	0.9007331	0.60376084	0.76487225	0.34569237	0.9894351	0.8805185	0.49794117	0.21481533	0.5766207	0.64793944	0.58855087	0.97525114	0.26939857	0.99713963
52316	0.9531647	0.34396243	0.4093566	0.2786821	0.95627236	0.42278448	0.87126845	0.6788525	0.93189627	0.636212	0.2843582	0.9468686	0.32361197	0.67696565	0.68444836	0.6290594	0.59743685	0.4571098	0.90250754	0.8799383	0.92245084
52323	0.9752622	0.29741567	0.3676124	0.2580254	0.96297437	0.42334133	0.87274414	0.9517684	0.52870697	0.6303983	0.29233477	1.000663	0.4444258	0.5619386	0.38440594	0.39498204	0.51894486	0.5091252	0.87779164	0.9325856	0.7757798
52327	0.9041599	0.52710444	0.79231954	0.29534248	0.8818499	0.56640255	0.60491705	0.7834618	0.675048	0.6703163	0.37542564	0.65085965	0.4189872	0.68681467	0.24038626	0.6599523	0.5170925	0.39768437	0.74475896	0.720016	0.758035
52330	0.65981555	0.40294576	0.62922734	0.6595202	0.30961612	0.92551214	0.8781443	0.92719126	0.74238527	0.71276206	0.9094446	0.9248438	0.82432544	0.39953327	0.2349746	0.7111225	0.43880552	0.26978362	0.9975491	0.5373479	0.9290698
52337	0.81189245	0.35188547	0.95637745	0.37718105	0.8222234	0.3980953	0.2637863	0.9566977	0.36797112	0.7343672	0.31697714	0.4383301	0.93566674	0.28853485	0.22077872	0.69705874	0.62810695	0.6687577	0.85174304	0.73643476	0.29016972
52338	0.8647183	0.35746774	0.6062707	0.29514423	0.8932538	0.6682001	0.43757468	0.8268015	0.8783992	0.6544437	0.3646004	1.0017432	0.6823775	0.6469427	0.2315292	0.4221371	0.7412842	0.5770599	0.8480401	0.36844262	0.7409716
52339	0.6910328	0.48002052	0.67444545	0.557507	0.47496912	0.75250846	0.47866708	0.92503536	0.50111985	0.67320824	0.7825289	0.8537063	0.8041911	0.56067145	0.2732523	0.7055952	0.43586698	0.29225326	0.9260738	0.6070794	0.91224897
52341	0.51839226	0.83110523	0.90932834	0.28373542	0.9577797	0.94774604	0.39175206	0.49206248	0.80390626	0.7405566	0.4674844	0.57289916	0.40262097	0.8125122	0.24649958	0.41483346	0.510368	0.31208688	0.86846524	0.9545469	0.9246091
52343	0.4452894	0.5980795	0.9745827	0.27100286	0.8777541	0.7568583	0.46886858	0.81896573	0.40810567	0.7327022	0.4392378	0.5978997	0.65714437	0.5377113	0.22608756	0.44083947	0.5084335	0.2962592	0.7674753	0.88981855	0.51215345
52347	0.818074	0.46609342	0.8051549	0.30582348	0.8992764	0.7286979	0.2940305	0.95013493	0.62363833	0.67109984	0.41632852	0.654598	0.33848053	0.5753689	0.22834799	0.6528915	0.5114888	0.34195206	0.89990264	0.81660753	0.8316636
52356	0.703076	0.38752547	0.91581064	0.30878118	0.8748819	0.32786927	0.28436863	0.95599437	0.49466905	0.664598	0.33632377	0.4290512	0.43042547	0.5050779	0.22381914	0.6781248	0.5671132	0.25431007	0.7662932	0.4479344	0.52667624
52365	0.9498753	0.29154283	0.37000936	0.30373332	0.7356478	0.6067907	0.6679267	0.9612196	0.4978133	0.6037889	0.31583762	1.0031013	0.34200054	0.33243203	0.24885912	0.60475075	0.6563153	0.64928615	0.8842272	0.45713797	0.35807806
52368	0.4125636	1.006966	1.0700219	0.39675334	0.6444788	0.4395058	0.24968512	0.92688394	0.2722295	0.7217591	0.774113	0.43911564	0.82552177	0.20581725	0.17526986	0.690061	0.46869278	0.239191	0.6522982	0.50218236	0.26315513
52369	0.7272573	0.38096118	0.93731815	0.3453461	0.82439834	0.88111967	0.5406017	0.92169815	0.4237613	0.7092568	0.553209	0.8788009	0.30576834	0.56077105	0.30258006	0.6895846	0.6808154	0.23081094	0.89311016	0.9098253	0.98329294
52371	0.4170532	0.5018136	1.0772419	0.36531246	0.9299617	0.74235195	0.7348459	0.7920846	0.33701766	0.74008256	0.5763621	0.6042731	0.4512161	0.46763617	0.36069733	0.695517	0.3487346	0.23947513	0.83938575	0.87384385	0.8778404
52373	0.62082756	0.80559963	0.9419954	0.3705994	0.849246	0.81514215	0.30896804	0.9396487	0.33746257	0.71881396	0.48481146	0.68564963	0.60852987	0.34333283	0.22826207	0.63355243	0.49647897	0.24566135	0.9055638	0.5344602	0.68855345
52374	0.7207528	0.57629603	0.8636968	0.37400925	0.73554605	0.721727	0.5232652	0.95118225	0.37715998	0.67943347	0.39191118	0.85632133	0.7424022	0.44041637	0.2672886	0.68638295	0.6234958	0.39830324	0.8683447	0.6542483	0.8039202
52378	0.9509373	0.33928576	0.44065768	0.26036638	0.92535734	0.48433825	0.89000106	0.94507986	0.35677662	0.63141716	0.31872848	0.9254581	0.46305004	0.3831462	0.28809914	0.61310726	0.60076565	0.75617427	0.84529084	0.6580872	0.82064486
52396	0.8512932	0.3964496	0.7880365	0.2667861	0.93633735	0.8797109	0.39249995	0.96992224	0.6835257	0.6578496	0.40524924	0.74921924	0.42225224	0.5501429	0.23017836	0.63968384	0.6131121	0.61693114	0.8879356	0.70922285	0.9360419
52398	0.93750626	0.35701782	0.93144614	0.3365261	0.8761712	0.4085602	0.80744094	0.9323299	0.34871355	0.6879198	0.320132	0.4604734	0.2640311	0.27511013	0.49829233	0.72459763	0.5675523	0.6667282	0.7604801	0.89393306	0.7097517
52420	0.834165	0.3971562	0.6564505	0.8819234	0.2857876	0.42686108	0.57448065	0.2602312	0.9534342	0.7291451	0.5586902	0.8738387	0.27472085	0.8347206	0.277627	0.6860742	0.2990119	0.25231475	0.9338111	0.22743648	0.3417141
52428	0.84835654	0.42463255	0.5929845	0.4050046	0.9094215	0.7929351	0.5573456	0.38631678	1.0357714	0.67767787	0.40058893	0.65853065	0.24858902	0.7858165	0.3181197	0.599178	0.67085016	0.42208746	0.89775074	0.5769986	0.91658896
52434	0.35705388	0.40164247	0.80659205	0.95472395	0.31315824	0.90114164	0.3901459	0.9145881	0.40936226	0.7722296	1.0228529	0.5905658	0.7978979	0.3774659	0.20587955	0.72323203	0.1930601	0.2298468	0.95493567	0.20138137	0.87933564
52441	0.8392232	0.42622134	0.5282075	0.7321505	0.31197023	0.616621	0.6347139	0.3227319	0.89742815	0.6725615	0.6343164	0.81029516	0.40804672	0.7361452	0.2856857	0.6782538	0.35013214	0.2535085	0.9522165	0.20649081	0.69713366
52444	0.8113935	0.49947613	0.5776673	0.82434934	0.27952233	0.68123263	0.40571657	0.5192087	0.9552629	0.62868184	0.8029994	0.6691816	0.6004121	0.80556667	0.22675084	0.7167495	0.26968113	0.22271171	0.86999196	0.19542196	0.6221417
52448	0.9182787	0.49019516	0.46513817	0.8150385	0.31287503	0.37887672	0.34587574	0.3482106	1.0355986	0.655036	1.0013396	0.92251325	0.30102476	0.83193684	0.23394564	0.6873594	0.2515476	0.26909325	0.7191569	0.18428217	0.47592202
52451	0.6486107	0.4899909	0.59722203	0.44463915	0.64175546	0.88635135	0.33443576	0.5390121	0.83194983	0.664479	0.47797146	0.49968496	0.213274	0.6017106	0.37115395	0.6349185	0.48359975	0.29270265	0.8130035	0.5434485	0.6059454
52452	0.816574	0.6251837	1.0881736	0.47856843	0.7385214	0.37570375	0.46831536	0.37383652	0.8548924	0.7237769	0.59511286	0.78427094	0.6150702	0.8123416	0.31598893	0.6598555	0.3404229	0.2426292	0.50963056	0.45749015	0.3411803
52458	0.587531	0.50099546	0.52198803	1.0000029	0.26273188	0.9327762	0.432463	0.94428015	0.72156113	0.66198003	0.90775305	0.66044575	0.5939545	0.69971627	0.22166732	0.7120837	0.21089041	0.22115391	0.849131	0.21237876	0.60153055
52467	0.8315646	0.504072	0.534207	0.9213057	0.28342655	0.95237654	0.4236955	0.6430136	0.90043694	0.63257337	0.874553	0.57649744	0.37099642	0.8217995	0.2830855	0.68846333	0.25227544	0.33501107	0.8629834	0.2077032	0.3149667
52472	0.6139966	0.6415393	0.7279447	1.005728	0.2964121	0.36498192	0.44229677	0.8544999	0.70353717	0.6687516	0.84384197	0.4787884	0.6257515	0.47560155	0.22579184	0.71504855	0.21794987	0.22799489	0.84218454	0.20187166	0.542271
52487	0.35099632	0.4625245	0.94473267	0.9615438	0.2773751	0.46736342	0.32525748	0.2567996	0.95874256	0.7280775	1.0014838	0.8316061	0.51352733	0.89884186	0.18719392	0.67821634	0.31864718	0.24743268	0.9230738	0.22221354	0.6003397
52488	0.7218618	0.7488801	0.6829248	0.3185223	0.8313606	0.7276741	0.4336527	0.47647855	1.0301003	0.67713827	0.5129901	0.7643035	0.6460425	0.86999077	0.22256204	0.66705066	0.6661117	0.3770213	0.784997	0.6614075	0.46644443
52501	0.87058395	0.3960096	0.44546908	0.9662748	0.26370952	0.95825475	0.99254197	0.408745	0.88383573	0.6523433	0.8594375	0.86899614	0.35131443	0.6647552	0.57722497	0.4213785	0.27384427	0.23396859	0.9006802	0.21920675	0.7821675
52502	0.5073285	0.41590887	0.60952073	1.0071329	0.2705942	0.906963	0.8642741	0.5668158	0.6581251	0.6853222	0.9828602	0.7593938	0.5266471	0.6750209	0.5222225	0.687939	0.26124138	0.23494878	0.91075605	0.20472747	0.6548655
52520	0.8085546	0.43979922	0.62236893	1.0171264	0.27368623	0.5302714	1.0302076	0.7587558	0.5777502	0.61870426	0.9503476	0.48418865	0.25428692	0.5243055	0.6582669	0.686951	0.21252097	0.23143923	0.6872807	0.20524563	0.2182671
52521	0.8985039	0.428143	0.44055167	1.0344485	0.25291955	0.6347335	0.38009515	0.35846278	0.9258678	0.63002235	0.96661884	0.73382694	0.5848836	0.8193753	0.18688561	0.7204065	0.20440592	0.21912873	0.6173952	0.19092	0.29672715
52530	0.90352	0.42163366	0.48141363	0.28157702	0.8600988	0.46557462	0.7503113	0.59583056	0.9700226	0.6375441	0.3345981	0.83965874	0.3203495	0.8119655	0.2116043	0.43959785	0.4545933	0.27073672	0.8560417	0.2462521	0.88814765
52533	0.7700817	0.31141827	1.0300683	0.7262439	0.6754647	0.75813425	0.40350622	0.33071595	0.9268606	0.7196227	0.5202187	0.66925406	0.16019331	0.79658306	0.26334235	0.69118494	0.24960437	0.28181309	0.7961204	0.31230432	0.99332815
52534	0.8168317	0.3457885	0.42976952	0.88804996	0.34594536	0.40736678	0.98948985	0.33794737	0.60967034	0.6125722	0.8767391	0.70442545	0.3825962	0.5502357	0.2261918	0.6838649	0.20627575	0.23721233	0.79491615	0.2226247	0.3204484
52541	0.89681137	0.43860662	0.70409924	1.0489646	0.26104036	0.8774043	0.434228	0.88912886	0.7373244	0.73850656	1.0297459	0.8934776	0.6308003	0.6943438	0.18528266	0.69997096	0.18439883	0.22980656	0.99582523	0.21052715	0.5792439
52550	0.880625	0.40925968	0.5617291	0.8215637	0.32145798	0.45560902	0.49722898	0.50498784	0.9905395	0.67487067	0.5187447	0.83899176	0.47072828	0.7557585	0.31356952	0.7145252	0.24485385	0.3411289	0.88414943	0.20548883	0.42111406
52551	0.7791496	0.44365886	0.6062725	0.9573358	0.2732372	0.9984216	0.4497086	0.88020796	0.9189903	0.71222824	1.0047364	0.6803268	0.7373426	0.8192064	0.2274588	0.7371901	0.1891922	0.23435391	0.9342367	0.23203398	0.9088777
52558	0.8895117	0.6309743	0.61334693	1.0542824	0.29568195	0.4986965	0.3088559	0.50518376	0.9733271	0.7367861	0.9603074	0.7133178	0.7091217	0.91376203	0.19267413	0.7173381	0.21530505	0.24851942	0.85234106	0.18413244	0.43402824
52562	0.8926495	0.3892174	0.47113279	0.9232418	0.27382848	0.40425256	0.5845886	0.31252775	0.94218564	0.65902436	0.84350854	0.73479676	0.3145027	0.78106815	0.3317097	0.679672	0.21010591	0.24349916	0.91931754	0.21289998	0.48842767
52571	0.79009163	0.9627218	0.8263423	0.9418628	0.38836324	0.3351225	0.33955535	0.5397586	0.8016303	0.7057972	0.9772105	0.6988905	0.5413861	0.82196474	0.19555463	0.65806586	0.23355779	0.24864578	0.46550354	0.21575354	0.34257308
52578	0.7128742	0.45221043	1.0664992	1.0502967	0.27037984	0.9989597	0.32448706	0.93914306	0.5860049	0.760662	1.014883	0.55323005	0.7911173	0.5419747	0.21733645	0.72326124	0.18291053	0.21428952	0.8698149	0.29736856	0.47624156
52579	0.88996357	0.3460192	0.45854706	0.7498932	0.30154544	0.9236962	0.9180614	0.92801493	0.61509305	0.70863056	0.85172826	0.9158125	0.6187826	0.31854308	0.3355693	0.6790597	0.27677232	0.23683113	0.9997446	0.22832806	0.9838376
52584	0.77302724	0.7139397	0.8008422	0.7876228	0.31833827	0.5784266	0.3009475	0.8474838	0.8896332	0.7058386	0.8557271	0.6435553	0.7215734	0.85065645	0.21770838	0.72035515	0.18179946	0.22374575	0.956666	0.19087529	0.5861047
52591	0.9307226	0.41080487	0.42187226	1.0657927	0.27350768	0.9176588	0.35438478	0.38559893	0.9549403	0.6695377	1.0241891	0.9043068	0.34328574	0.9341869	0.1878333	0.70460325	0.17832214	0.22254317	0.9000279	0.21272045	0.60253584
52593	0.53048	0.47612402	0.98037595	0.3573722	0.90173733	0.909569	0.27844492	0.95819885	0.31959316	0.6647314	0.69016975	0.6601475	0.9568619	0.3187497	0.22764394	0.6981171	0.42545882	0.28396478	0.9136826	0.6358754	0.9349231
52594	0.88725007	0.4038296	0.45434865	0.8994536	0.26766607	0.90608317	0.7127183	0.94514495	0.7141042	0.698267	0.93805873	0.87916523	0.764327	0.31994787	0.34410417	0.69160295	0.2499159	0.23779985	0.99082154	0.20495291	0.87824225
52596	0.92184144	0.43820468	0.41610488	0.67565435	0.3046358	0.36153966	0.39805245	0.3374036	1.0563675	0.6268818	0.93115646	0.7296084	0.59089416	0.83215785	0.29764736	0.70309526	0.2877233	0.23021357	0.83167595	0.23894958	0.32950073
52598	0.4496896	0.36902893	0.7122798	0.8215524	0.29480293	0.99927074	0.41824126	0.9283355	0.6685664	0.78183573	1.0293589	0.9367066	0.7685327	0.39754313	0.23381226	0.692939	0.240756	0.2426771	1.0357207	0.27886224	0.97437394
52614	0.886633	0.44817713	0.51303697	0.9876811	0.3867279	0.6335304	0.33008778	0.5979312	0.8663201	0.62378776	0.9157857	0.8240589	0.34287688	0.83103776	0.19838297	0.7059887	0.26235682	0.2524137	0.7026391	0.2814331	0.27006608
52625	0.7618776	0.88930875	0.8162086	0.24803971	0.92676306	0.51181716	0.42483926	0.23825015	1.0086821	0.693913	0.2997384	0.8479564	0.33016613	0.8316388	0.24484797	0.5381879	0.73817194	0.7816698	0.844662	0.35108724	0.7788148
52626	0.5487654	0.4408266	0.7837077	0.8776399	0.47148916	0.92799896	0.3725083	0.6336202	0.68780726	0.7070359	0.89870626	0.8731973	0.5254531	0.8720612	0.29199067	0.66597915	0.22591934	0.26445037	0.8993065	0.27643985	0.79656047
52627	0.861693	0.34194133	0.39033678	0.24969159	0.98478496	0.8127302	1.0360981	0.21862058	0.30070704	0.6453623	0.3143407	0.94148576	0.2616186	0.47943836	0.74535304	0.3259992	0.42847782	0.2500253	1.0164247	0.74773216	1.0067443
52628	0.78781587	0.4227545	0.7275756	1.0557007	0.27687305	1.0204865	0.29167107	0.9638087	0.5654867	0.72851574	1.0200775	0.5514052	0.6475907	0.63857114	0.21120365	0.71648306	0.16554102	0.21509121	0.8434008	0.2194539	0.5526183
52633	0.5592658	0.48037803	0.68281835	1.0377358	0.28483662	0.7159741	0.44658807	0.5351016	0.68397033	0.6816962	0.85401624	0.7269863	0.5419591	0.51827216	0.272828	0.6569897	0.21028757	0.23427668	0.8442177	0.2281176	0.33888745
52635	0.9258769	0.41108257	0.5117962	1.0562264	0.2893927	0.9375067	0.5794108	0.56079	0.7515533	0.68553025	1.0331823	0.9266261	0.539509	0.6979231	0.21332268	0.7181356	0.19373009	0.23588392	0.9020273	0.21044657	0.5018778
52637	0.82852244	0.3514412	0.6050547	0.26711923	0.96432096	0.807521	0.52013797	0.7296511	0.9563156	0.6368665	0.4507889	0.7157207	0.57385343	0.7834654	0.37181765	0.61443985	0.50050604	0.4240417	0.866538	0.7730756	0.93959624
52645	0.7827003	0.42002308	0.5536276	0.8905511	0.27483568	0.99441165	0.29221034	0.45839962	0.9453836	0.708354	0.95795536	0.5223065	0.51063854	0.76930964	0.21296364	0.65459865	0.22032407	0.21824479	0.7531526	0.2202097	0.7314845
52648	0.6183356	0.4289313	0.5836952	0.95853317	0.26336163	0.986975	0.4009122	0.7713698	0.79598504	0.6375584	0.8942317	0.6322947	0.64385074	0.83392227	0.24136843	0.6833435	0.22539237	0.2332322	0.86338633	0.22458027	0.61678356
52658	0.5733147	0.4325268	0.80436516	1.028765	0.29504034	0.699211	0.38534546	0.70856786	0.9963775	0.7389065	0.9947365	0.66923153	0.91052556	0.77911526	0.21667102	0.7288717	0.25604883	0.24069017	0.90633124	0.21448885	0.62485504
52667	0.38213065	0.99420035	1.0987253	0.9273086	0.34430656	0.4180606	0.40477988	0.8697088	0.84929967	0.77082473	0.96643555	0.50802267	0.8725456	0.70330596	0.2495357	0.69153374	0.24038586	0.29010785	0.8291714	0.20696378	0.38078213
52679	0.4317279	0.4896114	0.8240551	1.0079181	0.301354	0.51799953	0.31677935	0.9511335	0.57728183	0.67837995	0.7680981	0.9570982	0.75599676	0.7247762	0.2004251	0.6946121	0.2919388	0.38172096	0.79311126	0.1965135	0.34649843
52689	0.6258756	0.4875843	0.66243404	0.49445933	0.8542608	0.66295516	0.47675505	0.5364326	0.97308797	0.71374935	0.38361856	0.74959314	0.35279495	0.8619683	0.29509678	0.3949323	0.2826994	0.8167397	0.9082777	0.2647286	0.83566743
52703	0.3622601	0.40315738	1.0200862	0.6933162	0.435872	0.9962644	0.81900316	0.92112476	0.47283116	0.8061612	1.0369298	0.9589122	0.67795086	0.47969383	0.4410045	0.6802776	0.20567109	0.2303831	1.0393332	0.3372301	0.9894802
52704	0.50197697	0.44207045	0.6601682	0.7732822	0.48547384	0.93233013	0.66291285	0.73275435	0.722826	0.6650449	0.66250664	0.840688	0.5958881	0.816912	0.2447374	0.43580776	0.46999216	0.46834484	0.8273979	0.609997	0.9728694
52706	0.80342525	0.53879446	0.5179216	0.7971496	0.274026	0.91977406	0.56512994	0.7295542	0.8345153	0.6918206	0.83684325	0.589942	0.700527	0.79625094	0.3087976	0.6855519	0.2494064	0.2402775	0.84482396	0.22355577	0.3235711
52709	0.88781404	0.4329219	0.47947645	0.4738712	0.38572422	0.4856965	0.41532934	0.51313215	0.9810938	0.62476355	0.7656112	0.85628	0.34682652	0.80219567	0.29682642	0.627194	0.4622922	0.26287425	0.8276187	0.35835022	0.7256211
52716	0.49251848	0.41747513	0.70391876	0.95964074	0.3708615	0.5088959	0.31725487	0.6779809	0.96417433	0.75149345	0.88600314	0.78699803	0.6729852	0.9155437	0.20526181	0.7267837	0.2102285	0.24298462	0.8749647	0.2234717	0.36313972
52718	0.4638558	0.5132628	0.7144503	0.57327026	0.5710115	0.9147542	0.85997003	0.73767006	0.65215	0.6630116	0.5519839	0.94480443	0.608965	0.605602	0.47672936	0.32645458	0.29494542	0.27947772	0.94711375	0.41085732	0.9001477
52731	0.51452273	0.45494664	0.7833553	0.8457565	0.32746157	0.59151113	0.33798763	0.9231908	0.51371026	0.6687433	0.9106155	0.53704935	0.84136295	0.44384184	0.20488301	0.6730926	0.25605875	0.28638887	0.63474065	0.22724245	0.31824937
52732	0.34937292	0.40314862	1.0751607	0.9920489	0.25549722	1.0661497	0.29724738	0.8335595	0.75600713	0.7850001	1.0508145	0.9117665	0.9131808	0.7449565	0.17989734	0.7238048	0.19430456	0.24236712	1.0244106	0.21212667	0.7666616
52738	0.4655519	0.54164326	0.9584265	1.013165	0.31855467	0.8378709	0.4501051	0.84803677	0.5923416	0.7303282	0.9563256	0.8282233	0.7766218	0.6721015	0.2568179	0.7091486	0.2519114	0.28763643	0.98254716	0.19051261	0.6434739
52739	0.49763525	0.81050503	0.7504705	0.89127237	0.35426196	0.62167376	0.5863673	0.5663619	0.7006862	0.70780843	0.85835415	0.5861961	0.6306655	0.6990272	0.46288374	0.62186	0.27458033	0.25890905	0.7435431	0.26870158	0.40584528
52742	0.4309424	0.38606584	1.0040706	0.9191978	0.40058416	0.94053	0.8887002	0.8576158	0.81492853	0.713738	0.4289073	0.9216324	0.82491505	0.5499762	0.462189	0.6863598	0.25185874	0.2587582	0.9975496	0.20442463	0.8238546
52768	0.35074377	0.52954936	0.86206686	0.9541289	0.41169444	0.5962882	0.438267	0.9752965	0.37308788	0.733036	0.77940005	0.6245311	0.94093335	0.30306205	0.2090491	0.68110895	0.30405033	0.24117872	0.78510445	0.28366143	0.5177541
52777	0.4326238	0.45397183	0.65524256	0.5850151	0.28480902	0.933923	0.37204918	0.86726165	0.6587279	0.64877075	0.7384941	0.5622949	0.7137307	0.6880089	0.24176748	0.55002034	0.30145058	0.22278994	0.89331996	0.37290004	0.6551705
52778	0.6408533	0.38523218	0.5097887	0.46651188	0.4956281	0.8786402	0.65987206	0.5342714	0.6226716	0.6291969	0.6138875	0.74987537	0.35202703	0.80228245	0.4646318	0.4661545	0.2623089	0.21778555	0.8698497	0.4356094	0.64348865
52782	0.93118495	0.3832621	0.6260534	0.5547948	0.44586274	0.64244497	0.70447934	0.8602351	0.82855463	0.60341036	0.71059185	0.7613111	0.40304753	0.7046264	0.26917928	0.65887636	0.3160981	0.28103435	0.9287717	0.20298733	0.7482915
52784	0.57140076	0.48559138	0.55758333	0.7010434	0.58488417	0.9232941	0.3974131	0.55635357	0.9618128	0.6531187	0.52269655	0.8776157	0.56438667	0.8429876	0.250432	0.50563294	0.33099526	0.88223994	0.88853246	0.7242788	0.83081645
52802	0.4567268	0.43337977	0.52604246	0.44940937	0.6402005	0.9460477	0.67723876	0.7197769	0.56699127	0.6821453	0.63752264	0.8606878	0.6441032	0.7503312	0.35210136	0.5309936	0.30295262	0.48640266	0.9439681	0.8166456	0.9557224
52821	0.860849	0.39555538	0.67002505	0.807261	0.47027966	0.6935548	0.6398622	0.43758097	0.98364025	0.67453116	0.8321542	0.9651217	0.46773452	0.8918373	0.21670921	0.50484574	0.25786692	0.472375	0.9103288	0.6536682	0.7479986
52822	0.49274933	0.3719994	0.43289098	0.50010604	0.7493067	0.9068927	0.8877167	0.35775673	0.4977375	0.6399434	0.57459366	0.7387225	0.39194214	0.7059493	0.7146575	0.6238997	0.25856757	0.22968327	0.94295925	0.23270655	0.8566054
52823	0.43464106	0.51994044	0.7686147	0.5544511	0.28721464	0.9797814	0.93162894	0.7645714	0.7922575	0.73270696	0.9464564	0.87109435	0.41759956	0.7547913	0.48029798	0.5186576	0.29150116	0.23738033	0.9185062	0.3265105	0.48591024
52826	0.65540135	0.42673498	0.66406804	0.49022967	0.39843175	0.885956	0.378912	0.95571256	0.39618775	0.68738914	0.69735867	0.7026162	0.71935374	0.5548346	0.2467802	0.57758987	0.41984966	0.3993016	0.88977414	0.25867945	0.6933247
52827	0.6216074	0.41835782	0.6941927	0.5995237	0.4275273	0.8449775	0.37597403	0.39224595	0.8595529	0.6712722	0.5352512	0.69709444	0.53002006	0.7837457	0.22376709	0.6058657	0.4731731	0.84277755	0.8645117	0.40578648	0.84421927
52828	0.39738744	0.5052557	0.92409515	0.4730587	0.7614702	0.79485184	0.5283099	0.5174073	0.8894476	0.71388	0.5981032	0.71189547	0.37918168	0.7839924	0.3315738	0.65466994	0.4095335	0.49591774	0.82433254	0.63284206	0.86356694
52829	0.72784144	0.34738007	0.5371971	0.51387376	0.7038758	0.36171383	0.2509642	0.9139943	0.7844873	0.6612835	0.47717252	0.4592276	0.5427279	0.7404942	0.22381711	0.7154444	0.47578403	0.39984792	0.7666886	0.37284163	0.29104257
52833	0.38742134	0.64479864	0.99231637	0.3133354	0.89480275	0.40054268	0.357081	0.7671716	0.8791251	0.72669494	0.6492218	0.6444772	0.45012546	0.79550153	0.28714094	0.7111213	0.33850315	0.26413625	0.85973555	0.42814258	0.7054265
52857	0.42145446	0.5312434	1.0659587	0.4052718	0.8369867	0.33049232	0.31055775	0.7693485	0.50460565	0.65493006	0.69666284	0.75953346	0.71175814	0.50018674	0.20143615	0.703236	0.325498	0.23858649	0.75206965	0.30845523	0.3348506
52859	0.74616784	0.53366196	0.63821554	0.47886625	0.29948723	0.9180076	0.31935856	0.9195991	0.74449885	0.699461	0.40541947	0.64873016	0.51296866	0.77158916	0.21181765	0.5466382	0.5373611	0.4161902	0.92904323	0.9233268	0.96045893
52860	0.84820074	0.49583673	0.788688	0.5727546	0.47601378	0.8885393	0.36940092	0.5375738	0.97865605	0.7012998	0.70249593	0.6916046	0.58550584	0.8173185	0.26116067	0.6781364	0.47593814	0.35508272	0.6990302	0.3562207	0.78376776
52866	0.65557253	0.62087935	0.6525559	0.39600936	0.527082	0.7007082	0.34414086	0.4041154	0.95671016	0.6760121	0.4491691	0.56198645	0.3409485	0.8811372	0.23137946	0.5314576	0.5845015	0.7082349	0.8466384	0.34035334	0.6285568
52874	0.8541854	0.6824518	0.62129927	0.4633857	0.81934375	0.45321265	0.49021852	0.86687547	0.50374746	0.67386806	0.4421061	0.78203374	0.6362807	0.6254669	0.26608452	0.54548454	0.5438869	0.34893852	0.82443064	0.2887088	0.41823763
52895	0.5859159	0.40248263	0.62221926	0.9883042	0.2716541	0.8158886	0.43062356	0.55989236	0.89707285	0.6307693	0.91720456	0.6804397	0.5333764	0.83299917	0.20406565	0.7181624	0.22773494	0.24241647	0.83901465	0.20032765	0.61909086
61003	0.8774826	0.39236236	0.418295	0.8991672	0.28949952	0.36240193	0.47322991	0.304811	0.9354158	0.69029635	0.40549198	0.7238153	0.21399352	0.88640445	0.34889036	0.6857871	0.23809227	0.23799238	0.86507577	0.19713995	0.27354884
61018	0.95555794	0.2872659	0.37656358	0.28009588	0.9515286	0.9116452	0.9406902	0.26788804	1.0756638	0.6359768	0.26084974	1.0885268	0.22523826	0.8631606	0.2577357	0.48175877	0.63493824	0.6589937	0.9711641	0.959392	1.010357
61021	0.80813175	0.38986188	0.46748883	0.3559027	0.82818633	0.8905561	0.6490445	0.79062474	0.77494925	0.65070647	0.5436722	0.73807955	0.3377638	0.6469422	0.35938835	0.674577	0.5329847	0.25817472	0.8313983	0.76636744	0.8366136
61031	0.40475187	0.94976187	0.81637394	0.8758787	0.2999205	0.948427	0.41742322	0.59051925	0.8567461	0.7402595	0.80688107	0.79727125	0.60281324	0.82169974	0.3330267	0.549529	0.2484166	0.2625609	0.8340164	0.18383689	0.5494786
61055	0.7535888	0.6689291	0.94775003	0.5322176	0.76189995	0.8568605	0.4587744	0.805123	0.80240625	0.66473716	0.642942	0.6859359	0.49151117	0.6751289	0.25467664	0.67322165	0.34538502	0.56790376	0.9210808	0.44797045	0.9261467
61071	0.69807166	0.5272777	0.73792255	0.79874724	0.2989783	0.7317869	0.39513484	0.5230953	0.8761994	0.7400736	0.82470626	0.679374	0.8792638	0.78158766	0.21619003	0.63712364	0.22585496	0.28671098	0.8934052	0.2445883	0.36712316
61094	0.39931607	0.38506016	1.0320449	0.9671145	0.5513223	0.85411495	0.4355815	0.92298484	0.57453275	0.7886827	0.8910027	0.80854714	0.72600234	0.62983084	0.22056645	0.7285094	0.2165344	0.24335587	0.9307249	0.19956356	0.9658335
61096	0.38953748	0.5352619	0.84999	0.93465036	0.31408784	0.68996656	0.50497806	0.72260094	0.9458401	0.6864184	0.78304094	0.49998245	0.35282078	0.7997976	0.22023347	0.7034204	0.26317185	0.2654401	0.7933446	0.20851314	0.4073735
61097	0.44717297	0.42028722	0.90831226	1.0411171	0.2505485	0.9348005	0.39869255	0.8025747	0.78681785	0.70680296	0.9601772	0.8100907	0.6707505	0.7813827	0.1901977	0.7214117	0.20860578	0.22180107	0.9091032	0.16220072	0.89150345
61098	0.6831757	0.43618068	0.75819564	0.6480793	0.31139645	0.7913789	0.45365205	0.9295755	0.43087283	0.64186716	0.7479549	0.6907009	0.5591933	0.57857513	0.24026002	0.40602377	0.3147236	0.24860126	0.82092285	0.25380334	0.5298167
61099	0.9731394	0.30781066	0.56425714	0.26724383	0.67948544	0.6297775	0.91690767	0.61070603	0.58157295	0.63780564	0.5124625	0.909719	0.46991235	0.522108	0.73225015	0.56250465	0.3432471	0.232557	1.0083954	0.2930776	0.9126334
61101	0.37434706	1.0297619	0.88652897	0.8221675	0.30285475	0.36599964	0.29317304	0.92907417	0.70888835	0.7092732	0.9076136	0.78421813	0.8721727	0.8466773	0.20165715	0.6619812	0.21320198	0.23123331	0.87645566	0.19436382	0.40921068
