text_id	suddenness	familiarity	predict_event	pleasantness	unpleasantness	goal_relevance	chance_responsblt	self_responsblt	other_responsblt	predict_conseq	goal_support	urgency	self_control	other_control	chance_control	accept_conseq	standards	social_norms	attention	not_consider	effort
21	0.7074982	0.55158454	0.29319853	0.65851986	0.29785654	0.5915274	0.4524425	0.28667885	0.9898113	0.57230943	0.6626879	0.6111899	0.48110977	0.89739	0.34679663	0.64471	0.32144973	0.3098522	0.6520819	0.7821366	0.4568823
23	0.8787545	0.40011275	0.28994367	0.2079591	0.8215363	1.05268	0.65841293	0.69375235	1.0104806	0.52457887	0.38853964	0.8319258	0.34730905	0.64565593	0.3353955	0.43151978	0.68085176	0.87103385	0.9707282	0.59970653	0.7557142
26	0.700113	0.48416483	0.364542	0.21059759	0.81926566	0.9787731	0.4455354	0.5324603	1.0265398	0.5530937	0.37541986	0.6320709	0.3276306	0.9396957	0.30025777	0.54885936	0.9904528	0.74540424	0.9109593	0.87431294	0.33008456
30	0.7273401	0.752834	0.7213666	0.2153461	0.3740635	0.7112504	0.37004137	0.2560073	1.021088	0.5741411	0.36829385	0.67743057	0.36593935	1.0271486	0.31124097	0.4718331	1.004284	1.00875	0.9289256	0.88597274	0.5224584
39	0.37357926	0.7165432	0.4780978	0.25765914	0.78254735	0.92926514	0.4267707	0.28179112	0.96476024	0.68573296	0.38485262	0.7625121	0.29580197	1.0172889	0.3214822	0.41564488	0.98469675	0.95703214	0.7053845	0.8461302	0.50379884
47	0.9152922	0.430928	0.2996521	0.22254449	0.8378102	0.5801711	0.4023997	0.32756215	1.0058879	0.52622616	0.35829294	0.69279003	0.31056613	0.98761594	0.29919988	0.4660584	0.9305339	0.96247905	0.7497436	0.7796915	0.76340026
60	0.5163233	0.65492976	0.5710187	0.24541713	0.7299296	0.8182452	0.5613791	0.4025656	0.90158594	0.5603875	0.41189018	0.57939225	0.30092266	0.5402765	0.62999386	0.4895993	0.7582248	0.4973454	0.7242487	0.86286837	0.58519495
68	0.49280295	0.59629714	0.76809007	0.25897506	0.78537196	0.7970433	0.40632394	0.45114967	0.7681162	0.5699548	0.4042645	0.6551839	0.40089032	0.7991785	0.33686933	0.50500226	0.96268934	0.80293065	0.8380998	0.7751003	0.7568557
69	0.5925626	0.49632615	0.46787658	0.33435887	0.5553451	1.0167494	0.40702313	0.2984304	0.9515252	0.644813	0.76716274	0.66748124	0.28776023	1.036681	0.3090778	0.5789278	0.6537781	0.4865646	0.95823383	0.6984955	0.8103066
71	0.43805793	0.7287756	0.7843929	0.45229018	0.47405222	0.4811044	0.34691006	0.91913116	0.50087935	0.80304337	0.703603	0.42616546	0.24479829	0.59022766	0.33046255	0.6663829	0.4737269	0.36276028	0.53777796	0.7678559	0.36140084
74	0.6457348	0.49394077	0.37711832	0.27620083	0.7478231	0.80461353	0.57718396	0.2659334	0.944838	0.59572846	0.44743994	0.6480785	0.21788771	0.96159536	0.7411105	0.577027	0.60773253	0.33993292	0.5603871	0.7511158	0.29491186
81	0.24418424	0.9033792	0.75643396	0.33113784	0.6422539	0.6200553	0.38891283	0.74509686	0.35967192	0.82996523	0.47300127	0.42023847	0.6613831	0.26997	0.36664292	0.64107585	0.7514566	0.3643019	0.5281843	0.8720218	0.5570911
84	0.22210123	0.82054573	0.94743013	0.27783182	0.71120274	0.58088297	0.3854937	0.3102197	0.9781842	0.69010985	0.43688437	0.5095974	0.24921824	1.0089444	0.3268631	0.7031111	0.75651705	0.39399216	0.7974891	0.8406694	0.9476662
86	0.48580354	0.70693815	0.71209705	0.8774192	0.28405973	0.89664066	0.39493242	0.6087405	0.6987558	0.82239765	0.8509275	0.61187804	0.70715827	0.42788073	0.3732363	0.6323105	0.35152954	0.38338238	0.9201175	0.4357709	0.82478976
89	0.6188583	0.4790982	0.8255107	0.5238937	0.28263173	1.0788337	0.3658527	0.78426576	0.9201816	0.7201731	0.94627154	0.6322604	0.3285233	0.9506089	0.3290184	0.6305825	0.3619401	0.30366477	0.8488573	0.5202129	0.52377546
90	0.7477599	0.4116028	0.5400252	0.22700319	0.80921376	1.0398902	0.3881026	0.3264134	0.95191187	0.612777	0.38053265	0.6973682	0.31963205	0.9866151	0.32883722	0.566841	0.83616745	0.87396556	0.89511126	0.9170689	0.5841632
93	0.5308404	0.63606	0.5229846	0.23292857	0.7897961	0.7925403	0.42959398	0.27687484	0.9451193	0.5699199	0.39726707	0.57981926	0.29795685	0.86001754	0.34612244	0.4877455	1.0400169	0.8950696	0.8052917	0.8715384	0.6850521
96	0.30523884	0.7576422	0.85094947	0.23960955	0.6735295	0.9680811	0.37237242	0.91316205	0.49406573	0.83859074	0.4443079	0.59241897	0.56960034	0.33405983	0.32583207	0.59605086	0.8233277	0.5577801	0.7781302	0.88338715	0.4816897
99	0.41090545	0.803355	0.8729263	0.25177786	0.6570093	1.0388387	0.38310152	1.0641534	0.2885231	0.838191	0.39555404	0.5764966	0.8443118	0.1946526	0.29455167	0.6045011	0.5827886	0.46736974	0.837496	0.83152026	0.5041382
213	0.3862901	0.77222884	0.64608705	0.2670689	0.65899366	0.9864799	0.42244518	0.7816174	0.5170527	0.66291326	0.41459328	0.5966428	0.66417307	0.3552024	0.39724037	0.43976027	0.6552814	0.48696172	0.879706	0.7131612	0.95193154
220	0.2455063	0.8238238	0.8126555	0.3962966	0.51425606	0.7180124	0.3978547	0.80307156	0.57356584	0.7845957	0.62494373	0.5562807	0.65534073	0.53517073	0.354336	0.6930493	0.44961149	0.34758723	0.6686996	0.7685941	0.55737436
224	0.7170306	0.55260134	0.33328235	0.28335616	0.757855	0.77136195	0.6152076	0.25775668	0.7549787	0.7331629	0.43058383	0.6175395	0.21695621	0.7842498	0.73872095	0.6106226	0.6267688	0.3418404	0.45309994	0.76605135	0.1543231
228	0.3544157	0.65744495	0.64303356	0.49052024	0.49989456	0.57344186	0.36540377	0.5580651	0.91538566	0.60660464	0.63470715	0.42902148	0.33299243	0.5856918	0.41787806	0.70439726	0.4840722	0.36252287	0.572918	0.48580465	0.26143554
230	0.19958231	0.8649587	0.9632175	0.31984118	0.6651096	0.98395145	0.2853412	0.72617745	0.61288303	0.84201676	0.5418008	0.5205433	0.9172525	0.3319042	0.31294504	0.67551434	0.43197158	0.31351683	0.9570751	0.67915726	0.5075526
249	0.49502975	0.4697975	0.49271393	0.22582364	0.80983764	0.8431086	0.4036186	0.25431842	1.0018096	0.56931317	0.37960693	0.67692083	0.25738528	0.9821731	0.33604157	0.45325863	0.97808564	0.83712745	0.73330694	0.76549953	0.6367107
253	0.5992785	0.6195772	0.52774894	0.25935963	0.35672042	0.5934123	0.41026893	0.29589868	0.79669577	0.57153124	0.43755075	0.52945393	0.23818146	0.7740758	0.4374154	0.57988435	0.4405474	0.38952017	0.5276952	0.76349974	0.30239657
255	0.72573084	0.46219975	0.4344941	0.22506721	0.81823933	0.43484032	0.7336433	0.28514954	0.648663	0.5326292	0.37233227	0.744695	0.6757383	0.16626671	0.5100013	0.6964596	0.7323691	0.4346417	0.7164566	0.90811855	0.49399742
256	0.8522731	0.4108841	0.33497527	0.21985307	0.7219313	0.55053866	0.7603325	0.31705388	0.49841484	0.5199231	0.3829978	0.9069444	0.43138587	0.20076816	0.6963126	0.55630857	0.32986426	0.32941222	0.6476305	0.68412703	0.5846586
261	0.7422057	0.52105635	0.41798177	0.40059957	0.38125703	0.6258682	0.42520952	0.37902808	0.96720576	0.57853997	0.42427838	0.6479495	0.70607144	0.8845488	0.32536045	0.53787005	0.60973585	0.9764322	0.90638494	0.91609067	0.816463
271	0.41794717	0.71278524	0.9222489	0.99220794	0.2540442	1.0591702	0.30245027	0.98451746	0.5963859	0.8422991	0.96013546	0.53177464	0.67497855	0.53908294	0.3122627	0.66178805	0.37023646	0.29431933	0.8132476	0.51697016	0.24660979
272	0.26477498	0.4836083	0.69784075	0.63274795	0.28689834	1.0364339	0.34833142	0.9109796	0.53220946	0.84194046	0.9851156	0.55647445	0.8441207	0.49767804	0.3179852	0.66062	0.32591182	0.3289182	0.8672828	0.4291915	0.7101737
276	0.4072869	0.4793779	0.49972224	0.47812596	0.7319644	0.9864715	0.5913762	0.42113686	0.57315123	0.6954194	0.50513494	0.6971781	0.28585947	0.6856076	0.9070432	0.4674901	0.52381575	0.36521798	0.88337976	0.5673181	0.8940476
280	0.2687451	0.7258423	0.900743	0.23854679	0.6713421	0.73917115	0.3793281	0.9155818	0.3735007	0.82523644	0.44624949	0.42885643	0.769012	0.58667487	0.3453961	0.5340033	0.7203414	0.4385269	0.6104223	0.76408786	0.35890427
281	0.49157128	0.4645229	0.52252865	0.29722816	0.6646096	0.76136935	0.4029916	0.9294214	0.6695737	0.560962	0.402859	0.6629949	0.38518354	0.61483425	0.33760944	0.52422595	0.571763	0.35641405	0.54328555	0.8703814	0.6795402
287	0.38513878	0.7392112	0.86605686	1.0610512	0.2767215	0.6849015	0.38103965	0.43029374	0.8492953	0.6121155	0.9099932	0.47647524	0.25144574	0.8105609	0.34972805	0.6389958	0.38651443	0.31507444	0.6564188	0.23564698	0.30907875
289	0.77259564	0.4704537	0.33403632	0.9864313	0.2329468	0.84373367	0.4368818	0.3495831	1.0118474	0.5687111	1.0013804	0.6484499	0.31841636	1.0261871	0.32265037	0.63448125	0.28590658	0.31830746	0.8572171	0.28170827	0.28227165
294	0.5971939	0.5087922	0.77846086	1.0092318	0.2784888	1.0706626	0.3234761	1.0588126	0.5137671	0.7291225	0.98149216	0.5352973	0.315796	0.4120994	0.30503905	0.690249	0.2661509	0.27733886	0.8366771	0.2254578	0.22757164
299	0.73706007	0.92215556	0.84004164	0.22226766	0.29989472	0.5932725	0.6015826	0.37614357	0.5022689	0.8437171	0.4801914	0.67782074	0.6481101	0.39588994	0.31363982	0.49669105	0.3641787	0.35056514	0.7334079	0.5600982	0.28786337
313	0.6771182	0.6753686	0.7149185	0.27324247	0.6801988	1.0013657	0.5972256	0.764919	0.35191765	0.6469015	0.43460515	0.5204542	0.30749664	0.2901268	0.43851808	0.5059687	0.6434483	0.42508042	0.7632827	0.83852535	0.5153078
314	0.67644715	0.41864443	0.6051417	0.21122965	0.8526226	0.9807608	0.37056458	0.51708037	0.97950554	0.595937	0.36900163	0.8684674	0.29444197	0.96848685	0.32472703	0.4634757	0.788761	0.41296592	0.930184	0.9036053	1.0070041
315	0.73579264	0.47068673	0.39859727	0.24803941	0.79992384	0.62374467	0.7148178	0.26880124	0.80820763	0.54442436	0.3931628	0.86787	0.32165927	0.9410942	0.71175057	0.43781295	0.48580942	0.3723468	0.7148542	0.75071853	0.5925727
323	0.9199506	0.41478744	0.34475586	0.2108411	0.8485503	0.8501808	0.6753693	0.2960719	0.9892667	0.5327802	0.3770959	0.95913464	0.37139872	0.9058018	0.41688794	0.41534638	0.87443334	0.73131824	0.96953773	0.6620655	0.9154543
340	0.62186956	0.69719625	0.57016474	0.23074536	0.3218628	0.72003514	0.56949204	0.22698829	1.0025502	0.5751676	0.69957185	0.5444353	0.28399035	1.0125126	0.31585765	0.49553293	0.33388197	0.9355204	0.77169794	0.5792141	0.6336599
347	0.67576474	0.56417084	0.8116759	0.28290558	0.83242625	0.89224595	0.42369276	0.33829814	0.8812511	0.6227447	0.38603348	0.7532847	0.34146798	0.8878828	0.31156492	0.5039274	1.0046006	0.63405627	0.8928527	0.81694925	0.8258662
348	0.5999628	0.63078094	0.7950551	0.19970235	0.8526697	0.7077772	0.39203224	0.28726995	1.0367396	0.5754217	0.3635935	0.7133037	0.37199646	0.99858075	0.32461056	0.4726717	0.99256337	0.8541662	0.79650635	0.77406317	1.0119988
349	0.7617379	0.414177	0.4182291	0.20642467	0.855396	0.796956	0.37081203	0.2718342	1.0098685	0.5775956	0.35154337	0.75172967	0.3751154	1.0017241	0.29536846	0.4169746	1.0234697	0.9307425	0.8725399	0.80417067	0.92241436
352	0.6581804	0.7023063	0.5502154	0.21545203	0.79106873	0.81454295	0.40298843	0.5136268	0.74564606	0.5853248	0.39870542	0.6511269	0.49472705	0.93609226	0.3141703	0.4926086	0.9313341	0.4586158	0.5706339	0.84274226	0.7596508
358	0.86701953	0.44318315	0.2963543	0.20739202	0.87399703	0.85541195	0.6130262	0.34555012	0.99665445	0.5269112	0.3721599	0.824531	0.35570976	0.96111685	0.30511826	0.43572265	0.9336976	0.92093295	0.87032443	0.7967688	0.9487015
363	0.39420193	0.8630742	0.8389035	0.2677259	0.747939	0.7727799	0.400248	0.6199114	0.8344678	0.60533357	0.39929998	0.5509403	0.6322387	0.8780309	0.33426455	0.504394	0.9410183	0.45967695	0.59198475	0.8882597	0.6957236
367	0.78748214	0.4682545	0.6663031	0.20513727	0.85173684	1.031482	0.37934697	0.30213705	0.99814934	0.5584483	0.35969442	0.6996312	0.33812693	0.9885491	0.29073957	0.47002664	0.95935166	0.9347321	0.99762315	0.9156507	0.9794283
378	0.7034518	0.45493215	0.64632994	0.2077832	0.8352244	0.85852	0.3843891	0.34842715	0.9911037	0.5571238	0.35864347	0.6357628	0.34401816	0.8816714	0.2919092	0.4584455	0.9954068	0.8047098	0.8962706	0.8836201	0.6432775
381	0.85733736	0.372955	0.33105162	0.21552816	0.8261605	0.9354301	0.58886886	0.86533517	0.82463706	0.522021	0.3873525	0.7875605	0.27019945	0.8710833	0.30103156	0.4666775	0.8220311	0.8756879	0.94982576	0.85893375	0.7432973
382	0.55047476	0.6638639	0.74288315	0.2252908	0.71385473	0.8406525	0.3720045	0.24841656	0.9660348	0.78705376	0.3933887	0.653413	0.28604102	0.9401308	0.32526788	0.5653598	0.9725848	0.80937535	0.7607994	0.7699688	0.5579923
387	0.8146524	0.4476957	0.67745054	0.26158202	0.79400927	0.9961121	0.5968773	0.9264455	0.38171095	0.608664	0.3927527	0.8800516	0.45722386	0.24062365	0.3824794	0.6414603	0.6701684	0.4897942	0.97788626	0.7095381	0.76987034
393	0.53530765	0.5497254	0.85798246	0.22039418	0.8359633	1.0035337	0.40671462	0.39532557	0.992484	0.6438257	0.39392194	0.639773	0.27900124	1.020827	0.3225175	0.55344003	1.0025624	0.7583807	0.8523032	0.8931181	0.78720015
399	0.73416114	0.48167145	0.4885307	0.20420183	0.78579146	0.5093402	0.56219417	0.2711237	0.4894333	0.68479323	0.36595452	0.5507132	0.27644685	0.32776484	0.85050654	0.69966376	0.67179143	0.46810666	0.80087835	0.85946286	0.39403963
410	0.53422654	0.42136186	0.63063896	0.42566192	0.767793	0.8998978	0.36753237	0.31078386	1.0238645	0.6003551	0.6684242	0.74791956	0.4082055	1.0274682	0.30859172	0.5144641	0.43348002	0.3381788	0.7049431	0.7975574	0.6855436
414	0.82597435	0.40893185	0.3305151	0.24007076	0.8231268	1.0570115	0.83474547	0.89147204	0.49345884	0.68581074	0.40174732	0.92778605	0.44042492	0.32148406	0.8531062	0.5476711	0.38783216	0.3210516	1.0013049	0.86127764	0.99993604
417	0.7328336	0.49597257	0.30328107	0.22994997	0.7523231	1.0903995	0.45598903	0.32385427	0.9596235	0.5853323	0.39062804	0.7617952	0.30252853	0.9271521	0.3206226	0.5050149	0.9252895	0.8993105	0.9636571	0.6769242	0.7640145
428	0.7093348	0.5827849	0.4324724	0.31710094	0.7203939	0.70143646	0.40751177	0.72922605	0.9794241	0.5864723	0.43251687	0.60521764	0.3537877	0.9460215	0.30693913	0.5990703	0.8346644	0.38266087	0.6658777	0.7696762	0.501163
429	0.8131709	0.4186946	0.38497138	0.20721357	0.8582385	0.9522471	0.45555022	0.30846173	1.0113858	0.55804807	0.36908406	0.8225272	0.34725067	0.9510215	0.30778918	0.44034863	0.9851325	0.9414683	0.99759454	0.877081	1.0289117
437	0.7388789	0.5043861	0.45138437	0.22213443	0.77956796	0.8959087	0.43309447	0.64090765	0.96354234	0.568761	0.3956254	0.6773426	0.2999959	1.0074133	0.35145962	0.57300067	0.93979937	0.92114806	0.8635504	0.78574806	0.5521712
438	0.39999753	0.59043896	0.7133461	0.21975635	0.75597954	0.8815026	0.38488078	0.3385144	0.94193107	0.63021946	0.38283652	0.6513628	0.33741122	1.0358746	0.31105793	0.51440704	0.66111994	0.76961476	0.82764626	0.88541025	0.727686
439	0.65069056	0.48173258	0.45199162	0.30564815	0.70036715	0.9825993	0.41985685	0.25544772	0.98388	0.5816879	0.4128267	0.62746364	0.2549469	1.047474	0.32258075	0.532591	0.84465075	0.54393554	0.9224664	0.6598852	0.4758094
441	0.7710355	0.40638956	0.66184103	0.20528935	0.8750033	0.8720316	0.3911741	0.29931167	0.9986718	0.6247748	0.36747485	0.8452446	0.50291497	0.9762532	0.30747193	0.43542337	1.0375314	0.9028292	0.81275433	0.8944143	1.0185899
449	0.67344904	0.5077328	0.5387955	0.28164986	0.822282	0.9128069	0.3984133	0.3575213	0.93962586	0.5539841	0.38062325	0.63166714	0.48471802	0.8601333	0.29923868	0.4987281	0.96728855	0.67950124	0.7893288	0.83495367	0.7285836
454	0.23875158	0.8927419	0.863313	0.34426478	0.5683808	0.7558701	0.35160816	0.71098244	0.62796396	0.8432392	0.5548206	0.5483803	0.75681245	0.50926626	0.35519975	0.589251	0.5693749	0.37772498	0.63250184	0.6346617	0.8069298
458	0.86487365	0.4408973	0.30665645	0.2392986	0.7346469	0.89230984	0.57417107	0.4188951	0.9694312	0.52490115	0.42364568	0.8571334	0.5120397	0.9534008	0.29458454	0.41903085	0.8499994	0.7554493	0.8809125	0.5299764	0.70037526
466	0.7552169	0.44327167	0.37913316	0.30949566	0.45954546	1.0284855	0.43528906	0.39917028	0.99258053	0.65388787	0.41268814	0.70084727	0.29744175	0.98156595	0.33993044	0.57878757	0.8947516	0.8453275	0.88205224	0.78447473	0.84379554
468	0.73031825	0.43751287	0.8349951	0.19453196	0.88897175	0.74415135	0.35492134	0.26314822	1.0063661	0.5760466	0.3486817	0.81503266	0.27521366	0.9331372	0.29996857	0.45974237	1.000079	1.0027883	0.9492821	0.91959584	1.0271742
476	0.6508486	0.45199576	0.541137	0.20062046	0.8670855	0.98555696	0.3622971	0.28453624	1.0036249	0.5619739	0.37262577	0.72932607	0.37496594	0.95656216	0.30551258	0.47654116	0.9986486	0.87792116	0.919376	0.8835502	0.95687556
479	0.543299	0.5883463	0.52787465	0.28107795	0.77926	0.71654207	0.4191756	0.30459157	0.9594892	0.6138414	0.50982136	0.6315695	0.6196884	0.94911456	0.3090977	0.5351458	0.92725486	0.92579836	0.86836445	0.78118074	0.42031085
481	0.71427536	0.503183	0.39594337	0.24973743	0.7126424	0.80037296	0.45585668	0.41660598	0.89943296	0.5517114	0.41233823	0.76103115	0.28961846	0.9675727	0.3088715	0.5419231	0.8375279	0.7422265	0.6666344	0.8500046	0.51988286
494	0.82157695	0.5561907	0.42435986	0.23078069	0.8428451	0.6829447	0.46723348	0.26726675	0.9707939	0.53886676	0.3739158	0.79620594	0.42428568	0.9581999	0.31126028	0.4297254	0.95032984	0.9641657	0.6341648	0.8715496	0.86461633
495	0.197623	0.9043606	0.88826686	0.2884986	0.71738183	0.6067045	0.39357713	0.62969714	0.4607749	0.841131	0.4464885	0.5540708	0.8952794	0.5492372	0.6681065	0.64290756	0.45740682	0.37447125	0.51670253	0.8390604	0.75876313
510	0.5927133	0.63148594	0.7242749	0.3396213	0.35964793	1.005425	0.40102506	0.35892013	0.9247885	0.79532075	0.9418546	0.6912662	0.36195782	0.9182897	0.31837523	0.6533779	0.3442749	0.32940835	0.82557344	0.7090212	0.43172044
517	0.7166179	0.4572868	0.38811734	0.31468385	0.65304255	0.8087255	0.4098372	0.3271592	0.96021295	0.5802373	0.70901364	0.5893689	0.26185286	0.8002546	0.45323774	0.66645986	0.93557745	0.9349632	0.86603534	0.7809298	0.85570216
521	0.71169835	0.48018765	0.7749972	0.20734403	0.83547556	0.5427109	0.49073204	0.3395769	0.962753	0.6166843	0.38435104	0.8511288	0.4005097	0.9312772	0.3710724	0.48184305	0.94947165	0.6041306	0.7255927	0.68452954	0.8387271
525	0.80652785	0.38559788	0.3031243	0.1959901	0.83319277	0.7513442	0.4221459	0.25369677	0.9986041	0.5272341	0.35382026	0.828389	0.2508236	0.9657739	0.299686	0.4259102	0.9763991	0.9736245	0.7915507	0.78721154	0.8589558
548	0.6842312	0.4079028	0.45189643	0.22728114	0.82041854	0.8307388	0.40969503	0.45660496	0.89514655	0.55760014	0.3647886	0.67558664	0.40136465	0.6604641	0.30832586	0.6016688	0.96744204	0.51407164	0.7839905	0.86831236	0.60815316
553	0.764696	0.48962364	0.32108065	0.24391173	0.76181525	0.73436254	0.46284556	0.27044895	0.9796081	0.53906137	0.41980413	0.70449156	0.33084175	0.9772691	0.34437048	0.5157328	0.93681085	0.4153239	0.7777234	0.7449332	0.8000955
559	0.7581253	0.75888914	0.8157672	0.2532686	0.72848135	0.7601063	0.48345062	0.8246844	0.37135532	0.6716179	0.42753062	0.6823456	0.32911205	0.5214489	0.36437583	0.61416537	0.65486187	0.4723752	0.47738156	0.80530673	0.38045046
560	0.7067436	0.7555843	0.8435968	0.24468939	0.75665027	0.90807533	0.49970895	0.87425953	0.44298565	0.55347115	0.4076583	0.57650495	0.7217183	0.47186118	0.30910978	0.6195468	0.660296	0.3984325	0.82818246	0.82357174	0.6122777
562	0.74200493	0.6261354	0.5295647	0.23124059	0.7908871	0.8322363	0.5825162	0.23926723	0.9343355	0.55915236	0.373235	0.7546318	0.25517356	0.86919254	0.50751436	0.48876238	0.7281182	0.523152	0.6434885	0.73053735	0.49690288
564	0.6568456	0.609926	0.5669768	0.2319064	0.3547665	0.7604845	0.39388376	0.32596982	0.970916	0.5753904	0.8650423	0.6519102	0.4601262	0.97123975	0.30914497	0.62475055	0.358432	0.39994174	0.77099735	0.7951789	0.33640334
583	0.433614	0.69337523	0.7918119	0.22979347	0.80706763	0.9469781	0.38372514	0.7702535	0.81436986	0.61652434	0.42435703	0.5310641	0.30915263	0.9283007	0.33462134	0.59920114	0.96550626	0.43449193	0.8651765	0.9059255	0.45029888
588	0.78211755	0.39436072	0.47464627	0.2119982	0.86050963	0.9876415	0.40141714	0.4004958	0.9952485	0.7100412	0.37232304	0.81981087	0.69634116	0.9662726	0.30641806	0.4211341	0.94492704	0.9140799	0.9571478	0.89351636	0.2018376
589	0.7364316	0.52026993	0.30864584	0.33756906	0.8402247	0.82988906	0.39299363	0.2933129	0.96579796	0.5861593	0.4571981	0.74855375	0.29229483	0.8877804	0.31501725	0.5742168	0.64821565	0.3858793	0.759357	0.8147294	0.585073
594	0.846007	0.41438764	0.45982504	0.22021209	0.8709615	1.0280436	0.68782943	0.2371365	0.3544756	0.5410433	0.3612638	0.75857687	0.24041124	0.37356704	0.906058	0.40210396	0.58064026	0.37111086	0.95445293	0.8191728	0.9391157
612	0.7099344	0.42326468	0.45750102	0.20607509	0.8438726	0.5330149	0.41088313	0.2682154	1.0182801	0.57967687	0.37095037	0.71093065	0.25927603	1.0741116	0.29563797	0.5028261	0.97403234	0.99853253	0.88992965	0.82148176	0.83858526
614	0.3999026	0.7526587	0.7665157	0.25365165	0.7201847	0.83453244	0.3786134	0.26339585	1.0157642	0.77585924	0.37634867	0.5245198	0.34113947	0.8800154	0.3662825	0.46128488	1.0377691	0.9578767	0.81194484	0.8039865	0.69472027
617	0.7034776	0.44474554	0.37932014	0.22097704	0.7821094	0.89752424	0.46638265	0.3421584	0.9256064	0.5627659	0.40938836	0.62648153	0.33043978	0.89204437	0.31224576	0.5902988	0.9291166	0.7873208	0.859433	0.8062133	0.8413803
620	0.82611847	0.4376012	0.5294439	0.22247936	0.81836694	0.79861826	0.54684615	0.29620245	0.96401376	0.5345992	0.34970215	0.73460656	0.35104668	0.88077617	0.31012595	0.47764274	1.0053389	0.8876005	0.8866753	0.7440369	0.5048793
623	0.67680675	0.4980479	0.3702523	0.21630706	0.7585131	0.974439	0.4124169	0.31276566	0.997569	0.5750617	0.37943798	0.57320696	0.31366125	0.99605054	0.31531513	0.52783346	1.0068139	0.84906834	0.9005872	0.69553745	0.6797398
628	0.5099146	0.6585344	0.7803916	0.2309881	0.7653274	0.8810643	0.44219506	0.27973944	0.95534194	0.6298923	0.4489932	0.6461384	0.29777026	0.9812726	0.35759935	0.6613287	0.91279805	0.6629392	0.7762642	0.63524115	0.65077096
641	0.60990226	0.67308575	0.7408219	0.24639581	0.7746027	0.9999596	0.3918774	0.9184299	0.87800884	0.54683113	0.55693334	0.58521533	0.32533428	0.3035059	0.325798	0.65503246	0.8794005	0.5860595	0.7008002	0.87492585	0.3248095
657	0.30657995	0.7420648	0.8648129	0.6380828	0.4440307	0.5640668	0.42513105	0.25388858	0.92614686	0.83075327	0.38089445	0.5077725	0.47163317	0.9495686	0.3623652	0.58430934	0.9231142	0.5182151	0.49055937	0.6439204	0.38510492
670	0.79173774	0.4065943	0.7493068	0.20885023	0.87754923	1.0434245	0.3739935	0.66682166	0.9547766	0.55362755	0.37389487	0.7722153	0.31582156	0.96335095	0.31197038	0.5972823	1.0505947	0.9902136	1.0071417	0.9172109	0.98621494
678	0.5942189	0.6167679	0.7738582	0.21363808	0.7484112	1.0421048	0.4155885	0.45424753	0.9514446	0.77169645	0.4713543	0.5637589	0.236903	1.0089905	0.35056537	0.65018207	0.9947458	0.85523045	0.8891341	0.89962405	0.817871
686	0.4571512	0.46267343	0.8188628	0.33678666	0.36928052	1.0507247	0.37366277	0.9996785	0.7003668	0.82500434	0.9416763	0.61784184	0.8960131	0.6512605	0.30278498	0.5986726	0.55838305	0.44722995	0.87204427	0.87898177	0.79524976
689	0.53077376	0.7089516	0.7862546	0.2730829	0.7235314	0.72533745	0.43024617	0.7333973	0.8151882	0.6803344	0.4501559	0.50099146	0.38372746	0.74565685	0.35278866	0.6084354	0.66974676	0.40005186	0.7146284	0.68963933	0.34290236
690	0.510215	0.58287734	0.45896527	0.20317894	0.829189	0.9028668	0.37798876	0.49907207	0.97202075	0.5811063	0.3724813	0.55128765	0.35461774	0.99547106	0.29667208	0.5012725	0.9921778	0.7614285	0.9742388	0.8678679	0.9311647
697	0.25042468	0.77650946	0.81602	0.30122808	0.6694346	0.6699933	0.4032987	0.26542756	0.6928117	0.83927786	0.5033261	0.51730675	0.20421836	0.6592093	0.43856382	0.68425673	0.52653354	0.33005264	0.67901224	0.76477957	0.55261743
711	0.25253654	0.8667131	0.8747442	0.37113187	0.40443417	0.5407874	0.42182398	0.4981711	0.35497195	0.8103098	0.46109042	0.39513597	0.74677306	0.30963773	0.52018946	0.65023106	0.6532695	0.39329883	0.48511276	0.62801147	0.47261152
713	0.39026728	0.81560314	0.9035463	0.37924328	0.7172598	0.65333855	0.4115171	0.38568142	0.9129663	0.80815226	0.77679694	0.60231036	0.8308812	0.59655595	0.35310075	0.7235407	0.6546486	0.38267908	0.80598706	0.71236837	0.696299
720	0.3108457	0.583144	0.78971964	0.28627768	0.75921905	0.93932486	0.39112288	0.45935094	0.6302687	0.5959562	0.41698647	0.6423626	0.2906214	1.0298371	0.3176702	0.52646244	0.69723105	0.36107433	0.93203896	0.81583536	0.9902945
726	0.21952023	0.9682142	0.9403555	0.34927282	0.45873553	0.8340406	0.31655094	0.7793038	0.5951143	0.84243697	0.80565864	0.5327982	0.47063166	0.41481847	0.3224067	0.6753509	0.35901242	0.3198201	0.89348817	0.7079658	0.784333
734	0.22682539	0.9325636	0.8713945	0.33782083	0.5738581	0.5679343	0.40225637	0.855764	0.33263338	0.8369607	0.46364087	0.39149597	0.87945324	0.23782565	0.36837855	0.66043615	0.6436218	0.404985	0.49645653	0.7833405	0.3992994
736	0.52309096	0.77910066	0.58002347	0.31603485	0.5113374	0.7435213	0.43365884	0.61336505	0.87071043	0.77344704	0.53239715	0.5842883	0.325618	0.6156341	0.34640536	0.6544175	0.47058627	0.3674648	0.72477967	0.58936286	0.23910251
740	0.3479506	0.718209	0.86240166	0.38590527	0.3705362	0.6856268	0.38484937	0.4492937	0.956413	0.7419798	0.82466966	0.4753372	0.32187262	1.0008211	0.330451	0.69362074	0.36277696	0.35563597	0.85600936	0.59955156	0.7561852
743	0.7585334	0.5124969	0.4524392	0.25025934	0.79805005	0.8956574	0.69025487	0.3440794	0.79927355	0.7076832	0.4259145	0.75152576	0.26895455	0.5422505	0.4109807	0.5177521	0.67791814	0.41396606	0.7791556	0.7878373	0.8256674
744	0.56916153	0.77730995	0.78226805	0.34829494	0.67289877	0.53787863	0.50060153	0.8175156	0.86623085	0.6784196	0.53304696	0.632962	0.41718566	0.6785125	0.39952022	0.6806375	0.59835416	0.39240587	0.6201839	0.74770844	0.5252976
745	0.80006623	0.50052494	0.8963287	0.2657375	0.76747704	0.7461392	0.642395	0.39021042	0.38866913	0.5686955	0.4065969	0.53807575	0.36013195	0.23204303	0.65073436	0.45280895	0.37610522	0.32394302	0.67896724	0.9015415	0.36761117
751	0.8448594	0.40319383	0.3737644	0.199565	0.88382083	0.8229248	0.43574002	0.25769672	1.0202508	0.532495	0.36883977	0.8387524	0.24564521	0.9416133	0.30673978	0.41365576	1.0186319	0.9914474	1.0617938	0.67987406	0.9895184
762	0.36378238	0.684812	0.9251085	0.32556176	0.5948303	1.0423553	0.37237933	0.7409103	0.6048036	0.71946186	0.75441706	0.591213	0.2514215	0.4330448	0.39673123	0.68656546	0.3721038	0.29545447	0.8594066	0.76308614	0.6775239
764	0.2511059	0.5639444	0.9557579	0.79398334	0.30336314	1.0398502	0.28508395	0.9654798	0.8535738	0.84253573	0.9435152	0.6268382	0.4523345	0.9311429	0.31364453	0.6971387	0.38845947	0.3071055	0.92891055	0.55742794	0.88839763
781	0.65476316	0.5753	0.27821568	1.0274987	0.28118798	0.66999954	0.42098707	0.5711279	1.0328724	0.57887477	0.9308039	0.6608067	0.65176237	0.99940795	0.30741307	0.65976685	0.40394118	0.38774955	0.5354632	0.54019636	0.2142181
783	0.673539	0.40859553	0.33513713	1.0423888	0.2715428	0.9253143	0.39606717	0.41701883	0.9851472	0.57662135	0.97540665	0.8182373	0.46946833	0.96779734	0.30732322	0.70371616	0.25135633	0.303668	0.6676397	0.22237416	0.68249685
784	0.6951193	0.4374355	0.54187435	1.0111274	0.22298095	0.9153266	0.5705828	0.5892087	0.6964875	0.61736244	0.9521289	0.61503536	0.4322322	0.34943253	0.4366886	0.6845902	0.26208255	0.29352146	0.8758382	0.24518068	0.74294156
786	0.44456026	0.70458394	0.52508765	1.0674558	0.2558606	0.4709109	0.3946334	0.34447962	0.9492955	0.5743735	0.7179232	0.6091381	0.32793304	0.73621035	0.29616156	0.64956474	0.3008868	0.34594443	0.72166634	0.2687378	0.22851035
787	0.7807234	0.5025556	0.37796456	0.8066468	0.41662666	0.8070865	0.5521649	0.6411594	0.9115591	0.6542452	0.6746658	0.6808284	0.50669754	0.903668	0.3616923	0.5411294	0.4417781	0.43101934	0.835593	0.47976	0.6880836
797	0.48913562	0.8025589	0.83063096	1.0042726	0.27089474	0.8055112	0.4749781	1.011707	0.48299173	0.66023606	0.7904458	0.54488945	0.64005846	0.31343406	0.30662912	0.6561066	0.3671142	0.3292892	0.9180506	0.29438543	0.7700243
815	0.8067913	0.43717736	0.33476993	0.21233748	0.83498466	0.863933	0.70102847	0.24235255	0.3938202	0.5434044	0.35466155	0.85489315	0.24299107	0.58916867	0.94527054	0.35574225	0.5666706	0.30191755	0.89686346	0.819801	1.0116967
816	0.5589697	0.4514383	0.6346026	0.263874	0.6601723	1.0304776	0.37904894	0.45239663	0.8762683	0.77552354	0.5543177	0.56779844	0.26423347	0.71270794	0.3816858	0.515924	0.69953376	0.42109358	0.72865254	0.8035989	0.7770977
822	0.72157145	0.45470905	0.4211295	0.22583179	0.7276852	1.0692596	0.43329662	0.7944551	0.84124094	0.73394275	0.4099935	0.58386415	0.3187314	0.9515253	0.31177658	0.5788814	0.6960549	0.43999967	0.81247056	0.8805813	0.8296027
825	0.27148753	0.45570588	0.84958553	0.6206184	0.39676607	0.9449919	0.4117347	0.94592166	0.40071383	0.83690137	0.7818558	0.61913186	0.59719276	0.49759936	0.3429937	0.57810307	0.64115196	0.5198253	0.8224771	0.72737634	0.71003324
910	0.23031855	0.8439678	0.9394042	0.66241974	0.2904291	0.51180416	0.39535984	0.7785536	0.7539876	0.82932895	0.76884407	0.6088128	0.79574573	0.72277904	0.33832175	0.5675286	0.3992427	0.40010628	0.65496147	0.55392784	0.2965032
912	0.67233247	0.49434066	0.6176431	0.2114953	0.82910705	0.7258865	0.46308744	0.30327153	0.9700653	0.566296	0.40090817	0.69188064	0.3288968	0.97059065	0.34857962	0.53478897	0.96486604	0.9377354	0.7993981	0.8969136	0.73543376
915	0.63183457	0.47360048	0.6133639	0.23748381	0.827368	0.895592	0.39194325	0.55643535	0.9503345	0.5658295	0.40041718	0.7033291	0.38975677	0.8138183	0.31837818	0.50642854	0.9939918	0.8425267	0.84470063	0.86023635	0.7828873
916	0.7707381	0.55664176	0.2587045	1.0078063	0.27004227	0.49955896	0.4856237	0.2466117	1.0340011	0.5532713	0.8663173	0.8247289	0.36566058	0.8847477	0.31617054	0.6895479	0.32780078	0.36059904	0.55491966	0.5819737	0.21704577
922	0.29710695	0.46935102	0.8922299	1.0460536	0.2682215	1.0274951	0.365859	0.71383095	0.8622207	0.70111936	1.0044358	0.7661906	0.83427006	0.66639775	0.29918367	0.67080307	0.27970442	0.31600335	0.87556535	0.3336458	0.7305715
923	0.5847822	0.58767426	0.5253054	1.0570909	0.2669132	0.686595	0.37638974	0.32293	1.002534	0.6634236	0.88278884	0.7470218	0.47035384	0.9433667	0.31491724	0.6204929	0.27950752	0.33968726	0.66555136	0.3317487	0.25950512
2105	0.43897054	0.8226392	0.9178155	0.55096555	0.46676105	1.0422003	0.3399516	1.0357891	0.5332034	0.8414734	0.9754462	0.6148802	0.8231293	0.45590737	0.32335857	0.7463883	0.36990535	0.30024478	0.8370156	0.4422743	0.99445575
2109	0.730727	0.43957832	0.46665707	0.22682945	0.860618	0.9600416	0.70134985	0.2540286	0.3872395	0.57128644	0.36860102	0.79051995	0.26971915	0.35446614	0.82663876	0.39092928	0.5289408	0.36751726	0.9708232	0.6905148	0.98750716
2115	0.18523048	0.8965837	0.94091046	0.809714	0.22988704	0.4722734	0.41448674	0.97937256	0.42392522	0.84185916	0.8283741	0.45152292	0.9441967	0.33012864	0.33932054	0.6354973	0.28494784	0.33949295	0.8047351	0.29163286	0.22288658
2117	0.2235597	0.925342	0.90565544	0.29781824	0.6204808	0.616496	0.38526964	0.53379685	0.9388894	0.84230155	0.6637184	0.6080669	0.8393205	0.74094695	0.34611562	0.63461936	0.5668818	0.39631903	0.8793568	0.6606422	0.95861447
2118	0.5646365	0.909296	0.8890808	0.5271018	0.38373303	0.58110416	0.5054346	1.0067565	0.9726705	0.8173005	0.3989883	0.6277782	0.32835993	0.8131662	0.8518319	0.64874613	0.75140244	0.42024332	0.6910275	0.70071435	0.26665103
2120	0.5646944	0.7056492	0.84487	0.7839933	0.40288854	1.0404764	0.38784042	1.0030208	0.6172873	0.82437354	0.9549639	0.64145577	0.5392156	0.42370003	0.32270288	0.75953156	0.34668326	0.2918863	0.76233524	0.8469744	0.40306813
2129	0.31181124	0.7536429	0.69613284	1.0192543	0.26175472	0.6103685	0.3739645	0.9764483	0.6051219	0.6423257	0.88835245	0.5894025	0.6856024	0.7500958	0.30568585	0.6754543	0.30441687	0.32094583	0.7282936	0.30560327	0.47692952
2134	0.5019927	0.47154045	0.50447685	1.0145673	0.24001718	1.0451889	0.39282972	0.41898185	0.92577565	0.6773449	0.9086835	0.7343964	0.2939754	0.955166	0.3229446	0.6811574	0.3195877	0.2912407	0.90332466	0.21798623	0.5024661
2138	0.7644497	0.50979376	0.42555672	0.23399742	0.4558956	0.951108	0.39822397	0.9468787	0.5991802	0.5620029	0.3968994	0.5647009	0.67950183	0.5973579	0.29350752	0.6347939	0.37308428	0.35217893	0.9493142	0.4312814	0.8780652
2142	0.6284458	0.45922154	0.7589287	0.747975	0.3199946	1.0601076	0.77058136	1.0031283	0.6913721	0.8259909	0.99689734	0.9528142	0.40221894	0.59726053	0.8025486	0.5975816	0.3070477	0.30368817	1.0179274	0.30741093	0.9947124
2143	0.3663533	0.74249846	0.74343884	0.9536163	0.24026583	0.49650744	0.36734593	0.9472483	0.43762478	0.61652994	0.8449461	0.5087764	0.66719437	0.21803515	0.28379452	0.73260725	0.28804943	0.30950624	0.67288375	0.24044603	0.31215283
2144	0.5219003	0.6680785	0.88519704	0.714714	0.26915073	1.0900806	0.3226986	1.0067377	0.48587355	0.82878226	0.83554846	0.55558354	0.47288272	0.5510288	0.33493495	0.6894587	0.3107648	0.3130628	0.88539964	0.7410971	0.35374597
2145	0.48788851	0.45269248	0.5667662	1.0215621	0.22921687	1.0936824	0.2982155	1.0696101	0.4485696	0.6465129	1.0016985	0.5169903	0.3578472	0.4604904	0.29549256	0.7435082	0.24856633	0.27506605	0.890467	0.2279395	0.45195985
2158	0.37143654	0.46345156	0.5933449	0.6028055	0.3317929	1.0479999	0.4796735	0.59073526	0.7100519	0.5710087	0.7244608	0.7220611	0.25702986	0.8839341	0.6547156	0.658696	0.38170537	0.31392553	0.7309487	0.7046717	0.4974568
2161	0.47659767	0.5863533	0.60421866	0.94212884	0.2939568	1.0732025	0.33757794	1.0297003	0.4419751	0.83282894	0.8704413	0.5833669	0.86906683	0.44530505	0.32189038	0.6928086	0.28674898	0.29598787	0.92045003	0.34249142	0.47998154
2163	0.72577965	0.40002605	0.36214513	0.20625481	0.8764389	1.0731704	0.6816961	0.22591096	0.38289872	0.53684574	0.34257925	0.79285306	0.23705226	0.5279723	0.9430406	0.35530087	0.5386171	0.30880865	0.994037	0.7886242	0.987297
2168	0.23306747	0.79745525	0.9037027	0.22115296	0.7450463	0.707868	0.38508332	0.701395	0.8560563	0.7485096	0.41266635	0.6166532	0.9607137	0.84430534	0.3365974	0.60515696	0.99665004	0.5832948	0.82519513	0.690146	0.8897646
2169	0.7971394	0.43154824	0.348141	0.21939267	0.8679973	0.9456279	0.7595096	0.2323631	0.72068965	0.59796643	0.36473307	0.785006	0.25184846	0.47019374	0.8956376	0.37679598	0.46198067	0.3540055	0.99412566	0.79538876	1.0037924
2172	0.66545695	0.46480358	0.5836489	0.23921712	0.83501714	1.0934788	0.6321513	0.4492662	0.421813	0.6322903	0.40506592	0.8726808	0.31568053	0.35453793	0.89117545	0.4021055	0.55638224	0.31886065	1.0351361	0.8644214	1.020557
2179	0.7998979	0.41314307	0.29891494	0.21956474	0.86389506	1.0845076	0.8404075	0.33386615	0.4681517	0.5926647	0.3788808	0.85101247	0.27480257	0.2896154	0.9292597	0.45658275	0.66732115	0.34126592	1.0082487	0.90616137	1.0026064
2180	0.6709368	0.506858	0.7038555	0.2335854	0.77603716	1.0710753	0.38381347	0.8971233	0.725172	0.83776313	0.41260573	0.71601087	0.6682061	0.55380017	0.3305647	0.67212117	0.7172034	0.39059067	0.9812221	0.89225346	0.8454733
2182	0.61336845	0.5860924	0.7671935	0.20812823	0.8265514	0.8974556	0.42227426	0.41823456	1.0013367	0.5476704	0.38056505	0.6389381	0.29631302	0.9774275	0.29127404	0.5116669	0.99507266	0.7570909	0.8252569	0.90322363	0.85451674
2187	0.66837347	0.63503426	0.76369405	0.22089502	0.83351326	0.8383295	0.41674095	0.7298129	0.70506877	0.56890416	0.3755804	0.7499728	0.54839945	0.84305155	0.3233091	0.43154535	0.89853746	0.50547427	0.8434611	0.85390806	0.9335328
2193	0.7736783	0.40808946	0.29884073	0.38323888	0.35216466	0.72597533	0.5970886	0.6031691	0.38550994	0.534217	0.3788587	0.65253216	0.7043651	0.1971239	0.34934503	0.5955088	0.575907	0.4260558	0.8145843	0.7649756	0.72519946
2194	0.6141861	0.5930199	0.3148089	0.99600995	0.3102681	0.7193572	0.35947856	0.38486746	0.99185854	0.59182036	0.8740535	0.58653194	0.550171	0.9892483	0.2903956	0.6391735	0.5591813	0.39546433	0.8709072	0.66556835	0.29251248
2195	0.4991117	0.50219405	0.4929859	0.976835	0.30642125	1.0183494	0.37866116	0.9427228	0.5237135	0.75632596	0.82073987	0.5413651	0.7985364	0.2996412	0.30495805	0.7274871	0.33450493	0.3111682	0.9454116	0.24971156	0.7852328
2198	0.65900975	0.54897875	0.5206514	0.82912046	0.2926242	0.8592265	0.3936506	0.2923255	0.9697488	0.65091616	0.78981185	0.5506031	0.2292626	0.81304103	0.3333237	0.67387646	0.36239845	0.32896337	0.67861944	0.39776748	0.22842783
2210	0.5349091	0.5551526	0.4866829	1.0119972	0.33120188	1.0379442	0.65391856	0.94406146	0.91833115	0.61351347	0.9628563	0.8159666	0.53794634	0.61536777	0.35304788	0.6403576	0.3629598	0.32250008	0.8637077	0.26733437	0.479894
2211	0.37906724	0.72679514	0.86625326	0.92201453	0.27819324	0.663951	0.36178008	0.50901395	0.886633	0.65733457	0.86634976	0.7654876	0.5883087	0.73397934	0.31095013	0.6988959	0.3789596	0.3614325	0.8887015	0.47753766	0.40734032
2212	0.64204854	0.87655747	0.8799228	0.66133064	0.32820645	0.6237475	0.5220305	0.33061162	0.72661203	0.8219872	0.83462536	0.4753869	0.5867421	0.6857949	0.33160928	0.63380474	0.38362774	0.37767747	0.5448918	0.7883017	0.29578328
2213	0.58637077	0.51485187	0.49083498	0.7772285	0.3361844	1.0610912	0.4057562	0.60079175	0.79051775	0.5858057	0.8769519	0.65553916	0.30258122	1.0311764	0.35406485	0.538151	0.41257444	0.37155792	0.8904586	0.7036871	0.5519247
2218	0.37912872	0.5538992	0.8595961	0.7096765	0.31293482	0.97528434	0.38527158	0.959594	0.3590931	0.62831646	0.7845548	0.6260102	0.74777794	0.72574145	0.3226436	0.61600447	0.2967008	0.39921936	0.9097136	0.6566236	0.422526
2224	0.3691656	0.675397	0.718794	0.88221645	0.28750777	0.77518743	0.45008102	0.6360547	0.7887032	0.65134305	0.8281477	0.5979429	0.8004019	0.81766176	0.31957152	0.6275519	0.5157961	0.36159754	0.6669302	0.43580598	0.6864188
2225	0.71951735	0.41712958	0.35136798	0.6855506	0.52261764	1.0209221	0.3929238	0.9698665	0.93056697	0.6068659	0.59447044	0.6871925	0.6701727	0.6516524	0.3088144	0.57390535	0.8455126	0.9217263	0.91512984	0.67081267	0.85386276
2226	0.2681627	0.8140215	0.87948596	0.87329423	0.2403825	1.0515682	0.38818386	0.88424116	0.7372042	0.83556604	0.9132068	0.7270999	0.91520816	0.70039153	0.3242683	0.6123518	0.3094514	0.37192622	0.9511817	0.45931426	0.5459723
2227	0.34846666	0.77680546	0.8806045	0.9763253	0.28775364	0.88721746	0.42802638	0.84591985	0.74135685	0.79928136	0.9168693	0.65317017	0.79584813	0.7222845	0.38735145	0.65067315	0.45022097	0.33999363	0.85103554	0.30897844	0.98494226
2228	0.8782759	0.4105001	0.8100976	0.3672009	0.45809385	0.7643407	0.6088376	0.8063628	0.37234253	0.53253996	0.67368776	0.8522085	0.36294726	0.41843832	0.37953243	0.63284904	0.3496975	0.31201175	0.97543436	0.76437694	0.7595106
2230	0.72356826	0.44851184	0.40843955	0.35665476	0.66791856	0.88178754	0.7192221	0.719001	0.43841657	0.5732341	0.46279868	0.8688952	0.3114074	0.7675142	0.7237462	0.57260126	0.57581884	0.34698188	0.8007529	0.84513956	0.9806747
2231	0.4039284	0.67376965	0.5022117	0.96336055	0.37923038	0.91874415	0.40823188	0.5508182	0.86879236	0.59195316	0.82618195	0.65263975	0.75373226	0.9527532	0.32078192	0.65153855	0.44068933	0.3481357	0.8899318	0.28689831	0.6363148
3107	0.39160016	0.631426	0.8147926	0.22791214	0.34129748	0.943062	0.40649357	0.42691016	0.9433739	0.6016334	0.38514048	0.6535308	0.6254611	0.9620852	0.3072094	0.6234474	0.89371866	0.4886655	0.83666056	0.58806664	0.48637253
3113	0.9222178	0.37780878	0.2619758	0.19293703	0.8738929	0.955091	0.613001	0.23352875	1.0403364	0.51957995	0.36072057	0.96897316	0.27875355	0.99879795	0.3264526	0.40946174	0.9122504	0.95077384	0.98395306	0.72033596	0.71786535
3117	0.7656871	0.40189454	0.45765367	0.21292557	0.85395813	1.0311933	0.38973546	0.38715783	0.98641765	0.7512542	0.36426607	0.77438784	0.7134561	1.0118293	0.31016785	0.433186	0.9919988	0.88616455	0.9972455	0.89868456	0.20608468
3118	0.8601569	0.4145291	0.34791243	0.20929451	0.8662782	0.7808873	0.62141687	0.33975214	0.97211254	0.53712046	0.3523564	0.8878676	0.38898912	0.95282525	0.42052075	0.42825177	0.8496428	0.8768314	0.9403517	0.8590124	0.9580221
3131	0.24415307	0.7788765	0.7845762	0.29286757	0.6717056	0.8043995	0.37546778	0.61743814	0.9124413	0.8375769	0.66838115	0.5221384	0.40853074	0.8940216	0.34403476	0.6976307	0.66035944	0.43730357	0.57710826	0.84898305	0.87954074
3137	0.2113903	0.86935645	0.7627016	0.39961025	0.60087395	0.47714382	0.43050265	0.97634476	0.3714927	0.8431548	0.44606146	0.3802885	0.82002026	0.30129492	0.34098053	0.66064024	0.6189379	0.42042708	0.43490058	0.824313	0.23895714
3138	0.49417305	0.7296796	0.5126225	0.34364006	0.6446975	0.52040374	0.4441021	0.25070876	0.89379436	0.65056103	0.48149866	0.5540227	0.2789566	0.78304154	0.36976898	0.63313353	0.5706121	0.31543407	0.50607806	0.8396892	0.2480451
3140	0.2507502	0.89933366	0.85686296	0.26634333	0.6281357	0.5850535	0.4160778	0.8490752	0.45059335	0.84202754	0.44226155	0.3827978	0.78321123	0.31120688	0.35603088	0.60713536	0.6534746	0.39826924	0.43111944	0.8739688	0.37459898
3143	0.23497358	0.9451262	0.8259823	0.3988169	0.57747793	0.48409662	0.39959037	0.83181	0.84235007	0.84322846	0.49325964	0.34164578	0.89636916	0.26674458	0.32144243	0.6036626	0.6834821	0.45077866	0.36713493	0.85731715	0.2772738
3150	0.36575782	0.64908564	0.90185934	0.5551902	0.37505051	0.9037046	0.37015814	0.9056475	0.74753433	0.83857036	0.80364263	0.5551457	0.4752118	0.6315786	0.31593657	0.66337377	0.32974342	0.3293532	0.8916528	0.6731717	0.6246578
3157	0.71403176	0.58444375	0.7752476	0.27092034	0.7653757	0.61648995	0.61025983	0.28053242	0.46772683	0.70862585	0.4280895	0.4865629	0.24064784	0.325342	0.5676244	0.5333358	0.57331777	0.38197634	0.43234387	0.8145258	0.310492
3159	0.22066344	0.82211876	0.9198619	0.26545537	0.7163806	0.47316787	0.37732443	0.39999557	0.49635068	0.6677257	0.44136512	0.4228411	0.39959517	0.50636023	0.36778677	0.6174153	0.6332748	0.35184637	0.4423773	0.7664385	0.29818928
3170	0.7776373	0.48139426	0.39592737	0.24699198	0.76021725	0.87146777	0.67394096	0.32847917	0.8702142	0.7093044	0.41963154	0.7441692	0.2822043	0.72124225	0.46338928	0.55388755	0.6447334	0.42870653	0.8629948	0.76753765	0.8789703
3187	0.22257878	0.96891093	0.92913556	0.33604848	0.6160807	0.49861518	0.3276909	0.44745564	0.8583631	0.84232557	0.7482315	0.39295772	0.25937125	1.0120525	0.3234132	0.7292938	0.482994	0.3581984	0.7663763	0.78033656	0.6382347
3189	0.42102978	0.67486244	0.8463437	0.23858449	0.7728472	0.69269997	0.35841358	0.7585097	0.49472764	0.7264941	0.46369123	0.5322053	0.33235285	0.48269126	0.48421773	0.6316593	0.62891024	0.37025478	0.6315489	0.8244473	0.79651093
3192	0.19629924	0.885039	0.85428816	0.29849994	0.7430314	0.51305825	0.4439577	0.52437985	0.35894108	0.8363435	0.41580728	0.43779242	0.87789357	0.2994283	0.50657904	0.54685843	0.5348565	0.40722463	0.4263556	0.81008404	0.60927194
3195	0.23377556	0.86824137	0.8758563	0.39449808	0.4661698	0.42960587	0.34799078	0.93227226	0.33042496	0.70602393	0.6342156	0.33140755	0.96482205	0.317703	0.3187961	0.7191127	0.43878013	0.33111566	0.35765183	0.8650057	0.2525571
3207	0.33286804	0.7199323	0.8032211	0.33331463	0.56726277	0.6542643	0.38325483	0.31120783	0.8999465	0.82781446	0.5126922	0.5177784	0.27010944	0.9511751	0.33782434	0.65443563	0.6506476	0.35883674	0.8157112	0.6017496	0.5509582
3211	0.700123	0.66532016	0.8443871	0.25120267	0.74791455	0.47227642	0.6850669	0.7077048	0.8815562	0.8236824	0.38882768	0.4091488	0.61431545	0.556428	0.58810765	0.65759623	0.6070864	0.45402363	0.97398996	0.5525816	0.4084126
3214	0.3782954	0.92161566	0.725338	0.30391437	0.7120179	0.50549775	0.4855707	0.3206388	0.8709633	0.8383451	0.43970475	0.5904973	0.3583315	0.6278717	0.4107123	0.62766165	0.64438915	0.5662203	0.43157148	0.7601815	0.34701207
3220	0.43952692	0.47610885	0.721973	0.2344357	0.6946634	0.46856192	0.4359876	0.40067065	0.9050823	0.6060133	0.48438254	0.44037002	0.30726707	0.67081267	0.33535892	0.65213144	0.56667393	0.33050135	0.46539244	0.7570631	0.53272724
3223	0.21180677	0.93647134	0.89432824	0.28362483	0.5612476	0.721615	0.34704152	0.9400197	0.31775168	0.78011525	0.45964018	0.5246216	0.6782249	0.27718717	0.32310724	0.5567987	0.6654047	0.47846413	0.84910387	0.8487332	0.33406314
3225	0.5856534	0.6990769	0.8371905	0.29772207	0.7225587	0.48187447	0.60245556	0.7377641	0.3781939	0.78304714	0.41941386	0.38307035	0.6346718	0.20754094	0.32339975	0.70081836	0.5170216	0.35222402	0.3917681	0.78123784	0.44760332
3231	0.7830297	0.42650557	0.70931596	0.2615998	0.7192963	0.94055337	0.59251404	0.47269523	0.8642732	0.58134097	0.430223	0.71275	0.3937633	0.9399427	0.5017738	0.61593634	0.63164866	0.488735	0.8722608	0.86002594	0.6474604
3233	0.27914107	0.70178294	0.9671901	0.37152895	0.32812613	0.91533893	0.34367162	0.5237226	0.8064413	0.8372844	0.9351791	0.5075441	0.42649487	0.9266328	0.36723718	0.6881663	0.38116863	0.7930233	0.84986633	0.80637497	0.4749912
3237	0.2868707	0.8989443	0.77188486	0.3298426	0.55986005	0.42538768	0.45029306	0.551631	0.3242322	0.8251915	0.47100684	0.37208498	0.8121936	0.19871816	0.6536945	0.7005544	0.55874133	0.34720692	0.41876343	0.6556756	0.30001938
3248	0.57334334	0.8016028	0.6694131	0.22449252	0.35139582	0.45721993	0.4489552	0.229183	1.0038053	0.54846364	0.37464628	0.5846041	0.28925174	1.0083297	0.4224033	0.642291	0.29986367	0.38586992	0.72704744	0.87166053	0.29769877
3254	0.5470074	0.8122447	0.7606843	0.26655796	0.7508064	0.5837386	0.6496514	0.33181405	0.67167294	0.6618276	0.40923154	0.6537795	0.3485273	0.35767823	0.7622109	0.6613372	0.7236248	0.39435112	0.6139873	0.91892856	0.50107026
3260	0.7823312	0.42761734	0.34804124	0.21609913	0.83769464	0.88842815	0.3787683	0.27382326	1.0256766	0.5517844	0.36189494	0.8395856	0.2912428	1.00871	0.31060454	0.47457045	1.0028754	0.9013846	0.7242077	0.67815137	0.99097717
3263	0.4222774	0.69800556	0.75127625	0.28418878	0.6566	0.7469484	0.39079472	0.3234745	1.0144502	0.61473566	0.37719995	0.5881233	0.33576703	0.89258367	0.3265629	0.4672897	0.93062425	0.7121976	0.7273992	0.7423763	0.6848709
3264	0.65768105	0.48191413	0.5526109	0.23466581	0.833908	0.7391518	0.43667108	0.27419692	0.97915715	0.5612023	0.37228763	0.65729785	0.2667715	0.9585251	0.31520808	0.5003817	1.0006919	0.88656396	0.76245207	0.862931	0.7656532
3267	0.5182079	0.6105694	0.77036095	0.2701752	0.7396797	0.68234605	0.47093213	0.26549557	0.909993	0.6051338	0.43797046	0.59108514	0.3567293	0.9277785	0.32959586	0.6225197	0.9872418	0.91136813	0.7821307	0.8640711	0.6914076
3272	0.71746665	0.4374934	0.64819694	0.20549001	0.83679307	0.5858711	0.43587166	0.23273513	0.99728876	0.55341285	0.36878937	0.68712306	0.2372886	0.97154	0.30693024	0.6221391	1.0003633	0.96007186	0.8718372	0.7998377	0.72351
3274	0.8064515	0.40320653	0.31452492	0.22578765	0.47998142	0.4733695	0.63793963	0.32083765	0.99792856	0.5217385	0.36782378	0.7719328	0.29185233	0.8684325	0.29144347	0.64001614	0.9683564	0.93246126	0.56699955	0.8999639	0.4044944
3283	0.51254445	0.4511267	0.48841286	0.33974156	0.3555175	0.83030105	0.4077134	0.28453422	0.87342745	0.72203314	0.7796657	0.4896309	0.24340385	0.89133984	0.44527215	0.6159225	0.62081087	0.6790716	0.81847346	0.790683	0.44133866
3285	0.7118946	0.44619244	0.43910772	0.45747164	0.7351829	0.70422995	0.42389545	0.39989373	0.97002786	0.5459545	0.40065718	0.5744823	0.38719407	0.9248436	0.29502252	0.5865532	0.9090594	0.4689199	0.6300128	0.8372102	0.3427212
3287	0.72680426	0.44340366	0.5778014	0.22883382	0.8498177	0.8851682	0.37171885	0.2994904	0.9948912	0.5825801	0.36190936	0.7797709	0.36965746	1.0395997	0.32921046	0.5011382	0.96669394	0.7195002	0.7682702	0.8666239	0.74672085
3290	0.76405925	0.45661467	0.2977159	0.22851641	0.83337057	0.5637653	0.7896123	0.27652028	0.47137326	0.5599402	0.3771589	0.78035706	0.4158348	0.2044808	0.92151165	0.73690754	0.6206956	0.36470652	0.81844896	0.904333	0.9062694
3292	0.79835737	0.41027132	0.43696725	0.22348283	0.8004354	0.63853484	0.5150801	0.2546483	0.91113955	0.52796406	0.4196236	0.61447257	0.23701727	0.9487206	0.45356768	0.6598246	0.5841716	0.30527836	0.6524616	0.8635505	0.4139127
3302	0.66271746	0.60824335	0.88461894	1.0033542	0.3257223	0.6560686	0.42729092	0.77746415	0.80855864	0.74587125	0.882843	0.6216426	0.6801377	0.74230856	0.3517328	0.6975716	0.566268	0.42435998	0.73479664	0.3676133	0.5424835
3315	0.5537287	0.5313549	0.4870543	0.7014351	0.47450253	1.1021526	0.44342047	0.8718712	0.7475285	0.56535625	0.6677964	0.66810244	0.39149612	0.8856946	0.32370698	0.5626214	0.57398343	0.35110354	0.9317288	0.8001202	0.7007061
3319	0.77213645	0.586817	0.728794	0.2093043	0.5590702	0.42259103	0.5658721	0.44710746	0.31584358	0.5562524	0.41503793	0.77097106	0.4948959	0.15943623	0.5625209	0.7216427	0.4646398	0.35093877	0.5613893	0.8371006	0.4471952
3320	0.56494683	0.83532435	0.631678	0.26722136	0.730685	0.7486472	0.4162103	0.32034764	0.899743	0.8064072	0.42588538	0.518313	0.7273638	0.9127149	0.30075637	0.5618922	0.87076384	0.38069984	0.6842166	0.8215607	0.45328927
3321	0.419247	0.6284306	0.67647606	0.7630164	0.45366186	0.5633003	0.43795156	0.48774782	0.8293933	0.609572	0.44252524	0.7163769	0.47852805	0.91811323	0.35946733	0.6411949	0.83831954	0.79477614	0.7151508	0.83551985	0.3915164
3325	0.60809016	0.55020535	0.7722014	0.33555532	0.34657657	0.98757786	0.3734568	0.6339144	0.89445466	0.590983	0.72369593	0.56105417	0.77207804	1.0363269	0.40678945	0.6316588	0.6311061	0.6249114	0.9073859	0.8402194	0.5699166
3328	0.7134402	0.62027115	0.8784958	0.2076268	0.67271966	0.49972823	0.46032527	0.43694225	0.5349149	0.56328803	0.38077006	0.5084875	0.30561414	0.18806791	0.40991986	0.70910466	0.7188456	0.33783108	0.39255145	0.85716516	0.34824938
3338	0.56784904	0.54055554	0.43636554	0.5113809	0.74965966	0.6283973	0.4078973	0.23608698	1.0114273	0.56169176	0.69547415	0.6615225	0.36916375	1.0053693	0.30881342	0.5587967	0.8492973	0.7027742	0.66678274	0.72390383	0.40402746
3339	0.8298024	0.39365837	0.34135658	0.22279637	0.87658584	1.0041348	0.641426	0.22691461	0.37338972	0.5386264	0.369467	0.84184533	0.20993954	0.9416115	0.59914345	0.38898116	0.8719762	0.34188056	0.9726717	0.803639	0.8030302
3344	0.77489954	0.4422878	0.5039424	0.21654344	0.7713258	0.5327038	0.65953815	0.2840657	0.8778556	0.54097223	0.35909724	0.81485265	0.2620664	0.9793324	0.4392635	0.461048	0.81329304	0.88005835	0.81807405	0.8227146	0.6616609
3347	0.7859413	0.39487284	0.27462435	0.22935148	0.77652335	0.4342555	0.7386482	0.23348163	0.74643576	0.5327395	0.35259306	0.6787804	0.26544213	0.6445113	0.826936	0.5451573	0.78257185	0.97832644	0.53233373	0.8560721	0.23764178
3348	0.6210545	0.6118863	0.6451005	0.7428956	0.30416676	0.63028383	0.4267714	0.26828206	0.9580318	0.6114403	0.8066347	0.5237532	0.22023784	1.0153786	0.36596715	0.63668036	0.3356188	0.3338532	0.73990166	0.48559204	0.20272842
3360	0.3331321	0.83517236	0.7083515	0.29187316	0.49029672	0.53085405	0.43178532	0.3308638	0.7343901	0.83965147	0.6408479	0.46963376	0.24892147	0.6848624	0.42157966	0.6459406	0.38401872	0.33727816	0.56663465	0.8548151	0.30007792
3361	0.7429133	0.50088674	0.5867371	0.24599434	0.7490142	0.6918662	0.7103925	0.77326554	0.49924126	0.5972235	0.3927198	0.743866	0.38522896	0.3702289	0.8195148	0.5713689	0.51011336	0.46567056	0.65919167	0.8604747	0.8208913
3366	0.6251168	0.419367	0.29931507	0.22914515	0.85588086	1.035141	0.6179875	0.24441631	0.402336	0.5412006	0.39901102	0.80169886	0.22648905	0.76320547	0.9173525	0.41172278	0.57019305	0.34743744	1.0088158	0.88809586	1.0137368
3370	0.9121918	0.36316103	0.29105908	0.20041315	0.89376974	0.92682695	0.57579154	0.65086126	1.0133218	0.51967144	0.36627138	0.96235496	0.27919054	0.8197097	0.3239891	0.43259957	0.9594199	0.94688624	1.0314826	0.81763375	0.7435376
3373	0.9032008	0.41171083	0.3170363	0.21884969	0.8496194	1.02685	0.645947	0.27734244	0.9512966	0.5449866	0.37612456	0.8762908	0.29877084	0.9035873	0.641678	0.43707997	0.5755218	0.40096214	0.9583687	0.69545174	0.93052346
3378	0.43160257	0.4420801	0.8604323	0.33427945	0.8077351	0.84467953	0.76692545	0.38770553	0.6949292	0.6396804	0.48540518	0.945455	0.2835793	0.60440344	0.6933208	0.59005076	0.4894367	0.33905575	0.80164105	0.80719167	0.84786606
3399	0.7881171	0.38596332	0.24781933	0.21780162	0.8519265	1.0251393	0.6772247	0.25550914	0.9456654	0.5288172	0.38089317	0.9127806	0.23128954	0.9275897	0.8117926	0.4181993	0.6148759	0.33202922	0.98410827	0.60442895	0.9680804
3401	0.8056082	0.5092755	0.25042525	0.26561835	0.7618671	0.7638625	0.62075424	0.31143183	0.7333972	0.5569155	0.38098666	0.8474553	0.29977703	0.39653635	0.6788422	0.4822892	0.43196136	0.35775155	0.84023726	0.75385845	0.758862
3404	0.6309406	0.429007	0.2973698	0.2340593	0.8184922	1.0574806	0.5319456	0.27640116	0.49947152	0.56099665	0.45492768	0.80436647	0.23818722	0.9725394	0.7141331	0.42240632	0.48737487	0.31264108	0.9654622	0.6913331	0.9694683
3414	0.91464096	0.39707422	0.33469522	0.18657218	0.8729982	0.82749087	0.7220529	0.26464438	0.9861594	0.54722726	0.36500627	0.96413845	0.27913687	0.7919612	0.33257806	0.4171253	0.78272986	0.7373455	0.98420954	0.65442145	0.99622995
3422	0.6848152	0.5370865	0.40401164	0.22425829	0.75049824	0.5711065	0.44412938	0.2603907	0.98052365	0.6357557	0.4083511	0.5418281	0.44609812	0.88349533	0.31967577	0.63040006	0.993002	0.9821311	0.7099733	0.8020331	0.858627
3423	0.79497576	0.40380165	0.500228	0.22557063	0.8673339	0.6914681	0.40658757	0.37555054	1.0164013	0.54126537	0.3720043	0.8146768	0.2813467	1.0497206	0.3169631	0.44778445	0.9861682	0.99236035	0.97776514	0.8763442	0.9483054
3426	0.82308024	0.3990339	0.35793638	0.19203505	0.8587232	0.691934	0.62176996	0.30222586	0.97519755	0.5296011	0.36980173	0.8834565	0.30548522	0.934085	0.3392559	0.48170927	0.7623958	0.7747543	0.88227063	0.7407322	0.898409
3427	0.7349753	0.48630857	0.76703596	0.24681894	0.78525907	1.038174	0.63384175	0.35456336	0.52522844	0.59989595	0.4297438	0.85136133	0.25841334	0.4900484	0.6403274	0.6018749	0.60643834	0.32249883	0.83195066	0.9064125	0.6725526
3431	0.78865504	0.42389172	0.3263498	0.2401194	0.78954864	0.68974435	0.61593837	0.48776722	0.48051772	0.7578995	0.41835827	0.794877	0.3701316	0.4240475	0.3854834	0.4709834	0.63234407	0.3702227	0.64630777	0.8833391	0.44541052
3436	0.83111656	0.3891996	0.23882262	0.22867805	0.78485936	0.6785997	0.53025895	0.28073826	0.96414673	0.5262437	0.38945812	0.82885444	0.30686727	0.8492872	0.3516143	0.6180207	0.73558944	0.93729687	0.8426087	0.8664958	0.8629552
3437	0.8384084	0.46517408	0.613241	0.2755577	0.7587733	0.5969719	0.5384888	0.616503	0.93924505	0.65618956	0.42822242	0.7442112	0.31055674	0.69137263	0.36181152	0.4969936	0.78335	0.5718283	0.59903413	0.86015385	0.4421989
3440	0.62072414	0.8098087	0.7942674	0.250744	0.7778585	0.8087136	0.4574492	0.8705347	0.5471748	0.8424489	0.4042412	0.6447834	0.5640307	0.56116813	0.3405179	0.59571326	0.7943101	0.42260128	0.48478752	0.8042011	0.8618837
3442	0.93026716	0.38313705	0.3272157	0.20837325	0.8340423	0.91791385	0.7722016	0.8185723	0.4704024	0.52454376	0.37334493	0.9397729	0.45487532	0.36909348	0.62149125	0.46112716	0.5865569	0.46667996	0.93490005	0.6303762	0.90088594
3443	0.76426315	0.44892395	0.28176433	0.49890426	0.40095752	0.8973551	0.6184638	0.2971541	0.6153951	0.57217556	0.8244649	0.748931	0.32166308	0.3275612	0.79703254	0.658042	0.55114233	0.3139138	0.7918645	0.84971696	0.77893734
3450	0.9434801	0.37993953	0.2459979	0.21601388	0.8157764	0.98500097	0.64269984	0.8507036	0.49835852	0.60770196	0.3820099	0.94407904	0.38008162	0.35536435	0.4928035	0.44484293	0.68289065	0.53944856	1.06219	0.64042556	0.97240305
3451	0.72677034	0.48361522	0.6238796	0.2423964	0.78806216	0.84020627	0.64517176	0.28704137	0.9311338	0.62167144	0.4039658	0.5132296	0.2512158	0.89839125	0.73568606	0.54869896	0.6234304	0.3821402	0.52925605	0.8417848	0.5727293
3462	0.6806109	0.45429623	0.58452535	0.2143326	0.82846755	0.5375968	0.46157455	0.6038617	0.97385633	0.56780535	0.3771494	0.621905	0.29797244	0.96307814	0.3170036	0.55958194	0.9697839	0.92036283	0.8384327	0.7920206	0.85529006
3467	0.6017348	0.4583267	0.49578977	0.28391543	0.3534422	0.9882262	0.38676995	0.53646815	0.97852665	0.7068564	0.85646003	0.7609506	0.6539064	0.9525537	0.31331772	0.7295055	0.51084596	0.34362724	0.9168749	0.65861595	0.6193512
3469	0.88289	0.3707048	0.2950402	0.19057699	0.8767794	0.8523348	0.61376864	0.33218572	0.9970259	0.5199524	0.36466995	0.93336153	0.2822132	0.86682445	0.398739	0.42654496	0.85259295	0.8903892	0.9505202	0.69290537	0.97068113
3474	0.7787316	0.41311663	0.32339448	0.23547225	0.6703554	0.7319548	0.7654049	0.53605545	0.726631	0.57184124	0.43993676	0.7565131	0.5723889	0.8564975	0.6066453	0.5849233	0.5192756	0.5127398	0.78027457	0.8159849	0.61375207
3480	0.29198053	0.7508821	0.9010871	0.2376917	0.6264493	1.0297178	0.38111338	0.9621552	0.3612119	0.736126	0.42945316	0.52797776	0.95426255	0.19592123	0.3109101	0.63941395	0.851677	0.45603	0.88803554	0.796089	0.63149995
3481	0.31420898	0.8243303	0.8122944	0.2803599	0.6634041	0.7922529	0.35644805	1.0024613	0.4690929	0.840345	0.4128132	0.50651497	0.8204666	0.2036999	0.357211	0.5419443	0.7388821	0.41335118	0.5482633	0.90608305	0.26809087
3492	0.69767666	0.46153513	0.3251557	0.22293891	0.8150521	0.9026015	0.5518287	0.2953407	0.81842613	0.5764147	0.38973674	0.741024	0.27566823	0.7118928	0.5473774	0.47802237	0.7764024	0.5031328	0.8804734	0.85159296	0.53693306
3493	0.39730757	0.48731244	0.7478	0.2687606	0.7423822	0.9697904	0.380962	0.96291745	0.97524446	0.82323706	0.3737025	0.5841784	0.8505765	0.85659623	0.3091564	0.5227884	0.91638523	0.99503505	0.49868003	0.89552677	0.7437285
3498	0.5449718	0.48805517	0.810268	0.2205786	0.8204745	0.7798264	0.547911	0.3050288	0.40957946	0.6427921	0.3920624	0.62337744	0.3632021	0.75429815	0.84757185	0.4773173	0.5418706	0.40395167	0.814549	0.79357153	0.98225325
3502	0.68143845	0.42760557	0.7174947	0.2464547	0.823747	1.0178223	0.3588762	0.9875925	0.4290678	0.80444056	0.3710159	0.7347836	0.9241407	0.83600754	0.3298631	0.5429967	0.9715765	0.7461071	1.0143188	0.8802317	0.94275945
3514	0.7460091	0.4212718	0.51129115	0.21963936	0.87136984	1.005673	0.38509166	0.6995762	0.7968659	0.629238	0.36846858	0.83465594	0.9018421	0.8258038	0.29957938	0.4334067	1.04121	0.88723445	0.922056	0.9064787	1.0239286
3519	0.5931647	0.61092836	0.6774892	0.60013616	0.31938532	0.684711	0.42400151	0.67612654	0.30107555	0.6367725	0.8620715	0.62232107	0.75068945	0.21236654	0.30424905	0.69457334	0.37240535	0.3283756	0.675199	0.79152966	0.64366055
3522	0.46783876	0.67438316	0.6586507	0.24351843	0.5310606	0.80495304	0.47862005	0.7558853	0.437927	0.67426884	0.44327053	0.69838923	0.63202196	0.62556255	0.34033337	0.62562686	0.7258459	0.6046402	0.7516595	0.84083325	0.6819333
3523	0.5328307	0.64277285	0.6183368	0.29607448	0.6648496	0.65624493	0.40434435	0.90182096	0.50410926	0.5529148	0.44897848	0.5119976	0.70580405	0.7581801	0.32596436	0.5394227	0.66080934	0.34808376	0.4797134	0.6276517	0.46872672
3525	0.3967165	0.6205017	0.81858844	0.2932086	0.67987067	0.6718457	0.41589016	0.49387366	0.80162406	0.65166265	0.86916214	0.6067445	0.6858364	0.72288805	0.33965853	0.6396833	0.84552747	0.43733597	0.5529287	0.8790586	0.58683217
3528	0.30112734	0.6616687	0.73301727	0.31259906	0.687927	0.9101669	0.43879175	0.77901006	0.8056418	0.60216886	0.527208	0.58599526	0.3812457	0.7071764	0.3839855	0.5351857	0.8226315	0.41674387	0.6662393	0.87332255	0.9059679
3533	0.43769595	0.76195395	0.7946451	0.25212342	0.7615223	0.8243657	0.43073827	0.87788683	0.555529	0.61120933	0.38842368	0.5688676	0.60051125	0.5115964	0.33639193	0.5267266	0.84541374	0.64946055	0.5821608	0.748843	0.33258396
3536	0.73861736	0.4876512	0.43377116	0.2462175	0.2765446	0.978007	0.46484452	0.7352464	0.5197596	0.60997874	0.9214974	0.5450993	0.38438156	0.4084725	0.37803745	0.6643878	0.33369848	0.3315107	0.7717086	0.31815848	0.33746272
3538	0.58127886	0.40890133	0.5191305	1.0021322	0.21749276	1.1011949	0.39289737	0.9971129	0.9100032	0.7623227	1.0063969	0.6351873	0.42801875	0.83824754	0.31905347	0.6884066	0.2629423	0.29175496	0.9101869	0.2313769	0.8909382
3542	0.57809836	0.45689476	0.46377102	1.0557648	0.24790823	0.7000202	0.5282909	0.4884017	0.8659011	0.56560725	0.9294427	0.725156	0.43672138	0.55818784	0.41671935	0.69456124	0.28124735	0.30040482	0.84000653	0.2344364	0.6770194
3546	0.56164545	0.4216445	0.6273719	1.0107678	0.21628621	1.0843983	0.3529814	1.042003	0.61620307	0.81746763	0.9245429	0.57259536	0.26461422	0.7636277	0.3265432	0.69210804	0.2861532	0.28534564	0.81663424	0.35064995	0.49186432
3576	0.7510749	0.40323	0.4837934	1.0701352	0.25945655	1.0271771	0.37981665	0.30226666	1.0188874	0.63512194	1.0317266	0.92956114	0.5282796	0.9380265	0.30764067	0.6162384	0.2852938	0.33669555	0.79679805	0.27618316	0.847198
3579	0.21979415	0.68620545	0.70433205	0.95374674	0.26950195	0.63151264	0.32459646	1.0360824	0.4322395	0.83560634	0.8992592	0.69744724	0.27814066	0.75967723	0.40019044	0.7125327	0.30487502	0.3259593	0.95772016	0.35519153	0.8514473
3584	0.24401172	0.7892609	0.8307633	0.95047176	0.25580615	0.5384013	0.42171124	0.6981749	0.43572143	0.83770585	0.85837823	0.44200453	0.7080801	0.40583262	0.347554	0.6473605	0.38719144	0.35803938	0.49941525	0.34650478	0.32336065
3586	0.87851965	0.38372636	0.59119403	1.0314547	0.28934562	0.8076098	0.629032	1.0029191	0.48868042	0.5421677	0.90152854	0.78115785	0.27516362	0.41927996	0.4029561	0.64062726	0.31064367	0.3370353	0.8343114	0.3694058	0.57722384
3587	0.63902414	0.42807543	0.6154386	1.0429499	0.28307968	0.98962927	0.35924584	0.6575799	1.0143061	0.6492682	1.0328754	0.91751474	0.81396914	0.96858734	0.31154338	0.6734048	0.27533308	0.3296075	0.929074	0.3304181	0.18546627
3589	0.26837674	0.53457725	0.76745856	0.93318933	0.25516546	1.0568125	0.51381	1.025015	0.9243234	0.80998075	1.0158288	0.7711694	0.6439937	0.637762	0.6560206	0.666057	0.2963072	0.30198961	0.9459635	0.26352325	0.94152397
3601	0.28147477	0.43402505	0.8791714	1.0592055	0.24459437	0.7447405	0.5521712	0.4134394	0.9355432	0.6518372	0.9795147	0.8617254	0.8320445	0.85079056	0.31504175	0.7222226	0.2531975	0.30442783	0.7388607	0.21672198	0.23495153
3603	0.43287143	0.5471034	0.72042483	0.97597206	0.29184487	1.0306994	0.4076261	1.012891	0.3700391	0.69969195	0.921855	0.5738203	0.9385316	0.3493433	0.3270208	0.66961	0.3912749	0.33375117	0.79417807	0.32775372	0.7041736
3604	0.35580125	0.6115123	0.8444873	1.0623046	0.24177024	0.82513803	0.3153267	0.74219275	0.80215025	0.67213154	0.96055454	0.58983123	0.35895142	0.8166508	0.30798507	0.63201195	0.28666067	0.31726605	0.73539823	0.2739037	0.3251002
3605	0.5629904	0.48082626	0.41154224	0.36259273	0.2657611	1.0872774	0.4019094	0.75720644	0.77334553	0.75975406	0.9127709	0.64717287	0.65041584	0.9433088	0.32967457	0.698532	0.31291607	0.28912574	0.93749034	0.61662394	0.53244805
3612	0.38885358	0.56134623	0.8867014	0.9287532	0.2863267	0.9804249	0.70030516	1.0172935	0.8900406	0.75654596	1.0012012	0.8610817	0.6759887	0.5428002	0.7360029	0.64349055	0.31237972	0.30930027	0.9281476	0.38301802	0.43921724
3615	0.24358107	0.6173186	0.7859232	1.0662602	0.26924014	0.5480703	0.43991888	0.65651697	0.90864116	0.5858823	0.8769452	0.5180599	0.5590398	0.9709567	0.3685601	0.6633025	0.3255394	0.31948674	0.5895443	0.25510943	0.35399777
3618	0.57931614	0.46540982	0.4517042	1.0020403	0.2228228	1.0977533	0.3771915	1.023987	0.88519853	0.7965434	1.0174682	0.71330535	0.4659437	0.8857434	0.3228779	0.73473275	0.26770264	0.2923818	0.9255044	0.25003418	0.5057432
3620	0.602323	0.69040495	0.57535774	0.8845128	0.2993402	0.91593975	0.5082794	0.9650277	0.53721213	0.6715752	0.9246497	0.54985607	0.8218252	0.57566935	0.34281588	0.71479434	0.36819345	0.3027483	0.6785813	0.22594494	0.40851864
3639	0.21553475	0.5156648	0.8303926	0.33386967	0.34502533	0.5428576	0.40293124	0.8700143	0.71934456	0.8409704	0.9090677	0.51224726	0.40177792	0.612133	0.426092	0.6494074	0.3892968	0.34884074	0.7496493	0.7410074	0.9046893
3641	0.5663416	0.4550468	0.58060265	0.9869948	0.22161666	1.0775142	0.39489996	0.99361074	0.5969554	0.75546956	0.9587789	0.69951826	0.71228117	0.8955026	0.34899244	0.66731113	0.29657006	0.30340654	0.8329076	0.24440147	0.18041182
3644	0.24356617	0.7091136	0.63597083	0.7139699	0.34398538	0.4939395	0.35520998	0.30383104	0.94780326	0.75181246	0.7757282	0.49582762	0.26049462	0.9021754	0.36250868	0.66805387	0.3744994	0.36417788	0.6251963	0.49416357	0.25765833
3645	0.54837847	0.50765806	0.57356507	1.0011086	0.31229535	1.0664606	0.38688692	0.96106917	0.6999965	0.6450179	0.886791	0.6056147	0.26355243	0.695251	0.45078176	0.54495823	0.3852768	0.2984071	0.73498774	0.46974823	0.6295319
3647	0.2225973	0.86997265	0.7568398	0.99163395	0.26070616	0.50375384	0.43757775	0.7758433	0.46328732	0.8400078	0.8980907	0.37211874	0.74481076	0.2938629	0.35365385	0.6925826	0.38391033	0.33059853	0.5465758	0.30735692	0.47151875
3649	0.27038276	0.4589651	0.8365436	0.93009055	0.33319008	0.97770077	0.35931703	0.98702747	0.47614148	0.8421286	0.9780121	0.56636953	0.95689	0.41780278	0.29309994	0.70416963	0.29842812	0.31160396	1.0160702	0.2292755	1.0212158
3651	0.20710841	0.7644542	0.92830735	0.8622081	0.28384253	0.7002794	0.35111547	0.96582973	0.38998902	0.83486354	0.9522254	0.43860054	0.8957793	0.47242534	0.3089601	0.62819314	0.35515833	0.31998986	0.47105417	0.40047726	0.18506192
3662	0.6437976	0.5140788	0.31499475	0.5867513	0.3665933	1.0125395	0.48789144	0.397907	0.9789625	0.62762755	0.688087	0.8589498	0.62246567	0.9240622	0.42744744	0.5805114	0.38315707	0.36302727	0.963159	0.5247086	0.70665365
3672	0.19371521	0.9212429	0.8401886	0.7715881	0.27147502	0.52342546	0.42167678	0.6687853	0.6578933	0.84150213	0.75573534	0.45773685	0.7277138	0.5551996	0.32743886	0.62232023	0.36296916	0.35306594	0.8297158	0.29916942	0.26030567
3676	0.19417666	0.81026953	0.9614448	0.6075402	0.34061247	0.50656754	0.3604944	0.5838784	0.45196325	0.8167273	0.82163924	0.6762677	0.8689369	0.32860556	0.3828143	0.65266526	0.3504532	0.31822988	0.6301221	0.3405515	0.37710437
3686	0.4602869	0.77263457	0.9239464	0.84266883	0.27984276	0.55534506	0.42299032	0.87993634	0.3617266	0.55453396	0.8445686	0.5494137	0.81891894	0.18700361	0.30545342	0.7129406	0.2896307	0.31444868	0.6561035	0.47263187	0.28927183
3687	0.7178332	0.6267273	0.79743034	1.0002626	0.3268734	0.63315004	0.48454666	0.7050699	0.69068813	0.5739509	0.85675836	0.63362217	0.7016467	0.62691057	0.43758205	0.6570777	0.6159723	0.4688113	0.7265561	0.4902032	0.34900925
3697	0.22083697	0.92390287	0.8634205	0.3962804	0.5849718	0.5308722	0.37260067	0.9581466	0.35370907	0.8333018	0.41853574	0.4269894	0.8267234	0.23289311	0.3111609	0.6859091	0.7253271	0.5086526	0.36561415	0.7093727	0.34139335
3701	0.52649236	0.50754815	0.84454656	0.22206336	0.7961013	0.88235915	0.48728785	0.857689	0.87486756	0.6215841	0.4093604	0.6471234	0.5266246	0.76190734	0.35060182	0.50137633	0.7495454	0.43184495	0.767081	0.8160649	0.9077866
3704	0.3362026	0.65419024	0.91467905	0.8103175	0.46767974	0.905318	0.4212857	0.9419442	0.44892278	0.79147214	0.85994387	0.51246417	0.6829613	0.39844942	0.46429685	0.66631466	0.57717156	0.3783658	0.6544864	0.42836633	0.45453534
3706	0.8128043	0.49151993	0.5992314	0.2363605	0.7169747	0.7391538	0.63220745	0.25719413	0.4273564	0.5396997	0.38394645	0.6344421	0.2410547	0.62080514	0.762077	0.49102923	0.5700001	0.3624067	0.7115311	0.9054289	0.43171638
3708	0.29382983	0.92523324	0.986801	0.8332548	0.20270547	0.4651745	0.34391108	0.9980515	0.33614445	0.84336156	0.862293	0.4933296	0.71386737	0.16687596	0.29453287	0.6998015	0.286202	0.3250234	0.40203562	0.31092036	0.20158012
3709	0.34307	0.7344905	0.817808	0.37626323	0.42270625	0.55752736	0.42118928	0.64985275	0.4138437	0.6811178	0.71215624	0.50554776	0.5306934	0.4983123	0.4574718	0.69217014	0.37749013	0.32967922	0.5542127	0.6420719	0.20558666
3710	0.7437109	0.50756174	0.59232944	0.3429092	0.64995396	0.72991836	0.48144305	0.4106914	0.9442345	0.53563374	0.45501187	0.7467014	0.3641692	0.9583414	0.42454606	0.5571022	0.6954025	0.89494425	0.90141416	0.5383536	0.8406562
3712	0.68002135	0.50774395	0.3635798	0.96405077	0.2981542	0.53709584	0.5343576	0.28687945	0.9768216	0.6046709	0.73762566	0.5466643	0.3704948	0.8413871	0.3357476	0.67583215	0.51166993	0.8433703	0.73602736	0.6665826	0.27594444
3725	0.3291509	0.6170307	0.84202945	0.3841486	0.4545644	0.7064722	0.41271546	0.88338506	0.83768195	0.6224804	0.6570837	0.79758525	0.72778106	0.82617927	0.3088739	0.6283922	0.46684366	0.3725989	0.6190919	0.6967172	0.93639
3726	0.6899048	0.5400374	0.36569938	0.27010068	0.32147405	0.8763239	0.42916638	0.29593417	1.0060328	0.76003176	0.5536422	0.65402144	0.32197165	0.980399	0.37069762	0.65919435	0.7532679	0.4609943	0.8104229	0.78906184	0.6111511
3733	0.18617436	0.9684758	0.9713346	0.41648778	0.34131062	0.5570874	0.32273167	0.993837	0.50680447	0.8427737	0.82955635	0.43820083	0.910013	0.25774637	0.29434386	0.67122895	0.37221205	0.33477056	0.69909793	0.5787511	0.510397
3734	0.8118323	0.41258618	0.35168764	0.21571973	0.85403657	0.73963225	0.7537651	0.23975109	0.35981926	0.53607076	0.35940075	0.6547231	0.22536947	0.4584103	0.9042209	0.44882426	0.47792408	0.3323978	0.8618494	0.74124664	0.742274
3737	0.5206244	0.5774066	0.5297801	0.21668355	0.80078954	0.99347746	0.6125777	0.656176	0.4211613	0.74088407	0.43704465	0.7312366	0.43529075	0.32140937	0.6674372	0.3966851	0.67380166	0.39651087	0.93465406	0.8425721	1.0420941
3748	0.21203424	0.93835735	0.9757872	0.44791076	0.47663042	0.5381225	0.36354566	0.8839398	0.48740658	0.8417384	0.92065936	0.48922753	0.8910245	0.32518402	0.32797912	0.6810324	0.32506225	0.32423913	0.7538583	0.44760975	0.42385808
3773	0.22601005	0.93265766	0.83022696	0.4254645	0.35150042	0.43856287	0.33620214	0.98287696	0.82323736	0.8099791	0.58889157	0.45795986	0.96995956	0.8135334	0.3244672	0.5735041	0.46198896	0.42539784	0.72500026	0.5703338	0.47198683
3779	0.32824686	0.5256552	0.9175165	1.0051744	0.26798016	1.0101117	0.3081118	1.0529542	0.46900913	0.74479437	1.0078388	0.5763262	0.7372782	0.40922996	0.31405923	0.71419054	0.31191218	0.2948455	0.79263645	0.22071977	0.73787224
3797	0.21360353	0.846894	0.8905853	1.0373418	0.22687684	0.6805154	0.4096578	0.7801238	0.69547296	0.7528371	0.9366268	0.5315704	0.9278121	0.9241196	0.37387758	0.56996983	0.2755909	0.32725435	0.76628566	0.25980735	0.41634068
3804	0.46814823	0.53907776	0.6399879	1.0055904	0.29764652	0.98710924	0.4019748	0.97327995	0.40605226	0.5809465	0.7919529	0.6794788	0.6529018	0.23753048	0.33777034	0.6607751	0.31579804	0.3018269	0.9148044	0.3920946	0.3990913
3811	0.2734891	0.46803218	0.87025756	1.0437592	0.23864807	1.0213425	0.31087473	0.38675004	0.9496196	0.73850846	0.9258576	0.5658267	0.242139	0.8917931	0.30568457	0.6856397	0.25731823	0.28006965	0.9595533	0.2768884	0.35096577
3816	0.4882554	0.8477292	0.7267658	1.0126115	0.269516	1.0857168	0.33856818	1.018226	0.6934082	0.815126	0.93753767	0.50809115	0.8548183	0.37774357	0.31946248	0.7648943	0.33781064	0.29695755	0.807018	0.25929528	0.3047801
3819	0.24505074	0.43503615	0.8228071	1.0061446	0.2659863	1.0740349	0.28879815	1.0774924	0.43530393	0.83756137	0.95370173	0.528691	0.43354747	0.5419003	0.3158386	0.6583839	0.29903567	0.31126773	0.9184694	0.2657535	0.78445345
3827	0.5988073	0.456408	0.9412435	1.0218995	0.2374496	1.0591061	0.29831973	1.0155851	0.69873667	0.5826753	0.9957746	0.55779046	0.24869512	0.6723043	0.29913735	0.7039747	0.27254248	0.27243596	0.8030378	0.24203265	0.2616053
3830	0.5039115	0.48347116	0.82257646	0.9986396	0.24869648	1.0143538	0.4430929	1.0155473	0.42474487	0.707156	0.9928154	0.5866108	0.5987565	0.38235086	0.32830366	0.71109515	0.3053569	0.29775172	0.8490596	0.20961508	0.71233535
3833	0.77959025	0.6540733	0.37615305	0.23084594	0.7538865	0.87058157	0.46823043	0.5794158	1.0016911	0.5842361	0.39683127	0.7138169	0.47219828	0.95032805	0.3029321	0.50891024	0.9877036	0.8718654	0.89207125	0.8671765	0.96938044
3836	0.59853256	0.7434612	0.5676444	0.5379929	0.46214408	0.7485992	0.4428575	0.3421438	0.95698744	0.7620597	0.7304542	0.7348914	0.55413663	0.87180734	0.47409353	0.635339	0.6011653	0.38978294	0.7978384	0.71632755	0.7271671
3850	0.3147223	0.731299	0.8457419	0.9195274	0.29730266	0.77365077	0.5796119	0.98826146	0.3647109	0.7651798	0.8971277	0.59397924	0.4508057	0.26652855	0.4890713	0.69655055	0.29534793	0.32907197	0.9862496	0.33602178	0.9373284
3857	0.78400713	0.44113982	0.35189673	0.26375344	0.52647513	0.60855067	0.64478415	0.308278	0.92131215	0.54658395	0.42283928	0.8190306	0.39751378	0.9804718	0.46181518	0.46101862	0.4241331	0.3846454	0.63261014	0.5351924	0.46486282
3859	0.58041424	0.50442684	0.5767261	0.345177	0.38518992	1.010187	0.42661843	0.78793764	0.74563026	0.7533732	0.8967122	0.6263555	0.38911933	0.73277694	0.3852044	0.6267316	0.46884328	0.32987943	0.89622945	0.623389	0.94242495
3864	0.70997953	0.43116102	0.30840993	1.0177763	0.35348472	0.6420709	0.41142145	0.27819425	0.9940674	0.56025666	0.7833223	0.7101876	0.34603304	0.8714468	0.36400348	0.62869716	0.40947086	0.37988463	0.8010608	0.33117163	0.25430053
3866	0.7098354	0.47054967	0.7482453	0.6098793	0.3210663	0.8197623	0.43846276	0.5281703	0.62611836	0.55542743	0.7367015	0.75524676	0.4956279	0.5480569	0.3388421	0.59735715	0.3913205	0.3548462	0.9248741	0.51188767	0.62080723
3868	0.6326971	0.4737371	0.88907623	1.0297673	0.2147727	1.0604217	0.30382645	1.0107079	0.68628776	0.67018557	0.9944823	0.514355	0.2453893	0.78159696	0.30480292	0.71754575	0.24856153	0.27123982	0.7899305	0.22961895	0.28625157
3873	0.4519176	0.58643013	0.42359057	0.65914404	0.38423428	0.8375577	0.39990884	0.34507552	0.93078727	0.5937872	0.6376998	0.61495703	0.29261068	0.8788524	0.389818	0.5519278	0.6839218	0.41344547	0.9170837	0.51723576	0.70491374
3882	0.5518048	0.5305017	0.52470946	0.909877	0.22790337	1.0780562	0.38358495	0.9851252	0.6686602	0.72377926	0.9126832	0.55603653	0.37502143	0.6926231	0.3027105	0.66204876	0.3288272	0.2968128	0.66955984	0.30515075	0.40590525
3884	0.53349173	0.49978763	0.368331	1.01563	0.29050764	0.6886649	0.3908348	0.6800847	0.93792266	0.5585994	0.83346087	0.5638715	0.28419697	0.900992	0.32738385	0.6912628	0.33438292	0.3324989	0.7879955	0.21987543	0.33593267
3887	0.48071784	0.4792584	0.46373174	1.0032517	0.22457549	1.0875125	0.3624577	1.007291	0.48773804	0.78555197	1.0003705	0.6597552	0.7358078	0.83450174	0.31248784	0.6418969	0.29201594	0.29187787	0.9423359	0.23811223	0.6618541
3890	0.83672124	0.3918249	0.25198582	0.22157541	0.816743	0.7804233	0.69886476	0.24555622	0.92611545	0.5190251	0.3871683	0.81906956	0.27378863	0.77810407	0.5305731	0.42669296	0.62101865	0.49563563	0.8677468	0.86214083	0.8763354
3893	0.2570891	0.53101516	0.899998	0.8751149	0.26372963	0.9176489	0.38833135	0.9588803	0.48527887	0.8015325	0.9269452	0.5676241	0.77714324	0.6298723	0.31021693	0.61392254	0.31109482	0.30987072	0.49928245	0.36035788	0.67756325
3919	0.6738311	0.43330967	0.41781503	0.271829	0.7397364	1.0413053	0.6933458	0.9049788	0.89466983	0.6034752	0.46602264	0.83599424	0.4219444	0.25613898	0.37933952	0.58165896	0.5307342	0.38756263	0.82038033	0.8952292	0.8697364
3923	0.41012362	0.45159593	0.55465126	0.92004913	0.24741182	1.0582447	0.3735965	1.0142593	0.5397754	0.7727149	0.98887676	0.60618573	0.6776407	0.48312697	0.31844532	0.6754101	0.34399617	0.32843146	0.9033083	0.33335254	0.6762558
3926	0.5414674	0.7630282	0.73478216	1.0049256	0.2527189	1.048901	0.3968548	0.9898962	0.497893	0.8417627	0.94504446	0.5443531	0.9262258	0.21503209	0.3039965	0.61903393	0.37462655	0.32563037	0.809887	0.24805622	0.24118741
3934	0.75582564	0.41468486	0.29261866	0.8067533	0.44507718	1.043607	0.6969666	0.79176325	0.7701504	0.7048402	0.93919194	0.77123314	0.66787905	0.82561713	0.45162997	0.59446144	0.43685782	0.38220742	0.9290089	0.3233958	0.9541846
3936	0.30958533	0.46268225	0.8980699	0.96992135	0.31440926	1.0357401	0.30306154	1.0534712	0.53310215	0.8414709	0.9557069	0.57259274	0.263721	0.5479179	0.35148364	0.66622114	0.38741395	0.329536	0.8187692	0.63564485	0.4425277
3937	0.79081666	0.41693348	0.2912904	0.8139742	0.2683548	1.0430002	0.69044745	0.77252185	0.6413011	0.587978	0.47533858	0.8117283	0.63580334	0.43903428	0.4028768	0.6452125	0.30455738	0.3291465	1.0237862	0.23647782	1.0008558
3942	0.80642843	0.4219899	0.30933946	0.9790818	0.28710067	1.0693656	0.7289882	1.0138303	0.7452844	0.56158143	0.53273714	0.89427286	0.7558979	0.6896217	0.44080967	0.6880961	0.30893546	0.37270436	1.0693214	0.25956774	1.0372722
3944	0.5525122	0.7481809	0.6449351	0.9822025	0.29677582	0.95560104	0.42905426	0.91252446	0.905185	0.62724763	0.89258325	0.564478	0.4573423	0.61599994	0.3306108	0.676716	0.37378946	0.29760835	0.7551653	0.48420465	0.8368924
3948	0.6963455	0.42648858	0.54922414	0.8527328	0.7188351	1.0490404	0.44829413	0.54224634	0.61563355	0.58858573	0.47445893	0.6660403	0.2554248	0.18497777	0.7041471	0.5708567	0.6579998	0.30206567	0.8557997	0.8839047	0.74989194
3964	0.6451462	0.5423356	0.40528387	0.43041217	0.5353603	0.9503212	0.40046674	0.90400255	0.47078204	0.55753064	0.66681546	0.6760122	0.59215647	0.8904083	0.3418951	0.57420737	0.6459605	0.6452754	0.8097975	0.7753591	0.81303155
3966	0.6049137	0.79423773	0.54443777	0.2688736	0.705085	0.8963472	0.4701115	0.38394248	0.9789841	0.61906654	0.4230462	0.5455853	0.30009806	0.9603227	0.5721158	0.5390682	0.6408149	0.35615417	0.86403024	0.8426172	0.71984416
3969	0.8205199	0.4194234	0.31896082	0.23438865	0.82284933	0.65555465	0.5492707	0.23187855	0.9985667	0.52296644	0.38399333	0.87210757	0.32890782	0.9544918	0.32623354	0.5047838	0.8143974	0.84712243	0.8172394	0.768646	0.7406131
3973	0.52987427	0.6592379	0.65627795	0.95430034	0.38431647	1.022988	0.42455158	0.870183	0.41567403	0.6848195	0.81179744	0.6962423	0.7441149	0.31748524	0.35582724	0.53982705	0.402397	0.32188496	0.8776786	0.3546924	0.8813187
3975	0.45472646	0.46270105	0.7878501	0.9978303	0.22178508	1.0562778	0.38850605	1.0454235	0.6389227	0.8299663	1.0239427	0.67652494	0.7754593	0.7167543	0.30565593	0.6743272	0.31499794	0.29342014	0.8224954	0.21995094	0.5240334
3983	0.24847396	0.57283187	0.79003364	1.0500051	0.27996734	0.95120716	0.41982538	0.98534125	0.7245458	0.8088199	0.9833239	0.5512785	0.56778353	0.8727804	0.3136215	0.68831986	0.33123735	0.30761844	0.65609175	0.20700358	0.29638106
3991	0.32866013	0.7773029	0.76597923	0.9480045	0.31914115	0.91250306	0.36821508	0.9555112	0.44561017	0.84066695	0.9238264	0.598233	0.9662091	0.23703161	0.30128455	0.69813174	0.38040677	0.31769377	0.85905296	0.2619552	0.5077413
3998	0.23605564	0.58827966	0.79753226	0.24853997	0.28030798	0.94841874	0.30159083	0.8611754	0.577274	0.833738	0.8943634	0.505388	0.28078073	0.77983266	0.30272853	0.7101094	0.38962033	0.3213399	0.64675355	0.5581049	0.42066118
4117	0.53850806	0.7520717	0.6520764	0.2762238	0.61876446	1.0549595	0.35627156	0.9682074	0.434997	0.5875084	0.5709578	0.51814574	0.64499754	0.22781804	0.31699142	0.7155921	0.4867629	0.31265813	0.80768263	0.89135706	0.34493503
4146	0.77695245	0.4646409	0.29064685	0.22092958	0.7838868	0.5260028	0.47737744	0.3070413	0.998427	0.5533456	0.3747095	0.75718623	0.32355726	0.8505164	0.30436176	0.66590583	0.88754475	0.92062557	0.4584495	0.8472673	0.4656098
4150	0.6556845	0.48385268	0.35327247	0.35037252	0.32306767	0.73186773	0.43153787	0.26395994	1.0107223	0.64368165	0.39632562	0.62828124	0.39111406	1.0252308	0.309551	0.56946766	0.42339483	0.9824848	0.8580222	0.3606116	0.2971305
4151	0.8199418	0.42148963	0.3926496	0.24053793	0.82683796	0.6642097	0.47742772	0.27788806	0.98228437	0.535041	0.38058737	0.7794514	0.28154114	0.8990998	0.3616209	0.5045653	0.9808147	0.9875273	0.91773605	0.8773788	0.7208385
4155	0.73991275	0.49544102	0.6338388	0.44380876	0.7834601	0.952643	0.394131	0.24884667	1.0240289	0.80553657	0.89048904	0.7089401	0.24612199	0.98086214	0.3172168	0.49276307	0.74467313	0.41121396	0.8511991	0.688698	0.44907433
4163	0.3086778	0.7080625	0.8039334	0.52889955	0.3900786	0.532405	0.43596312	0.7944079	0.48621193	0.8189496	0.78863966	0.45902967	0.27765813	0.47501782	0.43450555	0.6183128	0.39964178	0.3454721	0.6959464	0.5738017	0.64632744
4165	0.28020546	0.41312614	0.79977965	1.0006284	0.2670572	1.062495	0.63406307	1.0361892	0.5409525	0.8397497	1.0169592	0.97611016	0.6405014	0.7937014	0.76344913	0.69806165	0.29278046	0.31586087	1.0608995	0.24912773	1.025619
4170	0.24597932	0.8984874	0.9510873	0.3045156	0.69351375	0.4904418	0.38634118	0.70665216	0.55763876	0.8429202	0.4649046	0.55445576	0.8759836	0.24938238	0.3010077	0.6898922	0.66277206	0.33552778	0.5517821	0.7023911	0.34262902
4174	0.24645634	0.9248338	0.8565157	0.28155592	0.66383886	0.73476404	0.39947867	0.56160885	0.80828935	0.8183886	0.5465255	0.47470587	0.461837	0.48963988	0.32885414	0.64186543	0.6696935	0.36940494	0.55984366	0.5776093	0.3340125
4213	0.19114813	0.9313685	0.8813832	0.40611354	0.3735873	0.77286834	0.3125067	1.0185117	0.73133844	0.83683074	0.853358	0.61851233	0.95077884	0.93167573	0.33119437	0.6231441	0.40789995	0.34330717	0.9510929	0.54019165	0.7054059
4215	0.5675138	0.75759023	0.9369395	0.2990245	0.670646	0.6846417	0.35226998	0.23209323	0.9756434	0.5891248	0.42720336	0.45473245	0.27079597	0.99533075	0.3079338	0.700733	0.32867092	0.30621627	0.8553105	0.8408595	0.60714823
4217	0.21391517	0.7067995	0.9382316	0.30290174	0.6483548	0.9692215	0.3453782	0.5779754	0.8572341	0.78874105	0.5876199	0.4432478	0.3533568	0.91091806	0.3376409	0.74739647	0.50893915	0.3540878	0.64324075	0.8549994	0.8027833
4254	0.35017267	0.70724654	0.9426188	0.2579119	0.70863754	0.60852844	0.37290776	0.30714625	0.9287916	0.71871233	0.49978846	0.47047883	0.2456835	0.9992656	0.32165152	0.70903474	0.34397617	0.29394183	0.86041737	0.82359695	0.6034456
4269	0.31344387	0.7204612	0.8301986	0.29114082	0.66399753	0.9544133	0.40281773	0.9235514	0.3592852	0.83624804	0.4506537	0.49360418	0.79706943	0.35531026	0.33287883	0.57809865	0.86589336	0.62230986	0.7628099	0.4850661	0.65042233
4281	0.29151922	0.9141519	0.8427575	0.30050042	0.6266243	0.7443055	0.4243667	0.8338901	0.5499326	0.79205936	0.45198908	0.4516592	0.6936208	0.25273833	0.42391104	0.612395	0.6528558	0.38760203	0.59036463	0.7831594	0.25635752
4288	0.22307254	0.80608475	0.72266024	0.25934595	0.7546371	0.4547902	0.46014103	0.77973306	0.4938111	0.8293776	0.38964304	0.35968944	0.7434092	0.23709123	0.3573981	0.64893734	0.61620104	0.40316397	0.44150257	0.8317043	0.3396887
4290	0.25825304	0.83956796	0.7866013	0.2631813	0.75453717	0.680274	0.4169421	0.43702373	0.359391	0.83755416	0.41856197	0.3539064	0.76270217	0.29866526	0.43903762	0.5815099	0.7656755	0.4794149	0.48582718	0.899555	0.49464852
4304	0.24118057	0.87841487	0.8089095	0.30296737	0.4366169	0.43295908	0.46489468	0.30101356	0.51727724	0.8411728	0.47819537	0.42594135	0.5651207	0.71279323	0.37815687	0.6969999	0.47364944	0.39724284	0.5130217	0.6524843	0.2310277
4306	0.21073651	0.8586505	0.8677483	0.6913591	0.3707203	0.44702166	0.27688336	0.7159199	0.8849694	0.82948226	0.73337126	0.4688573	0.4109918	0.9310975	0.3263541	0.70750254	0.44629857	0.3750056	0.6251651	0.57450086	0.29327273
4317	0.32306093	0.956357	0.7662939	0.29316586	0.694977	0.7050726	0.42245167	0.52745014	0.51699007	0.81562096	0.48136723	0.44387537	0.6247876	0.32193038	0.5502928	0.650134	0.77581036	0.3770456	0.5673814	0.83192843	0.66542083
4327	0.7064796	0.48763517	0.69944584	0.2250549	0.85837424	1.0259705	0.42328942	0.3141545	0.9782045	0.6028083	0.402777	0.6897682	0.27604184	1.0142218	0.32805488	0.58859235	1.01946	0.7349418	0.94263124	0.89158666	0.75361675
4337	0.71834165	0.39619797	0.42373103	0.21525456	0.8066121	0.49931487	0.42825618	0.23739609	1.0405484	0.53736573	0.35646868	0.5910508	0.3131165	1.0330018	0.31031486	0.6774478	1.0072365	1.0033739	0.65578663	0.8878595	0.41757125
4343	0.3540858	0.5204685	0.7438227	0.2668477	0.75321877	0.843282	0.40996543	0.42004856	0.7337253	0.6096495	0.4449566	0.5404787	0.33482662	0.71917945	0.44503388	0.6426133	0.9600945	0.51838917	0.8283166	0.843018	0.8263006
4348	0.7204311	0.69121534	0.7267484	0.23916684	0.7027852	0.5554261	0.39978597	0.36904874	0.9840758	0.6305859	0.39431873	0.5331295	0.5003046	1.0511719	0.3189162	0.61393625	0.8402015	0.50302315	0.71477467	0.8088077	0.44059047
4364	0.81492054	0.3966655	0.26860192	0.22689788	0.84418386	0.87535596	0.38885605	0.26052836	1.0039239	0.5321563	0.3770745	0.8145295	0.2912192	0.9679942	0.7014183	0.4454228	0.99263376	1.0075529	0.87475157	0.8356078	0.90054697
4387	0.7727847	0.43898052	0.55544245	0.21101046	0.87759876	0.9392171	0.5563062	0.27007014	1.0049161	0.5593028	0.3481386	0.6839365	0.32926258	0.9850846	0.31300712	0.38620746	0.9675491	0.9874449	0.7551283	0.730119	0.9058091
4400	0.79293555	0.45375043	0.32976148	0.21752378	0.80974716	0.54200596	0.7718563	0.24178565	0.47665176	0.5350468	0.36659193	0.78516513	0.27960727	0.25335371	0.9021394	0.5683954	0.5847449	0.4148409	0.67938	0.8999524	0.42074004
4408	0.6372663	0.5020124	0.8095668	0.24039091	0.7833315	0.9812546	0.3955529	0.39673156	0.84308136	0.56876516	0.3843558	0.6494729	0.6225811	0.8019929	0.3185783	0.4977951	0.93700665	0.92288417	0.7098632	0.8743233	0.7720069
4410	0.6211868	0.7388706	0.8431391	0.23282611	0.8234416	0.99491227	0.40384465	0.30885604	0.90815836	0.6491975	0.37832403	0.72044045	0.33234742	0.893284	0.31361353	0.47312325	1.014485	0.63891345	0.8994929	0.8342385	0.81395143
4431	0.8369981	0.42622185	0.28698364	0.20702095	0.84287846	0.4240652	0.7883641	0.23636638	0.42452106	0.53825986	0.35633236	0.64805174	0.23997127	0.2514445	0.883223	0.61952984	0.91082233	0.8223574	0.6936132	0.89135593	0.3467939
4454	0.7788846	0.478006	0.77831566	0.24084367	0.82114404	0.42457798	0.7417063	0.2538471	1.0218669	0.547975	0.37358564	0.65545774	0.38250962	0.2848426	0.4607172	0.6689629	1.0136484	0.97682613	0.61797106	0.89876914	0.33575478
4461	0.809863	0.44603032	0.28349602	0.1991867	0.8686746	0.6898228	0.4483881	0.24559148	0.99909323	0.5679459	0.34927937	0.8558621	0.26865384	1.0243382	0.33771443	0.4209943	0.87093276	0.7935108	0.772077	0.82459295	0.8324083
4475	0.69021595	0.69708216	0.7434486	0.49176577	0.73512715	0.86790067	0.42790446	0.38708094	0.97898793	0.702696	0.42729092	0.71417874	0.5332038	0.7716118	0.3296748	0.4833626	0.73234254	0.49238175	0.7108412	0.79893434	0.3608116
4490	0.8520128	0.40661448	0.2808049	0.23474716	0.86153793	0.73582035	0.7968429	0.24757014	0.86994106	0.52999413	0.38348868	0.8369196	0.2747014	0.4536588	0.9259612	0.46451613	0.6551151	0.42331436	0.751872	0.71583945	0.94010913
4496	0.54799324	0.59759474	0.43252227	0.2697824	0.74877137	0.87422353	0.56810886	0.84737957	0.48195022	0.671985	0.4138359	0.80948585	0.5439781	0.44292492	0.8221907	0.46644488	0.6929399	0.4140281	0.93808115	0.8753498	0.94384545
4497	0.82216316	0.45660195	0.30754519	0.22741105	0.7881066	0.71249646	0.7823846	0.28196636	0.9253277	0.5497027	0.39824536	0.8324612	0.26543912	0.4883839	0.8025337	0.4975664	0.47451952	0.37375182	0.7645948	0.7428385	0.66057366
4504	0.4433959	0.39121133	0.44514483	0.23056962	0.8524144	1.055749	0.6044099	0.28107232	0.53087133	0.5651059	0.4252885	0.81667393	0.21985495	0.96841097	0.66923517	0.5493089	0.5186023	0.3205576	1.0049714	0.78970975	1.0139583
4510	0.70828915	0.4985903	0.3940292	0.20769152	0.84917694	0.5141633	0.39486808	0.22946419	1.005306	0.5600196	0.3380671	0.69489145	0.25193927	0.9974597	0.3194738	0.56789094	0.9547593	1.010217	0.7603308	0.8854415	0.71440727
4517	0.8432042	0.40665925	0.2527103	0.20820679	0.87064815	1.0012937	0.6156494	0.2754752	1.0069231	0.5361763	0.3586759	0.87166196	0.28873742	0.96133846	0.4661904	0.38352734	0.7978838	0.90514284	0.9683544	0.8773484	1.0230254
4519	0.4246708	0.40598693	0.6307436	0.29496986	0.50264305	1.0784515	0.508848	0.4270691	0.44929373	0.5786368	0.6702109	0.8606574	0.25952044	0.21880111	0.4935374	0.6025735	0.41181275	0.31162843	0.92135656	0.89671886	0.94949883
4538	0.84309953	0.35448855	0.260143	0.20920385	0.88522476	0.6071607	0.7646605	0.3813733	0.7913237	0.5212208	0.37916723	0.90153056	0.303002	0.8719343	0.9661422	0.48559213	0.7355154	0.6013123	0.999752	0.8795219	0.8564607
4539	0.82713485	0.46896586	0.55301607	0.24923722	0.71538466	0.83139336	0.6631667	0.99159735	0.31980908	0.56762046	0.41784266	0.8190072	0.49166954	0.20583355	0.3767279	0.5164137	0.4560897	0.34013435	0.8343367	0.8004121	0.6933734
4571	0.57985175	0.55496335	0.41007012	0.20338349	0.84015495	0.85890937	0.42015332	0.30199727	1.0276858	0.5770057	0.37388146	0.6902182	0.36441854	1.0107754	0.31572223	0.55858564	1.0320396	1.0269066	0.8335369	0.9250886	0.96380794
4573	0.37811583	0.69054914	0.7585407	0.26367193	0.6750005	0.910862	0.42994764	0.32632855	0.9596415	0.6939894	0.41045964	0.55824596	0.4005789	0.40121746	0.43871167	0.64641154	0.8010384	0.49931133	0.8427145	0.77858746	0.7184306
4579	0.5863956	0.60025007	0.6781898	0.24860631	0.79656565	0.91009545	0.4128053	0.38189566	0.913639	0.5653688	0.40810007	0.65793	0.73009163	0.88848203	0.3252377	0.58481866	0.9464256	0.6870954	0.850012	0.83231413	0.88633937
4582	0.561892	0.61660147	0.62910134	0.2619525	0.7628307	0.64008564	0.4979971	0.75940573	0.7171649	0.5923736	0.42761108	0.71696097	0.35349548	0.79146534	0.42126378	0.6451941	0.5936999	0.37249407	0.8345263	0.90676177	0.90056807
4583	0.7948917	0.4197027	0.31593686	0.2096196	0.82649416	0.48059237	0.49593705	0.22041033	1.0165257	0.54184264	0.35480887	0.6763931	0.26376358	1.0022981	0.3070907	0.6537393	1.0249444	0.99895155	0.7109931	0.84427875	0.44498807
4592	0.2581023	0.6423414	0.48905954	0.3240895	0.45537212	0.51393336	0.4436767	0.59891015	0.6922506	0.8055075	0.48905534	0.4696227	0.29757205	0.4887261	0.36355668	0.683956	0.37517565	0.3435875	0.6207633	0.9092622	0.5022957
4594	0.56745523	0.6341195	0.652523	0.3195467	0.754496	0.69459665	0.48992538	0.333582	0.982926	0.5711357	0.40903795	0.6767266	0.37154526	0.9409787	0.42693898	0.57400745	0.87499005	0.5930293	0.6901104	0.8165279	0.7366014
4600	0.43434623	0.6547548	0.84342104	0.24927922	0.7585273	0.8834226	0.5517039	0.80663055	0.50424564	0.8302147	0.4190871	0.6924011	0.4461893	0.29724127	0.5585396	0.50587046	0.62639284	0.3869963	0.87869275	0.8688494	1.0019095
4609	0.8812089	0.392116	0.3293366	0.20572793	0.87600434	0.9422584	0.67201483	0.69518477	1.0033633	0.5541489	0.3839423	0.9100849	0.27004346	0.9691982	0.33198392	0.47359332	0.82638353	0.685447	1.0149956	0.63507813	0.78448284
4633	0.8011671	0.44101858	0.40130976	0.22523695	0.84858507	0.9082116	0.7444529	0.24457814	0.64475834	0.5628441	0.37043878	0.84879994	0.28758025	0.52992016	0.8076936	0.39548644	0.6793702	0.61123264	0.93186635	0.8151659	0.95559007
4636	0.8668884	0.44007957	0.40359583	0.23139401	0.76055706	0.60877615	0.5066815	0.41449186	0.89302564	0.5224423	0.40139413	0.85687435	0.39925694	0.90225625	0.3452647	0.5987777	0.6931406	0.7581528	0.93220353	0.8032191	0.7425383
4639	0.64646375	0.50538826	0.67791057	0.23170145	0.78236705	1.0504773	0.4135593	0.7766412	0.8112901	0.7344818	0.4491845	0.73432916	0.32915416	1.0156884	0.34368226	0.5540253	0.72784364	0.4583705	0.8202887	0.86717945	0.8825582
4649	0.335367	0.7999556	0.92860806	0.830633	0.2681804	0.42722175	0.44192046	0.8031521	0.45309985	0.57811314	0.6522273	0.49236923	0.61189026	0.32536653	0.29573455	0.69003886	0.29898447	0.34651443	0.59168273	0.3219153	0.2626664
4655	0.88100624	0.3777197	0.30238864	0.22591317	0.81827545	0.7289465	0.70524436	0.97876894	0.35453182	0.5191934	0.37746844	0.8814521	0.45265546	0.27581194	0.30235514	0.6548316	0.7656102	0.83034194	0.75723624	0.8104657	0.4202959
4659	0.43765882	0.6816964	0.7974064	0.31011584	0.81558883	0.8981761	0.39087835	0.985625	0.550465	0.6033868	0.40885344	0.6501069	0.76880705	0.4547274	0.2950678	0.5101135	0.62479347	0.40378034	0.8091417	0.8788631	0.8197034
4666	0.6643526	0.45624113	0.33191904	0.22484848	0.8282295	0.6588416	0.40997985	0.2533836	0.9321528	0.54950345	0.41645506	0.6604741	0.5367206	0.7413282	0.30574626	0.5134817	0.87817353	0.9915953	0.74359226	0.87754315	0.84387827
4671	0.7775484	0.42285752	0.55860996	0.22291367	0.7853569	0.90759325	0.49445516	0.9659004	0.45277753	0.53142935	0.37753248	0.7152848	0.38875058	0.8052418	0.2882333	0.52717674	0.8649146	0.7877894	0.8584494	0.827284	0.65787864
4692	0.43181986	0.45613012	0.62252086	0.22110309	0.84340876	1.0595193	0.3804147	0.9451981	0.39809003	0.636289	0.36323342	0.72850746	0.91870856	0.74792653	0.31014898	0.42261225	1.0174655	0.7003002	0.7940596	0.8811953	0.9208202
4706	0.4844335	0.5774133	0.80610543	0.22276525	0.84828913	0.87880236	0.36586747	0.97252715	0.48383185	0.71174335	0.36867073	0.6865682	0.9223863	0.56237525	0.30224052	0.47487223	1.0348369	0.924109	0.8957537	0.913101	1.0107405
4745	0.24545304	0.5757677	0.8025305	1.0478067	0.29071397	0.57886535	0.4083857	0.4949348	0.69730234	0.63483614	0.84167963	0.49986857	0.6628744	0.54054135	0.4480445	0.7043012	0.32289758	0.31863278	0.6507047	0.3758178	0.50568044
4759	0.44411257	0.68913734	0.8992306	0.74794686	0.36020654	0.9893586	0.40300292	1.0098001	0.53928554	0.70993394	0.96783304	0.6506241	0.7523272	0.33112234	0.376988	0.66315	0.41279238	0.3582437	0.9100624	0.8168447	0.9898365
4763	0.7176923	0.44580576	0.91003436	1.0004946	0.25894573	0.9812678	0.4568194	0.91345143	0.8681497	0.8261336	0.9925994	0.678045	0.6633563	0.52952427	0.31568465	0.6414878	0.28755486	0.3147667	0.8560761	0.28580832	0.28701028
4768	0.46513936	0.5748821	0.48385048	1.0220509	0.31235844	0.75330454	0.38753098	0.5002472	0.9014527	0.59048027	0.9500571	0.7016698	0.82947356	0.907754	0.31418082	0.65881276	0.32130888	0.32275885	0.52101314	0.27247816	0.44327497
4773	0.75403893	0.46969593	0.7235849	0.5593388	0.40819603	0.9074339	0.46445304	0.22015794	1.0029062	0.7494639	0.90385973	0.69412875	0.3769081	0.9446104	0.29714057	0.48565257	0.32865515	0.36790788	0.80033886	0.56065	0.650706
4778	0.77395403	0.39683428	0.28904298	0.38656536	0.4282624	0.9718439	0.7187107	0.9498046	0.7948772	0.5599038	0.94218075	0.9640743	0.24364746	0.8107642	0.82983935	0.42957306	0.32428175	0.29403397	0.98778415	0.3940146	0.9489182
4780	0.3469536	0.6319623	0.8249653	1.047709	0.26933277	0.9981098	0.4367964	0.8954143	0.95122904	0.652492	0.9441146	0.77629226	0.6793273	0.8440676	0.32977417	0.6040663	0.5109538	0.34974888	0.80158085	0.31735027	0.7626242
4802	0.58324236	0.7642934	0.59570736	0.96073383	0.28462374	0.73245513	0.46357897	0.31523797	0.9896472	0.64736205	0.8780175	0.5705503	0.31629524	0.8622064	0.33838937	0.70123124	0.34217238	0.30796295	0.7621124	0.24006982	0.6193695
4804	0.25766954	0.78689855	0.81890833	0.96213853	0.25601846	0.54747224	0.38659468	0.3125147	0.90635496	0.83843714	0.8289234	0.5132078	0.28288922	0.92263937	0.34320605	0.6577	0.31783798	0.34831095	0.9909387	0.32076448	0.62809485
4814	0.43588766	0.5275388	0.5428533	0.93568224	0.25215656	1.0472361	0.44656694	0.9108515	0.56137586	0.7103882	0.8480619	0.5213543	0.8332052	0.5999106	0.31071538	0.63751835	0.34881863	0.32989717	0.75298667	0.21017918	0.40427125
4817	0.393295	0.57369393	0.52894866	1.0206624	0.20613417	0.9160749	0.374372	0.3326894	0.9701287	0.7142934	0.89028233	0.5597427	0.3917325	0.945859	0.3096909	0.61085206	0.27905396	0.28384688	0.83916533	0.24208868	0.3213251
4821	0.6906426	0.4984839	0.323059	0.43017712	0.46483544	0.69788694	0.48024073	0.5109773	0.79600865	0.5693231	0.76892346	0.7128866	0.6898568	0.6541432	0.3021968	0.58307856	0.5403152	0.42830285	0.760556	0.34593016	0.3676365
4842	0.29729417	0.547625	0.8129649	0.99892616	0.25476724	0.78124225	0.40392902	0.7929385	0.7278092	0.7451368	0.9747927	0.50783646	0.6959648	0.5576928	0.36834693	0.6910233	0.3032466	0.3095146	0.6638544	0.23786086	0.48065194
4868	0.7294059	0.86562246	0.79817796	0.4711663	0.5117665	0.81046	0.3711582	0.91354984	0.64055574	0.5754819	0.4073211	0.49354684	0.9295314	0.41468427	0.30083725	0.63157696	0.6351993	0.4014084	0.8560897	0.767996	0.5469221
4874	0.25537536	0.72153306	0.88856477	1.0257813	0.2393947	0.70936644	0.4326838	0.84629774	0.6330672	0.7310788	0.9464514	0.7905822	0.8897569	0.6616513	0.41732767	0.73276174	0.32858133	0.36120233	0.6137007	0.32088673	0.51890963
4904	0.7896665	0.4187221	0.28194487	0.22820511	0.851075	0.9757487	0.64212465	0.28799567	0.45542577	0.5414424	0.4189988	0.8076128	0.22621128	0.88921964	0.9330871	0.41089976	0.76664877	0.35401008	0.89479524	0.80041957	0.96861774
4925	0.5882455	0.5482088	0.8076305	0.31558883	0.5546724	1.0323462	0.47295892	0.794877	0.81205875	0.66527134	0.60149765	0.5868829	0.47076547	0.9130425	0.46585152	0.47237942	0.715785	0.3960271	0.9301071	0.77872694	0.881187
4928	0.48525882	0.6315894	0.61931837	0.3325231	0.6485351	1.0298917	0.35022175	0.9448304	0.4377804	0.58333725	0.55037355	0.48254868	0.54674035	0.19136237	0.3251297	0.73456854	0.6276914	0.33068106	0.67887324	0.88525575	0.27919093
4929	0.2524222	0.7687229	0.8798804	0.46325478	0.3409822	0.5382083	0.3827239	0.8879924	0.49405262	0.8307878	0.79025847	0.48366332	0.63867605	0.62415236	0.43201905	0.63886386	0.38732705	0.33971664	0.6556902	0.45713362	0.23478413
4930	0.67644465	0.50531113	0.4019877	0.48556477	0.55500793	0.780836	0.5120688	0.39993688	0.80006784	0.5767169	0.5617559	0.7415226	0.33786714	0.7399018	0.5958899	0.52155316	0.72173125	0.34485847	0.8154842	0.5560982	0.84038943
4940	0.22499488	0.46650773	0.7770242	0.53317153	0.26931372	1.0619771	0.32379878	1.0346588	0.4615665	0.8401979	0.9447496	0.51196176	0.2938522	0.68264943	0.36693716	0.7114941	0.30177346	0.30673012	0.79672617	0.6525891	0.53792137
4943	0.69013315	0.44501552	0.4551412	0.21064012	0.84304017	1.040845	0.3835423	0.2800507	0.9599295	0.60610723	0.42855942	0.79079133	0.2867017	0.9465515	0.32123932	0.4805518	0.908728	0.6031711	0.8778688	0.9050618	1.0018147
4976	0.7296825	0.4988113	0.4229222	0.24279457	0.74408156	0.8416114	0.6594264	0.24067803	0.40389246	0.5685044	0.37389204	0.65207875	0.25170663	0.37113458	0.9295005	0.39444837	0.5192614	0.3647256	0.7953559	0.8580919	0.40808263
4981	0.21401392	0.86854553	0.96042144	0.5459455	0.3269234	0.47402346	0.37159103	0.8937234	0.53310597	0.8418002	0.8747636	0.5206496	0.74525726	0.32743737	0.310487	0.70433617	0.32442594	0.33335802	0.68371356	0.41991958	0.3016759
4987	0.24606635	0.45906478	0.88547504	1.0078629	0.24731287	1.0378999	0.2736371	1.064495	0.4604986	0.8418096	1.005817	0.5460054	0.7042221	0.4290506	0.3180822	0.6469827	0.3057025	0.31289107	0.9067274	0.38667408	0.92928654
5103	0.6480021	0.64979285	0.5300249	0.21494114	0.71948224	0.7859569	0.4046331	0.294264	0.9875728	0.59250546	0.41135427	0.68560785	0.25439516	1.0150088	0.32246518	0.46851787	0.88174266	0.6287554	0.744137	0.511973	0.8214426
5105	0.21426329	0.9048558	0.90599257	0.29487	0.657517	0.71183443	0.5237631	0.25382626	0.9544969	0.80668634	0.39094266	0.4865154	0.32095724	0.9536083	0.3227366	0.56530946	0.6710237	0.39442408	0.86570036	0.77260166	0.24853478
5109	0.8062704	0.47911862	0.32275543	0.23960201	0.70786023	0.9504254	0.61095434	0.4447676	0.48603317	0.57608855	0.40279144	0.7229879	0.27288106	0.35122874	0.29518303	0.5596011	0.48936805	0.3397704	0.7801556	0.85782695	0.6272972
5123	0.7368714	0.5663865	0.56559867	0.24704556	0.69406885	0.8547933	0.5815386	0.8103783	0.40844274	0.7268765	0.41314602	0.6728906	0.3849147	0.4268229	0.3759246	0.6090241	0.70544076	0.460052	0.65026766	0.76620746	0.609652
5130	0.6789642	0.51970994	0.6893865	0.23622105	0.7828113	1.0573558	0.39945456	0.66535395	0.88959235	0.5766769	0.43665868	0.6306698	0.3707383	0.9820734	0.32672858	0.5734887	0.92484355	0.67357194	0.8529663	0.7897009	0.67708296
5145	0.5060318	0.6705028	0.7881601	0.37042838	0.6819467	0.67702717	0.42614627	0.45625213	0.8385808	0.6687499	0.5094863	0.72298133	0.5260079	0.92198247	0.40945104	0.6387433	0.50985694	0.36592275	0.814509	0.7911776	0.5642782
5149	0.394827	0.8650513	0.8912373	0.24242182	0.7806511	0.89547294	0.41059667	0.45499232	0.9475058	0.5927159	0.4001346	0.59280807	0.5930649	0.9693478	0.3289145	0.43544504	1.0138618	0.77892566	0.7651917	0.7732104	0.8616104
5158	0.7979431	0.41595286	0.36230215	0.21589294	0.84878135	0.4443188	0.51096827	0.23603351	1.0112162	0.52883613	0.3639375	0.74597216	0.29082498	0.988116	0.30193856	0.50916135	0.9969737	1.0092467	0.6932879	0.76665634	0.71561456
5166	0.633925	0.50946844	0.42001688	0.26321214	0.5413151	1.0677178	0.37298334	0.50684196	0.9809137	0.6321395	0.57686985	0.62927276	0.33145112	1.0548309	0.33312812	0.5673467	0.74333686	0.5010113	0.8453607	0.59344137	0.5567968
5189	0.7533166	0.52388453	0.5502855	0.2322342	0.60412383	0.56943905	0.47084957	0.32212353	0.9587879	0.5437941	0.38517833	0.6984871	0.6802229	0.92822367	0.31571612	0.63746965	0.92665493	0.70705223	0.6240499	0.72132057	0.36324644
5206	0.5943355	0.74414265	0.66454303	0.25145942	0.78585225	0.81835383	0.4301743	0.2916271	1.013769	0.6828635	0.39665166	0.6748344	0.31207034	0.962454	0.45288134	0.47292447	1.0064341	0.912565	0.7507456	0.8945077	0.6192609
5208	0.6187045	0.5154742	0.42196968	0.28758624	0.66803634	0.93685216	0.45300537	0.31323093	0.93928224	0.5601051	0.52065104	0.7394709	0.26864865	0.9852527	0.37597585	0.5348146	0.81624824	0.6807197	0.7896754	0.7159094	0.6464981
5210	0.6984243	0.49210507	0.30148587	0.26979586	0.702669	0.6870031	0.46016514	0.29139394	0.97825986	0.5468777	0.4245026	0.6701883	0.2758078	0.8949626	0.356287	0.5478361	0.7410487	0.42083716	0.6953891	0.7903809	0.35185677
5225	0.6718123	0.7813325	0.8120214	0.26523134	0.64400584	0.9043306	0.42747375	0.31284484	1.006957	0.591237	0.3852013	0.62610877	0.49654308	0.8355761	0.31741467	0.5847266	0.9187731	0.585026	0.74350005	0.8533131	0.50426704
5238	0.7524304	0.73272234	0.49745852	0.2511496	0.7235427	0.8855497	0.44383463	0.26613835	0.97203845	0.5617838	0.40677243	0.56496334	0.6566016	0.8483301	0.35677364	0.50374633	0.50987333	0.3802845	0.59806216	0.6291982	0.6389213
5240	0.23127827	0.80597657	0.878666	0.36031458	0.43119553	0.47102872	0.4382692	0.74134994	0.5944422	0.8385053	0.6479108	0.46886685	0.39803308	0.8614193	0.4601942	0.70387155	0.37866566	0.33492187	0.5319055	0.59742427	0.26071462
5243	0.49455625	0.62638915	0.5669803	0.2501596	0.74499226	0.66781396	0.38087535	0.3030502	0.9829296	0.58188194	0.45309514	0.5204712	0.20438923	1.0468731	0.30679703	0.6844789	0.84928083	0.4296375	0.8417775	0.84194374	0.34831205
5247	0.20981556	0.83095646	0.88092214	0.27896407	0.5528467	0.55894834	0.33590722	0.88154894	0.43038192	0.8147336	0.47745955	0.34455934	0.9876836	0.2959023	0.3007897	0.68368906	0.46178412	0.38856307	0.6784931	0.66775656	0.34746432
5254	0.38034818	0.80190384	0.8328152	0.37858504	0.5556664	0.73882324	0.3625739	0.2958389	0.8709781	0.8373872	0.7912547	0.58975214	0.59640825	0.7547193	0.41556332	0.6543873	0.43014604	0.37150988	0.873148	0.56554693	0.66296685
5257	0.65159875	0.7327502	0.4032815	0.30733335	0.7171623	0.7834386	0.526596	0.2989607	0.9545108	0.82573533	0.4910014	0.6580942	0.22929792	0.88679874	0.57520956	0.5352704	0.59454376	0.359456	0.6125999	0.6457225	0.1740606
5263	0.18263483	0.86616206	0.9299122	0.3196966	0.4944157	0.49761155	0.3553221	0.3278615	0.9667939	0.84245825	0.74119735	0.590193	0.25162187	1.004305	0.40019596	0.70687956	0.3908014	0.3411345	0.79965705	0.709718	0.6282374
5276	0.38775048	0.8179799	0.8687544	0.3139401	0.62113684	0.5240971	0.39743444	0.61796516	0.73602146	0.8370756	0.4773266	0.50672716	0.40583813	0.50839067	0.41157207	0.70824045	0.5153416	0.35871542	0.5972572	0.6478781	0.19995813
5284	0.61436987	0.60286003	0.7259701	0.32563213	0.66781235	0.5653765	0.44141492	0.2837452	0.779438	0.68082446	0.44173428	0.58223933	0.20643313	0.70548755	0.37710705	0.58427507	0.5946388	0.50889945	0.6838496	0.50620514	0.2243642
5298	0.23888417	0.9154288	0.882678	0.39404467	0.38542143	0.516948	0.3529	0.2698005	0.9091865	0.69431406	0.83691967	0.4389007	0.28141952	0.6271854	0.30740783	0.65122014	0.4698181	0.35617104	0.41758406	0.7761896	0.31220442
5306	0.21412838	0.48416156	0.8632555	0.64817107	0.33491114	0.6054333	0.39715335	0.8527047	0.4102633	0.7831389	0.8839564	0.42565754	0.6294621	0.6632832	0.39895985	0.70042807	0.3680866	0.34070465	0.42417085	0.32972795	0.393416
5307	0.2374404	0.84999406	0.8206979	0.26712444	0.725438	0.5350475	0.56997293	0.5538232	0.61542994	0.60844296	0.4243933	0.4077651	0.7001599	0.21862724	0.5903311	0.64403176	0.68121415	0.35639542	0.3934994	0.8646245	0.40132433
5329	0.24232993	0.9051646	0.8486009	0.3572587	0.5808255	0.8606174	0.4220658	0.9321431	0.32993212	0.7643512	0.4755405	0.48796463	0.34564862	0.20820248	0.32635552	0.49156898	0.972551	0.4743383	0.7624394	0.89295536	0.45462608
5339	0.3853685	0.75287247	0.90471864	0.3576976	0.4700618	0.9247136	0.46506825	0.6087845	0.68463045	0.84179205	0.6437371	0.5855475	0.29254684	0.7907032	0.39394826	0.68153214	0.39318445	0.30543327	0.5768392	0.7093698	0.1592322
5341	0.25447962	0.76050216	0.9015384	0.25760427	0.71846586	0.679944	0.3676933	0.72671616	0.49799153	0.80433166	0.44435233	0.6020793	0.25357315	0.4773849	0.38499215	0.72237796	0.55870885	0.3443265	0.88655645	0.8468567	0.83456296
5356	0.2536538	0.7124966	0.7404285	0.2634828	0.69153494	0.73209196	0.4248222	0.764159	0.66878414	0.8344561	0.4480194	0.473279	0.73152643	0.27380756	0.361592	0.6472046	0.65818214	0.46217597	0.62507695	0.8701646	0.33245382
5361	0.39472118	0.8672509	0.89832795	0.5044997	0.55195284	0.58308107	0.41164765	0.7478519	0.8605006	0.70134324	0.79700875	0.73960084	0.4841434	0.7633566	0.30514142	0.63912046	0.59845936	0.34730792	0.5938849	0.7177624	0.26642877
5371	0.20275028	0.8665384	0.89235157	0.381838	0.34664395	0.6442053	0.35350463	0.743907	0.52594984	0.8414253	0.8158849	0.62055707	0.85088354	0.8673417	0.34561387	0.66035855	0.36673376	0.33214813	0.9397337	0.5895043	0.6864951
5382	0.19808818	0.81780833	0.93955773	0.38099492	0.56610864	0.6296005	0.35983282	0.5516494	0.58881474	0.77453667	0.521414	0.4839162	0.34210783	0.795774	0.32778466	0.68732226	0.6162276	0.55475473	0.7902579	0.56933	0.3758589
5388	0.67348164	0.5270819	0.6949992	0.26998758	0.7432261	0.96023065	0.62419194	0.5805973	0.8568833	0.59419084	0.42543954	0.6952535	0.34367713	0.30783665	0.75070643	0.5322492	0.6857645	0.46622792	0.8857203	0.6540203	0.6614571
5389	0.5629474	0.51304877	0.73924583	0.2886904	0.6410724	0.723675	0.39821962	0.6545676	0.94404876	0.6825181	0.41759807	0.5803444	0.37442675	1.0120071	0.30519238	0.70189893	0.8687522	0.7919491	0.8066669	0.8523172	0.5189533
5413	0.25075048	0.8859885	0.7485414	0.26158705	0.7202871	0.5434157	0.4559647	0.74663997	0.50027066	0.8418597	0.40103284	0.39990002	0.784556	0.25840753	0.45613337	0.54692316	0.6637991	0.49082208	0.5685971	0.8829862	0.3902387
5420	0.6935966	0.63767135	0.8066012	0.23897135	0.7544398	0.45002857	0.6570462	0.480991	0.6029162	0.68226933	0.40020722	0.38748172	0.2948684	0.37880906	0.75052595	0.6372404	0.59980017	0.39680558	0.48312417	0.57490903	0.21404684
5454	0.24281253	0.84961313	0.71930474	0.3137895	0.6249336	0.5252324	0.33953473	0.7272955	0.9364523	0.8320106	0.47308305	0.3502607	0.2788218	0.7247916	0.31020492	0.6585224	0.68985885	0.4267319	0.4160733	0.90099084	0.32888058
5456	0.71908206	0.5206499	0.40075773	0.25602654	0.8088265	0.88014406	0.6288681	0.26552638	0.9005578	0.6160325	0.40919113	0.55450064	0.21592587	0.9198038	0.91819066	0.52172625	0.5977199	0.35637283	0.63440126	0.75507784	0.30995634
5471	0.21023196	0.7628876	0.96192914	0.41334504	0.63700837	0.9018804	0.3476312	0.3143474	0.90314734	0.8248495	0.6118487	0.42902938	0.2714189	0.74769557	0.3200366	0.70961654	0.5290935	0.3246606	0.6360819	0.7845132	0.5846671
5481	0.58713293	0.4891325	0.7635166	0.2550433	0.7813506	0.6032055	0.48648044	0.23983474	0.87417215	0.61244893	0.41031024	0.6438131	0.24476995	0.89213187	0.7443669	0.6637055	0.74522763	0.36870998	0.6507058	0.7636959	0.57961994
5502	0.8532662	0.40603858	0.32539922	0.22286949	0.826211	0.58607906	0.7657497	0.25755957	0.9656208	0.53103745	0.3681385	0.8637723	0.26533735	0.96156543	0.3156289	0.4788203	0.9479805	0.44916052	0.7609748	0.7856022	0.5159732
5515	0.8280087	0.37554714	0.2685051	0.22507744	0.73831964	0.5092066	0.80366606	0.25268477	0.65679544	0.5243254	0.36704507	0.8045912	0.3382304	0.19978721	0.7802307	0.69666517	0.3715636	0.48001862	0.7069949	0.88149935	0.36867493
5517	0.78766847	0.41290668	0.36295867	0.21785672	0.8143784	0.7206954	0.38700032	0.31687003	1.0064951	0.5386216	0.40421465	0.7301142	0.3033057	0.9781042	0.30896285	0.56364053	1.0138453	1.0007324	0.9203039	0.84840935	0.84298056
5524	0.7656871	0.40189454	0.45765367	0.21292557	0.85395813	1.0311933	0.38973546	0.38715783	0.98641765	0.7512542	0.36426607	0.77438784	0.7134561	1.0118293	0.31016785	0.433186	0.9919988	0.88616455	0.9972455	0.89868456	0.20608468
5538	0.5531365	0.6770835	0.6553895	0.27195662	0.6921968	1.013266	0.43043432	0.41377464	0.91086453	0.7747575	0.4554638	0.5843258	0.33517262	0.72309947	0.3727504	0.6500328	0.70479673	0.5463517	0.7228976	0.7057986	0.5801211
5546	0.6663994	0.46138412	0.6306661	0.21484555	0.8351357	0.8778432	0.43834662	0.26061547	1.0065095	0.6237281	0.36794853	0.7122394	0.2610877	0.97345626	0.3155987	0.5032987	0.9881642	0.83432895	0.74524987	0.8479293	0.7195644
5550	0.35722587	0.86796165	0.8784395	0.26598266	0.69088984	0.50689685	0.38276353	0.40756384	0.99939376	0.62872005	0.36001587	0.4599408	0.30749565	0.95528424	0.42278847	0.6399608	1.0004685	0.6435584	0.6263445	0.90468854	0.4787667
5556	0.55752826	0.60123295	0.5640896	0.24351476	0.76587117	0.9006031	0.48586679	0.2579637	1.0041507	0.5898355	0.41512743	0.6845406	0.31874415	1.0166888	0.2933043	0.620918	0.8119905	0.700604	0.8000099	0.73722124	0.8214962
5561	0.7598577	0.4702037	0.31330064	0.24802868	0.2329785	1.0337411	0.43758148	0.32219255	0.9340021	0.58418244	0.4015014	0.70687145	0.25332758	0.9529444	0.69231445	0.4321718	0.4188751	0.29258323	0.9791902	0.40496272	0.91303486
5567	0.7771404	0.42805493	0.4058482	0.2229025	0.72067475	0.5801255	0.56163967	0.2507078	0.939096	0.54866534	0.35349318	0.5958419	0.272893	0.8903769	0.5360535	0.5838899	0.90831816	0.8011757	0.6218721	0.75960386	0.5196893
5568	0.7637328	0.40272635	0.36253062	0.21344511	0.85703164	1.0092437	0.4423518	0.33877492	0.9305526	0.5485469	0.3732259	0.76256394	0.2908586	0.8202847	0.32074746	0.5756725	0.9653632	0.9164824	0.9841487	0.9097854	0.9517135
5572	0.77896	0.42835486	0.31215575	0.23411635	0.6547357	0.85594773	0.64290005	0.29355472	0.95274335	0.5627246	0.38655284	0.79012054	0.46847463	0.26084134	0.35091707	0.6695798	0.77670825	0.79580486	0.70442384	0.90500385	0.5920855
5575	0.76788396	0.41020548	0.285052	0.20160608	0.8448304	0.49610725	0.47908843	0.25273642	1.0108858	0.5343024	0.35763016	0.7079349	0.25331548	1.0002269	0.31689388	0.52707994	0.9528429	0.97964394	0.8286138	0.78493726	0.56676316
5577	0.66091955	0.42007884	0.5220107	0.23420827	0.78463715	0.72648865	0.3897661	0.26922056	0.97569305	0.5489909	0.3956904	0.53638893	0.22793116	0.9897793	0.34279376	0.6356475	0.97989976	0.990206	0.84987104	0.84903955	0.8093137
5580	0.5076259	0.4799228	0.45355722	0.23342626	0.8181695	0.4864953	0.72832817	0.29466113	0.61740613	0.5563334	0.3732807	0.8344869	0.33636773	0.6674036	0.4313938	0.61456925	0.6384501	0.54479235	0.82271117	0.86070806	0.63321847
5600	0.5254891	0.5454336	0.29406542	0.2408659	0.727396	0.5701535	0.430873	0.44745404	0.67042744	0.68428063	0.39236912	0.50298476	0.24749817	0.3949468	0.48132014	0.7110295	0.61356646	0.64262086	0.5904641	0.90368927	0.25103474
5601	0.3537042	0.63261217	0.36112747	0.7573854	0.3407848	1.0727293	0.48775473	0.69492537	0.7397581	0.6263884	0.7934977	0.8200343	0.5581671	1.0226655	0.45530853	0.620772	0.3834065	0.3198433	0.9128446	0.39434442	0.76537806
5603	0.69991785	0.45775965	0.45227748	0.21541467	0.8261194	0.8638513	0.4241488	0.23603734	1.0057418	0.5667164	0.38571566	0.7045363	0.2722215	0.87731105	0.30564898	0.5612732	0.97036225	0.98686653	0.9196434	0.7479756	0.8475538
5605	0.6673029	0.5891451	0.6326066	0.28161904	0.731337	0.56797785	0.65987146	0.55817187	0.8471155	0.5781215	0.39850792	0.6253988	0.35900575	0.4855553	0.388805	0.67458063	0.6292179	0.6399895	0.5236483	0.8685902	0.3105442
5609	0.5482374	0.4939049	0.61660516	0.27603447	0.7707161	0.94013745	0.5743398	0.35090768	0.9083299	0.5692218	0.46635658	0.8518221	0.31519133	0.9221832	0.5075376	0.63935375	0.645169	0.38288075	0.82151383	0.85049146	0.7103147
5627	0.72074175	0.6023264	0.5606475	0.23177306	0.7031928	0.4658845	0.67998874	0.26857415	0.67395204	0.5534177	0.38616857	0.65327835	0.55628306	0.19294032	0.4653338	0.6939912	0.62771946	0.3651237	0.5356006	0.8101911	0.34807807
5629	0.7502378	0.41091454	0.29188067	0.20934701	0.8060441	0.5448991	0.41349992	0.23645012	0.99346274	0.55809844	0.35391417	0.60555655	0.25790313	0.96028376	0.30380076	0.62462676	1.0038301	1.0075033	0.6899093	0.8319148	0.38032472
5632	0.7124507	0.4819402	0.44776237	0.24111335	0.7928833	0.63719743	0.40864074	0.38482046	1.0022569	0.5627771	0.361748	0.55661845	0.3655769	0.90271336	0.2985365	0.63023996	0.98044777	0.99729335	0.6562757	0.8882968	0.3563018
5639	0.74196637	0.42214566	0.5796443	0.205905	0.8241689	0.5168567	0.44302088	0.2368519	1.02946	0.54158276	0.35778603	0.6210283	0.27135986	1.0255467	0.3165569	0.5929834	1.0188526	1.035611	0.7222015	0.8930778	0.493465
5641	0.7060964	0.46547812	0.46422493	0.2034304	0.82469004	0.8448239	0.4594787	0.262206	1.0033634	0.5466885	0.37679008	0.7496471	0.30423635	1.0021855	0.3004381	0.4938634	1.0156972	0.9878901	0.8362921	0.8291904	0.8650856
5642	0.7921215	0.4041318	0.31330875	0.204161	0.87893337	1.0096867	0.38139158	0.31197956	1.0275469	0.5911811	0.35519883	0.72811973	0.41709903	0.9600864	0.3194429	0.39058194	1.0229731	0.95975727	0.9453792	0.91972584	0.9668128
5653	0.8511197	0.41742086	0.42255574	0.24554928	0.82027197	0.8508545	0.71827626	0.90455973	0.41454408	0.5386617	0.3871392	0.8629088	0.34280685	0.31779253	0.3600621	0.58131605	0.6364997	0.45659533	0.82763773	0.75278944	0.79105854
5654	0.7691858	0.6304007	0.41861707	0.25468853	0.7816194	0.44796982	0.45487207	0.24702112	0.9991545	0.55557424	0.37014648	0.5025757	0.25711426	0.9135071	0.3453429	0.57239795	0.88655156	0.59182185	0.49661627	0.8751542	0.37105432
5658	0.8448682	0.42576006	0.29737455	0.21329659	0.7873061	0.49059454	0.6982104	0.23367377	0.98633784	0.5259643	0.36332113	0.6814249	0.2796189	0.96545297	0.3360309	0.65285265	0.8027208	0.9610108	0.65963465	0.80972946	0.42206436
5661	0.6278114	0.46704745	0.51429665	0.22145016	0.7880397	0.74180543	0.37179887	0.27193877	0.9578131	0.56396353	0.39750323	0.64194036	0.24420108	1.0338703	0.39848414	0.576287	1.0028124	0.9421934	0.89021754	0.8175439	0.89816123
5680	0.7693373	0.40224588	0.37030646	0.2019992	0.8583358	0.52521694	0.572273	0.24456213	0.9809519	0.52923	0.3484515	0.7389979	0.29119912	0.96431184	0.30171463	0.46813157	0.9436852	0.900697	0.58018875	0.85389566	0.5304315
5684	0.75492686	0.41545588	0.40761313	0.19857262	0.8828374	1.006101	0.4035953	0.2356364	1.0338657	0.5671556	0.35685807	0.7727886	0.37982067	0.9832623	0.3141929	0.48784864	1.0394237	0.9901295	1.0001907	0.9015002	1.0468944
5688	0.47735924	0.534553	0.7408444	0.24606182	0.64392096	0.55101424	0.3827226	0.25544554	1.0249681	0.73286337	0.6857714	0.5161928	0.42795655	0.9377837	0.31163278	0.69959277	0.95380384	0.96822184	0.60108113	0.8836293	0.5622003
5689	0.72815454	0.49043185	0.473385	0.23313771	0.7489827	0.5161967	0.47906277	0.27818283	0.943164	0.55087787	0.39230603	0.7331344	0.27542374	0.4387449	0.36639476	0.6608209	0.75567484	0.56352395	0.5965113	0.84423167	0.4958161
5691	0.68149775	0.40905586	0.62664765	0.25827748	0.82468385	0.48247698	0.38040474	0.3009259	1.0024513	0.55745196	0.34678912	0.6906849	0.31292176	0.91537774	0.3164295	0.6339316	1.0090421	0.9571287	0.5935847	0.79847693	0.90580744
5700	0.685577	0.49234867	0.27570346	0.22697859	0.7884892	0.68442905	0.51565146	0.2761894	0.97144645	0.5571506	0.3880001	0.6310607	0.30807456	0.7056455	0.34965774	0.57792777	1.0101981	0.99154145	0.84646344	0.86648077	0.86122614
5704	0.84031194	0.38776886	0.27572817	0.21724446	0.8300352	0.525883	0.771303	0.29647908	1.0144387	0.51501334	0.37600118	0.84592354	0.31140932	0.82311857	0.2984269	0.6628144	0.62090176	0.9430044	0.61128706	0.90388405	0.596271
5705	0.4907092	0.55029374	0.5236922	0.21539548	0.8118713	0.7211658	0.46699932	0.25311288	0.99767405	0.60156715	0.38100234	0.60007787	0.24589522	0.97377396	0.38835064	0.5692518	1.0050367	0.9530055	0.8380178	0.84637237	0.71129745
5720	0.49901152	0.8396503	0.8416298	0.34210783	0.47259176	0.4571034	0.5870617	0.30066848	0.9927728	0.641493	0.36551982	0.46123433	0.48552996	0.46130517	0.82376635	0.61875755	0.92585945	0.5435387	0.424221	0.81203437	0.20665835
5725	0.7383201	0.46991518	0.32676166	0.19676858	0.8324634	0.91611475	0.47741836	0.2669144	0.99230665	0.5848437	0.34516877	0.7282408	0.3117686	0.9755991	0.33490872	0.44111845	0.9935562	0.99079496	0.9203426	0.85718864	0.859189
5727	0.8371768	0.39567342	0.26198253	0.24107309	0.77438116	0.7885281	0.77097577	0.29722282	0.41249597	0.53543925	0.41136587	0.7348455	0.24327838	0.2971879	0.821117	0.52921724	0.5423612	0.3892564	0.8775635	0.7107649	0.22000873
5730	0.82231015	0.3947574	0.31706142	0.21856463	0.86318934	0.68409264	0.40978956	0.25476104	1.0133833	0.5217376	0.3688054	0.8576291	0.31723857	1.0323215	0.30271408	0.47305918	0.9735684	0.95410347	0.912713	0.8523439	0.80718684
5734	0.6441177	0.37823573	0.29933074	0.24983855	0.80986863	1.0469801	0.7318607	0.34597203	0.43698397	0.64966637	0.456222	0.9143288	0.2399842	0.31794354	0.93084246	0.4175254	0.51544243	0.30699566	0.90222114	0.8632072	0.9891508
5752	0.2538976	0.7564673	0.90031517	0.33587605	0.48644835	1.0398958	0.31174898	0.9544901	0.55374587	0.84221643	0.8015571	0.5847136	0.71081245	0.68482286	0.33828458	0.69879204	0.33377308	0.31755102	0.93249947	0.5591609	0.87835664
5753	0.62674534	0.5087253	0.52750707	0.2341244	0.7872982	1.0432174	0.6112765	0.7255223	0.533423	0.6675336	0.43660593	0.7375286	0.2758657	0.7119777	0.5252007	0.46487093	0.77822095	0.64264995	0.8465505	0.8584499	0.8805436
5754	0.8711953	0.43286377	0.29532522	0.21655746	0.86269534	0.8532087	0.45242023	0.30145168	1.0280504	0.5291069	0.35850334	0.86863935	0.2782397	0.9906024	0.31077597	0.43816176	0.98783654	0.98998284	0.92169595	0.8285337	0.8479739
5766	0.57326335	0.5869903	0.78807837	0.24356085	0.8287229	0.68224996	0.50634706	0.29181302	0.95147794	0.59363323	0.38422087	0.681747	0.2954533	0.9027538	0.3397469	0.5015286	0.9571653	0.8926475	0.69318485	0.80579436	0.75734377
5769	0.8134603	0.37802845	0.2742946	0.19206135	0.8513783	0.9809816	0.68935806	0.21722062	0.41669104	0.5309564	0.36262563	0.843508	0.19109316	0.8532094	0.8969109	0.37012827	0.51476395	0.2893574	0.94470376	0.7401172	0.9267629
5773	0.8339617	0.417286	0.4011979	0.21411479	0.86878675	0.9920496	0.76458377	0.25634685	0.4229678	0.5516961	0.35402337	0.8838323	0.26671574	0.5578282	0.960706	0.3932622	0.6039845	0.3359236	1.0393772	0.72516817	1.0186288
5774	0.7601602	0.4671776	0.65070605	0.23476276	0.7924766	0.9528935	0.6379055	0.5013418	0.3608354	0.5473123	0.4032808	0.72339666	0.29993543	0.2547356	0.893876	0.44368145	0.61604434	0.3654338	0.8963	0.8422453	0.7219296
5796	0.6705843	0.85990524	0.5738214	0.2552909	0.75801086	0.57782817	0.54554874	0.30271748	0.7935205	0.69499284	0.4112344	0.552767	0.26253048	0.38193336	0.7248276	0.4845611	0.63842946	0.51869154	0.8104684	0.9048605	0.42754412
5798	0.33242562	0.41977808	0.9074165	0.9687764	0.27774784	1.0301707	0.61161274	1.039375	0.8283798	0.835645	1.0045811	0.9850634	0.53086084	0.47605154	0.5846338	0.6947824	0.2961266	0.30730394	1.0284088	0.27420774	0.98781604
5802	0.49784386	0.742299	0.7013891	0.24202257	0.6546916	1.066814	0.32614887	1.0079951	0.35534847	0.7566677	0.4233958	0.56424445	0.57186604	0.446999	0.31524554	0.61797327	0.7023217	0.38738906	0.7978196	0.8408633	0.8964769
5810	0.92838186	0.4075439	0.33666772	0.20566419	0.8464038	0.9396128	0.64426166	0.37054643	0.7464474	0.52901495	0.38027325	0.91459817	0.29672483	0.7472908	0.536576	0.4332737	0.7659692	0.7530551	0.89516664	0.8209963	0.9433667
5813	0.857524	0.42449525	0.5033927	0.20877562	0.6690981	0.72896034	0.7090658	0.77479637	0.39033368	0.5367718	0.41482073	0.8765744	0.5236663	0.841098	0.51475877	0.4453808	0.42087647	0.36121103	0.74306595	0.74820393	0.77161855
5830	0.7643063	0.44568542	0.32616967	0.21158524	0.7850357	0.9248969	0.6549661	0.27627745	0.7844784	0.5433133	0.3821506	0.88329583	0.29753038	0.65517783	0.87904805	0.3834937	0.59290093	0.32720563	0.9393406	0.6858639	0.9164047
5841	0.46250626	0.8551277	0.70302224	0.2569586	0.78028053	0.9397459	0.53417265	0.825604	0.5175024	0.7012303	0.39724836	0.64603704	0.47494677	0.2808679	0.7670846	0.4179954	0.6970804	0.557109	0.80791134	0.8991669	1.0337485
5848	0.40175653	0.53310746	0.72899145	0.30658987	0.7101986	0.99905396	0.41944262	0.63125354	0.63091546	0.69776046	0.5177986	0.6092973	0.41080534	0.44051155	0.3909072	0.6970714	0.698759	0.3644778	0.91665953	0.85305184	0.6101926
5856	0.8531884	0.4112086	0.41757292	0.20881823	0.81313527	0.84408885	0.49112934	0.4848982	0.93675655	0.5250767	0.38920367	0.8623054	0.38096237	0.99117297	0.29517663	0.527311	0.90326387	0.9535688	0.9436806	0.8381074	0.8736383
5873	0.7471282	0.39744052	0.26358593	0.27767685	0.5792656	0.8820009	0.6356166	0.57668805	0.7534875	0.54173917	0.44524944	0.8592973	0.42221004	0.94463414	0.5937535	0.5101088	0.47794482	0.44474807	0.9905501	0.5586789	1.0132692
5880	0.5996954	0.43589747	0.68650013	0.26216906	0.78638697	0.9539676	0.5931054	0.37826833	0.6171197	0.83721924	0.71328795	0.8565174	0.23651609	0.77751106	0.33869115	0.53500366	0.59984726	0.34096864	0.9197569	0.7788586	0.9164843
5892	0.80736667	0.43372536	0.2652368	0.22941083	0.79519707	0.47740355	0.8214806	0.25451294	0.37439954	0.5327454	0.36182144	0.8193984	0.2920061	0.25928202	0.96332073	0.6819934	0.50492054	0.36198175	0.8530176	0.89202785	0.9599438
5901	0.72190833	0.50388956	0.2981205	0.33277038	0.7392962	0.9522041	0.6662426	0.3680272	0.60096735	0.54731214	0.48552856	0.87675	0.27287412	0.38863936	0.7434601	0.47533318	0.64489365	0.39007565	0.84498227	0.59679776	0.720748
5914	0.7468726	0.4358293	0.29941788	0.234987	0.80468005	1.0035927	0.7938982	0.6194433	0.4760189	0.55014765	0.45164758	0.9442838	0.27797064	0.48785317	0.89341676	0.39239395	0.48323596	0.33866566	0.9451979	0.78804094	1.0232317
5916	0.41129115	0.8356119	0.80287784	0.27836066	0.6902536	1.0073804	0.38618818	0.71162015	0.49249446	0.8411834	0.5114544	0.6827357	0.8737485	0.34317788	0.44779485	0.5764135	0.69718194	0.5727827	0.9108969	0.7481465	0.9447149
5920	0.7502473	0.45105454	0.42640394	0.20446458	0.84888697	0.69907933	0.5115525	0.45158005	0.98987526	0.5505265	0.3730579	0.722958	0.36537483	0.96762156	0.31070134	0.45454755	1.0065464	0.970553	0.8763856	0.8062335	0.7748568
5929	0.7419732	0.78748584	0.3934504	0.25006697	0.75167245	0.4694714	0.6396871	0.25443405	0.4733907	0.5621125	0.36596417	0.66773516	0.33438435	0.23932442	0.92506224	0.64285046	0.48918703	0.35104617	0.7153446	0.8801423	0.7689025
5931	0.8142556	0.3954226	0.31697655	0.22393055	0.8350004	0.9231124	0.46609014	0.27140516	1.0026747	0.52821064	0.38363117	0.88761365	0.2883253	0.9846466	0.33185264	0.46884605	0.94556147	0.8831071	0.99265844	0.772181	0.96467865
5936	0.7599814	0.5319804	0.42103356	0.2351213	0.7490811	1.0517842	0.38672066	0.93383086	0.3471544	0.5549437	0.38261944	0.6760338	0.5335053	0.557532	0.31102675	0.5972928	0.7850525	0.89740974	0.9104637	0.88087523	0.47132444
5951	0.26927343	0.85529405	0.8502542	0.30398944	0.69278646	0.83986783	0.36028644	0.7241856	0.7689499	0.8413197	0.48836565	0.6036201	0.7211162	0.7163012	0.68721056	0.6184581	0.4953305	0.40981254	0.92051613	0.83082265	0.9542878
5953	0.24839462	0.49846542	0.34788814	0.22907259	0.7291198	0.5727997	0.6154244	0.43362996	0.7526395	0.5550865	0.4282186	0.81819874	0.21855155	0.816822	0.31726897	0.4576384	0.3019809	0.3192205	0.9287357	0.86046124	1.0106095
5955	0.89039403	0.3830221	0.25702384	0.2243823	0.827833	1.0522056	0.6597177	0.6681331	0.97749007	0.5229535	0.37658775	0.9002324	0.28858417	0.5862277	0.7240419	0.41747698	0.64452636	0.6134486	0.9685537	0.67152107	0.83365464
5964	0.81728315	0.37949362	0.41891018	0.2121919	0.8458419	0.59255093	0.47150743	0.32930917	0.9987692	0.5301511	0.37514934	0.82395595	0.3714535	1.0124421	0.35009527	0.5924486	1.0120883	0.99647605	0.9977893	0.8493947	0.8462515
5981	0.5218645	0.5519044	0.40185845	0.27080947	0.78491014	1.0824091	0.5955129	0.64064187	0.59164447	0.57482207	0.43933403	0.6896591	0.25682312	0.3643085	0.5903664	0.41241953	0.6276687	0.33068642	0.96806574	0.8321155	0.8536765
5986	0.8563842	0.39506066	0.3087227	0.21849783	0.86556035	0.7918165	0.70438904	0.9831552	0.30037442	0.52245665	0.38440904	0.8595188	0.35868403	0.22212702	0.37977585	0.4759013	0.5877606	0.35284966	0.9695851	0.74318343	0.65535825
5996	0.659554	0.7845484	0.5576843	0.28887796	0.6677573	0.51592296	0.38518345	0.704176	0.32212615	0.7218998	0.39739358	0.5379926	0.33507627	0.22310354	0.330411	0.66548926	0.8029851	0.8480199	0.47071075	0.6261612	0.19917667
6101	0.27253753	0.7834104	0.945302	0.37269223	0.5808637	0.73938423	0.3611747	0.7356451	0.5524918	0.840599	0.7319971	0.55874425	0.8340414	0.30720562	0.3895926	0.6435761	0.51938254	0.33530974	0.7730388	0.6742647	0.86587816
6106	0.27241352	0.744973	0.8011235	0.399138	0.5679631	0.69491744	0.41185558	0.8108524	0.35270175	0.8311862	0.47574905	0.47946253	0.82592666	0.38035083	0.42250606	0.71582687	0.6438429	0.45008102	0.4809978	0.651207	0.37335637
6110	0.6318533	0.6985718	0.72241545	0.24342333	0.79186046	0.79619384	0.5413013	0.7056797	0.36438304	0.8318761	0.40704584	0.5136178	0.58938736	0.21012339	0.84130955	0.42684394	0.65386105	0.39587495	0.60663825	0.8854443	0.6807145
6122	0.19229487	0.81470627	0.94771194	0.32323536	0.6573713	0.59443617	0.38453272	0.3264188	0.95492977	0.79647505	0.44357684	0.54367876	0.22927487	0.9679432	0.32822138	0.69321746	0.5996542	0.37247658	0.75901	0.6179827	0.2742069
6124	0.30472767	0.75871944	0.9276008	0.3211885	0.64749026	0.77747506	0.4165052	0.37448484	0.6089539	0.7555628	0.49535102	0.6330942	0.65456474	0.20390092	0.35169685	0.6785805	0.5030247	0.32811671	0.919564	0.75684583	0.69213116
6135	0.4342556	0.6945556	0.6476222	1.0272841	0.2652345	0.55046046	0.3324075	0.350486	1.0083501	0.647559	0.8813732	0.45029405	0.61873823	0.92309016	0.3103242	0.70482475	0.30659303	0.32113945	0.6508115	0.38174784	0.20336723
6143	0.4193869	0.5751984	0.8494219	0.2549455	0.6948283	0.70165515	0.41909444	0.31476203	0.9517101	0.7061629	0.46194893	0.53617364	0.23979187	0.9765421	0.31986642	0.69561297	0.5918301	0.34625655	0.86764115	0.82047343	0.8103021
6144	0.26877093	0.9096262	0.90902334	0.27648246	0.63179433	0.7053887	0.37155432	0.7519147	0.4559394	0.84174	0.44480067	0.4837222	0.64483064	0.33848938	0.39940637	0.62812024	0.65416396	0.4540904	0.615575	0.7042337	0.5145407
6154	0.5079987	0.46726507	0.736145	0.24409853	0.78922004	0.6814067	0.5968693	0.3362743	0.50340307	0.74011546	0.40821016	0.54238284	0.21260236	0.57840276	0.6398225	0.5452283	0.59367853	0.36540467	0.54673374	0.7629221	0.4797299
6156	0.7771082	0.4344612	0.42200232	0.25883934	0.70987064	0.8899822	0.5531267	0.2707134	0.55150545	0.6913824	0.42470953	0.8454748	0.28717595	0.7124815	0.85997957	0.46354824	0.60799325	0.4914403	0.91547054	0.72049564	0.9361947
6161	0.20160688	0.8543918	0.866398	0.9199665	0.2558457	0.4604361	0.35508367	0.9236704	0.8573745	0.8369421	0.78317684	0.38483003	0.9704922	0.9606249	0.294735	0.5665084	0.34041473	0.35337967	0.32470194	0.52381593	0.17411911
6162	0.19521433	0.81349105	0.94327044	0.37026247	0.45888636	0.6288915	0.34323058	0.84373033	0.65377694	0.83997107	0.7669412	0.5614578	0.440948	0.83150285	0.30685627	0.68791157	0.44191	0.33527756	0.624175	0.5975668	0.69368464
6170	0.23000892	0.8189958	0.8557202	0.29467437	0.67775774	0.51029414	0.4194051	0.60588926	0.6709253	0.8402072	0.44453946	0.42410874	0.6645376	0.33529693	0.4357255	0.58305955	0.7616903	0.55030847	0.63997024	0.87963635	0.38960475
6174	0.59161896	0.73011667	0.45441067	0.2598031	0.7581195	0.5693845	0.4777939	0.24294807	0.9342869	0.68895715	0.39450336	0.65629905	0.27024415	0.8087283	0.39886877	0.61685157	0.6150738	0.41745308	0.46314508	0.6602184	0.2995685
6178	0.39403427	0.4818124	0.77001643	0.32412776	0.7277754	0.5427709	0.4636788	0.33674186	0.76920396	0.73890144	0.4454724	0.52333254	0.3055069	0.43940786	0.5843981	0.6550984	0.5716821	0.34909952	0.4653261	0.8454083	0.40269166
6181	0.22034651	0.86899686	0.9152159	0.3591574	0.5670625	0.5398425	0.33141613	0.387845	0.8179141	0.84089667	0.80955446	0.47913063	0.36323768	0.9821724	0.32124096	0.7456825	0.45245275	0.33958164	0.8418739	0.6967558	0.7335083
6192	0.56749415	0.48565668	0.7906677	0.33534527	0.5782813	0.93783176	0.4032566	0.86504483	0.9208221	0.58172685	0.50218517	0.6350208	0.27644768	0.9825841	0.30295536	0.6630928	0.7239525	0.59869397	0.82007766	0.8436795	0.5176683
6204	0.63764334	0.47258016	0.48614675	0.26828873	0.8017534	0.9443024	0.6111078	0.42475265	0.43706396	0.83875513	0.437588	0.8490357	0.22871523	0.85898405	0.5084192	0.62339604	0.5812027	0.34502932	0.8872112	0.6919218	0.8347432
6210	0.26815233	0.87332517	0.83214927	0.4144204	0.450246	0.47103307	0.3595469	0.9474909	0.4995549	0.8132459	0.7575216	0.4549135	0.9285715	0.3558916	0.34125218	0.69280285	0.5063219	0.3877971	0.7373497	0.76825386	0.20022386
6218	0.6479411	0.48020223	0.7548249	0.24638467	0.8019934	0.95571554	0.4165677	0.9559314	0.5584885	0.61022884	0.3651008	0.6851228	0.6589602	0.4039116	0.3536784	0.57649475	0.71789336	0.73826766	0.8491807	0.88163227	0.6481045
6221	0.6903451	0.5887345	0.36854094	0.21725795	0.80373585	1.0080178	0.37433052	0.3605154	1.0164527	0.5562908	0.3890835	0.6104073	0.39664954	1.026238	0.2998561	0.5900173	0.9454059	0.8721798	0.83669966	0.893875	0.55491114
6224	0.61377066	0.4471112	0.65437967	0.9105298	0.28724247	0.83392465	0.41833222	0.31626672	1.0084231	0.6483679	0.8059605	0.71658194	0.40185064	0.9939361	0.30929926	0.58123916	0.3509314	0.3956638	0.69848084	0.62492627	0.3591352
6228	0.8232006	0.39627555	0.3285825	0.20195149	0.8728172	0.5598265	0.81598663	0.23112546	0.42602587	0.52546835	0.3480981	0.8282267	0.33234695	0.24233164	0.89074516	0.6484497	0.643127	0.36159095	0.80947495	0.9030108	0.5147595
6235	0.84703916	0.3760494	0.4434675	0.21795622	0.712407	0.5217984	0.76083887	0.56346005	0.33313522	0.5166758	0.37015122	0.726269	0.27002627	0.1907346	0.8230209	0.6525048	0.48451707	0.48892695	0.90214807	0.8980194	0.8088618
6249	0.6769979	0.4518909	0.29964554	0.26427713	0.30370733	0.45261598	0.46988675	0.2806342	0.9962763	0.52664155	0.36547318	0.43499693	0.22586653	0.8617434	0.33024928	0.684716	0.6232858	0.6225414	0.40267295	0.8779244	0.20614567
6258	0.7741734	0.39654428	0.30628002	0.2661662	0.7813147	0.5170103	0.6990493	0.2602748	0.6890434	0.5279537	0.3607663	0.7790844	0.34425405	0.34257233	0.76488477	0.4862365	0.6427704	0.5677612	0.65512127	0.86128306	0.329269
6277	0.637311	0.53162956	0.6439886	0.23574905	0.7582872	0.41735244	0.4127272	0.23269889	1.0071495	0.5385619	0.36261404	0.51662374	0.32270327	0.9416851	0.31706974	0.5690514	1.0285313	0.9621574	0.48693144	0.8211382	0.3690775
6281	0.695215	0.49449718	0.38626248	0.21665391	0.7089716	0.3956966	0.47149625	0.23336077	0.9430639	0.54833186	0.3619418	0.44143504	0.24913378	0.7384341	0.31482622	0.71225375	0.42090285	0.38727376	0.49337468	0.8890777	0.2733661
6283	0.860583	0.39247146	0.3149992	0.22862889	0.76873463	0.5858671	0.80990696	0.2890047	0.59360564	0.5140415	0.3907531	0.825151	0.3574064	0.21789497	0.926195	0.68665653	0.38626495	0.32683438	0.74125355	0.89161646	0.34617752
6288	0.8397864	0.41423595	0.34002548	0.20166676	0.8162698	0.47470656	0.6233921	0.47477496	0.38574523	0.5418906	0.37062234	0.7815438	0.2612128	0.5913627	0.33106396	0.58329463	0.81450087	0.89729244	0.65205646	0.8848979	0.31014198
6290	0.55202633	0.49656856	0.5114987	0.23226498	0.81044114	0.6295438	0.44081736	0.28402412	1.0004542	0.7859452	0.3732618	0.6057434	0.2799629	0.88048345	0.3115007	0.5116142	1.0248247	0.99000186	0.7364039	0.79549474	0.49591994
6294	0.6499802	0.48350757	0.519389	0.21595189	0.80377465	0.6240855	0.43734944	0.24250601	1.0244365	0.5729375	0.36391273	0.62532794	0.24329914	1.0268443	0.3096185	0.54579246	0.9823024	1.0378872	0.82941425	0.83279794	0.93400955
6304	0.74645036	0.45049483	0.31768835	0.22298087	0.8263901	0.68836355	0.6801252	0.36838534	0.57876194	0.53447914	0.3763344	0.78242236	0.27336	0.3029447	0.86985475	0.5492597	0.7950367	0.52839017	0.86510146	0.89189893	0.61754745
6306	0.7324484	0.43472496	0.4978435	0.21518856	0.8133343	0.8353841	0.39901906	0.24211018	1.0069206	0.56847215	0.3552121	0.6347923	0.32343954	0.9442341	0.31226897	0.5823279	1.0214058	0.9916506	0.9327175	0.8954849	0.89343226
6307	0.7966148	0.47951248	0.47466853	0.22499348	0.8061309	0.9811478	0.7328854	0.8635298	0.3955712	0.69638175	0.36816928	0.8297485	0.39508507	0.24939767	0.6106735	0.5359728	0.62383264	0.40387842	0.70057446	0.89156705	0.8815912
6308	0.4763939	0.63263905	0.63875926	0.23036791	0.7122084	0.4569595	0.44819796	0.30981636	0.9537969	0.68889445	0.37902167	0.42144975	0.3544389	0.85209036	0.3246212	0.7203881	0.49775213	0.40773717	0.41460738	0.8729933	0.35888198
6315	0.30511826	0.91202873	0.8989569	0.28628793	0.70450073	1.0183564	0.41324705	0.7923395	0.47318056	0.83512956	0.4799884	0.5722265	0.65324575	0.26243386	0.4882228	0.4696169	0.7527596	0.4403399	0.9030276	0.87352926	0.9178749
6320	0.8507392	0.46824613	0.7978369	0.22720559	0.81499213	0.9825166	0.52703696	0.97990364	0.41738948	0.5595895	0.3844211	0.8315117	0.743801	0.6187161	0.38320202	0.5447214	0.73572034	0.8693069	0.97530437	0.8577523	0.91481316
6324	0.5261162	0.47476184	0.46407303	0.31588513	0.75183225	0.9427395	0.545636	0.29077896	0.58535254	0.6884099	0.55764484	0.82262343	0.22622813	0.8548324	0.51224893	0.46620706	0.46212146	0.31539717	0.8879554	0.7443674	0.8016551
6329	0.8716669	0.37539026	0.25459597	0.19652112	0.8739071	0.7384229	0.57261384	0.34342575	0.9127094	0.5230652	0.35686845	0.8266241	0.3167705	0.5419528	0.43140593	0.528217	0.6234607	0.78949946	0.9561502	0.89406437	0.94600075
6333	0.39115283	0.700231	0.84207845	0.2556035	0.7104985	0.8765312	0.49285075	0.6866793	0.4208911	0.56806374	0.42042953	0.5129751	0.43269557	0.39043948	0.85842997	0.43272337	0.66147107	0.5087971	0.76539314	0.91505855	0.5983137
6337	0.2724854	0.57373923	0.79052234	0.9056053	0.2999977	0.60413384	0.36281413	0.3073098	0.8302123	0.7115976	0.9061879	0.5907474	0.3195198	0.8922297	0.3292954	0.61728144	0.35326266	0.31862777	0.69296247	0.8964831	0.87194055
6339	0.7316509	0.3883105	0.27226204	0.21659496	0.87200475	1.0749141	0.760085	0.4222692	0.4287006	0.53089666	0.3778975	0.84907484	0.30567613	0.28979743	0.87826455	0.36661935	0.58033484	0.3538769	0.9796684	0.9055644	1.0298536
6364	0.7010103	0.42959565	0.6477713	0.3470053	0.68879384	0.6258367	0.4584297	0.41122487	0.9307238	0.5625953	0.44792953	0.72494715	0.22355983	0.7204082	0.6298866	0.5906667	0.454345	0.35887676	0.6921764	0.40647945	0.71242845
6366	0.79070705	0.39273256	0.29664823	0.2029402	0.87349427	0.99679947	0.736123	0.22741091	0.37361234	0.5474544	0.35475537	0.81173855	0.23062575	0.3157954	0.9583895	0.42154682	0.5744817	0.35530624	1.0476134	0.8928895	1.032997
6370	0.78895944	0.4256128	0.29414335	0.4369312	0.7328132	0.72138447	0.73269516	0.41357845	0.49380067	0.5328608	0.38357824	0.8220739	0.31471616	0.5928488	0.8170648	0.44653404	0.5455351	0.3978725	0.847042	0.7100174	0.81693655
6374	0.7185714	0.39949	0.3176906	0.25971466	0.83838314	1.0314734	0.7415544	0.36891425	0.45267197	0.5994391	0.48249552	0.9454235	0.23945698	0.72909224	0.88710517	0.39364946	0.5722139	0.31256664	0.92036974	0.81769216	0.9600046
6375	0.77964246	0.56755686	0.22661293	0.23096344	0.7307691	0.53530437	0.53420466	0.27398944	0.84230703	0.56649125	0.3842931	0.57856745	0.28330392	0.3471762	0.9322579	0.6824693	0.4012365	0.31646365	0.7335513	0.9140068	0.42911538
6389	0.72090447	0.44174024	0.38907415	0.22924095	0.8437125	1.0042092	0.7661578	0.56976986	0.48397386	0.5487942	0.40380627	0.9066738	0.2913095	0.36096567	0.85784376	0.3617261	0.583719	0.3253588	0.9611426	0.90125185	1.0020593
6392	0.48052642	0.5426262	0.7627685	0.2234512	0.791077	0.8890701	0.7219327	0.69854265	0.93122125	0.67584753	0.50432146	0.85782826	0.4268567	0.38256097	0.6786498	0.5008877	0.6096685	0.44661415	0.7158546	0.68340033	0.929527
6397	0.58992076	0.6315541	0.44143227	0.245221	0.6689141	0.9301904	0.40957355	0.9272507	0.4099585	0.7084562	0.39858425	0.6726167	0.8628236	0.5532353	0.35743374	0.55221695	0.8212873	0.55114496	0.7020239	0.55030835	0.7997431
6403	0.79756105	0.53335524	0.619913	0.21918483	0.7891128	0.62444043	0.41710073	0.6699337	0.86562973	0.55892026	0.36594287	0.77805334	0.7347092	0.78192025	0.28893074	0.46426952	0.93105793	0.471222	0.91497195	0.74278617	0.31125346
6407	0.60781175	0.5752701	0.7240846	0.3400149	0.3271174	0.7066188	0.39776608	0.4381659	0.78584623	0.5642025	0.49416888	0.64139193	0.45256716	0.8388057	0.2985697	0.67434895	0.44370902	0.35718817	0.59759057	0.60510963	0.2326508
6418	0.817731	0.4253609	0.28646928	0.25021133	0.43738484	0.64285576	0.7438161	0.819402	0.36187986	0.53553385	0.44322172	0.7756091	0.5745892	0.22341731	0.6117797	0.6750676	0.39425924	0.33328116	0.7745339	0.5686579	0.3460008
6422	0.84181654	0.4228088	0.35470793	0.2219855	0.30037472	1.0695176	0.5410218	0.9876304	0.41937527	0.6396199	0.3869595	0.80869925	0.33525833	0.31137326	0.3115223	0.45036018	0.45220807	0.5414152	1.0261631	0.53538376	0.8950525
6423	0.21901165	0.8271076	0.8547402	1.0265034	0.25197986	0.48752928	0.385921	0.72928476	0.8661377	0.6332524	0.8218092	0.46465844	0.39574122	0.88986975	0.31491086	0.5519794	0.34775892	0.33323947	0.6538893	0.2785504	0.35167667
6424	0.539488	0.609961	0.7429994	0.2339371	0.79456425	0.76631486	0.5466349	0.26742914	0.6360546	0.56017894	0.41355318	0.7182496	0.41403028	0.6927587	0.73653	0.41069746	0.6951035	0.47281408	0.736448	0.67421854	1.0229834
6436	0.40640363	0.57168007	0.46315917	0.9938632	0.26110438	0.9208267	0.36233145	0.9895836	0.41391945	0.7063221	0.8953307	0.5542443	0.8567656	0.27209634	0.31591704	0.68641543	0.33573592	0.3066403	0.92494655	0.20362641	0.97803926
6440	0.21260916	0.86238307	0.7678687	0.97012126	0.2641277	0.5355682	0.32994723	0.7352213	0.81811213	0.7337563	0.8342085	0.47940037	0.79835415	0.9637087	0.31624964	0.63602024	0.30944735	0.3626251	0.7224703	0.39215344	0.54294455
6443	0.69065326	0.6267418	0.44503677	1.0158631	0.23356172	1.037249	0.42567468	0.9518578	0.79017955	0.5801775	1.0086111	0.5005385	0.2606855	0.81557685	0.3074086	0.6496886	0.29962504	0.29207107	0.671701	0.34560138	0.2877858
6450	0.6630132	0.4687851	0.40331286	1.0277507	0.25072575	0.8692241	0.40746278	0.2678649	0.962118	0.5731568	1.0067053	0.7242922	0.33021945	0.93075716	0.32682058	0.72611606	0.30453223	0.28819585	0.7384178	0.27369356	0.5391781
6468	0.22487219	0.43361816	0.87683797	1.041703	0.25074726	1.04917	0.37110806	0.94324875	0.8945142	0.829335	1.034286	0.7480175	0.8974207	0.89105815	0.30504313	0.70897007	0.2862812	0.31728095	0.9109642	0.24186799	0.9002388
6472	0.48858932	0.47348863	0.67966896	0.37984326	0.42086	1.068116	0.5314235	0.58251774	0.51896733	0.6030735	0.58540106	0.8166571	0.3424273	0.28765613	0.9026726	0.44822943	0.5815	0.29961473	0.9755027	0.6345086	0.7726968
6492	0.26944825	0.7599219	0.76686287	1.0204828	0.2976805	0.6105969	0.47244033	0.68573105	0.5274952	0.72481847	0.90918154	0.5275526	0.6535067	0.44368428	0.6870907	0.721454	0.35209334	0.33201653	0.63395196	0.3264789	0.2964358
6499	0.40917832	0.5812885	0.8093781	0.7012305	0.28367984	0.8568853	0.48926476	0.9275777	0.46420565	0.72169137	0.8472571	0.4975068	0.5720056	0.3286726	0.50444806	0.6920571	0.35431167	0.31544974	0.77402526	0.27514312	0.37806547
6502	0.4709294	0.71728706	0.9478619	1.0405253	0.2400275	0.7018166	0.3466295	0.8160634	0.49584046	0.8332484	0.9053435	0.56660587	0.48006022	0.4216909	0.31809393	0.616444	0.29207498	0.3095778	0.6771698	0.22775948	0.55505764
6508	0.25638008	0.5611784	0.8921815	1.0301428	0.2414929	0.85605115	0.40531233	0.96878445	0.5893337	0.8261366	0.9856257	0.56386733	0.90976423	0.4400104	0.33820853	0.7246699	0.3439894	0.31499436	0.6287196	0.27188876	0.719776
6519	0.374992	0.49199408	0.3885823	1.0835487	0.24090044	0.9122752	0.41863656	0.6873427	0.93411523	0.71223104	0.92859167	0.7146451	0.7898051	0.97155434	0.3312268	0.70104367	0.253717	0.31475845	0.7894658	0.23741032	0.7045836
6524	0.35552573	0.61153775	0.36625913	1.0180804	0.2514002	0.56732565	0.3529913	0.27392125	0.9816306	0.5946988	0.8636276	0.50803864	0.22930425	0.8945872	0.34085113	0.6432606	0.29148063	0.31790262	0.6740137	0.27657968	0.365117
6535	0.84537584	0.40928805	0.37391236	0.19783011	0.8572234	0.80588263	0.4258035	0.27578083	1.0390729	0.53038967	0.3636601	0.80502945	0.2741816	1.0275458	0.29278547	0.50004387	0.97860223	0.9401468	0.837152	0.8967714	1.0367126
6537	0.73922443	0.45141676	0.24829412	0.3850028	0.35177058	0.588292	0.52500343	0.29444438	0.995269	0.5476824	0.70011836	0.5892644	0.22222757	0.9298111	0.6089764	0.68607163	0.5889969	0.3704604	0.65467906	0.59856606	0.28929383
6546	0.24629359	0.59853536	0.838962	0.62286836	0.34978142	0.8402513	0.36142153	0.425566	0.94017255	0.7030964	0.91156936	0.62395805	0.5003933	0.9468196	0.3486699	0.62346303	0.40920123	0.28487957	0.6937414	0.5113087	0.32653317
6565	0.52380884	0.6557328	0.7462002	0.27651614	0.7093217	0.8802081	0.4911302	0.7361581	0.58632606	0.62786686	0.4306325	0.52062076	0.32384196	0.64028895	0.4541206	0.54092926	0.62127525	0.39152083	0.72231454	0.878216	0.55391693
6573	0.22556339	0.44276682	0.9465993	0.7599594	0.29103386	0.8738693	0.3708723	0.7770325	0.6198895	0.81557417	0.91688824	0.7166996	0.44016197	0.86063373	0.30728674	0.6803926	0.29191053	0.2893489	0.81663156	0.62135	0.6582418
6575	0.66297996	0.54967004	0.39335352	0.24722974	0.85104656	0.494742	0.3561641	0.37976488	0.9486218	0.602782	0.37479275	0.72801733	0.40041706	0.937634	0.29297796	0.52524084	0.86496943	0.69323725	0.5720618	0.89051217	0.99599177
6579	0.59157795	0.53969806	0.38296792	0.27716607	0.63759106	1.0728365	0.5864237	0.7331653	0.8947495	0.65785414	0.7308029	0.723193	0.44014296	0.7117826	0.3391519	0.51644427	0.42228907	0.35159042	0.9622613	0.5237139	0.7658705
6582	0.2134753	0.963852	0.770541	0.6994314	0.32548591	0.42114457	0.31564152	1.0310396	0.3600065	0.8291843	0.81139386	0.37094176	1.0049303	0.24140657	0.3063027	0.64731765	0.40003988	0.36090904	0.57163537	0.55720824	0.2218946
6590	0.29164574	0.5222993	0.7564869	0.49250877	0.27049297	0.51732045	0.3787401	0.3614794	0.73072594	0.83422655	0.87991065	0.5037047	0.2822688	0.74669284	0.36750826	0.708464	0.29214206	0.31916964	0.6094605	0.27537867	0.36434162
6595	0.43351513	0.76062506	0.8487379	0.473487	0.5282926	0.8241769	0.41207907	0.5255064	0.78744096	0.6682222	0.5769638	0.5940207	0.5648609	0.52091146	0.3182052	0.5406159	0.58855975	0.5249231	0.554026	0.717115	0.872911
6598	0.22219007	0.8044272	0.8732954	0.5997068	0.28138044	0.58344984	0.39061984	0.3119404	0.9662958	0.7134351	0.7249709	0.49405932	0.41793633	0.94096285	0.32053614	0.6337308	0.34929344	0.33210355	0.7593344	0.4719907	0.553098
6602	0.59338486	0.8305999	0.89767104	0.5348478	0.36061448	0.7506923	0.43965027	0.9912721	0.32044202	0.7767731	0.8061445	0.5332081	0.39466447	0.18851489	0.3266134	0.7367929	0.3521016	0.32762474	0.8465581	0.65050906	0.69667965
6603	0.19621259	0.8062439	0.5679831	0.36320168	0.7052413	0.63372815	0.3685794	0.2863106	0.93730336	0.69935226	0.59408635	0.4786106	0.3526	1.0281736	0.33221152	0.64313704	0.67308134	0.35822746	0.820293	0.7842346	0.75988376
6609	0.55738163	0.4936089	0.8813664	0.22736077	0.82820195	1.0362748	0.3492221	0.64481646	0.9595942	0.78729177	0.38408187	0.9210765	0.51922524	0.7987352	0.31592658	0.46333182	0.90537125	0.39562583	0.9972494	0.79234546	0.97883683
6613	0.23524858	0.8626392	0.93152624	0.4717516	0.31967887	0.78589356	0.43118018	0.545227	0.6644712	0.666683	0.73581064	0.62028706	0.2754347	0.7396578	0.33472177	0.68531257	0.37661952	0.2978726	0.7158855	0.8172667	0.2582412
6619	0.22230859	0.8321271	0.91470647	0.43472356	0.38591942	0.64470714	0.3606702	0.90854216	0.49017352	0.8397419	0.8674418	0.5420762	0.85589474	0.21923175	0.3325159	0.68052197	0.49715555	0.35180846	0.7277116	0.30976325	0.29743296
6625	0.6626122	0.44314325	0.89054835	0.40296838	0.26394814	1.0625755	0.45325887	0.7613058	0.7883093	0.70184195	0.86126363	0.63019115	0.2989664	0.89852256	0.6650119	0.5909927	0.33434355	0.32408538	0.7449682	0.51579916	0.10460509
6629	0.31163335	0.74814713	0.8770779	0.33451164	0.46252558	0.5804217	0.3970678	0.60943514	0.55173224	0.56668675	0.7080257	0.5399848	0.6218504	0.4931711	0.2983447	0.66861695	0.37958902	0.3275332	0.71854424	0.8922789	0.45780268
6630	0.25584587	0.8344843	0.96197253	0.4038115	0.43777025	0.5417074	0.3808627	0.9511456	0.3125649	0.74524343	0.69277316	0.5756774	0.92578226	0.19097593	0.33261973	0.6877137	0.39768052	0.33214995	0.7063481	0.753371	0.50804317
6649	0.59630203	0.47881234	0.3833085	0.9791709	0.21962248	1.0922023	0.39868137	0.7205733	0.8428141	0.58143175	0.97008824	0.6755445	0.5304128	0.99228686	0.32037258	0.6689604	0.28308278	0.28827253	0.900633	0.21354973	0.47309616
6652	0.3301338	0.5758206	0.38253948	1.0138012	0.25365502	0.8426909	0.42256278	0.76545	0.7373469	0.5897669	0.80665433	0.5787846	0.51799124	0.7750658	0.32790008	0.5527517	0.33093458	0.31168592	0.8663183	0.22660667	0.558865
6696	0.2966469	0.75141895	0.8478671	1.0517323	0.248543	0.55416745	0.32039744	0.28119043	0.95926946	0.6857017	0.8402015	0.57094014	0.24197169	0.9810317	0.32749033	0.6618516	0.26563665	0.31384262	0.8984791	0.25102746	0.3891316
6716	0.23135456	0.46817842	0.8281247	0.8574159	0.24659768	0.9634046	0.36358356	0.44772634	0.74770874	0.7696487	0.89337873	0.61917853	0.27245876	0.68024534	0.75027955	0.5781173	0.27571702	0.3110304	0.9576151	0.28217632	0.66084534
6717	0.5541987	0.46837464	0.4484154	1.0248692	0.22091793	1.0840125	0.35593852	0.9251422	0.772473	0.6302019	0.971178	0.53451765	0.32192335	0.81232965	0.30919364	0.70063126	0.29161662	0.28483558	0.88089734	0.22206046	0.57825464
6720	0.5970324	0.48144937	0.31287673	0.9606799	0.29359183	0.7573908	0.47344694	0.33026764	0.8970477	0.56993353	0.7556335	0.6131921	0.23228867	0.8375245	0.35251006	0.62336975	0.38222915	0.32441023	0.69427	0.3140163	0.40632972
6728	0.5529582	0.5696302	0.37574053	1.0230638	0.29466477	0.81342	0.38149002	0.91275394	0.7580864	0.558812	0.8415027	0.6350702	0.5123599	0.9470959	0.31523767	0.68827665	0.29313612	0.29765916	0.8337894	0.23142122	0.3530063
6729	0.43720526	0.6385519	0.6965375	0.8090387	0.4868496	0.9286101	0.6320225	0.26087058	0.57852435	0.56075954	0.64672786	0.7073801	0.26845187	0.8995569	0.86090475	0.36920658	0.44056854	0.30202428	1.0134828	0.36042503	1.0032865
6732	0.36518332	0.6699184	0.85874844	0.79906857	0.28656018	0.85107017	0.39129996	0.98017395	0.35669434	0.69487303	0.85990876	0.47590142	0.76763964	0.2939718	0.33332077	0.61415136	0.41323817	0.34655434	0.77223945	0.42525196	0.43400872
6736	0.21256134	0.9500481	0.86294657	0.3214007	0.27775458	0.5750473	0.394271	0.8816389	0.38824806	0.843311	0.9266271	0.39742634	0.80087155	0.6607613	0.30996972	0.6307637	0.4579897	0.35622162	0.39392832	0.44329053	0.33267674
6752	0.37420756	0.7172848	0.8266151	0.45993346	0.41382757	1.08331	0.37703845	0.8126617	0.7122046	0.83928454	0.9016919	0.6471463	0.7661328	0.83749545	0.324656	0.6547355	0.4036224	0.3134978	0.81919056	0.72569317	0.45286155
6761	0.7652798	0.55495983	0.45268065	0.3673524	0.4920479	0.9072755	0.52887297	0.5088312	0.8925037	0.6816024	0.89631927	0.8613015	0.52944314	0.8618035	0.36485976	0.6436027	0.55036604	0.3770888	0.91924626	0.57296944	1.0575683
6768	0.7080239	0.41514656	0.26457003	0.59409326	0.5797164	1.060877	0.63435024	0.23868197	0.4569761	0.53705615	0.5361073	0.79176927	0.2359055	0.6594348	0.95448035	0.4046087	0.4891051	0.32029542	0.9507449	0.86213416	0.77556753
6773	0.71584207	0.48706657	0.50000185	0.86729413	0.6126645	1.0806735	0.49407136	0.31052864	0.57153565	0.5531411	0.46931094	0.6907535	0.24556147	0.1626175	0.82457787	0.49719197	0.5417339	0.31177184	0.82440555	0.87871206	0.35689592
6779	0.39345467	0.4861818	0.53894216	0.76676095	0.35845417	1.0404543	0.3910021	0.88351655	0.64606893	0.7715426	0.86920804	0.5742276	0.6435757	0.83734185	0.32358253	0.58000237	0.581213	0.42909035	0.888702	0.8881419	0.96267486
6789	0.6862779	0.47500277	0.39941034	0.98343074	0.28763315	1.064218	0.448772	0.4302388	0.89417005	0.5904434	0.9531768	0.73475707	0.28866303	0.9313069	0.3897338	0.5855907	0.3192435	0.28794843	0.8168959	0.3119474	0.80899686
6796	0.32803583	0.7138164	0.70733666	0.61583215	0.52880925	0.7473712	0.43292683	0.3189386	0.8753842	0.68991095	0.6695841	0.5482419	0.2562347	0.665291	0.5536048	0.55891883	0.5876924	0.3595939	0.63942754	0.5782998	0.5638337
6799	0.8089063	0.4339668	0.34527037	0.44290537	0.4931172	0.6675473	0.73017955	0.80507493	0.35470927	0.5322915	0.44350803	0.88427234	0.43311962	0.28381398	0.5555132	0.6616552	0.34194037	0.31836444	0.77764183	0.46304587	0.2955334
6801	0.28260353	0.748107	0.8559016	0.9372218	0.35952723	0.8574614	0.35397202	0.9725013	0.39486307	0.81003094	0.977253	0.516661	0.8851466	0.19066387	0.2898721	0.6963942	0.3397935	0.30285007	0.88788277	0.2729289	0.85652226
6804	0.71382725	0.47568223	0.49263856	0.591693	0.7538996	0.94201994	0.42882088	0.30641666	0.94881576	0.57961005	0.74634016	0.64505076	0.21446994	0.95822	0.35798758	0.54675907	0.5652581	0.45040587	0.75551254	0.5981661	0.8436043
6808	0.6026552	0.463693	0.3742835	0.93918395	0.33445382	1.0730603	0.5110894	0.5238269	0.9473985	0.5816642	0.82279134	0.6592014	0.374537	0.838777	0.5080407	0.5472832	0.38931072	0.31689483	0.8465975	0.46644342	0.83100176
6810	0.5568345	0.55725014	0.50537497	0.9789314	0.32539192	1.0612135	0.36653757	0.99254936	0.5380397	0.594082	0.86587465	0.6177272	0.276943	0.35181963	0.35721645	0.6350258	0.36931437	0.2976632	0.73849034	0.3330322	0.3785037
6815	0.66252786	0.44907364	0.26995105	0.875386	0.5459265	1.0829759	0.6603852	0.2879835	0.62463194	0.5509644	0.63425094	0.7388091	0.24585907	0.4539966	0.84314895	0.46080086	0.4320894	0.30760738	0.9339333	0.8127522	0.9325301
6829	0.7167738	0.4602852	0.3888582	0.25690877	0.60216665	1.0765224	0.7805761	0.8619015	0.5867941	0.7168625	0.42435974	0.9250413	0.25626582	0.24856576	0.59468293	0.49450946	0.45727617	0.31337103	0.99019384	0.84417516	1.0125642
6831	0.58082813	0.4161631	0.64946896	0.21121722	0.8265116	1.057808	0.38969928	0.86970913	0.938012	0.7773443	0.39866006	0.8308009	0.8945618	0.77285624	0.35843107	0.44882286	0.62283045	0.40185568	0.9960118	0.8773381	0.9845517
6835	0.23563395	0.7299571	0.9148414	0.4860501	0.3378265	0.7142476	0.37687027	0.89276326	0.41378266	0.7367542	0.60960376	0.4454679	0.68115234	0.35193577	0.3637104	0.59747267	0.35520205	0.3089329	0.4416193	0.73601913	0.54067135
6836	0.6229146	0.52089584	0.4815249	0.23211466	0.6576302	1.0855557	0.41653985	0.5106903	0.911494	0.6299334	0.45341662	0.5748936	0.29476222	0.97270787	0.4325421	0.56951845	0.8410941	0.4975137	0.8388069	0.78760535	0.94112796
6848	0.6772874	0.51579934	0.48633716	0.25440595	0.8110915	0.9569347	0.45701367	0.3225361	0.94473857	0.5984487	0.40613142	0.7122804	0.44444028	0.97397906	0.48403233	0.475981	0.6925336	0.3987424	0.73893136	0.8462765	0.83382404
6852	0.7153214	0.48243892	0.42073452	0.24783804	0.71580005	0.798181	0.6592612	0.24246038	0.9399109	0.6367465	0.41157138	0.59527975	0.24071729	0.97972447	0.95038337	0.49419004	0.5815541	0.4001928	0.7266338	0.8440891	0.5781407
6864	0.7945397	0.42916712	0.3719469	0.22226457	0.8389216	0.9209671	0.3729642	0.30756372	1.0097041	0.5640557	0.3813754	0.76916724	0.45804596	1.031034	0.31032646	0.55860287	0.9945403	0.6928489	0.90678793	0.8521274	1.0045565
6869	0.7703561	0.42305973	0.38200518	0.20636666	0.8709742	0.8443562	0.3770921	0.35337278	1.0234159	0.61962247	0.36195496	0.80938584	0.5325595	0.9677282	0.29662758	0.42957377	1.033607	0.92126	0.8466969	0.9043781	1.0074526
6879	0.7656161	0.41195	0.3794031	0.205252	0.8774748	0.74224645	0.38165674	0.3094315	0.99518985	0.5807463	0.35261145	0.8096283	0.42405725	0.93310046	0.31263098	0.457719	1.0270606	0.9336513	0.8251468	0.8984376	1.0085348
6885	0.37454772	0.50286317	0.82034713	0.24125452	0.41600683	1.0058849	0.38660026	0.7077256	0.9018476	0.6530139	0.40809938	0.65838295	0.6964697	0.6908321	0.29970226	0.5121525	0.5298825	0.35457933	0.784037	0.7493463	0.60794944
6899	0.4803224	0.5036576	0.83475536	0.21486725	0.82681084	0.9710166	0.39376357	0.7806585	0.8411953	0.5874696	0.41660744	0.73239887	0.53349197	0.7932059	0.3153726	0.43864718	0.77747107	0.4757956	0.72217417	0.8905354	0.9844745
6906	0.7396461	0.44603452	0.5675645	0.21982603	0.8142679	0.59305483	0.4397698	0.4918798	0.9998248	0.5395717	0.38234252	0.60942733	0.31961188	0.9973852	0.30356717	0.5981898	0.9669875	0.8225721	0.710815	0.8762041	0.8230316
6907	0.75797176	0.57445735	0.34905317	0.25209466	0.81156987	0.92261773	0.5575214	0.55231917	0.6836834	0.58603066	0.47989097	0.85476047	0.6795559	0.55704993	0.6931098	0.4924055	0.7494807	0.41384774	0.976041	0.7831053	1.0482525
6915	0.5340386	0.498017	0.6072567	0.22916085	0.7809908	0.66352147	0.5201002	0.29830787	0.88976324	0.57116634	0.4502408	0.5846295	0.22734146	0.8072008	0.76428837	0.52379155	0.90284264	0.8170569	0.7461476	0.68619317	0.6327536
6916	0.36819503	0.5134429	0.6990272	0.24899508	0.7183603	1.0521297	0.44630256	0.678937	0.62421614	0.6911422	0.5825906	0.57812226	0.5920396	0.7997879	0.6615886	0.60059416	0.5847313	0.35251355	0.70259976	0.8208229	0.7962147
6920	0.78226006	0.43521774	0.5046818	0.21410194	0.8693658	1.0502748	0.4083343	0.38950297	0.9958294	0.62199146	0.37254	0.855503	0.6476163	0.932754	0.3487155	0.48937023	0.9481933	0.54615647	0.9148624	0.8814858	1.0139698
6928	0.57127887	0.5212953	0.3807017	0.22377615	0.83140373	1.0150797	0.458455	0.5474258	0.85698277	0.624873	0.38327774	0.6201661	0.27028313	0.7704901	0.75286484	0.4489139	0.66150415	0.37357074	0.7835717	0.7496889	0.724919
6933	0.7061985	0.48121014	0.30241317	0.23871867	0.779957	1.0620996	0.6256675	0.68303835	0.54605997	0.83884895	0.41384417	0.76252115	0.2604697	0.87480575	0.4164575	0.5778048	0.6257507	0.45255005	1.0117402	0.88965005	0.9096712
6938	0.275541	0.7229498	0.8692207	0.3377295	0.50478727	0.76775134	0.3626582	0.76606506	0.5093075	0.8407902	0.5005054	0.53394043	0.8781798	0.3598431	0.43837786	0.58382386	0.6893167	0.38858494	0.6456079	0.74001604	0.48434374
6944	0.4351333	0.64852124	0.7331893	0.2332034	0.8587212	0.9749288	0.5531555	0.7089663	0.72958976	0.58642507	0.40852487	0.70521253	0.37823036	0.8521448	0.5464602	0.39573422	0.90120775	0.45536146	0.9275898	0.84891135	1.0210974
6950	0.7295998	0.5713499	0.44951776	0.23824961	0.6564257	0.6735727	0.48009974	0.7666362	0.33940816	0.57459164	0.41616374	0.638251	0.3082243	0.4539399	0.37845597	0.63205117	0.6003383	0.40748566	0.6801932	0.770746	0.36324945
6953	0.5492738	0.49767923	0.5154396	0.24054617	0.80869424	0.96900165	0.39385882	0.8250351	0.5490397	0.579371	0.41197997	0.67635757	0.4847282	0.756724	0.33861837	0.3845404	0.9342059	0.5910998	0.7968218	0.85191494	0.88468486
6954	0.31414908	0.42594618	0.61122704	0.36784464	0.46953228	0.6854154	0.4273721	0.9248838	0.8935222	0.601481	0.40226763	0.6094822	0.62734264	0.9337472	0.31945887	0.56094646	0.81401795	0.94904804	0.8772744	0.86772937	0.5357856
6957	0.4408497	0.5893935	0.4092433	0.32742396	0.7523628	0.7952078	0.39316666	0.9143814	0.46193364	0.5690971	0.44934568	0.6275669	0.58735466	0.51432866	0.3079162	0.5653873	0.64246243	0.4464208	0.7921568	0.84617734	0.6525292
6968	0.4721479	0.73969734	0.64304316	0.23952338	0.7730208	0.8025936	0.43497396	0.29399318	0.93900675	0.8187174	0.37846678	0.52412826	0.33173174	0.8517396	0.34300062	0.48963445	0.8588078	0.7861471	0.6486886	0.61402243	0.4403878
6981	0.75165683	0.42843878	0.46206912	1.0164458	0.30370188	0.47303793	0.47351563	0.25944552	1.0290205	0.53896934	0.4401911	0.747348	0.27155468	1.0008688	0.31490564	0.59825677	0.27383652	0.4676456	0.6069569	0.84658444	0.21390526
6987	0.72308004	0.5315914	0.7019003	1.0614307	0.27245042	0.6234581	0.40715986	0.2573551	1.0090557	0.60995245	0.82952017	0.69850796	0.26036942	0.88678634	0.33090663	0.61935145	0.4287949	0.32127512	0.6087642	0.31618354	0.359213
6989	0.6739278	0.67581654	0.74334157	0.9708488	0.29454514	0.8383174	0.39631993	0.87732285	0.8016048	0.5695852	0.9411959	0.6535295	0.25921953	0.90892	0.31430706	0.6546311	0.3551661	0.3086074	0.883083	0.24046184	0.3678415
6992	0.7603587	0.6926844	0.5036248	0.94452935	0.25878066	0.8235655	0.5211416	0.79700875	0.40102968	0.5460219	0.89210546	0.5432568	0.23812918	0.22559205	0.8695272	0.66258097	0.32599497	0.3150326	0.64783597	0.23142321	0.18027535
6997	0.390529	0.48040473	0.39262396	1.0436877	0.34491998	0.7205852	0.51316875	0.3825267	0.9094734	0.68772525	0.7699405	0.6784515	0.54325324	0.6820563	0.33443427	0.68620074	0.37493503	0.3128252	0.8244615	0.3739508	0.5746145
7100	0.80308527	0.39685735	0.39606687	0.20879881	0.85771036	0.95769596	0.7447423	0.23556732	0.37446168	0.55245125	0.35271648	0.72831935	0.22225156	0.73312867	0.8759597	0.4412845	0.47708842	0.35173357	0.9793263	0.70813894	0.979436
7113	0.34559697	0.78426224	0.7897376	0.9883717	0.30132493	0.68771285	0.37167245	0.45433503	0.68532574	0.6481371	0.9265109	0.5717995	0.87724626	0.22835223	0.28480563	0.66733944	0.36284488	0.30672848	0.56684583	0.26054794	0.41282737
7118	0.44538072	0.5514146	0.7728356	0.3737814	0.34744284	0.8384012	0.43594286	0.81245744	0.5031883	0.64131796	0.6804018	0.60728943	0.51417136	0.36738846	0.35973272	0.53065825	0.38267192	0.32286227	0.9076536	0.68295246	0.6716493
7125	0.32268617	0.85259855	0.6897852	0.94341785	0.27732992	0.973376	0.37473607	0.9790255	0.7277109	0.8335007	0.94085324	0.5896254	0.81181765	0.5682695	0.33014354	0.5998653	0.45135713	0.3811162	0.7842017	0.37961882	0.49723107
7128	0.49065953	0.4028065	0.85808843	1.0466396	0.2286163	0.7928238	0.4072209	0.44241783	0.9852764	0.76901484	0.9277156	0.73756856	0.25505412	0.8951168	0.35735378	0.69476575	0.25891936	0.29118374	1.0024375	0.19760169	0.38650718
7134	0.47411948	0.6248544	0.55348784	0.8827498	0.47462386	0.6626788	0.4552723	0.68351704	0.84013075	0.5710608	0.7968868	0.738203	0.35346606	0.8636107	0.35240602	0.5876923	0.4473479	0.3231442	0.75386655	0.39552668	0.73145264
7135	0.43408346	0.7380885	0.44506532	1.0161849	0.29529995	0.90859085	0.46108702	0.77135867	0.7954742	0.7114274	0.92134947	0.7751042	0.8171918	0.7501302	0.32748213	0.6005321	0.44287473	0.35130003	0.8613891	0.23297456	0.8358073
7143	0.5896927	0.581045	0.73354477	0.36873946	0.60561574	0.56950855	0.5159388	0.7553427	0.3398738	0.6365012	0.4663173	0.59123015	0.35180995	0.32741186	0.6019668	0.62598675	0.4037478	0.33657017	0.5751426	0.64987975	0.5119457
7144	0.38235912	0.8297119	0.63140154	1.0129327	0.31455892	0.933715	0.34797022	0.9496852	0.665015	0.70143384	0.8261792	0.5508957	0.6777553	0.60031056	0.335143	0.6146436	0.40663588	0.3674014	0.9360614	0.35852298	0.4384491
7146	0.84869236	0.452025	0.3594526	0.25085425	0.71508026	0.5543315	0.6353595	0.40389356	0.9539675	0.54411435	0.40198952	0.62563074	0.30809373	0.55118865	0.6048352	0.6279868	0.7306864	0.33525604	0.6473507	0.8534422	0.22604237
7147	0.29357082	0.66636336	0.81525916	0.22586995	0.7928462	0.65687615	0.39501798	0.2514091	0.9991779	0.6434557	0.3670695	0.6095806	0.25375828	0.9623263	0.33856654	0.48515078	1.0408634	0.9273788	0.74553806	0.85463256	0.94516325
7157	0.65691257	0.51311505	0.64600515	0.24775271	0.5633286	0.9615044	0.44454256	0.50227	0.48687807	0.6113972	0.49727184	0.67609817	0.35856444	0.47918388	0.38590485	0.60345864	0.5153606	0.40105486	0.8563855	0.8700854	0.87711143
7160	0.69242394	0.53381324	0.26405823	0.2363442	0.5966668	1.0140904	0.44201374	0.8507723	0.30059022	0.5399718	0.43181545	0.6608216	0.43455103	0.25178346	0.38161168	0.47202286	0.75356376	0.38886076	0.94671315	0.8732415	1.0073817
7161	0.5302391	0.5225432	0.74303484	0.3693845	0.47126478	1.0434024	0.3979912	0.8390361	0.7523664	0.67537254	0.6693284	0.67586595	0.3510556	0.7814623	0.37416697	0.56774133	0.7694668	0.47266138	0.8634208	0.83397	0.8866433
7164	0.7264402	0.43622282	0.5020545	0.21997882	0.8451022	1.0324147	0.38788348	0.489614	0.992746	0.6154357	0.37581193	0.87242717	0.572136	0.92486906	0.30989134	0.502087	0.93127275	0.4461216	0.83948314	0.86339957	1.0087034
7175	0.7834688	0.41245133	0.4549437	0.20525166	0.85169715	0.93321836	0.41247547	0.35838592	1.0189459	0.5377455	0.36648256	0.7793779	0.29967657	0.8676839	0.29331514	0.4844255	1.0399486	1.0177897	0.92404175	0.90430796	0.9585143
7179	0.6903156	0.62028444	0.3633771	0.22738142	0.8242369	0.8033055	0.52834064	0.6424082	0.5662294	0.55389065	0.38558912	0.7437477	0.3940051	0.36663663	0.5512437	0.37548772	0.80373996	0.3953517	0.8018506	0.870109	0.7775309
7180	0.69327617	0.62292916	0.8462836	0.23998928	0.8321591	0.991176	0.38545322	0.47443578	1.0120485	0.58685523	0.37828684	0.7843213	0.53342193	0.95569825	0.33706638	0.51977086	1.0113529	0.60884976	0.8820241	0.9051002	1.0067633
7187	0.3684945	0.45274767	0.6160009	0.42043975	0.6750616	1.0577712	0.40429246	0.8388628	0.7992998	0.76568115	0.90257627	0.52837867	0.43752578	0.65440506	0.3503946	0.589688	0.4409922	0.35223278	0.59946203	0.6526029	0.80868995
7192	0.5269743	0.4374985	0.70753866	0.22920953	0.79197097	1.0657475	0.40597817	0.64579606	0.8995963	0.69775623	0.4001435	0.8233589	0.32277378	0.89656997	0.50533074	0.46163487	0.6324162	0.39314502	1.0057255	0.63253075	0.9768212
7193	0.5366925	0.47774068	0.48068073	0.25343227	0.83803684	1.0678903	0.4120775	0.6154737	0.9918736	0.58447886	0.43892783	0.67867833	0.28857663	0.8068584	0.35880762	0.46073413	0.7076113	0.3701536	0.9049534	0.7764962	1.026443
7198	0.6455485	0.4368179	0.512356	0.9811287	0.24623293	1.1040006	0.39190146	1.0612159	0.5795378	0.7527493	1.0055116	0.69976664	0.371475	0.85282224	0.33044884	0.6826497	0.31728813	0.3067946	0.8958416	0.31394467	0.5753487
7200	0.7750279	0.69013643	0.25601265	0.23603007	0.82102996	0.5387538	0.6579588	0.31268206	0.8767762	0.543034	0.3695801	0.6378817	0.27576855	0.2932949	0.73984027	0.64880776	0.5931173	0.64267105	0.7236568	0.87220174	0.7126629
7204	0.49141222	0.5941293	0.5749486	0.6181628	0.36950332	0.7476394	0.4193881	0.6603479	0.80126345	0.605562	0.84421265	0.845352	0.6479353	0.8777589	0.33537415	0.6537248	0.38132566	0.34438923	0.89320177	0.42132443	0.67368215
31009	0.7043041	0.45956936	0.4970414	0.20059219	0.88637507	0.95589185	0.67856747	0.35806835	0.4036466	0.5528361	0.3470911	0.7505815	0.3124184	0.52686644	0.83439976	0.34474966	0.84741026	0.42917043	0.80990976	0.850986	0.98826236
31015	0.55085593	0.5680239	0.67444676	0.26771894	0.76983094	0.879194	0.45286128	0.3272668	0.98857695	0.57117534	0.43007514	0.7189125	0.38051236	0.9318764	0.43044657	0.47647205	0.8231981	0.62001795	0.61380583	0.847045	0.95058924
31021	0.28191435	0.5986083	0.5498961	0.6258621	0.42100057	0.98501295	0.42236403	0.81752014	0.9196543	0.8225173	0.82571894	0.7023557	0.90601796	0.89404327	0.32568628	0.6576536	0.45155174	0.40045178	0.8008331	0.6703374	0.4175647
31029	0.780885	0.4502033	0.3904168	0.2107385	0.6326566	0.7776143	0.64030546	0.28873283	0.5396323	0.5443058	0.37147784	0.7944257	0.27152473	0.92546225	0.8418947	0.4785315	0.49586356	0.42950645	0.8207593	0.79991275	0.6185039
31034	0.79530054	0.43152153	0.36083287	0.22499691	0.8429731	0.9921801	0.6705255	0.25059667	0.41759765	0.55140215	0.37225556	0.8077985	0.23939084	0.82362026	0.9068614	0.43246472	0.4837134	0.3148761	1.0133634	0.8146401	1.0117071
31056	0.49984026	0.5301207	0.6706323	0.36117414	0.83405596	1.0366169	0.4274936	0.25661686	0.9999034	0.6864164	0.46751654	0.6539909	0.23207448	1.0187991	0.38898	0.47679704	0.5731878	0.3709794	0.6968981	0.75670993	0.79142183
31060	0.75939506	0.43329746	0.41483176	0.2354805	0.6588	0.8305274	0.56409967	0.2683836	0.79062283	0.5467075	0.5115469	0.85097635	0.22993425	0.8291079	0.83390576	0.570584	0.6522944	0.35217303	0.7384417	0.5888999	0.7452054
31062	0.7817612	0.43650168	0.51211905	0.26126578	0.70439464	1.0681603	0.56425005	0.2680316	0.8298514	0.6884934	0.42430738	0.68548775	0.24546583	0.76781774	0.87948126	0.4207629	1.0022701	0.34457096	0.9354034	0.7990473	1.0113357
31067	0.46371722	0.4655668	0.52033335	0.25186282	0.79665166	0.8031687	0.6189485	0.25714958	0.38829383	0.56233543	0.4060552	0.71775335	0.23964714	0.5627545	0.8552584	0.41636676	0.51606125	0.33267802	0.7795564	0.8823691	0.9035178
31070	0.86248744	0.44211525	0.6925355	0.22520879	0.85882926	0.9427305	0.7273288	0.23755802	0.34849805	0.55699164	0.36186105	0.726392	0.2369075	0.41124892	0.8703062	0.4011705	0.4773619	0.33629012	0.88428366	0.79607975	0.8679231
31077	0.784845	0.38933498	0.30820546	0.21932715	0.8429253	0.9375564	0.4179576	0.4138509	1.0115043	0.5546129	0.3727277	0.875129	0.4709622	0.95638525	0.31796607	0.5551501	0.5285599	0.35530832	0.83542985	0.7164591	0.6234573
31083	0.7113589	0.5226517	0.41418314	0.23923354	0.74743956	0.7500148	0.5997457	0.24788205	0.9819577	0.5710886	0.4284848	0.57528424	0.23938043	0.99785584	0.7161878	0.5130316	0.7193495	0.46510738	0.66014254	0.8384958	0.44935971
31089	0.77303106	0.46764615	0.8057199	0.2366315	0.84245443	0.9021888	0.76268727	0.2805912	0.40427217	0.55836636	0.3675285	0.6866496	0.24944098	0.37897968	0.8639583	0.42689002	0.5497634	0.35104555	0.8428425	0.66136074	0.9360447
31098	0.8825854	0.4158126	0.43459952	0.21580061	0.87414366	0.99844205	0.73958385	0.24891077	0.33781973	0.5397595	0.3632138	0.80789804	0.2750725	0.30945796	0.90301317	0.39671022	0.48731944	0.33891383	1.0278624	0.88040954	1.0318451
31114	0.2712441	0.6230048	0.95989645	0.6367415	0.64075214	0.95773417	0.31853837	0.962574	0.5106202	0.74562335	0.8198467	0.52108914	0.56956416	0.5336152	0.30423972	0.6082803	0.4810201	0.40647995	0.7406369	0.56229085	0.62826234
31116	0.85709804	0.3911369	0.27611214	0.22020319	0.8408451	1.077794	0.63313824	0.29846486	0.9546325	0.5473863	0.38762498	0.8539702	0.2562577	0.85805625	0.6367584	0.44110334	0.9351937	0.7408618	0.9904689	0.6776703	1.0093079
31118	0.83584285	0.42147613	0.59040666	0.22047614	0.85088295	1.0477936	0.59680307	0.25041425	0.36290228	0.5578435	0.36286187	0.7418192	0.24071743	0.52997905	0.8865507	0.40372288	0.5373067	0.3632298	0.82705384	0.58670336	0.94051176
31124	0.62214094	0.49792486	0.3090574	0.20974728	0.8103969	0.6019515	0.36057872	0.847866	0.8297714	0.5637316	0.37163362	0.5175037	0.3108308	0.62281054	0.29093724	0.5499711	0.9852415	0.82977355	0.6419723	0.90705	0.33592147
31129	0.40129906	0.77878565	0.87851435	0.23997574	0.8120025	0.99646723	0.41250327	0.94394237	0.7481739	0.6191949	0.4325667	0.5919525	0.50006384	0.6755367	0.32890075	0.5624104	0.90672857	0.4809358	0.8347453	0.91135234	0.6642468
31141	0.57027006	0.703809	0.77200985	0.26852036	0.72375906	1.0729156	0.4381105	0.49417508	0.45182317	0.75446486	0.44214213	0.59709865	0.66062945	0.29167798	0.681653	0.5552782	0.5509297	0.41590452	0.79397064	0.74810857	0.65836346
31143	0.80789125	0.4389478	0.33070776	0.21676743	0.87094456	0.7570933	0.75061584	0.56785285	0.4042309	0.5394416	0.36781496	0.94124395	0.2861577	0.42013577	0.7325602	0.40521035	0.6336283	0.43624312	0.92701894	0.6388794	0.78407985
31145	0.64465827	0.6119975	0.60856	0.35489044	0.69627863	0.94182813	0.37149596	0.834449	0.71259934	0.60121024	0.43541905	0.60561097	0.5548078	0.6583451	0.34280437	0.66136414	0.7871801	0.5780971	0.9268982	0.85595375	0.8053662
31146	0.2394714	0.7703475	0.8557177	0.6237461	0.29058003	0.78296804	0.3581594	0.48783305	0.93583024	0.7278244	0.6211807	0.60418355	0.38903722	0.8807792	0.30860838	0.6191789	0.29234645	0.3142479	0.81437224	0.5965055	0.4105549
31147	0.6983384	0.4558815	0.45733166	0.21492949	0.72824246	0.892946	0.4042614	0.4451193	0.95832366	0.54034245	0.4166956	0.7770321	0.44021744	0.7767194	0.32015088	0.47183257	0.8374446	0.8247653	0.99215114	0.8208047	0.45425206
31154	0.77038884	0.40014115	0.5099204	0.20519139	0.8588557	0.6606298	0.45522434	0.8330541	0.94004494	0.5271736	0.37659797	0.6382966	0.26036167	1.0123056	0.3234319	0.5426225	0.99922055	0.9437065	0.8895779	0.8141908	0.5290203
31174	0.5709232	0.60795724	0.7814447	0.22760187	0.8214603	1.0318604	0.3951722	0.9479312	0.41415596	0.5845391	0.36458635	0.6832871	0.6104913	0.4709994	0.33330655	0.505438	0.79152066	0.62143964	0.8708827	0.89588565	0.72836316
31177	0.8516632	0.4143806	0.28142834	0.2171776	0.77695155	0.698454	0.5264328	0.9601496	0.3440176	0.55595535	0.37760103	0.88763016	0.38248587	0.19652487	0.32380247	0.56391555	0.79291713	0.9847481	0.75527406	0.7803834	0.5331177
31179	0.5449744	0.69538796	0.67348194	0.5183434	0.39528203	1.0821805	0.33796224	1.0344744	0.41198522	0.68357384	0.48020762	0.6036968	0.77617	0.56832385	0.30502248	0.6811257	0.7459114	0.54675454	0.8553985	0.89072895	0.6968042
31180	0.6875957	0.59674346	0.32374728	0.26783246	0.75321674	0.59293914	0.42268473	0.400247	0.98436695	0.5507697	0.43273243	0.58644664	0.27096197	0.8478543	0.29998472	0.62556386	0.7428181	0.3972167	0.64124095	0.76990175	0.32964042
31181	0.6807385	0.4355664	0.36500397	0.94722456	0.39127845	1.0277467	0.80830544	0.8020956	0.7115512	0.6777405	0.9960079	0.9374096	0.40146968	0.54573923	0.71075654	0.66620845	0.29190472	0.287484	0.93411726	0.31587657	0.9273576
31183	0.76037675	0.3987972	0.47841695	0.85857975	0.2709255	0.49459955	0.764776	0.26306134	1.0053346	0.56482273	0.8194635	0.6607025	0.40062338	0.60891265	0.33674636	0.64917547	0.35580403	0.31931293	0.77333355	0.415084	0.47158694
31203	0.4472906	0.66884184	0.60978776	0.9045292	0.30095702	1.0792165	0.3148272	1.0152274	0.4095504	0.83518857	0.8619125	0.5772667	0.77307934	0.48658305	0.3242425	0.7140427	0.3078061	0.30676237	0.9370792	0.29007348	0.484073
31207	0.6634447	0.5215086	0.38847408	0.9388585	0.24682564	1.0228904	0.38726327	0.4951046	0.9470803	0.5970592	0.9367091	0.7183832	0.36924368	0.9006767	0.312184	0.6425267	0.27701065	0.33504656	0.84379745	0.40555364	0.52455956
31220	0.6179375	0.47786504	0.3418293	1.0419348	0.2321825	0.7671143	0.3758506	0.35108668	1.0097251	0.5918567	0.8978553	0.75280154	0.4713122	1.0155679	0.30794376	0.6713361	0.31430152	0.2993282	0.78906155	0.25085217	0.4253993
31227	0.6896952	0.5873066	0.29758307	1.0408015	0.2597481	0.7123111	0.41733482	0.35733742	0.99760693	0.6003252	0.963386	0.6391286	0.30522734	0.8526985	0.31413668	0.67080057	0.2943183	0.31053925	0.67637414	0.32534683	0.27989644
31233	0.67301357	0.658221	0.8880808	0.21718581	0.84346807	0.91459394	0.40366542	0.5408362	0.91420126	0.5689619	0.378663	0.7267313	0.6040936	0.78367215	0.3089079	0.48852763	0.98880804	0.52371174	0.8910096	0.7915929	0.98852384
31234	0.6982744	0.51289827	0.35793918	1.009944	0.30538762	0.9680683	0.4092329	0.7942137	0.93248075	0.5428707	0.82366097	0.60523975	0.2816776	0.978855	0.29542667	0.51906747	0.5687213	0.7454657	0.7770712	0.73211265	0.4220032
31240	0.7080468	0.44307372	0.23566326	1.029689	0.27763698	0.8809639	0.48940182	0.29075384	0.9712837	0.5987292	0.9477915	0.659166	0.29100716	0.79493123	0.5439348	0.6851498	0.33985823	0.29457855	0.7357127	0.2807052	0.3439417
31269	0.621469	0.5431734	0.39882103	1.0115746	0.25321412	0.9232436	0.3585196	0.9770519	0.88930106	0.57233834	0.96847045	0.5790847	0.25580633	0.93896276	0.30742106	0.6713438	0.30120146	0.28061393	0.75676477	0.19955382	0.19571589
31280	0.6802409	0.7531214	0.6400229	1.0431011	0.26931438	0.46445194	0.4190242	0.2786822	0.99477583	0.56796557	0.9767921	0.779177	0.35505277	0.9784153	0.30035356	0.6978657	0.30761963	0.30998403	0.5674684	0.23986427	0.1978354
31285	0.6709058	0.558517	0.30764115	1.0631355	0.26891276	0.64796114	0.42875123	0.3797239	1.0117692	0.5741858	0.8617996	0.6789306	0.4711358	1.0075915	0.31191334	0.7180326	0.31438035	0.31403193	0.73940164	0.24409394	0.32198364
31286	0.5913825	0.6256862	0.566726	0.9364029	0.62084645	0.67175925	0.38193673	0.3227362	1.00202	0.59051365	0.47924444	0.6513972	0.41627294	1.01727	0.30570546	0.6374519	0.49121773	0.43560845	0.5657858	0.37015146	0.29181415
31292	0.72856194	0.49488086	0.28368232	1.0273359	0.30448902	0.6202618	0.46303752	0.28791338	0.96026003	0.55984485	0.87207747	0.67439836	0.2520066	0.9799149	0.42091838	0.7109289	0.3107515	0.2988547	0.5577102	0.29957834	0.25453985
31304	0.5495675	0.42286438	0.72739714	1.0390997	0.29872963	0.9358179	0.41648954	0.7222625	0.9134366	0.6538279	0.9283063	0.8057446	0.50189257	0.6083505	0.3144602	0.6730816	0.2957689	0.32416463	0.90223575	0.3099454	0.56388736
31307	0.68510824	0.45669675	0.33917147	0.84191793	0.4443225	1.0221038	0.45282432	0.40048456	0.68438214	0.5619971	0.78239834	0.8073572	0.4094311	0.63210094	0.31802577	0.48942545	0.59191954	0.7854362	0.8588651	0.49794793	0.67664754
31313	0.56420726	0.71208996	0.5906687	0.6752182	0.4169146	0.7782547	0.53535485	0.3345057	0.91376036	0.59927833	0.88635343	0.7873223	0.51637113	0.94216317	0.32745394	0.51259	0.503174	0.39058647	0.78984654	0.4574813	1.008486
31317	0.55248344	0.6128381	0.5244587	0.2929794	0.6171452	1.0377039	0.42429915	0.79103696	0.85926414	0.59184396	0.44017348	0.680087	0.6962191	0.7024771	0.37111565	0.46516415	0.6560086	0.44303605	0.8250255	0.6855379	0.9120646
31330	0.7145856	0.45979837	0.7090987	0.4380538	0.7498974	0.6577546	0.5427657	0.32500184	0.86153114	0.55362535	0.50262135	0.8463877	0.39571914	0.93838257	0.39640704	0.46801165	0.5535664	0.38094398	0.76708627	0.47008204	0.68792504
31332	0.7436482	0.44538713	0.7256796	0.7626719	0.268954	0.86429244	0.4347259	0.9569342	0.3545992	0.5604549	0.85842276	0.6582634	0.87227625	0.7968448	0.31365195	0.6565401	0.3368644	0.40876964	0.650883	0.71231765	0.5848097
31338	0.51306415	0.64315104	0.44960433	0.9399223	0.33526713	0.99919355	0.3867001	0.9205007	0.878297	0.57491094	0.8536908	0.69502807	0.30945453	1.0302047	0.3089397	0.6644905	0.32098082	0.2949656	0.8642573	0.4315218	0.5922534
31340	0.5406695	0.4272339	0.81102604	0.945788	0.32270834	1.0166241	0.41582733	1.0198294	0.5251094	0.84219605	0.9952086	0.6636647	0.8548535	0.4650055	0.31805414	0.6741041	0.34196755	0.31105366	0.9094878	0.40847427	0.9919306
31346	0.43654826	0.41048455	0.60955673	0.3933078	0.2732442	0.86707866	0.40299976	0.96193326	0.428935	0.6169266	0.6215807	0.74712425	0.91030616	0.40481204	0.32119843	0.6789877	0.28207275	0.3635612	0.9376696	0.68186116	0.2440578
31347	0.59943825	0.6940339	0.46699607	0.8420752	0.34054202	0.80006725	0.4515916	0.49503338	0.94882464	0.5950943	0.8965231	0.783737	0.5962803	0.96638346	0.35857698	0.57913566	0.3716442	0.34441113	0.6618433	0.53594196	0.848586
31360	0.68293875	0.4887482	0.437002	0.7254217	0.52018875	0.7729801	0.38602245	0.47120088	0.9406246	0.5714999	0.537035	0.6629551	0.34725088	0.97055084	0.34247926	0.46067643	0.4270321	0.3544986	0.8276409	0.40323976	0.8533088
31361	0.7831284	0.5222305	0.72272855	0.28897133	0.62662446	0.64793485	0.49843103	0.4045121	0.8770391	0.54715014	0.42371374	0.82055	0.3021893	0.91503066	0.2971656	0.49672276	0.64886457	0.35141668	0.8265034	0.58720744	0.7028304
31378	0.6993193	0.63665223	0.5207794	0.77225035	0.4750782	0.8252339	0.42563987	0.6043125	0.95658046	0.59222335	0.6375928	0.6683821	0.70518804	1.0128324	0.32344735	0.5568982	0.45729265	0.66340387	0.8950599	0.64918375	0.5093287
31382	0.6106854	0.5023133	0.39805052	0.90002936	0.3148756	1.0093633	0.4041148	0.5344929	0.93878794	0.6353494	0.8902547	0.5473693	0.31107366	0.96474063	0.3589004	0.61059403	0.3713649	0.31776884	0.6432113	0.42311049	0.24964796
31387	0.53789735	0.5190059	0.55076015	0.79675543	0.47740018	0.7022936	0.4465588	0.31421098	0.95540756	0.55018455	0.68389934	0.6669851	0.22904786	0.9506744	0.40242755	0.6257106	0.5145933	0.38742995	0.7519675	0.45624033	0.46135372
31390	0.5462128	0.51759875	0.3944428	0.8732598	0.45747033	1.0081031	0.44920588	0.9658487	0.52885467	0.56878495	0.8085667	0.70553625	0.46126938	0.6915736	0.3525573	0.56709445	0.49502462	0.46208718	0.8577962	0.7399362	0.87626475
31398	0.5510773	0.6804491	0.6866116	0.26690573	0.68519145	0.97714376	0.47594565	0.56851506	0.7156636	0.5806694	0.4687989	0.69286716	0.33216628	0.91670173	0.34713322	0.45443386	0.7945095	0.4358589	0.7248568	0.75665987	0.91759056
31415	0.63247645	0.5133483	0.86827385	0.8909871	0.2720319	0.72733724	0.47971907	0.5173752	0.8462599	0.6751623	0.6475993	0.57625484	0.35606024	0.91314834	0.35050526	0.7067095	0.3734802	0.36012828	0.6152935	0.7425549	0.3950252
31421	0.7664176	0.44234887	0.30575347	0.81612045	0.48469177	0.7902476	0.5580754	0.6786214	0.8742686	0.55123734	0.643	0.7330041	0.31242716	0.99551123	0.4429116	0.586944	0.40393415	0.3147901	0.80553526	0.6431119	0.69004726
41006	0.20032556	0.9393439	0.9894754	0.6876189	0.3385567	0.45972806	0.37274992	0.97199696	0.47666875	0.84278405	0.8918057	0.5048302	0.97846544	0.18454213	0.2888116	0.66091967	0.30935803	0.32064614	0.5584333	0.4437758	0.25498515
41007	0.20900346	0.91193455	0.930528	0.4312779	0.32008767	0.51890326	0.35325003	0.88631195	0.58486414	0.7839216	0.7539411	0.53904015	0.6851367	0.2666428	0.36233574	0.65665406	0.48787838	0.3459288	0.59884125	0.4651253	0.56730884
41013	0.6556003	0.54148316	0.4169748	0.33421668	0.39987963	0.565765	0.45648885	0.28414792	0.95461583	0.536098	0.42204168	0.51279616	0.2559542	0.7620456	0.36461267	0.6700575	0.3840906	0.32229146	0.6402707	0.54427993	0.16401619
41017	0.20525223	0.86466444	0.89595634	0.42248118	0.38088995	0.58427316	0.3831696	0.8603428	0.5871575	0.84031165	0.78956735	0.5151624	0.8882449	0.8130114	0.34289116	0.66842306	0.3800364	0.37048978	0.8250143	0.65080416	0.42772213
41018	0.31124812	0.656692	0.8983788	0.31300882	0.4876243	0.87217385	0.43053028	0.5580677	0.57549775	0.840963	0.6233984	0.58071405	0.55014974	0.6186345	0.3493496	0.63362515	0.57985723	0.37340882	0.5830683	0.82938176	0.25897405
41020	0.20786582	0.866692	0.948252	0.52831155	0.45564938	0.5073194	0.37904406	0.9956775	0.40329972	0.83994937	0.87772197	0.50781554	0.96281856	0.37262803	0.34022835	0.6748493	0.4807384	0.44710562	0.64051306	0.46471453	0.3599437
41023	0.36959714	0.80622077	0.8608996	0.69813436	0.36213556	0.86769444	0.4451411	0.36788043	0.5143298	0.6462191	0.79712963	0.51231796	0.2747449	0.17587084	0.39088878	0.58405465	0.38114452	0.30702546	0.69512457	0.702689	0.14784496
41045	0.50157976	0.65487385	0.35630593	0.91952205	0.2990996	1.0103755	0.4089954	0.61042506	0.8920952	0.581855	0.9346236	0.59010834	0.40121716	1.0093125	0.32212856	0.5776589	0.4230551	0.36036545	0.7617355	0.6683797	0.62475437
41049	0.70739996	0.58187056	0.30298117	1.0437704	0.24151365	0.6439073	0.41969678	0.36902106	1.0060947	0.5545553	0.9754192	0.60114014	0.6144604	0.9703907	0.2824665	0.72909415	0.2830837	0.30963197	0.64580446	0.267746	0.2723361
41051	0.18500127	0.76317567	0.8320257	0.45365	0.52057195	0.4894498	0.40794072	0.40173286	0.87735015	0.7111162	0.49868083	0.38982964	0.26664132	0.6291498	0.4262676	0.7124255	0.49207175	0.33793047	0.563167	0.7324378	0.35806775
41052	0.55237526	0.4939854	0.5725316	0.9568773	0.24364543	1.0784907	0.43494073	1.034289	0.71667325	0.81968445	1.0091923	0.6165021	0.9018377	0.8077872	0.3261238	0.6813318	0.26540193	0.31976366	0.9127697	0.23154803	0.5542814
41058	0.3967924	0.74292153	0.7130245	0.8456105	0.33778062	1.0837489	0.3130856	1.0407946	0.4105602	0.8410727	0.8919559	0.58352864	0.6259901	0.50560546	0.326898	0.70954853	0.2989926	0.3052076	0.9220781	0.55515534	0.7542192
41082	0.38189754	0.7186698	0.58956283	1.0250087	0.29041862	0.8092266	0.3418638	1.0124482	0.5879806	0.6009412	0.96445256	0.5488222	0.4677798	0.8840256	0.29683712	0.7096645	0.29587543	0.29463777	0.90936625	0.19468622	0.2834107
41097	0.601441	0.47558647	0.56504136	0.70353764	0.33065635	1.0679706	0.44008517	0.6676176	0.8254266	0.66181743	0.823814	0.536022	0.312277	0.7452047	0.37271735	0.55212843	0.48889396	0.35599655	0.9143155	0.39102668	0.8488985
41102	0.6571798	0.5897535	0.51956993	0.9174582	0.33341193	0.6746096	0.41641235	0.25999138	1.0020154	0.7120927	0.7718175	0.50189567	0.28003985	0.89233863	0.45720312	0.5966343	0.3977475	0.36105266	0.64226323	0.4909098	0.34356332
41109	0.5789622	0.5462425	0.39622122	0.80516267	0.39104113	0.6590297	0.533233	0.46470284	0.84132844	0.58129084	0.7500751	0.770236	0.7204291	0.7661598	0.3252549	0.56684065	0.47663826	0.36629194	0.728553	0.34125882	0.86139625
41111	0.7738909	0.48218787	0.33486533	0.9088097	0.3140803	0.5750643	0.44281107	0.3071645	0.9731804	0.55210036	0.43144086	0.6242372	0.30368805	0.8045769	0.3196839	0.68482983	0.5706999	0.8880937	0.7610083	0.60988396	0.28482878
41128	0.3230819	0.58268106	0.7727661	0.99595046	0.2467275	1.0182939	0.35003218	0.6087244	0.41869554	0.7657142	0.98217183	0.49984235	0.25465977	0.63513714	0.2807495	0.70646095	0.2976575	0.28193766	0.878551	0.19965576	0.5900656
41142	0.3469649	0.8495128	0.7773273	1.011741	0.26648924	0.92603296	0.3969537	0.975987	0.7132535	0.6758573	0.9586256	0.6056891	0.79559195	0.53256816	0.3226636	0.6489311	0.36639264	0.32769677	0.88618875	0.22080798	0.7195934
41167	0.27696574	0.8458362	0.7221596	0.9709779	0.33805797	0.97341985	0.38547984	1.0452743	0.41214234	0.8282788	0.92234004	0.50512993	1.004487	0.31206107	0.31123886	0.69380546	0.39091593	0.32995015	0.9146743	0.2013014	0.962982
41201	0.35050094	0.5250517	0.7952351	1.0059566	0.31610435	1.0394142	0.44234714	0.8636838	0.86971366	0.71885586	0.9485051	0.670691	0.9117337	0.5672766	0.3334398	0.62894565	0.45171666	0.40266603	0.6966278	0.43891582	0.6142196
41202	0.3308816	0.7199342	0.797525	0.68817264	0.38538498	1.0497491	0.34577137	0.92249954	0.5082895	0.8290142	0.89109	0.6422986	0.8722646	0.34572786	0.3231193	0.7058836	0.41954306	0.3140269	1.0296603	0.59211594	1.0214633
41208	0.63051057	0.58185184	0.4521841	0.97322273	0.4348727	0.79886407	0.43306553	0.8801023	0.77491534	0.60906005	0.6043796	0.60324234	0.37021306	0.75198805	0.37908193	0.6092126	0.39507103	0.32028204	0.84848744	0.42273453	0.60594475
41209	0.40841085	0.7491928	0.62556404	0.98073447	0.2816433	0.7805969	0.40108746	0.8995779	0.8842881	0.6586643	0.9468528	0.612885	0.47306836	0.9520874	0.30496925	0.6914851	0.4386331	0.3300945	0.67725027	0.215573	0.2538076
41210	0.5941155	0.5831594	0.38102356	0.9875048	0.26913524	1.0459368	0.38174522	1.0346223	0.546087	0.6004038	0.9216434	0.49144563	0.26651844	0.78821176	0.31191486	0.73316926	0.2911991	0.29564586	0.81574017	0.27971625	0.4297852
41220	0.75955623	0.45902932	0.2948073	0.7942024	0.57082015	0.99769294	0.686048	0.5267241	0.89057684	0.5452784	0.5958547	0.80099726	0.48241034	0.8100653	0.60694486	0.45703828	0.53686726	0.3695063	0.84197646	0.49078447	0.55265117
41225	0.83483094	0.43727455	0.3657949	0.72266215	0.46407604	1.0485147	0.5646157	0.31406975	1.001945	0.53529334	0.43613425	0.8061123	0.26215938	0.9520486	0.33208036	0.45287982	0.62679684	0.7909397	0.8590241	0.5348372	0.7068493
41228	0.74480975	0.46445632	0.33292967	0.29245952	0.7857023	0.9680148	0.7172158	0.23839575	0.40403208	0.5520224	0.49468392	0.77908707	0.23793675	0.3865909	0.9485268	0.3950522	0.6103698	0.33366165	0.8210318	0.8536055	0.99150574
41236	0.4694342	0.68774754	0.6704511	0.74678963	0.3471921	0.89290756	0.41856775	0.30925298	0.90799975	0.7570513	0.7751624	0.5381743	0.26344147	0.9029756	0.39873978	0.65864795	0.46093714	0.36169636	0.61381465	0.3973358	0.5233439
41239	0.62695885	0.40911636	0.28736964	0.68226117	0.4945314	1.0122963	0.61809397	0.2420315	0.5487595	0.53949475	0.71045554	0.77623713	0.21473345	0.90616024	0.4565035	0.48722106	0.35276523	0.30454952	0.95793766	0.48401454	0.72851783
41251	0.29693946	0.5502745	0.83404446	0.9998195	0.24555823	1.0702971	0.3576505	1.0623616	0.4685744	0.69415355	0.91698617	0.49280268	0.41050255	0.47500235	0.36493078	0.63022053	0.3831797	0.33153522	0.70354193	0.2662393	0.41991377
41260	0.39935285	0.47946694	0.4354436	1.0072666	0.37244526	1.0611851	0.440838	0.91334784	0.7831241	0.6072587	0.92888916	0.67071575	0.64743507	0.5746601	0.4153203	0.56732696	0.45487264	0.35859454	0.7450126	0.34435314	0.8695217
41262	0.65110266	0.5191771	0.681772	0.9008224	0.37069625	0.9695999	0.62666106	0.5302072	0.9384102	0.5784811	0.9470965	0.84700507	0.30350316	0.7617428	0.42048374	0.66784	0.33490244	0.30727768	0.89949244	0.4119	0.9455558
41271	0.62675565	0.43855223	0.43882036	0.38329604	0.7162253	0.94672626	0.5807991	0.2646028	0.8338699	0.5473567	0.5039603	0.84142005	0.24061006	0.91884315	0.8229176	0.37809148	0.42567787	0.30150327	0.7852784	0.7449175	0.45557934
41278	0.763729	0.4188976	0.31132782	0.8694262	0.40540308	0.99974203	0.74722457	0.47629803	0.95653754	0.56693745	0.8149059	0.8218683	0.4688826	0.97571516	0.37100825	0.5486826	0.3524401	0.33788475	0.8209005	0.4949823	0.6606737
41287	0.37923053	0.7429807	0.9642983	0.4369874	0.6048967	0.6332661	0.45935613	0.3259273	0.38049164	0.82860285	0.77503353	0.49299562	0.3215177	0.27719653	0.7133497	0.632059	0.3804647	0.32385418	0.49096748	0.61440086	0.40757492
41296	0.82957405	0.41273156	0.2389577	0.23228008	0.8463273	0.7645369	0.6505509	0.23736715	0.9498629	0.5255953	0.3898703	0.7448216	0.24354658	0.9876627	0.5880852	0.48007974	0.7051406	0.7318038	0.775068	0.80584556	0.3957823
41299	0.5087376	0.66944975	0.8179156	0.9983126	0.24397802	1.0785387	0.30720073	1.0518215	0.41230324	0.81700814	0.9370149	0.536079	0.5993287	0.31047726	0.31375447	0.6889956	0.28631362	0.28241843	0.8292635	0.27076355	0.52615386
41311	0.54538727	0.4586938	0.64228565	0.8755771	0.29692316	1.0718775	0.44646636	0.93184566	0.75151175	0.72259086	0.65299547	0.6665459	0.71570927	0.7181902	0.3190897	0.5349499	0.36991087	0.32490534	0.9456783	0.6033757	0.991171
41319	0.6534356	0.57029474	0.5952618	0.71635735	0.61766535	0.9210913	0.41204083	0.80415606	0.77485883	0.5682628	0.5085784	0.71792275	0.2919155	0.87174124	0.34446982	0.52423865	0.7440539	0.6933552	0.790149	0.8220292	0.8177431
41343	0.606632	0.4613726	0.6187726	1.0210383	0.23581317	1.0640451	0.3495491	1.0299239	0.81201106	0.68114686	0.9992658	0.56420916	0.23524398	0.8251715	0.31028458	0.71805054	0.27623096	0.2732367	0.7318006	0.21617208	0.26103127
41348	0.3392368	0.46838042	0.76650876	0.88867897	0.27044612	1.053584	0.36255157	0.96511275	0.65267605	0.82723147	0.9909495	0.60479015	0.8452106	0.57143706	0.31421727	0.6105152	0.32641086	0.31145042	0.81537986	0.35831112	0.9484768
41349	0.40617558	0.5035306	0.5121937	0.6781558	0.5270273	1.0185468	0.4980629	0.4798106	0.814256	0.54492694	0.6299915	0.7032637	0.23985475	0.97050846	0.80019873	0.5091863	0.51341456	0.31012005	0.7753093	0.71952325	0.5990635
41352	0.34320065	0.46655545	0.80527973	0.38905957	0.65201133	0.5960976	0.53943545	0.47493228	0.5581951	0.616615	0.7626815	0.5653252	0.6843545	0.5651699	0.31290781	0.6067776	0.35874158	0.35415006	0.7149305	0.5414384	0.3486363
41360	0.5490215	0.41638643	0.58388287	0.31234187	0.6072316	1.0402644	0.540251	0.7651183	0.5747958	0.76998436	0.9496018	0.81929135	0.23768634	0.8966986	0.388722	0.59318256	0.38387883	0.3063961	0.95476055	0.64041096	1.0079902
41363	0.5241003	0.4248995	0.7809141	0.75439775	0.4178463	0.84412163	0.44251323	0.9333062	0.5066434	0.7367762	0.946883	0.82353234	0.7545844	0.4959842	0.32413372	0.669517	0.33871812	0.30485052	0.813647	0.38999787	0.68212974
41377	0.55311334	0.51753306	0.4945287	0.20998608	0.83342373	0.8040252	0.45502108	0.24876334	1.0083373	0.5739608	0.37633434	0.59964794	0.2380597	0.9199345	0.44405082	0.43541202	0.98219675	0.75007546	0.7406683	0.84923965	0.83397037
41378	0.34489834	0.47453746	0.7753986	0.22573128	0.7881613	0.9728664	0.51170427	0.500765	0.39689645	0.6182888	0.4381191	0.6726894	0.62192094	0.4943319	0.74745005	0.40882805	0.56494135	0.34890503	0.8915731	0.86186045	0.8857359
41397	0.64234406	0.4754974	0.90146345	0.7755283	0.3072972	0.8829404	0.37989077	0.6753824	0.6176786	0.8084656	0.94320005	0.6337374	0.77738297	0.57261527	0.3188132	0.611746	0.36493662	0.32705855	0.7882951	0.5271111	0.9120577
41402	0.27775267	0.44257468	0.9436731	0.9786003	0.28342372	0.9930941	0.2801566	1.0503756	0.63059396	0.8371687	0.9941609	0.5585355	0.57683986	0.49382442	0.3139509	0.6836098	0.30924422	0.30941013	0.8283727	0.24747838	0.62157136
41407	0.7981888	0.44105083	0.36722127	0.21977134	0.8771272	0.94270164	0.48974934	0.9289914	0.39128	0.5452745	0.35846028	0.7917895	0.49542323	0.42831016	0.3885044	0.44472086	0.8662857	0.4469529	0.9804232	0.9030743	1.0503289
41415	0.6742784	0.489032	0.59264064	0.23846763	0.7394727	1.0335306	0.40119082	0.44838515	0.6630726	0.66974944	0.44558305	0.57861185	0.25159144	0.9065968	0.33286563	0.5929845	0.77251434	0.38666725	0.80824566	0.8463819	0.78392804
41425	0.8255707	0.42488536	0.3295762	0.21826549	0.83728373	0.9732929	0.68401104	0.29480362	0.96673346	0.5456891	0.39525327	0.8649052	0.2589215	0.6874669	0.46867448	0.37045932	0.63534474	0.40337515	0.9618667	0.8316203	1.016162
41448	0.69403195	0.45899633	0.32468346	0.21808332	0.8348645	1.0102652	0.5716836	0.24270166	0.71954554	0.5396352	0.364812	0.619832	0.25257748	0.62796324	0.90196556	0.35418454	0.64723456	0.370327	0.9549249	0.6323231	0.88422114
41479	0.81158614	0.43485394	0.49286336	0.2173103	0.87428635	0.8460789	0.7628174	0.23599452	0.47141787	0.5562882	0.35800347	0.7364618	0.2569347	0.31059262	0.881459	0.37603015	0.49236912	0.33571538	0.88548136	0.717509	0.9933615
41481	0.8152966	0.4714607	0.6695507	0.2404779	0.66485023	0.94579005	0.72386456	0.39199302	0.4732835	0.6049181	0.42362952	0.7338832	0.27426153	0.30890802	0.5015509	0.4878482	0.5687286	0.40744013	0.8429288	0.89272827	0.84426457
41503	0.6510333	0.59699285	0.61311525	0.8462697	0.62104565	0.6795736	0.4274106	0.26772174	0.97673976	0.57227045	0.5605149	0.6935742	0.28629866	0.86532384	0.34007984	0.6186616	0.5915094	0.34617642	0.53757006	0.4520446	0.25403863
41507	0.5442587	0.48475757	0.63681936	0.325698	0.65142506	1.0696096	0.41155183	0.24330908	0.9231435	0.83781856	0.87568134	0.52961254	0.20501636	0.9842753	0.50612724	0.56117094	0.44421995	0.33049285	0.8223681	0.5467209	0.77411366
41515	0.23519148	0.79592043	0.8709175	0.4767213	0.4213386	0.6725378	0.38607743	0.6423848	0.5674751	0.83439445	0.82966363	0.44786575	0.51237446	0.38421723	0.38604948	0.5817898	0.4495737	0.33449578	0.4323736	0.7230339	0.35688007
41529	0.67544216	0.43724215	0.3612461	0.2277967	0.8547499	0.99404943	0.40445355	0.8322673	0.9614091	0.56317955	0.3780551	0.74683875	0.33357394	1.0398518	0.3069225	0.48648196	1.0036206	0.9740517	0.9185351	0.8975205	0.9258972
41548	0.6921357	0.49584436	0.38728023	0.91658837	0.43025488	0.76028043	0.3900944	0.87881005	0.5848079	0.57964915	0.754155	0.697894	0.5575271	0.81398374	0.30517367	0.6832937	0.3677243	0.39204165	0.73706895	0.8632568	0.417436
41581	0.8424559	0.46571478	0.33923477	0.2327799	0.78594863	1.0140693	0.49770766	1.0120379	0.97586095	0.6715758	0.36306906	0.9248363	0.67108655	0.9322113	0.3285101	0.51920646	0.6254684	0.9783752	1.0547149	0.77823955	1.0316122
41583	0.5158218	0.6584901	0.5059993	0.23754296	0.52232873	1.0310829	0.3894815	0.89741147	0.8947047	0.59963256	0.46960542	0.66287357	0.7006563	0.92413306	0.31142682	0.46832696	0.897936	0.94383675	0.91707456	0.8818129	0.8828616
41586	0.62651956	0.56470007	0.5466706	0.2221904	0.7482106	0.8471156	0.41272083	0.5155703	0.9733505	0.58134264	0.40779367	0.6238894	0.38990456	0.89984894	0.28595528	0.62529093	0.98302144	0.5167492	0.8131521	0.89011896	0.87870216
41589	0.67734027	0.695078	0.7813391	0.29275528	0.6961662	1.0504315	0.38599256	0.9530304	0.4424297	0.5914449	0.47032094	0.6289662	0.58451974	0.5065718	0.32620975	0.6173038	0.6148095	0.37564582	1.0076066	0.7794592	0.6609444
41600	0.60992706	0.48166016	0.70729524	0.20918599	0.81688625	1.0013864	0.38630047	0.88187426	0.78099746	0.58410484	0.36992025	0.6446022	0.49789086	0.7683397	0.30660444	0.54535204	1.0095116	0.92889965	0.83718675	0.8908422	0.8768435
41606	0.5610546	0.54155135	0.594945	0.23010866	0.82017154	0.9381728	0.40823448	0.9333797	0.33556658	0.57957774	0.39649427	0.7366085	0.77204216	0.5814236	0.3359704	0.44326547	0.91012084	0.5925668	0.93405765	0.76339227	0.9726391
41607	0.26170415	0.850913	0.87459385	0.29844674	0.6340683	0.74203074	0.4657499	0.71803236	0.8361088	0.82559127	0.4822153	0.5913053	0.54017484	0.81585157	0.40433714	0.54318494	0.7644929	0.58832943	0.83507127	0.72753465	0.7562998
41621	0.6974262	0.43842277	0.36804932	0.9789668	0.28270778	0.6552737	0.603788	0.3149689	1.0124528	0.5773762	0.9292842	0.7242568	0.4374398	0.79414964	0.33321255	0.72718686	0.311167	0.3089396	0.6542502	0.2717727	0.50611115
41628	0.70947057	0.46695274	0.29646647	1.0595456	0.29692277	0.9836829	0.40653032	0.56846106	0.9970959	0.58768165	1.0015397	0.7294826	0.4877481	0.9426146	0.3133871	0.6654091	0.3608603	0.32510275	0.7192573	0.23395436	0.8450783
41629	0.516562	0.69938135	0.6893618	0.98875797	0.280636	0.9441126	0.4515158	0.44721133	0.888487	0.607424	0.8130295	0.56618136	0.86094904	0.9248987	0.36397138	0.64699113	0.331948	0.3202161	0.9471293	0.35956517	0.91790134
41630	0.74573505	0.47251365	0.25329503	1.0315601	0.25051036	0.5866683	0.47985324	0.32903683	1.0151011	0.55794764	0.9972606	0.74050945	0.47220215	1.0127127	0.28816512	0.7003774	0.26061165	0.30421916	0.75707203	0.2472605	0.66813123
41632	0.6547106	0.47848788	0.32781208	0.88135016	0.44596007	1.053113	0.73603	0.9363791	0.9486512	0.56603706	0.71312416	0.85525674	0.39587265	0.25831372	0.77061397	0.36940438	0.5317994	0.32731628	0.88114756	0.36051756	0.96985155
41641	0.7237637	0.64052385	0.34695047	1.0396867	0.29187956	0.69845825	0.41899288	0.2942249	1.0261792	0.56647444	0.9224528	0.6519446	0.48485824	0.9391371	0.30331635	0.6602359	0.3469944	0.31314957	0.7079848	0.35821396	0.40546012
41642	0.6778118	0.41291916	0.4006431	0.7598108	0.24278904	0.7325573	0.5301438	0.30205587	0.9230815	0.5923997	0.8961132	0.6682424	0.28582248	0.95425516	0.3377846	0.7109311	0.2571937	0.281734	0.85354304	0.21738906	0.54953074
41648	0.76110804	0.45519125	0.34769017	1.0146365	0.2209957	0.7318597	0.43057474	0.52633	0.99606854	0.5797093	0.9887223	0.584618	0.41924635	0.9619754	0.31041124	0.7056485	0.27532816	0.30849576	0.64014167	0.29240072	0.20174031
41651	0.3305709	0.51396924	0.74733037	0.34376657	0.59716576	0.88371843	0.43801063	0.7816695	0.5405471	0.68588054	0.677142	0.54675454	0.52382445	0.4652468	0.45937827	0.59777534	0.5164019	0.35500243	0.6390004	0.8494974	0.9018207
41654	0.549755	0.5605894	0.72088677	0.9328692	0.31353733	1.067248	0.3426922	1.0222696	0.52885044	0.5551822	0.8948356	0.6093913	0.70075136	0.37382612	0.3223621	0.70818263	0.3429064	0.30073	0.79912424	0.33410928	0.42599753
41658	0.7696928	0.5095814	0.2608865	1.0602723	0.27627245	0.62997633	0.4101545	0.31641817	1.0042933	0.53228605	0.9904854	0.8095749	0.7094236	0.9410036	0.29436266	0.64042664	0.30580932	0.3138513	0.63001627	0.25823534	0.75683284
41660	0.68294317	0.5044495	0.48668835	0.99507916	0.22409877	0.8027994	0.37126517	0.3931747	0.99950284	0.5685506	0.8821722	0.70296556	0.55647516	0.9443785	0.31014383	0.66660476	0.2753613	0.33263534	0.6934692	0.3442926	0.17945915
41661	0.7732099	0.49751025	0.48616278	1.0306252	0.24631548	0.94835746	0.5176755	0.479566	0.97197676	0.63460594	0.8305244	0.72602105	0.5314375	0.91552764	0.36448058	0.67113596	0.31437492	0.34260398	0.917923	0.27644894	0.80514497
41664	0.41701016	0.517766	0.6638847	0.4338726	0.25281727	0.9860116	0.4036901	0.42519605	0.9332923	0.70123065	0.6035293	0.5506721	0.24900375	0.72402537	0.31806734	0.6189695	0.347113	0.42857945	0.65929097	0.25717813	0.6869909
41671	0.4895224	0.49504012	0.47870594	0.98584986	0.2780635	0.8497475	0.4176948	0.93503106	0.8257423	0.5767358	0.8294388	0.58248895	0.47294247	0.75450486	0.32308003	0.6815545	0.3074058	0.2897728	0.8631201	0.22082107	0.4380145
41674	0.6486798	0.5153144	0.35699826	1.005768	0.2855305	1.0571108	0.4280193	0.94230795	0.7348322	0.5888216	0.9216389	0.64143246	0.4270244	0.96677446	0.3262773	0.719569	0.29735947	0.28391367	0.8279936	0.5706099	0.8870306
41681	0.5277229	0.51881295	0.4268694	0.95653933	0.30344087	0.7670164	0.3991621	0.5024784	0.9741331	0.58153415	0.80591065	0.6545984	0.4609063	0.9929978	0.31066236	0.6888086	0.35394806	0.32151395	0.7731761	0.3030031	0.36712712
41688	0.7570429	0.4253505	0.7864254	1.0445999	0.26940158	0.80441093	0.39450732	0.24680261	0.90188307	0.55894446	0.9511129	0.71777916	0.5141692	0.8538507	0.32732794	0.6802157	0.30125877	0.34227747	0.8362588	0.23635048	0.58570516
41693	0.7407192	0.48020697	0.40718666	0.91990155	0.2650736	0.95252645	0.40459394	0.31594974	0.9952218	0.5417035	0.8963223	0.6518286	0.2776595	0.9880304	0.30700958	0.61699647	0.30455616	0.32013047	0.7093631	0.5551811	0.44676712
41722	0.3029555	0.52129567	0.4967208	1.0454317	0.3013316	0.899539	0.40592524	0.9629136	0.7068777	0.6514933	0.9038571	0.6130993	0.5604987	0.67845714	0.30168024	0.68094736	0.48924378	0.59332347	0.67633253	0.26838186	0.50694776
41744	0.7134977	0.46067595	0.41604987	0.24917947	0.6907107	0.81895065	0.41534323	0.24873514	0.9574465	0.56679845	0.43307787	0.5206317	0.23755057	0.9200769	0.3690529	0.5790077	0.49429226	0.33113593	0.7037371	0.78557396	0.47613156
41759	0.74743646	0.4484517	0.578767	1.0344898	0.220699	1.0588713	0.38499483	0.7915537	1.0140693	0.57929343	0.39461967	0.76264155	0.35989642	0.96373236	0.30748427	0.67688316	0.33186823	0.29758397	0.8075318	0.8864589	0.25320578
41760	0.51951516	0.5165103	0.34190685	0.96499646	0.28529245	1.1035725	0.40739775	0.8918309	0.81864494	0.6248375	0.91737616	0.6504727	0.48170125	0.9293971	0.36936536	0.6527164	0.3385759	0.30748463	0.8817177	0.41570193	0.7506191
41763	0.39174035	0.5235995	0.4976446	0.84394354	0.30500567	1.0301784	0.46336144	0.7082041	0.70009303	0.59560215	0.9612435	0.7222246	0.6559919	0.8567746	0.3877285	0.6956511	0.4028984	0.3321972	0.86908853	0.2640748	0.8873012
41769	0.50033855	0.6072423	0.9546181	1.0358138	0.23104769	1.0654608	0.30130097	1.0197214	0.68467337	0.83562994	1.0474863	0.57281214	0.4843422	0.77666175	0.29711625	0.69032836	0.2537056	0.27678782	0.8410757	0.2359743	0.36384568
41778	0.33433658	0.6985481	0.73048633	0.4455443	0.44591647	0.96170264	0.42789784	0.7567238	0.7755639	0.62576747	0.7134628	0.62883484	0.48148492	0.9837333	0.31650618	0.54043186	0.7001156	0.3906135	0.80751836	0.58736974	0.6114807
41779	0.29402122	0.8928715	0.7627051	1.0133852	0.29162773	0.998881	0.43408486	0.84392285	0.8984212	0.6921194	0.8776242	0.5683385	0.8075243	0.945528	0.3369901	0.6717764	0.4378174	0.35349715	0.8631939	0.222275	0.5967414
41780	0.38067156	0.6806521	0.6682954	0.7951883	0.46244818	0.9630914	0.43095767	0.9306272	0.7131665	0.62321776	0.77834743	0.60467356	0.72811294	0.78013015	0.32097536	0.5964054	0.447851	0.35952324	0.9449623	0.40772367	0.85163915
41789	0.3903015	0.45075792	0.5736133	0.34141883	0.51141465	0.9896436	0.47352734	0.37083682	0.5909549	0.59077066	0.7602423	0.6474072	0.2480432	1.0067526	0.66979265	0.57348454	0.5336292	0.31966978	0.8787239	0.76040316	0.50499624
41791	0.65037894	0.51109034	0.3311907	0.9202784	0.44074392	0.8445448	0.46820378	0.30801925	0.9547069	0.5544244	0.76984316	0.6975366	0.266459	0.92797893	0.31947455	0.5944284	0.6655337	0.5729574	0.82471746	0.41039717	0.34978047
41794	0.70051545	0.5813943	0.4061386	0.65993756	0.33040205	0.67235243	0.40285757	0.3501495	0.96934944	0.5689257	0.7995441	0.64610827	0.54955864	1.0052711	0.32832074	0.63831	0.31619442	0.34637505	0.6316943	0.24592505	0.6453416
41795	0.65815306	0.5135105	0.77450323	0.9526843	0.26868865	0.96870846	0.37524572	1.0191205	0.8339769	0.7241787	0.9299271	0.57600725	0.3151758	0.80921936	0.31136295	0.65773815	0.33224565	0.30259758	0.8714637	0.31731442	0.40653977
41801	0.34476542	0.4174204	0.54383355	0.31540766	0.39181605	0.8715021	0.601069	0.39596897	0.7605565	0.71394217	0.6753795	0.87638545	0.36701995	0.98754436	0.4312723	0.6271644	0.60358775	0.4286824	0.8221752	0.5841025	0.9776293
41814	0.64366513	0.44082066	0.322396	0.99567604	0.48634562	0.92687094	0.4199748	0.42055285	0.93093944	0.55784863	0.6318379	0.7543981	0.46123916	0.9555806	0.34329906	0.513322	0.7089691	0.84240586	0.9277507	0.53889495	0.6359701
41826	0.62944335	0.5058472	0.53884435	0.27442855	0.3659136	1.0237015	0.41398755	0.4104179	0.90586853	0.5812635	0.8239263	0.6798118	0.4503944	1.0020587	0.3696824	0.5656244	0.38674414	0.36355186	0.8805801	0.768697	0.57166725
41830	0.7467991	0.5551936	0.5253396	0.5661483	0.45289445	0.7251893	0.49602628	0.33070582	0.996062	0.5706554	0.69292295	0.79792947	0.6268467	0.94698495	0.34206203	0.55197394	0.7039647	0.42332587	0.9152543	0.5115803	0.7949025
41835	0.5115029	0.58566535	0.5818565	0.5128596	0.7364956	0.93066615	0.3939672	0.37765554	0.98558784	0.6165941	0.8199661	0.67357874	0.8098574	1.0181059	0.31226993	0.6328568	0.81825393	0.38686442	0.69368684	0.8792903	0.5068581
41840	0.3182177	0.6518524	0.5992812	0.64338005	0.40868133	1.0034987	0.40507853	0.9867137	0.46157286	0.66223645	0.7824435	0.58349335	0.8697247	0.42890617	0.31895643	0.58847255	0.5867605	0.36751586	0.8602674	0.7590874	0.5888801
41844	0.4906705	0.5718352	0.42881948	0.8926923	0.4061934	1.0211862	0.47411186	0.93222433	0.50704974	0.5709264	0.6979355	0.7032962	0.53988993	0.7966904	0.3977924	0.5082464	0.51483214	0.40274042	0.8427029	0.46187747	0.91620326
41847	0.6439681	0.5202999	0.3394535	0.9570099	0.23657915	1.0195318	0.41334662	0.97250473	0.83792233	0.5767503	0.95484924	0.6020699	0.544014	0.68883353	0.3248647	0.6506346	0.36253777	0.31079325	0.8997207	0.2760493	0.6680596
41857	0.4436774	0.61768264	0.36182126	0.69828135	0.35876518	1.0655681	0.40658316	0.92660594	0.82371026	0.6736435	0.91399217	0.7193467	0.6099208	0.8845848	0.3175814	0.6697126	0.40016967	0.31443998	0.9264911	0.5579015	0.83783716
41862	0.8335104	0.41208518	0.3982497	0.2388994	0.79052824	0.7028972	0.7553068	0.61320853	0.7671999	0.5279892	0.4063573	0.9071843	0.51645935	0.7604846	0.6298016	0.5821148	0.64679915	0.50393784	0.6335132	0.6757969	0.61899775
41871	0.42850265	0.5930446	0.5953544	0.73341954	0.39379084	1.0548166	0.40820295	0.5827563	0.7151841	0.60602295	0.7656996	0.6066788	0.72677577	0.98851514	0.3041022	0.5113167	0.4173433	0.35006118	0.82928306	0.5471347	0.41936702
41872	0.60169107	0.46710765	0.7700337	1.0330063	0.2401361	1.03127	0.4356286	0.8086571	0.81303746	0.6997198	1.0171427	0.72755957	0.30871794	0.9864576	0.3264309	0.6781324	0.293136	0.2850831	0.8096023	0.22098127	0.52240515
41882	0.40980044	0.6845603	0.6966287	0.61792916	0.30367044	1.0526639	0.40561357	1.0271432	0.558719	0.7105004	0.8777245	0.53119135	0.61137605	0.4874587	0.40689102	0.6633461	0.37962186	0.3480547	0.90160626	0.45326978	0.45136207
41895	0.66905975	0.7452284	0.4034439	1.021612	0.2915694	0.54590833	0.39290103	0.24079786	1.0203731	0.7014026	0.9226032	0.7848171	0.28074944	0.999008	0.3127378	0.5583869	0.32115576	0.317429	0.5967354	0.38994598	0.21353564
41912	0.61594117	0.5175472	0.411549	1.0420239	0.2863836	0.94508344	0.4327971	0.59490496	0.89915514	0.5865703	0.9445277	0.7399907	0.4650908	0.8663005	0.32067153	0.6602806	0.35977897	0.3079735	0.7749731	0.23744787	0.27613318
51005	0.64112103	0.4771579	0.76169723	0.26347914	0.4922261	0.9164011	0.44967377	0.72524005	0.92559433	0.81253266	0.8604315	0.7409903	0.5651174	0.8282727	0.5369504	0.57208365	0.6258443	0.4124194	0.93712735	0.6434452	0.78355783
51014	0.77584004	0.50931954	0.5217679	0.27315137	0.6344787	0.778101	0.41090453	0.78093386	0.63426673	0.532586	0.41121364	0.57216096	0.54112184	0.41167352	0.32860494	0.5244967	0.6181317	0.37532878	0.7469812	0.8005654	0.39896962
51017	0.5499159	0.56760895	0.33570626	0.3682488	0.3082755	0.8031255	0.37341133	0.6294925	0.49592373	0.5853019	0.8994381	0.6186927	0.25095466	0.93894166	0.289723	0.6656312	0.39480516	0.38761172	0.73137105	0.86808395	0.47508132
51023	0.89659137	0.38059735	0.3336378	0.22040188	0.85657495	0.91111225	0.5088951	1.0041684	0.54152745	0.53245384	0.37232766	0.91078275	0.59461033	0.54130256	0.28911787	0.42102915	0.83299524	0.6689279	0.9809013	0.8184966	0.7285476
51041	0.72561	0.46960717	0.7671787	0.27333012	0.5193546	0.721969	0.4611562	0.3263982	0.4795215	0.73165864	0.44446728	0.63563585	0.32492632	0.39803544	0.41787258	0.605347	0.4733237	0.37081823	0.8175496	0.54484254	0.69348055
51047	0.8159123	0.4874188	0.778055	0.2438087	0.79031223	1.0285581	0.3924303	0.9983033	0.384516	0.83690095	0.37932783	0.6793065	0.7131831	0.5654669	0.3256805	0.61633575	0.77055323	0.6901142	0.94645935	0.8886401	0.91671866
51051	0.7152988	0.60199237	0.727495	0.43054146	0.5347708	0.52999854	0.3867312	0.9754732	0.3100631	0.6144204	0.37681594	0.6452821	0.63806933	0.42624107	0.3092163	0.6267226	0.5171285	0.86664325	0.5259537	0.72603774	0.29109988
51053	0.23258355	0.73433304	0.8679812	0.28495723	0.7335132	0.62248546	0.45095113	0.7000166	0.6067166	0.7977856	0.41578493	0.5456511	0.3348123	0.7737834	0.40465847	0.49116293	0.44805878	0.3344392	0.79356575	0.49635303	0.5718632
51054	0.37793353	0.59047127	0.78801197	0.73984027	0.37327763	0.7630867	0.40127122	0.8348943	0.48014897	0.57223517	0.539359	0.5981737	0.2868085	0.4892234	0.34969884	0.6331226	0.45254177	0.3214646	0.70871526	0.8651444	0.43278006
51061	0.5758885	0.5077942	0.58151144	0.2217099	0.84061015	0.8530797	0.402973	0.9116578	0.6485309	0.54719543	0.37140742	0.6902306	0.6707962	0.54223835	0.39181265	0.4001079	0.95827323	0.64146155	0.81721324	0.8408758	0.82975423
51065	0.7172074	0.40797925	0.61499	0.2272393	0.8661755	0.9278901	0.36307457	0.97908735	0.41797513	0.7052655	0.36775327	0.7902019	0.9444621	0.6755241	0.29862532	0.44998464	1.0103074	0.8571198	0.86754745	0.8781273	1.0034577
51067	0.66744566	0.50338644	0.34051633	0.27634832	0.80315447	0.88434726	0.47337496	0.8683605	0.34151587	0.5869107	0.3829535	0.81483674	0.44324178	0.37881517	0.81216604	0.43153468	0.85149	0.6021917	0.8287113	0.75147027	0.38970095
51081	0.23822987	0.6668298	0.896949	0.22037981	0.79618055	0.87399757	0.373029	0.81295455	0.84705037	0.69863504	0.3854506	0.7007664	0.9083962	0.6549198	0.29575583	0.534038	0.82561886	0.52293193	0.9082677	0.65480316	0.9691397
51082	0.36114466	0.7402749	0.7177528	0.26557007	0.7833132	1.0368853	0.36093128	0.87999016	0.5785028	0.83442193	0.3899819	0.7036588	0.68880516	0.31036994	0.6211815	0.4404621	0.8359154	0.8064248	1.0052993	0.8808025	0.99321765
51085	0.40671462	0.5445229	0.781499	0.24570917	0.84396064	0.893343	0.49996877	0.36518687	0.5378107	0.5876206	0.40745136	0.69639933	0.27489027	0.7966959	0.7591658	0.47944108	0.7602269	0.3810447	0.7854822	0.8855477	0.9866711
51092	0.5326084	0.5417549	0.6197391	0.9260566	0.31806222	1.0821857	0.36711726	1.0238729	0.44513258	0.84074503	0.88382953	0.7335338	0.943976	0.573974	0.33020112	0.69722134	0.30383134	0.29218903	0.9506757	0.4783835	0.70353436
51096	0.24827649	0.6279571	0.63605094	1.0599084	0.274403	0.76810646	0.36494714	0.93995625	0.68559504	0.574525	0.9217295	0.5218815	0.70083284	0.5697308	0.33539087	0.66576165	0.31052807	0.30659425	0.8025561	0.31184456	0.34708467
51111	0.4685644	0.42817038	0.87415504	0.8755095	0.25418392	0.85673714	0.4320026	0.921878	0.4581684	0.781114	0.8679778	0.56023717	0.4982954	0.23059705	0.3560649	0.7192861	0.28340638	0.31107822	0.8873503	0.23443732	0.42876688
51131	0.28059068	0.47081745	0.8221421	1.041486	0.23204646	1.0192008	0.35057497	0.900141	0.7445918	0.7326505	0.96644753	0.55005246	0.62166387	0.83835405	0.36332482	0.63142866	0.35078487	0.30289805	0.6417887	0.2636652	0.82018834
51136	0.37732506	0.4104533	0.86599845	0.88426816	0.27238065	1.0575886	0.54687154	1.0794712	0.817015	0.82976437	1.0168068	0.9833066	0.4980279	0.5822796	0.5954661	0.6890472	0.29905942	0.30627453	1.0347817	0.26355863	0.8994373
51139	0.28670081	0.574755	0.535353	1.0504056	0.21597886	0.67938817	0.40638393	0.6055633	0.878393	0.7129451	0.9616385	0.5484759	0.88293767	0.49371195	0.31066182	0.65604913	0.30873337	0.30702353	0.5507409	0.24448915	0.5025685
51145	0.50707316	0.92668545	0.9117484	1.0486575	0.25699982	0.512206	0.464374	0.46573785	0.94671285	0.6811672	0.91533846	0.67259294	0.5316648	0.9417572	0.3287781	0.650973	0.30668038	0.3466996	0.8999919	0.20432238	0.16905084
51153	0.44692156	0.52770674	0.8851038	1.0267013	0.3247627	0.9258632	0.400187	0.8715367	0.8708049	0.763065	1.0266397	0.7845115	0.72081	0.806633	0.32000497	0.7030849	0.35938445	0.41185975	0.849856	0.50915056	0.8270951
51176	0.74565446	0.585511	0.49238917	0.34758827	0.45446718	0.5799686	0.50230134	0.5051331	0.63600963	0.5506034	0.539547	0.7261211	0.48618585	0.31382114	0.34932753	0.6191036	0.62097335	0.46544793	0.6205719	0.82779384	0.3339247
51178	0.53556186	0.56379575	0.488867	1.0032254	0.27577275	1.0739933	0.3888849	0.9737463	0.58337975	0.7193358	0.90373826	0.62884194	0.6530704	0.965267	0.31079724	0.64109945	0.3406493	0.31230614	0.9319933	0.21467331	0.6874045
51184	0.7134594	0.4442079	0.55283326	0.91497105	0.29121292	1.0341002	0.7136214	0.957173	0.6957354	0.720208	0.9797827	0.9465564	0.46424645	0.8702771	0.60416865	0.6337453	0.25966537	0.29482543	1.0127875	0.2848311	0.9160671
51185	0.5221906	0.69817954	0.8527187	1.0268629	0.27238783	1.0688243	0.3226538	1.0391774	0.50292677	0.7067292	0.9554575	0.51841956	0.7319233	0.31637788	0.31120074	0.69459945	0.2981599	0.28730372	0.86789334	0.27955204	0.3078506
51208	0.58838856	0.74487686	0.6295145	0.9926601	0.3078654	0.8747732	0.515891	1.0449517	0.51281935	0.5412758	0.8120949	0.5434652	0.8884479	0.9961335	0.33431205	0.7367271	0.32665026	0.31944233	0.6541648	0.22051282	1.0364993
51227	0.54981995	0.54782027	0.40097943	1.0140954	0.22960985	1.054168	0.38984102	1.002602	0.8007787	0.6560981	0.93547356	0.5468874	0.33095413	0.76564425	0.31399828	0.6904452	0.31196362	0.3147109	0.71998745	0.23876067	0.27209938
51231	0.65819585	0.6324634	0.74351233	1.0192646	0.28041282	0.9044632	0.33427316	0.9747934	0.39660785	0.7041773	0.91208863	0.5471222	0.89211136	0.2789068	0.30983925	0.6549976	0.32962048	0.31184667	0.96609926	0.23925687	0.4825033
51236	0.22633633	0.82880557	0.9308106	1.0730357	0.23976633	0.54348445	0.39026836	0.6251469	0.94805324	0.6769938	0.9809354	0.5135246	0.67043453	0.890673	0.29579222	0.6587245	0.32944405	0.30745772	0.5915577	0.24970455	0.5719767
51240	0.7323778	0.40571302	0.42315215	0.8258051	0.28436536	1.072133	0.72920614	1.0532194	0.9558148	0.6248026	0.9741805	0.84145695	0.66699636	0.29865703	0.33399597	0.73535115	0.34785447	0.31221786	0.92317533	0.3021969	0.79925084
51241	0.61637896	0.62072074	0.84896296	0.98011667	0.27719453	0.66650456	0.3980465	0.34249938	0.824762	0.69687146	0.9221903	0.5719481	0.2657586	0.7340475	0.3248761	0.5357379	0.32658535	0.3214046	0.87495565	0.55121994	0.35940263
51249	0.4370153	0.45795226	0.89301944	1.041249	0.24470699	1.0241739	0.3784865	0.9334022	0.8229321	0.7728455	1.0039086	0.8367503	0.90098673	0.76975274	0.30702412	0.6735112	0.3577095	0.34410608	0.9062031	0.2871164	0.8888268
51258	0.3900231	0.66855097	0.74643	1.0309343	0.26119024	0.88602996	0.49277046	0.75649333	0.7539802	0.64451027	0.9095501	0.7028697	0.6841001	0.5550396	0.3169611	0.60460794	0.35534272	0.33672416	0.8814797	0.26782665	0.3872558
51259	0.18651	0.8813607	0.84015906	0.9938817	0.24508095	0.46801525	0.3399023	0.9161591	0.52016014	0.7388244	0.8926937	0.41322908	0.8976716	0.8132783	0.31564188	0.6593341	0.3270958	0.33407974	0.4026165	0.26345533	0.252791
51263	0.39846018	0.55136675	0.5378511	0.98610216	0.31569478	0.8494013	0.41505152	0.9468688	0.57680935	0.6391987	0.8926772	0.72756517	0.87265193	0.70675516	0.33585986	0.66198385	0.43409273	0.3506598	0.6428275	0.80244684	0.52202284
51268	0.46727788	0.49833196	0.62295717	0.98956037	0.22701685	1.0674244	0.40311682	1.0091224	0.3887992	0.78449655	0.9603302	0.58320206	0.809291	0.4743394	0.31434277	0.6284363	0.2860391	0.33604217	0.95146656	0.1958527	0.74177384
51275	0.28427574	0.7033708	0.7030258	0.979917	0.25555676	0.90426695	0.40688246	0.90540516	0.46646678	0.8406809	0.9338266	0.5227805	0.81648606	0.27813047	0.34930402	0.63886845	0.37706944	0.3082331	0.7171302	0.28751037	0.8710306
51276	0.6476877	0.4956199	0.4971676	0.90729964	0.30396557	1.0716443	0.3535666	1.0386481	0.4875541	0.5814751	0.9430606	0.63165313	0.37967578	0.6505278	0.31986436	0.70462006	0.28779992	0.29531497	0.92393625	0.30491215	0.80367434
51278	0.5102081	0.4879968	0.78577316	1.051593	0.27322435	0.93839705	0.6204555	0.9342702	0.65992826	0.58950496	0.9396205	0.68838465	0.5906653	0.36249048	0.6548371	0.47478774	0.2660506	0.29049107	0.8316546	0.19854692	0.83127207
51281	0.20425937	0.95537585	0.9409249	0.9504148	0.2705304	0.4443146	0.35230976	0.8669863	0.7362153	0.8265383	0.8846577	0.44461274	1.0141082	0.56753963	0.2923261	0.68112326	0.34039813	0.32402048	0.45484775	0.32438895	0.3056066
51285	0.5508938	0.46563324	0.62458795	0.9441851	0.27509043	1.0212727	0.44309324	0.5425862	0.8567515	0.6726302	0.97732496	0.59311664	0.35143527	0.8295332	0.40026435	0.64171976	0.31763718	0.30715892	0.66622555	0.2576309	0.6357657
51287	0.41827542	0.55344135	0.6209582	1.0022204	0.26339048	1.0272186	0.33424446	0.9862554	0.42188865	0.8373491	0.9449344	0.6544158	0.8661686	0.3220462	0.32275018	0.69852656	0.29339597	0.28583744	0.9766502	0.21094416	0.8919838
51289	0.5180844	0.78247726	0.95971155	1.0638385	0.25554615	0.5742427	0.43775076	0.69743663	0.9240988	0.70495415	0.91428995	0.75635386	0.7945359	0.9322046	0.44672546	0.58244854	0.3008853	0.45724455	0.61263484	0.2824918	0.5192003
51292	0.4254473	0.60056883	0.8661918	0.32324478	0.4069561	1.0121422	0.41305867	1.0533543	0.3012065	0.8418599	0.8936392	0.6001194	0.779463	0.19959143	0.3077354	0.6048263	0.55539006	0.37216073	0.9467582	0.7530555	0.8196059
51294	0.22112602	0.83725554	0.8274335	0.9173643	0.28300202	0.49683437	0.38659343	0.4419008	0.8539601	0.62766564	0.795248	0.3968787	0.71149784	0.6068471	0.30222705	0.6703735	0.40764928	0.33423007	0.4614095	0.4585916	0.26711795
51300	0.22311825	0.66648084	0.7147797	0.63170874	0.3080459	0.568259	0.3743255	1.0387125	0.41975245	0.83654916	0.8239783	0.7624681	0.9152847	0.76929075	0.36654937	0.6925149	0.33378828	0.3500873	0.95508003	0.5884577	0.8859318
51302	0.45082998	0.4123347	0.51538473	0.87752837	0.22661813	1.0243645	0.4684965	0.7140921	0.95250946	0.6485449	0.88776445	0.69990873	0.5353797	0.6907093	0.5713585	0.7083342	0.2582089	0.305949	0.9213138	0.22074725	0.8284326
51324	0.20835179	0.7025611	0.7388422	0.9726733	0.26832217	0.6382617	0.3159778	1.0552098	0.49338812	0.83956933	0.898767	0.7336553	0.31439868	0.78561723	0.4353567	0.6911262	0.320432	0.3427077	0.9872811	0.374888	0.9048321
51328	0.6531491	0.455559	0.41822237	0.80287087	0.40696603	1.0353787	0.46180475	0.8509636	0.6517606	0.5928342	0.8708835	0.6832191	0.2825286	0.79596543	0.38310465	0.5850694	0.60044336	0.3800887	0.89007366	0.68712497	0.68257093
51329	0.273143	0.8147694	0.84087414	0.98024076	0.30013344	0.6001322	0.38577306	0.9225564	0.7743019	0.6698542	0.89638835	0.43485177	0.96802336	0.622585	0.3573815	0.65409285	0.44930276	0.35325605	0.5471853	0.40737864	0.28754005
51346	0.68074787	0.4985664	0.5078421	0.9724419	0.263091	0.86654156	0.42521697	0.2809925	0.98659617	0.548665	0.90195936	0.6363293	0.23536988	1.0036141	0.32142115	0.66382724	0.3623885	0.3073854	0.7031524	0.28727236	0.20868513
51353	0.73874485	0.46233898	0.30989277	0.23887534	0.7550074	0.7496034	0.4093751	0.30849153	1.0094368	0.56962085	0.37760022	0.67935014	0.33650935	0.9729689	0.30893502	0.4616307	1.0265964	0.81040645	0.75839716	0.87154424	0.6016318
51355	0.80355865	0.48561803	0.52405685	0.22555336	0.87051207	0.95383674	0.60480946	0.36526516	0.9115317	0.5679688	0.37018356	0.79267883	0.32910123	0.530104	0.45124507	0.4115804	0.7803293	0.8379017	0.9777129	0.89698565	0.9886342
51390	0.22357918	0.8039931	0.82266134	0.6354569	0.27473798	0.5495649	0.45160192	0.9676331	0.41979232	0.8414764	0.81378156	0.4720794	0.7824675	0.3577376	0.34602702	0.67180413	0.32287312	0.3617027	0.93965036	0.3178621	0.49659115
51394	0.43582138	0.80782133	0.84573334	0.5358018	0.50918126	0.81140316	0.43872783	0.56139636	0.4076851	0.6810315	0.71310073	0.5151338	0.28398216	0.32698914	0.3656437	0.68057656	0.5022729	0.32562533	0.6544999	0.764677	0.2353684
51395	0.69776374	0.49837846	0.28453088	0.9857469	0.2996239	0.75339746	0.53512144	0.3413695	1.0047765	0.5669591	0.9178304	0.70676386	0.37646037	0.6474177	0.34136683	0.73913574	0.35867378	0.3043918	0.6558129	0.2684939	0.29201075
51414	0.6903818	0.5401491	0.39610523	0.24266407	0.74320704	0.6945348	0.5038499	0.24055664	0.97237784	0.5673132	0.4135395	0.55585474	0.23553038	1.0176867	0.9055738	0.5631246	0.73260283	0.39845178	0.6551159	0.85698336	0.49399656
51415	0.48038548	0.3945475	0.4820212	1.0623969	0.24372965	1.0601392	0.33755955	0.787835	0.99637765	0.8422343	1.0428077	0.8117322	0.83357507	0.86685914	0.3113603	0.70399666	0.328574	0.32420212	0.8990371	0.31649685	0.3662577
51416	0.7046827	0.47626424	0.66634816	0.22281621	0.7374553	0.90402746	0.39967936	0.32468837	1.0002828	0.5790834	0.52985126	0.8116178	0.71453935	0.9636544	0.30239236	0.5188463	0.92838156	0.58558124	0.81896317	0.883731	0.9402091
51435	0.86137474	0.40696037	0.29541537	0.2130981	0.8236759	0.74606425	0.7023061	0.263669	0.9920047	0.5195036	0.38338134	0.79568875	0.23959056	0.747076	0.6719614	0.5060979	0.6465499	0.5376894	0.90722805	0.8018979	0.8803349
51436	0.30743268	0.54251355	0.65834427	0.58768576	0.4597014	0.6027963	0.5195479	0.27523953	0.5011972	0.5531175	0.49053743	0.5547757	0.2408522	0.69468564	0.8400077	0.49638402	0.53338164	0.35670838	0.6687747	0.7313281	0.3307322
51441	0.24517758	0.7829584	0.8947037	0.35047105	0.36746746	0.41097736	0.31383097	0.8614696	0.45559633	0.72895336	0.66899616	0.3406055	0.7326642	0.30725306	0.2979764	0.6831698	0.4395271	0.3499424	0.35606453	0.6024214	0.17442064
51442	0.18524377	0.88034654	0.98161465	0.6416971	0.27895436	0.5209659	0.3641343	0.81488585	0.64238155	0.84185857	0.91365224	0.4570036	0.3941148	0.35268047	0.31654087	0.69904816	0.34155667	0.34054327	0.66117024	0.4187697	0.30512077
51445	0.16190542	0.9425386	1.0012645	0.64632577	0.23416497	0.47025332	0.34085748	1.0495427	0.3219907	0.84184915	0.888385	0.45864883	0.99370927	0.18081118	0.2856766	0.689835	0.3045262	0.31314325	0.53594387	0.2430441	0.25951177
51454	0.3382597	0.64195657	0.8473082	0.7128592	0.24246563	0.5139108	0.3666095	1.012266	0.31138894	0.7268619	0.88943815	0.48928827	0.73911774	0.24042255	0.30497867	0.69935435	0.3069557	0.3146613	0.6071763	0.31384188	0.23974334
51458	0.5047556	0.5041334	0.6490018	0.27201572	0.7676289	0.99398375	0.3724696	0.73163986	0.8167455	0.652955	0.4932709	0.66605276	0.8934187	0.7770258	0.331053	0.5108574	0.8012741	0.4394326	0.67165583	0.8572868	0.63018525
51465	0.8612259	0.38572308	0.27172157	0.21921615	0.8558746	0.99807894	0.669567	0.41660124	1.0245821	0.5246568	0.38845283	0.92879915	0.31805652	0.93700147	0.34034136	0.46712673	0.8853895	0.8519352	0.9423648	0.56030065	0.97428983
51472	0.5390164	0.685779	0.8838402	0.6334924	0.37966478	0.9983963	0.34360114	1.0244261	0.36297092	0.74269587	0.6724998	0.51750386	0.7851419	0.34288654	0.3437611	0.654669	0.37551683	0.31361634	0.78994834	0.32913813	0.5194489
51474	0.7529211	0.4191923	0.39762133	0.23423895	0.7510691	1.0428301	0.4249378	0.33784124	0.7086753	0.55982333	0.41722265	0.61275804	0.23782904	0.9620933	0.32864517	0.5436497	0.79175824	0.40476516	0.8431193	0.88596207	0.74485046
51479	0.3160531	0.5281912	0.639662	0.52814835	0.29234794	0.6093445	0.40217435	0.7478814	0.70327574	0.7433119	0.888821	0.5777117	0.24269828	0.77288556	0.38563383	0.6342218	0.36175913	0.37148333	0.7346401	0.86563593	0.6765616
51484	0.6284219	0.50269735	0.7629865	0.27499205	0.29452327	0.9835441	0.41661686	0.32815957	0.73966736	0.6960723	0.70642513	0.58770025	0.28346673	0.88198507	0.36072135	0.5756675	0.5437563	0.38089415	0.8602599	0.548993	0.5386162
51487	0.53177005	0.72669375	0.8200904	0.3167364	0.71523535	0.7313669	0.50542575	0.44076106	0.6622338	0.8289967	0.4571225	0.5415028	0.45996183	0.35970938	0.43719196	0.6122862	0.7290218	0.43465245	0.62232256	0.76860607	0.91361386
51503	0.5683943	0.5053636	0.32196996	0.3772185	0.7429226	0.68084437	0.41753453	0.2885513	0.89885885	0.54609895	0.43919975	0.57282805	0.25456804	0.8021751	0.4511758	0.53061557	0.7944963	0.66840637	0.5923819	0.80176353	0.40956774
51515	0.7142889	0.45511878	0.4507908	0.35771623	0.26203364	1.0723827	0.46203375	0.4144897	0.982151	0.6516689	0.8833738	0.5970685	0.23772964	1.034407	0.35341713	0.6115791	0.33815464	0.32787377	0.9109338	0.38119155	0.96414655
51524	0.73768294	0.47021523	0.7928375	0.5102063	0.71843845	0.91769594	0.4754842	0.24615933	1.0072267	0.6955827	0.863283	0.6368205	0.25566605	1.0166078	0.32175204	0.6492201	0.718749	0.83680326	0.6491568	0.43298614	0.8066495
51530	0.5066761	0.61097425	0.4972223	0.78591114	0.3201839	0.5960091	0.43425506	0.37073055	0.95821893	0.61987	0.802529	0.7080892	0.74058616	0.9351199	0.3120648	0.7159152	0.37044448	0.3133474	0.85651153	0.38108644	0.6202035
51531	0.34850395	0.8624001	0.7934385	0.52673984	0.4064619	0.8541555	0.41197917	0.5732132	0.91433907	0.6648783	0.58528084	0.5389027	0.34403127	0.9218052	0.34516752	0.60576165	0.55799496	0.36042213	0.7072991	0.6475948	0.48189837
51534	0.43498287	0.60477173	0.63270205	0.7851227	0.28964037	0.82344496	0.4112446	0.33491147	0.9669038	0.77194816	0.79667	0.49650133	0.272907	0.8223095	0.39789394	0.69339293	0.43041468	0.363742	0.6947109	0.31078497	0.5814599
51539	0.19652846	0.96713746	0.9728844	0.67081565	0.29617178	0.52261055	0.34167367	1.0334424	0.7356481	0.84146476	0.8654173	0.4245759	0.9540249	0.2170943	0.30470923	0.64373803	0.38936147	0.35529095	0.31189442	0.77700114	0.29959634
51541	0.4055118	0.44996175	0.7787746	1.0528318	0.20772289	0.9986172	0.376447	0.6590431	0.93877965	0.74037695	0.9555765	0.7074564	0.798989	0.78899074	0.3422553	0.66227627	0.27413848	0.37027714	0.7995345	0.30092797	0.76879066
51556	0.20883724	0.8501462	0.93158317	0.6999944	0.28426892	0.45909807	0.39024737	0.979601	0.3461274	0.7041534	0.75669974	0.53569937	0.7607276	0.20346418	0.30276605	0.6690371	0.40110752	0.3296106	0.6038106	0.33706516	0.31431696
51562	0.22002503	0.89783233	0.96000534	0.40789413	0.39335448	0.6299914	0.37051037	0.7584349	0.49949256	0.81428486	0.54842675	0.471542	0.7095271	0.3943916	0.4446523	0.6233282	0.39376998	0.34627342	0.63511634	0.45464075	0.24002121
51575	0.3399439	0.47844243	0.67560905	0.9284731	0.30087566	1.0401101	0.7654932	0.9368227	0.85464114	0.681835	1.0171846	0.9728945	0.4716256	0.61543447	0.7491887	0.58974093	0.25283417	0.29019606	0.97708124	0.29210946	0.9888265
51577	0.6372241	0.65273976	0.8864965	0.99155426	0.2542543	1.0824049	0.3341371	0.97329885	0.5896201	0.7908182	0.97700995	0.6205814	0.2520761	0.4957831	0.30733877	0.7361252	0.27572805	0.28879774	0.67486733	0.42092603	0.5119985
51591	0.49650568	0.5109169	0.4995535	0.9874704	0.2763191	1.0534298	0.3737135	0.29001093	0.97446793	0.6013957	0.9062841	0.62324923	0.261332	1.0003923	0.31643417	0.52300984	0.33607784	0.2825707	0.8257288	0.35720882	0.8838078
51592	0.6115247	0.54953307	0.35425147	0.98033947	0.2868701	0.8936454	0.40590718	0.8617487	0.8812819	0.5649557	0.8712667	0.60734767	0.24563424	0.95269144	0.34393448	0.7004802	0.33357352	0.28628492	0.78898007	0.28855333	0.44622782
51593	0.2930374	0.8637542	0.7510605	0.7635807	0.30535945	0.9252423	0.3758685	0.99091226	0.8535983	0.7865069	0.8917208	0.63074094	0.94014055	0.85519964	0.32419452	0.6291465	0.4273853	0.37251672	0.7668211	0.48665503	0.49376646
51595	0.51101476	0.5152168	0.7760007	0.99385285	0.2715237	1.0058341	0.31953672	0.9896667	0.62659407	0.7672404	0.97946477	0.551669	0.32312965	0.6026235	0.31301433	0.70386606	0.30955842	0.29904693	0.8238394	0.25192583	0.36322302
51597	0.5588615	0.5140405	0.40765026	0.9915222	0.22786532	0.9700299	0.39605	0.4126364	0.90080863	0.5851212	0.8881763	0.53234166	0.35346076	0.83786744	0.31918812	0.58284634	0.31385994	0.31241742	0.7900599	0.25889647	0.28001517
51598	0.5384512	0.520437	0.5568561	0.8761926	0.30461058	0.8775148	0.4341369	0.41788206	0.9435607	0.65291905	0.8518397	0.6119296	0.2654653	0.7479277	0.57438385	0.5878172	0.3213091	0.32151666	0.7179646	0.28554368	0.80955255
51607	0.23198749	0.44533247	0.8159102	1.0027552	0.25512528	1.0731758	0.28604499	1.0860215	0.41812837	0.8390047	0.9592373	0.5276135	0.49522457	0.5398168	0.31234828	0.64846146	0.3001637	0.30982268	0.9249708	0.28770104	0.84783226
51611	0.31294468	0.44772348	0.8186196	0.88641113	0.28762922	0.860987	0.39912182	0.97389615	0.37173003	0.6150011	0.98487633	0.6740048	0.73383355	0.5291977	0.32155126	0.6677071	0.29794383	0.37481913	0.9519833	0.5638973	0.9163618
51613	0.6331734	0.43150622	0.7139341	0.97160953	0.25898382	1.0517459	0.49856526	1.0262742	0.5173912	0.55848265	0.96579933	0.75894564	0.7624558	0.2626913	0.31573984	0.6930409	0.320402	0.28164616	1.0041587	0.4283607	1.0226309
51624	0.3363405	0.92124474	0.84105396	0.9138268	0.33667	0.907315	0.3673066	0.9846575	0.5177004	0.84131503	0.94482714	0.63113564	0.91591346	0.32867604	0.3227081	0.6516501	0.4326249	0.33543292	0.89699954	0.28834847	0.6116619
51626	0.275438	0.67457265	0.61689687	0.8590021	0.33348677	0.6920481	0.44069988	0.30463105	0.88765484	0.79451156	0.9006643	0.61727506	0.2486396	1.0021755	0.3387936	0.6059005	0.43389782	0.3339604	0.8015401	0.52529407	0.64370626
51632	0.5161938	0.5697406	0.8636583	1.013661	0.2500603	1.0815612	0.27953392	1.071887	0.49659708	0.8023743	0.9903829	0.49398386	0.26088744	0.6797644	0.30948928	0.72171706	0.27954292	0.28665352	0.8197845	0.26394668	0.45939976
51635	0.6239978	0.61656064	0.5973418	1.0022912	0.25792912	0.9687349	0.38019738	0.97524506	0.86775917	0.69012976	0.9547491	0.62155944	0.2781989	0.9822914	0.31454206	0.6447279	0.35895208	0.31928015	0.8706885	0.26667133	0.17248872
51639	0.446802	0.60332465	0.70322156	1.0250969	0.22956575	0.79051656	0.38172057	0.50915265	0.9260683	0.5780802	0.9443276	0.5709378	0.4605129	0.8297776	0.294494	0.6767374	0.2882399	0.2910932	0.76455384	0.22789606	0.32011366
51652	0.25512907	0.48167703	0.81530213	1.0179052	0.24010423	1.0906409	0.2874869	1.0695739	0.4321809	0.839825	1.0105351	0.5558708	0.71624607	0.60231745	0.3102547	0.72702247	0.29336694	0.30402124	0.9090685	0.26571488	0.5364175
51653	0.28494123	0.45126754	0.78838086	0.8634638	0.26877463	1.0541242	0.5832409	1.057247	0.9745745	0.7978876	0.9872035	0.8915328	0.53121847	0.8804818	0.5930343	0.6782496	0.27453694	0.3085135	1.0357661	0.29862472	0.85304916
51670	0.53284717	0.7029677	0.9214615	1.0304335	0.2748112	1.0526422	0.33189994	1.0712763	0.59452605	0.8303696	1.0037999	0.5600118	0.36631083	0.59352505	0.30821177	0.70881957	0.29785162	0.2889666	0.7547121	0.45552474	0.47636455
51674	0.23198749	0.44533247	0.8159102	1.0027552	0.25512528	1.0731758	0.28604499	1.0860215	0.41812837	0.8390047	0.9592373	0.5276135	0.49522457	0.5398168	0.31234828	0.64846146	0.3001637	0.30982268	0.9249708	0.28770104	0.84783226
51687	0.5927319	0.6260796	0.55964583	1.0285408	0.26588118	0.63516676	0.38875133	0.92015743	0.3586287	0.55955553	0.91130495	0.7089514	0.57992715	0.8178064	0.29738283	0.6347922	0.34046102	0.32466134	0.6314824	0.36514112	0.3739535
51688	0.2763108	0.8598485	0.86260396	1.020218	0.29567403	0.6867404	0.3821016	0.91660833	0.84208435	0.67655927	0.89609	0.5127988	0.83271825	0.5076978	0.30721515	0.68346006	0.36043707	0.33278894	0.855859	0.30633157	0.36648196
51694	0.74528486	0.42008293	0.32257524	0.3692706	0.61934906	0.87705374	0.5943434	0.49374235	0.70693105	0.53903466	0.66281945	0.8204935	0.26505458	0.76233333	0.8582609	0.41406435	0.44460508	0.29394892	0.8746668	0.59985185	0.70890576
51705	0.32216284	0.57241404	0.9075859	1.0070807	0.23049663	1.0441022	0.3066142	1.0441697	0.48434702	0.807289	0.9843135	0.55542237	0.35104358	0.38698098	0.30690607	0.69540393	0.28727132	0.29188052	0.896462	0.23245774	0.66820663
51708	0.6080519	0.5599967	0.4878798	1.021073	0.247783	0.9018681	0.35164014	0.39804578	0.989348	0.6319869	0.94182366	0.5585009	0.23496136	0.9714948	0.3163016	0.5498952	0.2961979	0.28281474	0.874686	0.22854324	0.19869693
51710	0.26995772	0.5279593	0.92243856	0.87880534	0.29079413	1.0445476	0.28595194	1.046174	0.44803658	0.8264752	0.9839313	0.54487026	0.57971454	0.43533683	0.29785162	0.69227767	0.34539476	0.28939897	0.83739036	0.20468178	0.95649356
51713	0.28807274	0.6532064	0.74591446	1.0089002	0.25021973	0.95616996	0.42641133	0.7214892	0.933335	0.7634086	0.9801363	0.7116447	0.78638434	0.88331467	0.32586223	0.6996327	0.33564228	0.3222848	0.7848618	0.31083292	0.6633261
51720	0.41884622	0.5208663	0.7474427	1.0118933	0.25183555	1.0694507	0.37821794	1.0149242	0.4522186	0.7554646	0.9563	0.6528341	0.71026665	0.7690859	0.31728342	0.67652446	0.31410855	0.29321834	0.89286715	0.23140968	0.5762136
51730	0.52765876	0.48683405	0.7921352	0.70899147	0.42506555	1.0001003	0.43837413	0.95562434	0.47970203	0.6792051	0.8252382	0.6244764	0.7404223	0.4770347	0.39614978	0.6068152	0.41434327	0.326984	0.85799223	0.4503432	0.905655
51732	0.28459525	0.61655146	0.8616905	1.033339	0.21627685	0.64667004	0.38863638	0.99774015	0.39901304	0.5984173	0.9298386	0.5675429	0.6506243	0.33198938	0.2793127	0.706551	0.2507235	0.29969564	0.74282205	0.21912663	0.48608315
51738	0.25148264	0.6117999	0.91139966	0.91814744	0.2653239	0.46093312	0.39075527	0.92201537	0.53681517	0.77013004	0.828398	0.56288004	0.34938958	0.81618196	0.3969364	0.59123766	0.34953794	0.4787724	0.8997067	0.5832266	0.89707047
51751	0.71890175	0.39579156	0.42471975	1.0138785	0.2717746	1.0235443	0.6236135	0.3764648	0.9655501	0.5346071	0.93688345	0.94966537	0.26344895	0.8908278	0.34315038	0.62456596	0.27079606	0.29507485	0.9767583	0.2806674	0.834383
51758	0.46644	0.47590908	0.6703371	1.0450882	0.23576196	0.9936091	0.38878697	0.9706865	0.66071975	0.6786656	0.96190685	0.5647128	0.69528323	0.7136462	0.34377295	0.59597325	0.28932554	0.30349275	0.6151036	0.48036948	0.34789997
51768	0.3717159	0.6258199	0.8206861	0.98916847	0.24673343	0.8599695	0.3949469	0.9517487	0.41717044	0.7000322	0.89486516	0.5218631	0.9642796	0.23638776	0.28043652	0.68044454	0.28299773	0.31707543	0.731346	0.24839555	0.6368475
51774	0.49801183	0.4987046	0.7560291	0.5451435	0.3557691	0.88582534	0.36188096	0.9905343	0.51335573	0.81817156	0.9371092	0.62133306	0.4990413	0.34914258	0.32791165	0.7434218	0.37347782	0.30458793	0.914168	0.21033485	0.7817233
51775	0.6084698	0.519874	0.65348786	0.96632403	0.27987176	0.9968468	0.80484086	0.94996095	0.6524325	0.76442033	0.9101468	0.8387208	0.6000801	0.7369335	0.3715546	0.6459897	0.2703117	0.32027286	0.9486438	0.2915895	0.6754521
51792	0.47781175	0.5388974	0.69832367	0.9932215	0.2596277	1.0445299	0.41861296	0.9810718	0.65535146	0.8252728	1.0133185	0.63040555	0.9313984	0.44215837	0.3207668	0.6505011	0.33381796	0.30413276	0.96565336	0.23489808	0.7719924
51795	0.68026763	0.4391976	0.48834792	0.9920562	0.22558954	1.1010805	0.41180837	1.0751808	0.5065922	0.82974076	0.97951686	0.61883	0.5306358	0.66046804	0.3184091	0.6801917	0.30772358	0.29245055	0.94994533	0.2800263	0.5297135
51799	0.653324	0.5840732	0.470934	1.0374918	0.2756791	0.80324274	0.38659295	0.8462267	0.66747034	0.5793877	0.91300553	0.71544915	0.3211529	0.8098946	0.32067502	0.5927203	0.27539048	0.3338843	0.73218983	0.22807753	0.23634888
51801	0.46252874	0.62613946	0.41161332	0.9942461	0.31811327	1.0637071	0.40383	0.9829286	0.6913595	0.6643551	0.78293055	0.53883845	0.4789536	0.5280278	0.3424128	0.64089024	0.3604849	0.32153535	0.86002976	0.24820594	0.50176126
51804	0.42514372	0.82049847	0.9100831	1.026583	0.23706241	0.7454366	0.3658639	0.39443773	0.98817116	0.6345137	0.8897444	0.6145025	0.33447948	0.91868234	0.34234264	0.5921575	0.34383777	0.3313362	0.8594742	0.23840925	0.24091358
51805	0.37159646	0.5277884	0.88495725	0.29815137	0.42194706	0.85179365	0.42905053	0.3080705	0.83089644	0.5882869	0.50295335	0.65184337	0.30123627	0.84986675	0.78865504	0.5341941	0.44743994	0.36615258	0.8152506	0.8685895	0.97601104
51807	0.56785583	0.47015417	0.8202271	0.95716995	0.2628289	1.012879	0.37719947	0.43151787	0.95871973	0.75351244	0.8606929	0.67351425	0.25269535	0.9681478	0.30564135	0.63845783	0.34847766	0.30550084	0.9747332	0.39622843	0.20278062
51808	0.48784962	0.5689827	0.7678741	1.0173622	0.23325849	0.735337	0.40881038	1.0293561	0.36795247	0.6180343	0.9883127	0.55356354	0.85759485	0.13613108	0.3079622	0.6964605	0.27707595	0.30388921	0.54102784	0.20598675	0.23198119
51821	0.3002739	0.5113464	0.8532455	1.0266584	0.28867665	0.98180395	0.4369997	0.48807046	0.71716684	0.84309644	0.9404874	0.62393737	0.27917144	0.75752646	0.38933238	0.602195	0.36445302	0.31054187	0.92933416	0.26350343	0.6772058
51826	0.61808664	0.47756183	0.3472844	0.9383374	0.3956635	1.090038	0.5991354	0.5398781	0.57083213	0.5684637	0.79734343	0.7491987	0.26410303	0.80423087	0.61193997	0.537145	0.36905533	0.30106625	0.9425124	0.89479506	0.43818244
51835	0.6120605	0.530893	0.6164033	0.46749666	0.7655474	0.9149352	0.4485545	0.35777503	1.0021279	0.5666816	0.65735006	0.71093076	0.3416508	0.8895045	0.30724376	0.4599856	0.9613969	0.90626365	0.754297	0.859388	0.89631605
51837	0.795499	0.38447043	0.31780753	0.23831442	0.7901153	0.90925765	0.65179133	0.2816107	0.9511897	0.5375836	0.37248975	0.87583977	0.33653775	0.55447805	0.44648033	0.42027158	0.6123743	0.5234248	0.95243263	0.7132849	0.9506918
51849	0.7670119	0.51136744	0.4776132	0.23009685	0.73499537	1.0606617	0.43684733	0.9967625	0.27988395	0.54564255	0.5063662	0.81015104	0.83129686	0.22111721	0.3071749	0.57989234	0.6078371	0.683422	0.90704364	0.604008	0.6976035
51857	0.65452003	0.6415539	0.52430695	0.9798209	0.34181455	0.9531974	0.40908223	0.8384388	0.8763743	0.68399644	0.88771236	0.6223189	0.64812475	0.96360713	0.31536174	0.64035743	0.41906768	0.32486185	0.7736293	0.5264152	0.45565307
51866	0.6825224	0.4184369	0.5546389	0.85288334	0.3617283	0.81442195	0.6186308	0.52396727	0.79735047	0.6462338	0.8473376	0.80609936	0.35224172	0.2679258	0.43872648	0.5745478	0.3594069	0.30941957	0.6455295	0.25909656	0.57342416
51881	0.784053	0.43262714	0.3210143	0.31712058	0.7698175	0.8896187	0.6751697	0.71428263	0.51080877	0.5579636	0.4500987	0.8388246	0.4366242	0.28350207	0.38222262	0.6486333	0.4539709	0.37375176	0.8324645	0.5815263	0.77307004
51882	0.63698	0.55481696	0.6422207	0.26266488	0.7419697	1.0205684	0.41939723	0.30322024	0.9271605	0.7774643	0.40801564	0.546617	0.3258137	0.9053436	0.37678865	0.56679446	0.856198	0.4707597	0.7772123	0.8059079	0.79950905
51883	0.500399	0.51134515	0.40004396	1.0056114	0.24514487	1.0773263	0.41145387	0.9990512	0.54096115	0.82100195	1.0073715	0.71117115	0.73277617	0.84290916	0.33367535	0.70344543	0.30239365	0.30193096	0.9634249	0.22528423	0.7063524
51889	0.6975148	0.42098114	0.23118243	0.25368816	0.830436	1.0768424	0.7447099	0.2943975	0.5656923	0.5268054	0.42215675	0.81056696	0.23016876	0.40623826	0.8071253	0.43093008	0.62342125	0.3252438	0.9684074	0.88122	0.8098832
51896	0.26466432	0.7987731	0.79182494	0.98019236	0.27123883	0.8960082	0.36355892	0.9099803	0.37660703	0.8396047	0.87533313	0.51786935	0.97406465	0.20713963	0.31576416	0.6730904	0.37338448	0.33759823	0.8008916	0.3170773	0.5025146
51897	0.7380286	0.5347558	0.6310319	0.23385425	0.87684155	0.97212756	0.72148335	0.24741198	0.39421105	0.58362645	0.37310314	0.6528045	0.23617342	0.46958655	0.8854686	0.35523164	0.75545377	0.35939968	0.8471881	0.8570528	1.0215791
51901	0.5852592	0.5931488	0.6781212	0.99722457	0.31337515	1.0247474	0.4069021	0.9357744	0.5637655	0.57229656	0.86369944	0.60603964	0.50127107	0.55904377	0.3688856	0.6440447	0.43153328	0.31584603	0.92106	0.85555536	0.5455568
51915	0.38287243	0.5718378	0.9082987	0.24773933	0.67012274	0.6853778	0.37744614	0.31814924	0.9220451	0.77553993	0.8314954	0.5622439	0.362185	0.8062964	0.35923043	0.52685237	0.7943451	0.36489516	0.47757745	0.6356037	0.3408952
51918	0.75820494	0.40923303	0.30751067	0.4478664	0.46552137	0.9846309	0.6629722	0.22090821	0.9630835	0.5303995	0.62734234	0.8290812	0.21686123	0.68547565	0.9274282	0.41071418	0.4262885	0.29789954	1.0138582	0.8752038	0.68960994
51919	0.5735395	0.41406476	0.3605635	0.57229793	0.6329367	1.0112672	0.58611566	0.24762802	0.58069426	0.575181	0.83369774	0.85068893	0.23926881	0.7781037	0.7083907	0.42817143	0.42429766	0.30595624	0.84060603	0.61660177	0.9303032
51922	0.5984813	0.47510225	0.84232396	1.0149624	0.22694762	1.0936667	0.34056967	1.078476	0.69122684	0.8332438	0.9519683	0.5913374	0.43465427	0.8516686	0.32252067	0.6909228	0.29411045	0.29646748	0.87156117	0.3314296	0.24780528
51926	0.269434	0.41523746	0.9030587	0.72268903	0.3466181	0.8917777	0.5224778	0.5505465	0.475473	0.840242	0.8591743	0.84558856	0.28930947	0.63037676	0.6645193	0.6714161	0.27744028	0.30417362	0.98996294	0.46933556	0.98181856
51929	0.39077812	0.7896754	0.7569147	0.98719966	0.30287102	0.91582733	0.40238965	0.9153618	0.44558558	0.8138844	0.89993703	0.5911276	0.9094923	0.22767189	0.39181083	0.6310282	0.40681174	0.32433254	1.0000342	0.27382588	0.7672399
51930	0.8333027	0.4351744	0.4501707	0.21533404	0.7653525	0.5879566	0.594953	0.27796474	0.9827063	0.55079347	0.37834632	0.8448379	0.3136034	0.6531235	0.327417	0.4523595	0.530228	0.8227379	0.9072402	0.51951176	0.7704794
51945	0.67247313	0.5381641	0.32234073	0.5963405	0.4657799	0.74671656	0.4864509	0.28134727	0.9872906	0.5548531	0.5124293	0.5944771	0.44163144	0.91842794	0.4563183	0.48922595	0.48548114	0.38703474	0.77163464	0.4329271	0.7867118
51946	0.3586107	0.5441076	0.7411068	0.4365802	0.73219144	0.9962139	0.3896294	0.5818796	0.7409194	0.71460944	0.5419204	0.5302156	0.4168215	0.9264155	0.31255612	0.61374116	0.97494733	0.84349525	0.7991783	0.86082685	0.7252606
51949	0.5068201	0.51203626	0.47946513	0.29730138	0.39107883	1.090456	0.42195007	0.87675774	0.8905476	0.66139555	0.52024925	0.6248078	0.30000764	0.9512222	0.40591815	0.5089538	0.62821466	0.3837908	0.916491	0.46991503	0.7186549
51953	0.67021537	0.4538563	0.34766582	0.8579964	0.4237628	1.0930915	0.6239402	0.42358863	0.506183	0.5388112	0.79093	0.76394767	0.2696334	0.82598054	0.7534659	0.39440435	0.47466195	0.32563967	0.9699584	0.7911199	0.86030775
51957	0.40017086	0.535262	0.589019	1.0387405	0.4933359	1.0021513	0.3991722	0.3979696	0.926792	0.59504974	0.8158298	0.7407237	0.6805826	0.89536077	0.29234216	0.3941129	0.51265836	0.6517141	0.9483177	0.41651505	0.9632962
51962	0.47997114	0.5287098	0.6090045	1.0670055	0.24878958	0.9680427	0.40787023	0.53548676	0.9589189	0.7717664	0.93419456	0.7782708	0.62818366	0.8110775	0.33199355	0.7004295	0.30820686	0.30403543	0.8123932	0.21340664	0.75938606
51982	0.48685935	0.57674074	0.57358515	0.9505203	0.33022344	1.0794922	0.3513317	1.0085895	0.5484374	0.5712952	0.9108027	0.58226115	0.45665416	0.3060831	0.31435215	0.6692722	0.3505051	0.28471136	0.8354934	0.3180246	0.74143714
51992	0.70955414	0.5324586	0.3256095	0.90548605	0.45872682	0.7704107	0.53215283	0.5076134	0.97935265	0.61089045	0.89441127	0.7338302	0.36134455	0.80207443	0.48188657	0.7096021	0.3278667	0.32438505	0.7650535	0.6032578	0.56040305
51996	0.37945548	0.5152745	0.68920666	0.97031844	0.39245984	1.0049747	0.5927381	0.66578853	0.6658317	0.70710963	0.9295314	0.8844582	0.3559755	0.2943103	0.74858105	0.5459712	0.32839286	0.29584768	0.86934817	0.40234303	0.65311986
52004	0.64574426	0.5653537	0.365709	0.9121129	0.24346095	0.97073823	0.43272963	0.8747028	0.54042554	0.5560993	0.85359013	0.5906568	0.2684584	0.49989492	0.35760698	0.6872216	0.34187758	0.30454376	0.8062845	0.38086617	0.35361558
52012	0.36371812	0.8239198	0.9530935	0.65523154	0.38785803	1.0445176	0.33180118	0.95210147	0.6189051	0.8422085	0.9372849	0.5741562	0.6321194	0.33922225	0.30202886	0.7195683	0.3293891	0.29919064	0.7952917	0.64339125	0.8740776
52015	0.5655151	0.50354654	0.39590806	0.81789666	0.3552892	0.97884995	0.45821446	0.36880374	0.9915356	0.58534694	0.723433	0.6420402	0.24460272	0.9654985	0.46085143	0.55649763	0.4063463	0.3252152	0.8246919	0.316212	0.85697234
52018	0.7014725	0.4242763	0.29805064	0.32642654	0.77461594	1.1024215	0.64590394	0.27329937	0.5006016	0.5458302	0.41517532	0.7445788	0.25081682	0.23839495	0.85059243	0.42172793	0.58541524	0.31236416	0.8923554	0.9128758	0.9168946
52020	0.87862945	0.42539558	0.3719175	0.58075005	0.34808767	0.9255949	0.61554176	0.42025208	0.7254438	0.5252965	0.71616936	0.7914897	0.2592833	0.5615703	0.94823915	0.50744444	0.34905156	0.29417074	0.75074685	0.8299938	0.56766534
52029	0.5489148	0.56871605	0.9397536	1.0177494	0.20462933	1.0676128	0.2987289	0.99282795	0.6851769	0.7856974	0.9842659	0.54809016	0.6633571	0.927135	0.29988676	0.6885595	0.2552238	0.28817958	0.89984846	0.28989413	0.52140313
52036	0.6961741	0.48971653	0.46185726	0.3501526	0.7992343	1.0614032	0.53962815	0.8123975	0.47910067	0.56555676	0.4299622	0.75502187	0.26377314	0.22292423	0.84778243	0.4044432	0.71568304	0.34980318	0.92838323	0.8941333	0.7969034
52045	0.80034554	0.46768358	0.33786798	0.6603543	0.46731958	0.9766531	0.61163455	0.6988487	0.41899475	0.5440712	0.45588738	0.68745995	0.3462161	0.22153598	0.34008002	0.6286068	0.36887005	0.3570109	0.9634591	0.48531544	0.8183138
52046	0.84004164	0.4009779	0.27183074	0.21053924	0.7336805	0.9706939	0.7219373	0.42122826	0.56448203	0.5327226	0.4017518	0.89899826	0.24998309	0.54521996	0.36792207	0.5041765	0.46358198	0.41877106	1.035159	0.63142496	0.9662374
52049	0.7311165	0.44024625	0.48659047	0.2327723	0.84715843	0.9729515	0.6882605	0.24632888	0.40961188	0.5410476	0.3861745	0.76750416	0.236796	0.6523749	0.8577641	0.4194746	0.5698417	0.313495	0.8425458	0.88985026	0.96906275
52050	0.82488054	0.41508633	0.29910105	0.22403027	0.8694828	1.0138963	0.6686182	0.22892451	0.34464917	0.5287408	0.34694514	0.76931846	0.2485203	0.27042034	0.915015	0.35627455	0.52329767	0.3246618	1.0006793	0.8836203	1.0036207
52051	0.695007	0.42330766	0.6877165	0.2081293	0.872132	0.9896469	0.62946916	0.23274738	0.35318878	0.56847715	0.35695437	0.72993124	0.22454782	0.3179927	0.9261194	0.37921536	0.4675038	0.35984898	0.96163017	0.5922189	0.75409377
52064	0.8142022	0.41648364	0.67028415	0.22270006	0.8216048	1.0008138	0.6690337	0.25953814	0.34862047	0.5488476	0.35812044	0.6871503	0.26935825	0.2530867	0.91221416	0.40968168	0.4453636	0.33567905	0.66063654	0.6527548	1.0128232
52077	0.69309384	0.53731114	0.4579296	0.21512774	0.6640295	0.9455316	0.6992399	0.33842048	0.37160292	0.5659876	0.39743572	0.7921799	0.23995617	0.39584672	0.9147496	0.3730894	0.55206966	0.33660302	0.9502857	0.8755067	0.99824005
52079	0.65152377	0.44257683	0.65065604	0.22855239	0.81738436	0.96423846	0.36424696	0.5767685	0.9534679	0.5999624	0.3731677	0.7855677	0.34332973	0.92004704	0.31324056	0.4625842	0.66941273	0.37669313	0.86966103	0.7926708	0.6019295
52087	0.45484146	0.6964291	0.71957904	0.22782017	0.72642314	1.0781971	0.4597047	0.93021256	0.44643927	0.6767701	0.44921392	0.6219345	0.86132723	0.506766	0.43254673	0.4677649	0.84366435	0.4756486	0.7657576	0.88566333	0.8090693
52088	0.8019983	0.4657409	0.7047367	0.22704595	0.8482371	0.90648717	0.75799364	0.25753766	0.35523257	0.5501925	0.3621278	0.67158175	0.24699254	0.33435568	0.8916111	0.41129395	0.51914364	0.33206517	0.76496327	0.7039342	0.96945417
52102	0.69975	0.5144102	0.38992274	0.23029539	0.7052745	0.9659522	0.39784232	0.4844119	0.97658896	0.558085	0.44567138	0.7047572	0.3252282	0.8161462	0.3317728	0.54194474	0.745278	0.37826106	0.8006914	0.6243004	0.97918475
52116	0.30982634	0.85436994	0.8935142	0.31036708	0.65884966	0.8530728	0.42280072	0.7439389	0.67779607	0.8418375	0.45356664	0.59435475	0.7491689	0.36849928	0.44153485	0.57348967	0.6538699	0.40631017	0.6977769	0.7078429	0.95996624
52118	0.8339257	0.43111125	0.6628899	0.22316219	0.856813	0.97484636	0.6935298	0.23965544	0.395091	0.56402934	0.3621044	0.74581355	0.25005913	0.38074014	0.8806331	0.42932263	0.51163936	0.36280414	0.9518743	0.60796237	0.9040119
52132	0.5971093	0.5126102	0.52244735	0.23013757	0.63550895	0.98305213	0.42430708	0.25011736	0.95723623	0.60621655	0.39706156	0.5998803	0.24840842	0.97896624	0.34420592	0.5535645	0.78469676	0.3799724	0.8429534	0.7914122	0.5760394
52138	0.7471149	0.46906626	0.43890867	0.2259501	0.7504377	0.949466	0.48279947	0.25064787	0.8727331	0.56523836	0.4171124	0.6906865	0.25926006	0.87993324	0.92930734	0.47291476	0.8874623	0.43077046	0.774995	0.6023922	0.87449855
52149	0.78331727	0.52012086	0.563023	0.23749457	0.8265372	0.8828712	0.72406	0.2468883	0.3715168	0.55906004	0.383645	0.64601594	0.26042652	0.27493143	0.8770261	0.3637901	0.54292727	0.3389662	0.71830404	0.8283386	0.78381413
52157	0.77322155	0.47825915	0.35629	0.24397905	0.7946124	0.734552	0.6632054	0.2624643	0.5807437	0.55189383	0.39113036	0.76030844	0.2576972	0.62019485	0.87203264	0.39465502	0.5834291	0.38512486	0.77214277	0.8051081	0.8837544
52176	0.3043462	0.45131758	0.8031614	0.7007156	0.25736508	0.45221838	0.391667	0.61488426	0.82556903	0.54898673	0.76809406	0.5048686	0.7222167	0.79673153	0.3007737	0.6553886	0.33320138	0.36940882	0.71649736	0.31417498	0.27213395
52184	0.6260766	0.5010206	0.43559682	0.23691519	0.7684313	1.0561659	0.37627387	0.6411587	0.8334419	0.68426853	0.48208722	0.561558	0.3376204	0.93308616	0.32700694	0.66865057	0.78018653	0.37173757	0.8932241	0.88545763	0.78553766
52196	0.447592	0.58889794	0.75002456	0.2401212	0.79836005	0.91494715	0.4211402	0.30138722	0.927163	0.6224359	0.46428415	0.5870838	0.32599622	0.964037	0.40671632	0.47828785	0.6496372	0.3728251	0.6218008	0.85988486	0.7694334
52197	0.46911353	0.5529766	0.5515619	0.23977084	0.6408353	1.0529901	0.41354185	0.47951505	0.88541216	0.7400861	0.50530857	0.6003736	0.2788942	1.0284054	0.3588663	0.6419318	0.83766335	0.53165287	0.82719195	0.76190394	0.89083385
52198	0.88307863	0.39422238	0.32587528	0.22529145	0.86495113	1.0398536	0.65740687	0.277537	0.99098897	0.53599596	0.3877751	0.87103456	0.25377926	1.0069839	0.8366821	0.43212336	0.6124217	0.38471428	1.0564407	0.7175997	0.72479063
52202	0.7413003	0.41289222	0.44724014	0.22207454	0.8621174	1.0272903	0.3651312	0.4214445	1.0253003	0.5780304	0.36967576	0.8944696	0.50777614	1.0175362	0.31487754	0.53436816	0.99231756	0.46293834	0.82778627	0.9012131	1.0021199
52217	0.4893834	0.6682956	0.7958278	0.26800856	0.64174116	0.7858883	0.4150498	0.30095854	0.8814825	0.6703758	0.41009682	0.46614656	0.22735502	0.60071975	0.6953418	0.4543944	0.5609741	0.364425	0.63224	0.79281914	0.41386142
52225	0.5612473	0.4704031	0.64392674	0.23808129	0.7455697	1.0377203	0.38599706	0.5539585	0.95404017	0.70998067	0.39639795	0.7457821	0.29062882	0.77805686	0.45370552	0.42395025	0.554197	0.36718008	0.83114225	0.41776195	0.8761532
52251	0.7293297	0.5366461	0.3149828	0.9352666	0.4523884	0.68730175	0.48142424	0.35895604	0.7344928	0.55198586	0.6787007	0.7127947	0.488085	0.36377922	0.32894686	0.66570276	0.35899824	0.31865597	0.62242603	0.5664441	0.53793323
52252	0.7739389	0.5607631	0.35023758	0.23968618	0.83484066	0.9893862	0.50794137	0.23993678	0.45495158	0.5504686	0.36587557	0.74399644	0.27696213	0.53747356	0.90360427	0.39266232	1.0257133	0.35841712	0.91150725	0.88010746	0.9696763
52256	0.66068405	0.43180358	0.6401117	0.22333185	0.8412877	1.0030546	0.36010808	0.61401755	0.9396715	0.5753957	0.3688653	0.83227533	0.30542904	0.9828442	0.3141602	0.46943712	0.8262518	0.3949661	0.91382104	0.72933286	0.7670074
52282	0.8095562	0.42568108	0.29452765	0.208959	0.8604919	0.8285182	0.674558	0.22896725	0.4724617	0.5465141	0.3628806	0.76636785	0.19764239	0.4051369	0.9408999	0.36655903	0.55514777	0.3744271	0.87792325	0.7915763	0.97555953
52284	0.46348986	0.56023246	0.5918531	0.23583148	0.64974475	1.089431	0.42556036	0.8983194	0.9011364	0.8220852	0.45057967	0.66789	0.8513554	0.9241142	0.4073022	0.6167307	0.66835755	0.5010591	0.88224655	0.85551745	0.59220886
52289	0.71590704	0.42470646	0.5056949	0.20484917	0.8508836	0.9188047	0.36973947	0.38000825	0.9702509	0.5869869	0.36225078	0.7387279	0.34778848	0.9516621	0.31958705	0.48400798	0.8862055	0.34946397	0.87939215	0.8948335	0.9671958
52290	0.32753205	0.8607879	0.9697377	0.2632879	0.70798	0.56835127	0.39103475	0.2783652	0.8914671	0.7392076	0.88979363	0.4738282	0.2953702	0.85403275	0.32455206	0.58412224	0.5659257	0.351263	0.48292816	0.7206058	0.26336765
52305	0.6885433	0.50370365	0.623964	0.21926823	0.7918241	0.89727443	0.41861844	0.8880968	0.6131975	0.5663882	0.3919251	0.62383276	0.2810107	0.8266938	0.30412534	0.66586876	0.82207096	0.599045	0.92394584	0.8663299	0.665107
52312	0.686962	0.5537109	0.65551734	0.22392501	0.83822626	0.98242056	0.43396902	0.9044714	0.8265335	0.64051557	0.379048	0.79338455	0.8621316	0.75725263	0.34903133	0.48686695	0.95388305	0.7160972	1.0557603	0.6894072	1.0157212
52316	0.8324393	0.40153125	0.2706883	0.21389422	0.8477423	0.62815887	0.69330627	0.729779	0.9756663	0.56988424	0.3786567	0.8286254	0.35929766	0.7050312	0.6489413	0.55428696	0.834591	0.4630496	0.8205398	0.884432	0.7880084
52323	0.8964466	0.414696	0.28862432	0.2080386	0.83897215	0.89601445	0.7002179	0.8217958	0.70595235	0.58238596	0.38320982	0.883146	0.38673005	0.41759625	0.76934266	0.42883477	0.6335869	0.46166813	0.8795292	0.88410664	0.81796837
52327	0.7330525	0.6015283	0.4926303	0.32552207	0.7246539	0.7469066	0.4343052	0.3429078	0.48906276	0.5840931	0.45724583	0.656187	0.38839662	0.76875925	0.3752578	0.5736532	0.7926013	0.41270494	0.62646294	0.84441614	0.74554676
52330	0.69999963	0.41765073	0.5215492	0.90656984	0.30319676	1.0597594	0.7515769	1.0371816	0.97728556	0.82798225	0.98888254	0.8274699	0.71046275	0.36720335	0.3744331	0.6856409	0.42211136	0.332329	0.9354133	0.40023965	0.84631634
52337	0.71020854	0.44577312	0.74896646	0.7068176	0.30418777	0.6725729	0.36264566	1.0244215	0.66355056	0.5562415	0.37222603	0.507059	0.96234965	0.38596123	0.3130291	0.6416789	0.81385016	0.75592864	0.7693793	0.82803506	0.2552513
52338	0.7826089	0.43649685	0.5051179	0.2457761	0.8604206	0.8375615	0.38133928	0.9825929	0.91790867	0.5384934	0.3604491	0.865965	0.42565548	0.8173921	0.31340113	0.48316467	0.9094025	0.92613363	0.76486516	0.8816246	0.9307611
52339	0.7185247	0.4664089	0.5667341	0.7943319	0.33174643	0.9059952	0.40684488	0.91627955	0.5496602	0.55066025	0.7550412	0.6338998	0.6781935	0.566379	0.32673496	0.6376649	0.318365	0.41745543	0.9570321	0.85821444	0.4691872
52341	0.3820614	0.5898998	0.88739926	0.23140965	0.7765107	0.93681	0.396579	0.50861424	0.855089	0.6089269	0.44234973	0.6842339	0.40072593	0.7471908	0.40310398	0.44566834	0.7999806	0.40519834	0.84036267	0.8947809	0.96865773
52343	0.30518985	0.7782828	0.84374225	0.24751718	0.7810872	0.8115674	0.44462246	0.5632873	0.49377206	0.716661	0.4344766	0.569841	0.6386143	0.52285784	0.6477528	0.5138808	0.70114934	0.4524539	0.5268738	0.82584643	0.7345008
52347	0.772209	0.48136896	0.59509176	0.22618759	0.78876233	1.0217257	0.3720378	0.9034402	0.6141096	0.5434282	0.40076765	0.67571104	0.3120806	0.98294204	0.3008076	0.61033756	0.6992795	0.3618712	0.97647077	0.8911307	0.7485411
52356	0.39844543	0.44027627	0.7349491	0.27130592	0.666911	0.62724197	0.35128623	1.0091739	0.3931198	0.55848646	0.36880094	0.5533886	0.32239217	0.6476929	0.31024066	0.61097383	0.55939984	0.39064825	0.6293604	0.70818734	0.55991405
52365	0.85419977	0.4221949	0.31731495	0.24718459	0.76338124	0.6308325	0.56824213	0.9324916	0.53376293	0.5199402	0.3877934	0.78897005	0.26383218	0.24667612	0.35620493	0.5354447	0.902042	0.9812111	0.7956411	0.8392569	0.5453946
52368	0.2341766	0.90844154	0.96472234	0.50729126	0.38127708	0.6946081	0.3511727	0.9768738	0.44572386	0.8381964	0.87850857	0.50814974	0.93049514	0.18231589	0.29753655	0.64470357	0.49550158	0.3388092	0.60150224	0.81497157	0.39421576
52369	0.6985167	0.41462606	0.49050647	0.24648859	0.69450253	0.8381248	0.38772255	0.59823215	0.45134917	0.54884964	0.3972516	0.715333	0.33841825	0.45457965	0.4302109	0.48587817	0.93974274	0.84678084	0.90867615	0.838822	0.9749209
52371	0.35347205	0.7610494	0.8655141	0.27181444	0.6797626	0.99138486	0.58833086	0.6754849	0.5341814	0.8419174	0.4713624	0.59099203	0.72912025	0.2602172	0.4328533	0.6547617	0.42171502	0.33246106	0.8250042	0.78246343	0.26851115
52373	0.59477955	0.6422725	0.57100534	0.27184248	0.7059522	1.0910038	0.32347333	0.9126613	0.8529587	0.77945775	0.42851108	0.60046506	0.5950145	0.54317707	0.34896937	0.65048695	0.5515815	0.3385911	0.93376195	0.7784957	0.64271075
52374	0.63055307	0.5489379	0.7525736	0.28882134	0.7215758	1.0510294	0.38414934	0.947416	0.6199691	0.60590947	0.4007473	0.63305134	0.6810273	0.5751383	0.3549918	0.539197	0.74544674	0.5827731	0.8942359	0.8821369	0.7513221
52378	0.82845217	0.43014276	0.37930852	0.21456209	0.8282808	0.66455346	0.65121025	0.9012156	0.32134745	0.5368208	0.3701816	0.7894421	0.39451241	0.3181822	0.3451385	0.48520714	0.86950237	0.6946836	0.75714004	0.78640443	0.71314883
52396	0.691103	0.45981765	0.5700374	0.23064637	0.80796105	1.0072935	0.43634367	0.95022976	0.40720865	0.5704294	0.4021881	0.75077933	0.32199022	0.62930554	0.356517	0.556745	0.90999943	0.63989407	0.92158544	0.858509	0.7651617
52398	0.8414378	0.49223852	0.56034327	0.23423779	0.7389599	0.74093175	0.60120386	0.9106153	0.4076917	0.5881592	0.38886008	0.5386326	0.25996456	0.30184487	0.5931125	0.56034875	0.68041766	0.6297633	0.73751336	0.896744	0.50483334
52420	0.74464905	0.40800267	0.49775088	0.9899734	0.26013222	0.8261921	0.5896165	0.269992	1.0198709	0.586179	0.84578866	0.81288147	0.3222099	0.98394716	0.35624427	0.677451	0.3056204	0.31271127	0.87005574	0.7127031	0.38706785
52428	0.7856695	0.4320321	0.32437888	0.24396531	0.78816754	1.0239633	0.44318977	0.35875398	1.0085688	0.5641989	0.38565692	0.7617198	0.4426206	1.005918	0.43153164	0.5510238	0.85304636	0.4724563	0.82156	0.7996287	0.9604955
52434	0.31500697	0.42810845	0.6866528	0.84166354	0.24956977	1.0771474	0.37796086	0.98834074	0.60175955	0.8386332	0.9894316	0.6301856	0.7166231	0.40458193	0.3176937	0.6720446	0.30421284	0.31414014	0.94612366	0.3020255	0.79077804
52441	0.7384566	0.42616785	0.3837381	0.9653909	0.30932388	0.8140667	0.7158311	0.29521173	1.0168152	0.59226584	0.89453095	0.75649977	0.4725449	0.41202775	0.34480894	0.68720794	0.37668607	0.3197046	0.85168356	0.28721312	0.4825335
52444	0.62312746	0.5182703	0.3739921	1.0183185	0.35256502	0.8882742	0.425132	0.35712022	0.9987114	0.5617463	0.8290814	0.8343255	0.5972231	0.9570452	0.29501158	0.49386984	0.4769037	0.33583847	0.7412744	0.45264447	0.8192831
52448	0.77370155	0.49785835	0.2529482	1.0163271	0.27296415	0.6527682	0.40111694	0.2579145	1.0311605	0.5529558	0.8568394	0.78056276	0.41246155	0.9375622	0.31674597	0.5882328	0.34021696	0.33670673	0.66879946	0.28364664	0.4258841
52451	0.6698772	0.50908613	0.45450053	0.39161253	0.57952523	0.9977795	0.42390174	0.55934674	0.6449886	0.62425166	0.63266593	0.5785444	0.23507512	0.75346774	0.4417437	0.581881	0.71328914	0.3467456	0.7547314	0.7059695	0.4892664
52452	0.7039691	0.8953786	0.31630516	0.36028612	0.70182985	0.92536294	0.4363402	0.28358087	0.95483005	0.8400594	0.4353	0.67584527	0.59796935	0.95149696	0.3763748	0.64892614	0.40149462	0.35880458	0.72372377	0.7792055	0.5197319
52458	0.57078415	0.5306106	0.39694977	1.0055833	0.28045586	1.0746336	0.38097754	0.97793657	0.5747396	0.669888	0.9683927	0.61921424	0.33147398	0.8616464	0.32988507	0.6720278	0.36425054	0.2964989	0.81756884	0.30557716	0.6710598
52467	0.6631451	0.52891076	0.4891954	0.9613813	0.27199465	0.94944227	0.42104217	0.6984773	0.9341717	0.5905763	0.9067631	0.615313	0.2533778	0.9511956	0.5874645	0.5646785	0.39322904	0.41738757	0.7537246	0.6119604	0.35650945
52472	0.58571637	0.64901376	0.36937416	0.95419455	0.26818436	0.7148639	0.44156456	0.8729877	0.6062221	0.5934822	0.85017276	0.50059736	0.67263854	0.7417067	0.3198332	0.6793564	0.32232472	0.29839358	0.67992395	0.29418954	0.3635424
52487	0.26583824	0.42496178	0.8563742	1.0330386	0.253331	0.8517668	0.36727202	0.2608216	1.027952	0.7109417	0.9321196	0.790597	0.43553072	0.91310245	0.3097771	0.69049656	0.29431283	0.33082974	0.7335851	0.3719617	0.51052785
52488	0.6640382	0.60116357	0.53778964	0.23584613	0.6875325	0.9102714	0.42695883	0.3990973	0.999214	0.5905677	0.40917674	0.7163681	0.60471797	0.99175745	0.3022381	0.59894055	0.8960036	0.5008422	0.7869322	0.8848451	0.4074331
52501	0.69906396	0.47600585	0.26009107	1.0010471	0.33382046	0.97837937	0.80560225	0.36003715	1.0038294	0.57506883	0.9145319	0.80370176	0.28255346	0.600672	0.51046735	0.5728121	0.36254874	0.3044272	0.8368189	0.2504289	0.9562024
52502	0.5150315	0.46070173	0.41884318	1.0341419	0.3199381	0.9561821	0.64254385	0.66497105	0.951617	0.5804589	0.94675636	0.8148169	0.30913413	0.42451674	0.46335495	0.6395949	0.3579495	0.30436334	0.8155409	0.21832696	0.70937973
52520	0.75450844	0.4961927	0.5051954	0.9641731	0.24100128	0.6704841	0.5357141	0.79306227	0.5383862	0.54848874	0.992434	0.5384016	0.28577784	0.5128222	0.84364843	0.68627536	0.32994235	0.31902713	0.5582325	0.24874024	0.1470898
52521	0.70307344	0.5544857	0.27868915	1.0300362	0.25995174	0.8316111	0.42009038	0.35553956	0.99078923	0.6050546	0.8813093	0.6243978	0.36474514	0.9236869	0.2910905	0.6941347	0.3279242	0.32531574	0.6025944	0.24307378	0.32028595
52530	0.7641777	0.4284446	0.3027986	0.22839202	0.8079109	0.90559983	0.40170133	0.44618273	0.98082775	0.5465491	0.376709	0.8074588	0.32394022	0.92450297	0.3258117	0.4784134	0.59125656	0.36678183	0.73911524	0.7633544	0.42959327
52533	0.8464703	0.4034836	0.24045607	0.23630337	0.26283386	0.631966	0.47143126	0.2614752	0.9614618	0.5322103	0.375344	0.729535	0.21947734	0.91402	0.42832652	0.48518905	0.30339116	0.49754417	0.8099639	0.8715088	0.76151425
52534	0.7600606	0.47608283	0.31626263	0.87395597	0.2701063	0.5671804	0.53285176	0.27089348	0.48534316	0.54204434	0.8432958	0.5285997	0.31448033	0.29475468	0.40050474	0.69304943	0.35178646	0.3242971	0.5263398	0.26267502	0.28068197
52541	0.7639401	0.44184607	0.5840174	1.0296303	0.24375984	1.0234185	0.39529723	0.4715642	0.9418374	0.6536754	1.0159025	0.75954276	0.34709826	0.6993303	0.30167368	0.66472733	0.31829834	0.3021419	0.8313656	0.22022915	0.75003177
52550	0.67387855	0.44491166	0.34866047	0.95262116	0.24437389	0.75205195	0.4253673	0.4305961	1.0044838	0.57683927	0.7084999	0.7843926	0.42170417	0.9007934	0.33872378	0.59797543	0.35572946	0.42156976	0.8627391	0.30758017	0.2658455
52551	0.6101948	0.48927787	0.39428866	0.95476615	0.21981874	1.077167	0.42943728	0.9286456	0.8633081	0.7267619	0.9638128	0.6257161	0.42495552	0.97745854	0.32996592	0.6489489	0.2945361	0.28524926	0.9127674	0.2491406	0.684264
52558	0.65100527	0.74147165	0.4512308	1.0926069	0.2797749	0.6218679	0.37057054	0.37652594	1.0187021	0.6135592	0.9185159	0.67740846	0.38659626	0.99582857	0.30348232	0.6837653	0.30890697	0.35676122	0.6684903	0.29106617	0.34613565
52562	0.732407	0.42042717	0.38980615	0.9799719	0.28832212	0.6733462	0.7034442	0.3087494	1.0274913	0.57000273	0.9070944	0.7804315	0.41776767	0.83814305	0.33318403	0.694031	0.30773854	0.31460938	0.7827192	0.26293042	0.45101357
52571	0.6711998	0.9166623	0.6766676	0.97384393	0.2504179	0.63088214	0.35491043	0.52024066	0.9868085	0.7692861	0.8963465	0.56961673	0.6672327	0.91086864	0.3083596	0.6283747	0.32380965	0.34480634	0.49087313	0.36946017	0.2748162
52578	0.5342904	0.43750912	0.86793846	1.028127	0.2178068	1.0735795	0.31164104	1.0490998	0.64754075	0.84199643	1.0203441	0.5880067	0.3363145	0.53378	0.31076798	0.7038768	0.28616133	0.2930173	0.8435627	0.59412086	0.4823637
52579	0.78070486	0.42628598	0.5000751	0.66506064	0.3351493	1.0637723	0.76530516	1.0427337	0.95808935	0.6672823	0.95808697	0.91848385	0.49498662	0.2830462	0.44843933	0.6784281	0.37123087	0.30700022	0.9873762	0.3194648	0.7721264
52584	0.54607254	0.7131056	0.4043813	0.748415	0.27399886	0.7404107	0.33439064	0.44075394	0.93763727	0.58360046	0.49497652	0.5785957	0.47658837	0.99498504	0.3164289	0.6961543	0.29171348	0.32331666	0.9520534	0.5251883	0.55408245
52591	0.7585962	0.4495003	0.2785609	1.0498176	0.23642397	0.9672142	0.40163314	0.2933044	1.0376946	0.55809927	0.9887109	0.77098876	0.28551254	0.99977773	0.29436222	0.6393683	0.25901252	0.30423528	0.8442986	0.21948048	0.74175984
52593	0.4945402	0.5332747	0.8461892	0.28835666	0.6405795	1.0781815	0.37514368	0.9571498	0.34114996	0.6133351	0.49140328	0.63442737	0.77972007	0.42145157	0.32097822	0.6487863	0.530456	0.35659483	0.9271712	0.6855627	0.9119836
52594	0.7495659	0.41593552	0.3674755	0.94075626	0.2733592	1.0248094	0.7795555	1.065611	0.9409532	0.598861	0.99110305	0.8840323	0.55993277	0.28712398	0.37546295	0.70354116	0.35261327	0.30599174	0.94663316	0.2552045	0.4943604
52596	0.77732706	0.47232765	0.28220502	0.5731284	0.64306074	0.5763464	0.42665124	0.27144477	1.0249995	0.55521786	0.89034617	0.772745	0.2965573	0.94415724	0.32648775	0.6630635	0.34331188	0.3193907	0.7955059	0.7441555	0.37524417
52598	0.64928097	0.41746035	0.6616954	0.88384134	0.25164452	1.0751075	0.7370736	1.067674	0.999046	0.76564515	0.99510694	0.95191616	0.6294161	0.55595976	0.40066147	0.6952465	0.31814757	0.31224304	1.0132701	0.28466797	0.98790395
52614	0.77802557	0.522218	0.35828367	1.0154797	0.3668687	0.92216146	0.3876053	0.34632292	1.0121866	0.5491175	0.76795334	0.8189643	0.4454331	0.9692324	0.30642256	0.5894119	0.33149248	0.42437634	0.7222107	0.82445365	0.29686576
52625	0.4403917	0.6674422	0.8691644	0.20232786	0.85088456	0.7470886	0.37875324	0.26229396	0.978217	0.55704015	0.36574876	0.66409856	0.43129417	0.92434776	0.3185369	0.46025816	0.98730904	0.647933	0.717425	0.6541814	0.92287
52626	0.5531364	0.5242449	0.50702304	0.87416077	0.40903974	1.0686032	0.39288995	0.54957706	0.8017034	0.8118359	0.8423255	0.7711443	0.26696792	1.0350227	0.31950095	0.5302758	0.4993201	0.3055095	0.90353453	0.61263067	0.6412188
52627	0.750961	0.41165254	0.2948035	0.2115055	0.8702391	0.8917761	0.68494385	0.23784605	0.40771255	0.5520532	0.36563382	0.8150004	0.24858753	0.68429065	0.9389072	0.40904877	0.56323934	0.30493566	1.0388439	0.73223007	1.0381911
52628	0.5111166	0.43187705	0.6006188	1.0232574	0.20957015	1.0916429	0.31304497	1.063677	0.6227018	0.835564	0.96856904	0.54906374	0.3294723	0.5915447	0.3136367	0.6964688	0.2901939	0.2947193	0.8573169	0.2939034	0.41680336
52633	0.42956597	0.49921346	0.6042767	1.0378531	0.2938279	0.8045356	0.4495391	0.38796425	0.6061336	0.7079642	0.845237	0.5766447	0.31430373	0.55314815	0.32195193	0.5063788	0.30042288	0.30167934	0.74632597	0.44323397	0.28754556
52635	0.72938013	0.4430328	0.33012417	1.0299464	0.22043705	1.0200187	0.44600344	0.35498193	0.99878424	0.72761774	0.9672771	0.71925694	0.484197	0.8622798	0.29861513	0.6542276	0.27690685	0.31577915	0.8621935	0.20646422	0.37736875
52637	0.6602863	0.46709365	0.4173111	0.22321276	0.765676	0.9754556	0.4730973	0.47420275	0.91290355	0.5676084	0.4000544	0.7655362	0.484546	0.8669884	0.40136436	0.52488923	0.86435837	0.43541944	0.8132969	0.75408536	0.88623184
52645	0.60539263	0.48554617	0.698166	0.90779084	0.48672307	1.0818	0.39777607	0.43110898	0.9211362	0.69694257	0.94233096	0.5485412	0.22830674	0.94358456	0.32044008	0.6385826	0.37566844	0.29141343	0.6821001	0.55326813	0.5770977
52648	0.54718214	0.50170016	0.5709707	0.96328044	0.23582308	1.0774829	0.40490037	0.7810951	0.86358494	0.63438916	0.9226454	0.62755936	0.37039298	0.9388933	0.39836448	0.60229623	0.37215608	0.3445688	0.83646184	0.29626	0.88095385
52658	0.48322645	0.48986256	0.75970286	1.017141	0.25289634	0.87138474	0.37310237	0.7303016	0.90916765	0.60214853	0.90099466	0.6190231	0.8925278	0.9563852	0.31208253	0.68348795	0.35683358	0.32014158	0.901383	0.2954521	0.5337492
52667	0.22405285	0.8960985	0.84324676	1.0236145	0.2328017	0.64781183	0.40761805	0.831573	0.8068418	0.7312951	0.8706372	0.5141064	0.8870907	0.96255934	0.35329512	0.64177775	0.3259239	0.41594514	0.5067254	0.35222822	0.613812
52679	0.39446792	0.5169194	0.7399045	0.93406963	0.2559263	0.6365999	0.40347615	0.7001748	0.7111875	0.5575178	0.67136204	0.7501992	0.6767122	0.8305061	0.28123662	0.6218302	0.44978416	0.3713064	0.8502082	0.6080413	0.24501227
52689	0.637498	0.54219705	0.70346826	0.25297877	0.82109267	0.8108701	0.41129857	0.32046294	0.93872505	0.58083075	0.48322287	0.6997862	0.35933787	1.0043126	0.3285038	0.42568228	0.60868526	0.4490077	0.85767514	0.76699895	0.92066
52703	0.39748743	0.4432949	0.80039126	0.7229258	0.2954028	1.0583832	0.7582597	1.0554128	0.916199	0.7866153	1.0249932	0.9962036	0.61480397	0.8937971	0.80586237	0.68935317	0.28042138	0.30486932	1.0493819	0.35111582	1.0201069
52704	0.41068873	0.5572194	0.34502783	0.63271946	0.58034164	1.0170859	0.45471895	0.852904	0.8736658	0.5690103	0.79407996	0.8222355	0.4938508	0.8335512	0.3550022	0.49503416	0.83342254	0.46505684	0.8599875	0.3885926	0.88609034
52706	0.5794148	0.65663415	0.43649912	0.7993985	0.47207698	0.93004066	0.43012115	0.7623434	0.81670225	0.6674694	0.88594806	0.5970172	0.78952146	0.95541674	0.39212063	0.6624791	0.4344824	0.31769127	0.7776296	0.33403504	0.4177277
52709	0.7210196	0.4489488	0.61998737	0.69731927	0.36799043	0.75002265	0.4025967	0.48176447	1.0006303	0.5534304	0.6816742	0.6831433	0.38217637	0.9701428	0.3394666	0.6778686	0.3996472	0.41044033	0.8515355	0.61040086	0.43806118
52716	0.4888646	0.54042095	0.7321876	1.0232414	0.27142286	0.78792787	0.3523613	0.5738802	0.89148396	0.71258384	0.90992427	0.7591977	0.6581129	1.0014639	0.3027527	0.591803	0.29437646	0.39749953	0.88675374	0.32906193	0.2498459
52718	0.45260325	0.50545764	0.42555267	0.6728081	0.50231254	1.014533	0.55831784	0.7744614	0.6575655	0.5751988	0.7397118	0.8065235	0.47138643	0.86484355	0.5514798	0.36125922	0.4754806	0.4184638	0.9487664	0.48630652	0.990672
52731	0.69946367	0.5885669	0.48240387	0.7634411	0.289275	0.9239715	0.3949389	0.9924321	0.35764822	0.7290678	0.91372967	0.6413334	0.8579759	0.7780019	0.31679887	0.6074382	0.36396104	0.41515616	0.6123856	0.31700817	0.13981892
52732	0.22578092	0.41257548	0.79016405	1.0613229	0.23160169	1.0733937	0.37146983	1.0053302	0.87365836	0.82522136	1.032541	0.8711013	0.94196993	0.8518808	0.29650217	0.7186628	0.25931454	0.3104575	0.9825825	0.2582321	0.7987838
52738	0.36503568	0.55659693	0.7881325	0.949156	0.28478295	0.96022046	0.41120392	0.6397543	0.6115444	0.6534239	0.93254155	0.67166245	0.4840218	0.76458293	0.36511296	0.6046669	0.39353517	0.34925035	0.94725883	0.3164733	0.6381844
52739	0.41017294	0.62837136	0.66520196	0.9566766	0.32733607	0.85395414	0.41620484	0.77185655	0.821602	0.74647206	0.8854271	0.5689098	0.53451276	0.6941073	0.42950633	0.6139716	0.4171993	0.35307398	0.76073784	0.34119385	0.50649005
52742	0.5370113	0.5830222	0.7928793	0.8918228	0.29184395	0.8697576	0.6233186	0.7286092	0.56214374	0.646116	0.4760319	0.8519179	0.8263206	0.8279707	0.78478587	0.6475971	0.3449895	0.40124783	1.0470479	0.5750589	0.92414224
52768	0.36672047	0.68743414	0.85582256	0.5327978	0.27317676	0.84812886	0.40608495	1.0082687	0.3429202	0.77824545	0.9767579	0.5450929	0.8563603	0.19265167	0.30075175	0.62087697	0.32173702	0.35320348	0.8438092	0.547844	0.28101653
52777	0.47822976	0.55353844	0.47636876	0.810698	0.5139123	1.0544412	0.42429996	0.85443836	0.6431798	0.5744156	0.6892233	0.65642613	0.47104192	0.88207126	0.37493014	0.60762405	0.50415045	0.33878636	0.8906589	0.69284505	0.774008
52778	0.40195748	0.47527573	0.35731667	0.67251456	0.56629187	1.0045226	0.60971403	0.4757884	0.8312065	0.5562672	0.747749	0.8445303	0.28444448	0.95460784	0.68942446	0.52584743	0.41479918	0.31549805	0.8668343	0.77687204	0.7082408
52782	0.7848414	0.47888562	0.40807626	0.39517912	0.551735	0.7958776	0.51592636	0.76536393	0.69512284	0.5498415	0.5367392	0.79877055	0.40815955	0.9478085	0.38156503	0.53249794	0.50158846	0.3396682	0.84095114	0.6741532	0.6186549
52784	0.44314083	0.56623507	0.33466524	0.7341157	0.51262116	0.97308403	0.44131166	0.33782354	0.92208415	0.5601668	0.5665244	0.7808946	0.71337366	0.89312035	0.30582285	0.5298895	0.9093481	0.88360596	0.93131775	0.7648267	0.7941948
52802	0.51499707	0.4760519	0.30033296	0.41241068	0.5927808	1.0756795	0.5275786	0.7572148	0.646666	0.5724611	0.59162676	0.81732607	0.5396079	0.9510476	0.6990447	0.4708955	0.57029474	0.36737263	0.96215415	0.6688224	0.9362688
52821	0.7441491	0.56607753	0.32296282	0.39704984	0.47448614	0.8449867	0.46783614	0.27108008	0.89858496	0.56742007	0.7933762	0.7777858	0.4641971	0.96052676	0.3157437	0.57381654	0.56350374	0.4643568	0.83564925	0.54502875	0.8448141
52822	0.5711145	0.45688477	0.26256683	0.326274	0.6455685	1.0557348	0.6366569	0.3578914	0.48633057	0.5788267	0.53132176	0.75112957	0.26884583	0.9123423	0.8652564	0.47387323	0.42148432	0.30343285	0.9612541	0.644418	0.809745
52823	0.6728005	0.4575197	0.63821167	0.9642425	0.34729064	0.9431233	0.71090084	0.6365765	0.87407047	0.58593184	0.92282444	0.9104144	0.28770125	0.8308868	0.6299719	0.5875899	0.3819217	0.36197424	0.85786057	0.42531663	0.39073452
52826	0.574758	0.53701824	0.45133454	0.53655267	0.5372007	1.0110675	0.40789533	0.94518214	0.4079822	0.5633064	0.63727534	0.63353306	0.61564386	0.5565667	0.31668872	0.5918992	0.58438087	0.4465518	0.9096763	0.8492005	0.7604094
52827	0.6867597	0.51067686	0.39395002	0.9519792	0.4164104	0.9126786	0.4110284	0.567532	0.9912904	0.5848641	0.51227516	0.6784117	0.33007768	0.835751	0.3298458	0.57554096	0.9052448	0.9143666	0.8620129	0.7151038	0.7860209
52828	0.44674113	0.5059959	0.6404214	0.30782822	0.44197288	0.8041782	0.4461513	0.3069004	0.89138067	0.65538174	0.7399237	0.7015418	0.38403043	0.9388517	0.46887532	0.6086308	0.75640786	0.95682657	0.79130256	0.6590005	0.844659
52829	0.7493488	0.40594137	0.6849732	0.46962562	0.4118506	0.6642673	0.35660353	0.62123585	0.9057048	0.54595196	0.40794778	0.7091428	0.39014098	0.9628033	0.31179538	0.5827042	0.55620205	0.5103369	0.6287984	0.75219446	0.22369139
52833	0.55379105	0.8168655	0.85275996	0.2399543	0.7459522	0.50548166	0.42815432	0.5470462	0.8033068	0.7702117	0.39049613	0.5859789	0.836204	0.8595753	0.395861	0.6985715	0.49855244	0.40672517	0.8684152	0.7469966	0.73513526
52857	0.5270407	0.6589609	0.845978	0.31483966	0.5094611	0.52608037	0.4193055	0.35270742	0.7389999	0.68289673	0.45719504	0.6411486	0.7481381	0.35423854	0.40759656	0.6964819	0.43439063	0.3351414	0.6826684	0.5352339	0.23582567
52859	0.60857695	0.708533	0.43353808	0.512474	0.6959567	1.0343537	0.4006374	0.8268812	0.9128995	0.58362114	0.48830128	0.58155906	0.43694717	0.97905093	0.3146356	0.5695184	0.6465613	0.38572836	0.91715974	0.8173813	0.9005193
52860	0.67434186	0.5732809	0.5014376	0.539022	0.48879308	0.8777577	0.3991544	0.5872912	0.88405937	0.5775145	0.6563624	0.6105544	0.42594048	0.96138906	0.36076084	0.6467346	0.6493669	0.8230247	0.75491846	0.7724473	0.37307346
52866	0.6138685	0.6147183	0.5581226	0.24451523	0.5351582	0.82110465	0.38856876	0.35927275	0.9891171	0.5681683	0.46481103	0.62735236	0.28488085	0.9686734	0.29350936	0.5312394	1.0179626	0.89940745	0.8519085	0.6663904	0.7347799
52874	0.7197513	0.46084812	0.449609	0.3484649	0.75090784	0.6532801	0.4910889	0.8942512	0.41631025	0.55053496	0.46647108	0.7219506	0.58665454	0.6802863	0.34582266	0.56937087	0.74531287	0.615862	0.6941722	0.81219304	0.3175753
52895	0.6299422	0.58869153	0.47869247	1.0165093	0.29686177	0.95732147	0.40984756	0.40209365	0.9596773	0.5753986	0.96666443	0.6705164	0.67669326	1.0176564	0.3008735	0.68182474	0.3471877	0.3550842	0.8539215	0.30296355	0.42676836
61003	0.7207506	0.40338203	0.30043617	1.0077642	0.34542868	0.81694925	0.42032447	0.26316577	1.0029066	0.59966964	0.92077017	0.68477976	0.2900686	0.90417236	0.38170362	0.66660136	0.29596928	0.34554178	0.7519873	0.6389165	0.28479952
61018	0.891223	0.3660759	0.2890369	0.21456341	0.86226815	1.0670083	0.6993263	0.33219907	1.027847	0.52307755	0.38110203	0.9396057	0.28181306	0.95072263	0.3555022	0.45574814	0.80692494	0.7933395	0.98118395	0.58079344	0.9764121
61021	0.7198454	0.47006032	0.4830756	0.23043686	0.58623767	1.0865186	0.43428463	0.8869077	0.85427004	0.5420087	0.44491825	0.67052364	0.26434726	0.9753043	0.33584076	0.60350925	0.6336303	0.48187762	0.7841263	0.8950955	0.62828636
61031	0.323596	0.7882999	0.75165796	0.87615883	0.35513496	0.95777977	0.45600626	0.40763494	0.9023513	0.631366	0.82273436	0.7939898	0.48291597	0.867668	0.37158057	0.5011522	0.45733547	0.3833048	0.8808778	0.41533548	0.45392504
61055	0.46910265	0.7138443	0.81105804	0.5032143	0.54463357	0.9719404	0.4504216	0.69032586	0.9362035	0.6468223	0.5693217	0.6093115	0.7038176	0.7566395	0.34674752	0.58292574	0.5588478	0.392688	0.9149815	0.73681426	0.8905705
61071	0.5024476	0.5697623	0.5188897	0.932036	0.34197295	0.9816787	0.423261	0.49786264	0.9143821	0.6176481	0.77777493	0.73604494	0.805776	1.0063276	0.32253534	0.57363313	0.45106706	0.37677062	0.94172454	0.405033	0.6128708
61094	0.35672665	0.43216744	0.77751786	0.6212725	0.52163327	1.0384119	0.40592232	0.90508586	0.83209586	0.8084612	0.98220867	0.6436066	0.72620606	0.81882423	0.33978695	0.65121317	0.33782956	0.31754035	0.7020342	0.45663306	0.79073316
61096	0.27937374	0.6224513	0.45383197	1.0295023	0.32914367	0.7058528	0.41056794	0.49948692	0.8899896	0.5946401	0.8120265	0.5222542	0.41117918	0.9248627	0.30794483	0.6679275	0.39017037	0.3297854	0.73785883	0.34104738	0.30466744
61097	0.3259944	0.49729818	0.87716275	1.0492529	0.2653256	0.9161152	0.404105	0.8481709	0.8644115	0.5845203	0.9781766	0.7499878	0.72247154	0.785482	0.29604974	0.68077374	0.2762365	0.3155183	0.86763054	0.25702193	0.63717526
61098	0.5770989	0.5551086	0.7373775	0.60645676	0.4041406	0.862923	0.51128495	0.9287096	0.4481494	0.55841804	0.6884324	0.7444399	0.30070758	0.6452031	0.4156979	0.49056467	0.47215098	0.3443879	0.66838205	0.55045044	0.7053769
61099	0.8722451	0.39208558	0.37632355	0.22568093	0.80768526	0.79277635	0.7631355	0.4627577	0.75188285	0.52821076	0.47931224	0.9043452	0.3280686	0.38584438	0.63057435	0.5011897	0.4527629	0.35460556	0.86953944	0.65582746	0.7047128
61101	0.32294655	0.7682966	0.678205	0.75250053	0.27206072	0.61924577	0.3798139	0.8639326	0.89053166	0.6469956	0.7931109	0.6366352	0.76596785	0.93332267	0.28677177	0.6926411	0.34495392	0.34097093	0.9114732	0.44414935	0.48779365
