text_id	suddenness	familiarity	predict_event	pleasantness	unpleasantness	goal_relevance	chance_responsblt	self_responsblt	other_responsblt	predict_conseq	goal_support	urgency	self_control	other_control	chance_control	accept_conseq	standards	social_norms	attention	not_consider	effort
21	0.83367723	0.65390927	0.30665538	0.47713572	0.20823339	0.4220711	0.40347975	0.13752693	0.8164712	0.43557194	0.80395144	0.591476	0.5034738	0.841148	0.27958164	0.6808509	0.30801362	0.22595543	0.7166983	0.56371105	0.4809712
23	1.0587368	0.3895451	0.27965438	0.20582335	0.9217211	0.84402746	0.9315613	0.19779097	0.96076757	0.45556104	0.17245635	0.94303167	0.48837534	0.4689823	0.25972712	0.5551914	0.66349065	1.0114176	0.92976457	0.5962236	0.7923555
26	0.65544266	0.6574515	0.52260983	0.23077683	0.94105315	0.7445539	0.32649398	0.25365075	0.9463047	0.44471204	0.21903008	0.73126435	0.50310194	0.7860873	0.23837295	0.40346435	0.9135859	0.78456765	0.8232498	0.6438482	0.73520017
30	0.7818918	0.39821282	0.7006131	0.23689868	0.64841044	0.67472917	0.29394376	0.16460137	0.8853708	0.55246043	0.57011026	0.8672937	0.56066495	0.81561744	0.23591882	0.56320256	0.97622114	1.0464326	0.84207064	0.6709895	0.57895595
39	0.44448146	0.7886314	0.8205932	0.31885746	0.77212757	0.70716876	0.28556615	0.1706213	0.9043278	0.5510166	0.2536732	0.8877909	0.4576877	0.84847707	0.27944222	0.40308276	0.9291342	0.9005684	0.60413736	0.60437286	0.80242735
47	1.0461942	0.39996865	0.3239744	0.21850465	0.88251793	0.6004439	0.3512907	0.1599608	0.91962206	0.49100602	0.19325396	0.90696156	0.5692861	0.85647964	0.25669864	0.63566244	0.9002458	1.0080523	0.8418506	0.64745283	0.7397195
60	0.63640964	0.67395794	0.44541717	0.24597733	0.8807845	0.7235381	0.75651073	0.30141	0.44280544	0.5591747	0.23413154	0.5305392	0.33096695	0.6572598	0.5382528	0.4899521	0.8285315	0.59671485	0.7236923	0.6377288	0.62055993
68	0.86830455	0.7209111	0.7738158	0.2798591	0.80432093	0.67692655	0.33655363	0.24011227	0.6645991	0.5200254	0.27884048	0.6955543	0.56081396	0.7219196	0.29524484	0.62562066	0.7727607	0.87480414	0.81683224	0.6341541	0.7855745
69	0.56253475	0.52163327	0.3335375	0.6226588	0.5549951	0.8488573	0.34710157	0.18960758	0.8985023	0.50546414	0.5926644	0.8167358	0.43416467	0.8704714	0.25776228	0.7053374	0.36293367	0.47081816	0.87905204	0.4946805	0.7548065
71	0.26583448	0.84617275	0.8326731	0.5427002	0.6477708	0.45034373	0.24726002	0.7593678	0.41180423	0.5858151	0.45864633	0.36965722	0.46688083	0.6194392	0.2720199	0.66734046	0.31756502	0.2514946	0.46116698	0.3803484	0.4475389
74	0.7835903	0.5817427	0.5286863	0.23569536	0.8412354	0.6228385	0.94315314	0.14239408	0.60222983	0.48268422	0.27390054	0.65599906	0.23980948	0.8862486	0.7564939	0.66201013	0.4143598	0.4318329	0.6187639	0.5328512	0.48585138
81	0.27759984	1.0108458	0.89831126	0.7425595	0.55276453	0.55701476	0.33746505	0.7619508	0.29020104	0.58349895	0.32177523	0.36042166	0.66057086	0.25751662	0.37440217	0.69188505	0.39494494	0.298341	0.46740207	0.5682652	0.5569049
84	0.224337	0.9205071	0.8782722	0.21651036	0.7511039	0.4545393	0.24165507	0.20768733	0.7670689	0.64689714	0.3045191	0.6018543	0.36407277	0.7595193	0.2903351	0.6832599	0.3802779	0.26610383	0.7867881	0.5605025	0.6826641
86	0.41920394	0.572046	0.5874838	0.75802195	0.33383352	0.84374243	0.60343623	0.46691605	0.4163601	0.6197057	0.7691829	0.6914263	0.6579037	0.56573707	0.34633887	0.71262574	0.30404046	0.26534826	0.8453578	0.3538168	0.68872195
89	0.5012051	0.61513525	0.84638935	0.6690679	0.23644376	1.0038403	0.33124655	0.5550027	0.5272403	0.669334	0.8488359	0.6992122	0.4505243	0.7771101	0.30221412	0.69539714	0.24027465	0.22340393	0.767211	0.3543341	0.5958806
90	0.9398724	0.59965616	0.6406282	0.239681	0.89542335	0.85396355	0.38676238	0.18629777	0.851946	0.47917336	0.26167777	0.73535955	0.54372257	0.75399184	0.28435865	0.58554125	0.9068216	0.7532423	0.75397974	0.67372394	0.74742645
93	0.526956	0.71574646	0.5017957	0.20814192	0.9024274	0.6346334	0.28774172	0.15689184	0.7451154	0.4786113	0.24520782	0.61087316	0.42496496	0.8328541	0.27717847	0.6248947	0.9469673	1.0132926	0.78607607	0.6294409	0.7624721
96	0.5291628	0.9100068	0.88266414	0.2828702	0.8407277	0.7445833	0.335599	0.826663	0.2971151	0.68734556	0.28804502	0.53097165	0.61979693	0.3264018	0.30443552	0.6177915	0.8142278	0.6511718	0.6396697	0.6404048	0.57674706
99	0.44671136	1.0266303	0.88610524	0.27278465	0.81623584	0.810075	0.31930363	0.7954021	0.18667951	0.6705296	0.30057475	0.4803023	0.9462692	0.2049837	0.3353362	0.631038	0.39203396	0.3105872	0.7124673	0.58588934	0.7771079
213	0.52478033	0.8725299	0.7178661	0.33420286	0.81594425	0.9181307	0.43056154	0.7088917	0.43153438	0.6217255	0.24371324	0.6832047	0.62847376	0.38414827	0.39893615	0.47524083	0.63818383	0.58572704	0.80115587	0.61333835	0.770306
220	0.28042287	0.9573952	0.88591284	0.3772441	0.50513244	0.6861072	0.28502268	0.70380914	0.29016963	0.6742377	0.4175117	0.5564182	0.6999876	0.5359519	0.29602602	0.71893877	0.3453896	0.29137072	0.625514	0.41365615	0.53766936
224	0.58700013	0.5450834	0.39040908	0.23463978	0.8240196	0.5765944	0.98028433	0.18316948	0.44656	0.5540391	0.2871752	0.70418	0.28893518	0.8484381	0.8132162	0.63330996	0.42852476	0.23635367	0.52934045	0.54474473	0.33161014
228	0.44406286	0.65219015	0.5671152	0.81182605	0.5226772	0.50345534	0.2693428	0.617026	0.5922761	0.5222598	0.5163693	0.37021628	0.5361419	0.75904185	0.40739393	0.7657931	0.31737906	0.29095945	0.50506884	0.33077413	0.45546836
230	0.26570573	1.0240449	0.912429	0.2508873	0.78026706	0.597087	0.21253459	0.6048061	0.31698626	0.74968153	0.6013878	0.50087065	0.70293313	0.47144428	0.23620805	0.8166479	0.30967867	0.21272738	0.8345813	0.47761863	0.54299647
249	0.6372413	0.6190136	0.6685942	0.2563568	0.8713018	0.7194489	0.30279458	0.12955202	0.89330935	0.43683216	0.25492555	0.90727	0.3986482	0.9028763	0.27744892	0.48343414	0.945731	0.88061154	0.7775189	0.6194862	0.7247365
253	0.44013906	0.7628074	0.53265196	0.3026844	0.51748055	0.59598535	0.44144493	0.20815283	0.6440997	0.553348	0.34592852	0.4439311	0.3050165	0.8459556	0.48027137	0.64990896	0.35259676	0.91317916	0.41531816	0.3791825	0.46662098
255	0.7908046	0.55537146	0.4153297	0.23253445	0.91268206	0.342212	0.88559437	0.22295758	0.3438651	0.3783878	0.2151435	0.9077451	0.72920895	0.19784491	0.7698967	0.8012254	0.69012123	0.5975435	0.80140764	0.6904985	0.4756215
256	1.0375199	0.4479548	0.36934334	0.22637369	0.89008486	0.45528194	0.9228982	0.2774633	0.30615678	0.407395	0.21423641	0.8563057	0.5473826	0.2185945	0.7560582	0.7422669	0.2936729	0.24331887	0.77280253	0.5798913	0.5435297
261	0.90103745	0.4889264	0.42017654	0.31112513	0.6800977	0.5453841	0.40993965	0.1783624	0.90753406	0.479789	0.2520916	0.6353891	0.6340549	0.9245385	0.29345483	0.49790764	0.31480953	1.0013983	0.87448734	0.5164567	0.75058025
271	0.2915949	0.9449776	0.9108599	0.7252461	0.19811967	0.9998794	0.23440826	0.78285426	0.34934992	0.66275805	0.8025366	0.5607121	0.5307517	0.48025605	0.27511013	0.7394353	0.27377987	0.21342917	0.80281264	0.3317236	0.5410291
272	0.30452925	0.5458391	0.680594	0.6320225	0.45624143	0.69835305	0.31127965	0.63558155	0.31872186	0.6595858	0.6646278	0.75869244	0.8066766	0.6215493	0.2654792	0.7661858	0.2743881	0.22756262	0.8737744	0.29721108	0.5677789
276	0.6169548	0.3975318	0.33781156	0.21021537	0.8887621	0.8309832	0.8951015	0.19639397	0.36417896	0.4652475	0.45804027	0.6596367	0.41888353	0.5912066	0.58269536	0.44435218	0.47763592	0.29201636	0.8301427	0.57947993	0.7273182
280	0.3233876	0.92515767	0.91684544	0.23446555	0.7296878	0.74253756	0.28960103	0.7696817	0.46812388	0.6810313	0.23234843	0.36532342	0.6414815	0.77751744	0.29501387	0.52097785	0.6009198	0.5084295	0.5548134	0.5818355	0.68027
281	0.8006925	0.3907697	0.47860426	0.2300602	0.81894976	0.55699724	0.3111813	0.544254	0.4808764	0.49748516	0.31495282	0.6235305	0.5816475	0.736686	0.21546897	0.58471197	0.53291374	0.2911326	0.63240165	0.66642594	0.6048406
287	0.45804775	0.7439132	0.8272219	1.0716199	0.14209795	0.54814774	0.2827705	0.49895835	0.6516227	0.5737769	0.80428565	0.37718347	0.39341673	0.7085334	0.3702064	0.6701719	0.26022872	0.22898749	0.600917	0.32747817	0.52049005
289	0.9661841	0.6182795	0.25525045	0.96397644	0.16361824	0.8786205	0.5504306	0.18339024	0.9838399	0.4091818	0.9926226	0.8358044	0.41879028	0.79653186	0.2578078	0.51170594	0.31086165	0.24173248	0.754972	0.31799644	0.48931593
294	0.3988281	0.5364023	0.43550995	0.9277082	0.24687225	1.041263	0.23121454	0.878341	0.35753042	0.63655484	0.90546095	0.57573843	0.40316188	0.27509817	0.27383462	0.8222678	0.2318087	0.195515	0.8151254	0.29527467	0.5511394
299	0.9426708	1.0475239	0.91323715	0.31268385	0.53868157	0.58706117	0.29031968	0.28385857	0.41139334	0.56416	0.1861634	0.7264216	0.6206301	0.6404088	0.34801632	0.4276752	0.29458323	0.25875092	0.83260524	0.35274217	0.47699437
313	0.8149719	0.8758829	0.6771134	0.3081341	0.82303053	0.85925585	1.0163299	0.5620231	0.2213524	0.6366176	0.66373336	0.7238378	0.57994664	0.2796045	0.60667056	0.5633724	0.66459036	0.51741165	0.75067157	0.6658524	0.58762974
314	0.9199293	0.3467735	0.46504712	0.3813508	0.9603012	0.952062	0.36537772	0.4701555	0.88900834	0.62713397	0.21412487	0.89505035	0.45113608	0.813475	0.28067294	0.47219288	0.34527627	0.27994704	0.86859167	0.6718968	0.865108
315	1.0298644	0.534666	0.61314267	0.21957797	0.9007282	0.5406107	1.0110753	0.14485146	0.5126641	0.46747985	0.23385811	0.83836883	0.44620982	0.7702682	0.7128323	0.49628192	0.47364134	0.47804242	0.779838	0.5891309	0.7138707
323	1.0187287	0.4386507	0.3209351	0.22648796	0.9649663	0.71091384	0.5787562	0.12461795	0.8892159	0.41763178	0.166784	0.95448625	0.56309843	0.85865456	0.3425938	0.42219403	0.68292326	0.98812604	0.96267605	0.5989841	0.8390594
340	0.6968599	0.91757214	0.6073669	0.28191504	0.38495994	0.56382287	0.30257648	0.113782614	0.909419	0.6075576	0.51514167	0.6499223	0.44468358	0.8169237	0.36639616	0.6237568	0.4971931	1.0095651	0.7752482	0.36560634	0.55321866
347	0.80396515	0.6105256	0.5948592	0.33219215	0.9254154	0.8908894	0.3407008	0.27800697	0.83363205	0.62357193	0.28557628	0.8078174	0.42511532	0.7752552	0.306004	0.5035178	0.8895357	0.5081024	0.8174735	0.65419686	0.8052166
348	0.80792314	0.52956176	0.82323897	0.20689283	0.8995075	0.65949273	0.29754812	0.13555275	0.89562756	0.56003475	0.24075906	0.87383616	0.41319335	0.88811666	0.2965019	0.6420921	0.92327464	0.82624614	0.8366744	0.6535144	0.85262185
349	0.8744266	0.34357762	0.36531186	0.21605717	0.93196636	0.8458972	0.29889804	0.16949409	0.9609875	0.5441695	0.22814727	0.92300713	0.28456107	0.8478114	0.25104523	0.46694696	0.95649946	1.0170853	0.84921545	0.6349162	0.8230404
352	0.92863566	0.6524988	0.7378399	0.22890133	0.9104325	0.6810019	0.3112759	0.236679	0.7588711	0.572091	0.26894882	0.7187816	0.54403025	0.835992	0.27107242	0.5927172	0.9012466	0.39841494	0.72720236	0.66318643	0.7271999
358	1.0410448	0.44141558	0.27315798	0.19220576	0.94375074	0.7132945	0.7216547	0.14012827	0.89798415	0.4328936	0.17562057	0.89385873	0.49945816	0.79082257	0.3179368	0.53543425	0.8771813	0.9896846	0.8926101	0.6616298	0.7703967
363	0.60824305	0.95913863	0.89124936	0.24216336	0.7703074	0.6193126	0.26732635	0.42197952	0.69165707	0.55971193	0.27544996	0.42695212	0.5974089	0.7268866	0.29695043	0.61511403	0.84400386	0.39261007	0.60407585	0.6315967	0.647959
367	0.8719355	0.68069065	0.42712483	0.21900381	0.95394117	0.78720754	0.28512132	0.3238889	0.93085515	0.53992516	0.25370446	0.88700765	0.45418313	0.89778525	0.2605967	0.59447354	0.9275413	0.84639627	0.8774005	0.6859	0.8414406
378	0.48468232	0.40318283	0.54720885	0.20854494	0.9045241	0.67805773	0.2880941	0.14723454	0.7572169	0.49638173	0.2602873	0.8104523	0.48057714	0.84745914	0.25387383	0.5469987	0.90016556	0.7706617	0.846124	0.6594728	0.7882627
381	1.0396391	0.33304444	0.29150692	0.20238218	0.9238563	0.8076564	0.9065203	0.38744	0.72755843	0.43524608	0.26229432	0.9175589	0.4746051	0.7553515	0.28698227	0.5314483	0.84693897	1.0186776	0.85258657	0.6683322	0.69213384
382	0.33956596	0.65874314	0.7220719	0.22618796	0.86386424	0.6669617	0.3087396	0.12622002	0.82681865	0.52222884	0.24016055	0.73954237	0.38767928	0.88854504	0.26636443	0.59901536	0.90489846	0.84278864	0.68540263	0.5573919	0.5494904
387	0.990153	0.4903716	0.3847604	0.27853757	0.8807102	0.83569103	0.53999174	0.8193792	0.20290104	0.575949	0.28704607	0.9360902	0.6557356	0.28932133	0.45385754	0.5374522	0.75399584	0.3106536	0.8645653	0.643962	0.57279927
393	0.59228027	0.77560765	0.68376166	0.20846522	0.91167676	0.7846547	0.3873474	0.2219786	0.9172209	0.5577567	0.24535008	0.6457408	0.48948044	0.84087	0.29865363	0.59146065	0.86811507	0.87218744	0.7923441	0.65992343	0.7852362
399	0.96254814	0.6764307	0.44574443	0.23360553	0.915269	0.43987307	0.86142045	0.1315679	0.43442833	0.44911215	0.20155248	0.39403296	0.5056741	0.40796778	0.87674516	0.7699098	0.5350283	0.50703496	0.77237195	0.6292807	0.53837085
410	0.6795669	0.37963337	0.50767213	0.62616134	0.71692866	0.7986494	0.34052068	0.16966741	0.8899162	0.5817705	0.4969382	0.87729377	0.5401078	0.86863357	0.2467241	0.6043828	0.41174823	0.2674311	0.78724235	0.3843628	0.84997284
414	1.0501868	0.4130381	0.28770474	0.27610263	0.9056083	0.9903778	1.0872645	0.5877772	0.8068094	0.51575655	0.2520765	0.9444933	0.4661818	0.2666429	0.5916947	0.5860827	0.2851047	0.2609253	0.91420144	0.6160563	0.846086
417	0.98048425	0.5687732	0.40765226	0.26738936	0.88268936	0.9616408	0.36541343	0.2017484	0.8283132	0.57145333	0.33002284	0.90122217	0.43735373	0.83596003	0.3119088	0.520124	0.93487436	0.7934705	0.88820505	0.61317694	0.71083134
428	0.9869182	0.68308	0.34577858	0.28630102	0.8027301	0.5987754	0.3528608	0.16996406	0.7165118	0.4323879	0.27184805	0.80473214	0.5632925	0.8835417	0.26651946	0.63973606	0.67793983	0.42303625	0.7142097	0.5942118	0.5726841
429	1.0205637	0.41392356	0.29259646	0.20811315	0.91484976	0.7603566	0.67337304	0.1578453	0.9380212	0.43125337	0.24005425	0.90194684	0.4961991	0.84893477	0.28425595	0.38594192	0.89357144	1.0045382	0.93032527	0.6490222	0.8611242
437	0.97546613	0.5479719	0.34382528	0.26104498	0.83301246	0.7716923	0.4414178	0.1977516	0.810888	0.4330155	0.2596056	0.8787463	0.49295276	0.8087792	0.26158562	0.5897326	0.92214835	0.87008744	0.857122	0.5982487	0.6427617
438	0.67965794	0.5634557	0.72848874	0.25568393	0.9206564	0.7436517	0.36616457	0.20661893	0.890319	0.616554	0.60906065	0.6286499	0.43148685	0.86898804	0.27370617	0.520225	0.91335887	0.916815	0.8179536	0.65618575	0.76446354
439	0.45294312	0.43083587	0.42197055	0.21476083	0.7817052	0.67930806	0.31183738	0.12955758	0.8365698	0.45758557	0.24914615	0.76666504	0.27527294	0.90934116	0.30339187	0.49004585	0.55730647	0.795516	0.87912035	0.54902995	0.6088964
441	0.9310236	0.32558677	0.45059603	0.23920532	0.9457612	0.88996977	0.33824706	0.19264849	0.9004493	0.6249879	0.28971583	0.9027551	0.44984132	0.81629384	0.26267052	0.55176425	0.9760526	0.9781698	0.8330481	0.70698583	0.8328094
449	0.85656756	0.5976939	0.39392832	0.25436807	0.8814342	0.772499	0.39657396	0.23388125	0.8085358	0.48297074	0.23768626	0.7563913	0.5393241	0.7150979	0.254168	0.60524017	0.87656885	0.53001916	0.7953305	0.6365136	0.70625585
454	0.28733164	0.96983594	0.8844184	0.44940564	0.5690479	0.68669677	0.27077645	0.60861063	0.42628366	0.7210988	0.44722125	0.39561293	0.80397105	0.40287447	0.3431507	0.6870856	0.4728692	0.2789115	0.5980865	0.4939456	0.51326346
458	1.0414212	0.48010373	0.2785591	0.32598656	0.81781316	0.78467596	0.62857187	0.1473673	0.8761578	0.4034863	0.2392017	0.899066	0.5718516	0.8172749	0.33281448	0.57851595	0.5585555	0.56090206	0.8975811	0.54602814	0.7565146
466	0.8221506	0.44342718	0.6434893	0.33759883	0.61452734	0.7775982	0.46484375	0.18643948	0.92063344	0.48168477	0.27567756	0.7957816	0.52683556	0.880315	0.25936857	0.5947129	0.3780704	0.9874754	0.82421416	0.62471366	0.66747737
468	0.70318305	0.39253598	0.6159493	0.18529984	0.9560348	0.9071368	0.28973162	0.110223934	0.9533184	0.5296454	0.20807867	0.90900093	0.2758697	0.80700374	0.24565613	0.5030177	0.9872754	1.0650482	0.8821165	0.6885159	0.86359334
476	0.5498089	0.44008997	0.41836002	0.22802931	0.92874956	0.8777737	0.32073826	0.14152278	0.9194939	0.5418617	0.3490842	0.8365302	0.3774593	0.8730762	0.25386438	0.512106	0.93856215	1.0062876	0.8430475	0.66092455	0.8275407
479	0.6639576	0.7704076	0.47630155	0.30658284	0.8315321	0.6266352	0.3599953	0.17901275	0.80310506	0.5463511	0.47461993	0.44553345	0.54538244	0.84389937	0.26938608	0.63541555	0.954593	1.0118104	0.74905056	0.5999738	0.5912238
481	0.9068127	0.50253063	0.38230193	0.31504798	0.86373323	0.5347804	0.4572693	0.19372632	0.71690303	0.41891587	0.3151515	0.814544	0.43787438	0.78936064	0.30781603	0.6178799	0.88873285	0.8839255	0.78854275	0.6212746	0.5093924
494	0.9479955	0.7351771	0.65840465	0.2867024	0.91111547	0.6091649	0.3330565	0.13643174	0.87092245	0.46788147	0.20536137	0.91873646	0.37093386	0.8278263	0.26992795	0.40883556	0.8135006	0.9741792	0.8161395	0.61582065	0.69822174
495	0.34726426	1.0466301	0.8682304	0.2455807	0.80783194	0.61907184	0.33308417	0.36288008	0.3584449	0.6866805	0.31603593	0.5583048	0.7541772	0.6104914	0.44354942	0.67122537	0.44487554	0.2684601	0.52185833	0.59117043	0.5179095
510	0.6509754	0.82762235	0.6525639	0.66140085	0.34007868	0.8115103	0.32911593	0.19484404	0.6247128	0.64364266	0.81779635	0.7369346	0.6138638	0.82636493	0.29712597	0.71957785	0.28450617	0.2369948	0.82981086	0.34682918	0.53118324
517	0.77730244	0.45740342	0.2966137	0.4188028	0.518395	0.71117663	0.4915079	0.19687417	0.7772369	0.5823082	0.3476214	0.471148	0.32049268	0.8459979	0.44352904	0.64862114	0.3684467	1.0142204	0.79656714	0.46881312	0.70808554
521	0.94282633	0.81413454	0.7494564	0.21650948	0.90011257	0.5022493	0.3289709	0.140396	0.7969599	0.46837476	0.21379195	0.9303354	0.54879844	0.90165174	0.31787723	0.4927508	0.7887781	0.9467749	0.8484624	0.59909964	0.78985685
525	0.9993948	0.33377194	0.31912088	0.20178531	0.94634795	0.60545623	0.314097	0.11397532	0.914008	0.4443717	0.20211485	0.9287568	0.48595935	0.85163236	0.25758862	0.5673066	0.9537959	1.0255364	0.8256942	0.65639544	0.7888411
548	0.92535	0.40330166	0.44833285	0.23912323	0.8461242	0.81188107	0.45596528	0.4813027	0.6809117	0.42587152	0.30146983	0.6874576	0.44206458	0.6824189	0.30733007	0.78407305	0.8050251	0.45690465	0.7158039	0.66292906	0.8022861
553	0.87123764	0.5081824	0.4497644	0.2518236	0.82954115	0.6463137	0.5991766	0.13922173	0.88061935	0.42629236	0.2235583	0.81486666	0.47784856	0.90496135	0.28991115	0.5959152	0.7811555	0.6080753	0.82048136	0.5853332	0.77837586
559	0.7909726	0.90672356	0.8614086	0.250001	0.73147094	0.6468989	0.6173192	0.7177127	0.18393862	0.5836084	0.26296648	0.65614516	0.5447401	0.4346609	0.42253497	0.5993622	0.55919635	0.39590275	0.6661576	0.5735085	0.4916111
560	0.6751082	0.8668387	0.8555161	0.23885356	0.86098766	0.6764236	0.3222714	0.8426024	0.34382233	0.5944253	0.5228355	0.55488735	0.5565779	0.40169913	0.34785488	0.6458908	0.48481822	0.35601428	0.7818591	0.63459	0.5637058
562	0.9647702	0.74046844	0.53895456	0.28862596	0.831069	0.65015614	0.9079243	0.1329904	0.5868372	0.440935	0.21666686	0.85781527	0.43308538	0.7474216	0.76255596	0.48450595	0.6511195	0.5495353	0.6893801	0.596799	0.49410668
564	0.8774615	0.7345724	0.48376966	0.30465093	0.86593187	0.77915007	0.3399886	0.3707255	0.8352179	0.5220991	0.63192385	0.6905082	0.52211547	0.8471735	0.24756688	0.73773164	0.4569357	0.30999577	0.8088217	0.5466136	0.5125435
583	0.37634537	0.83494055	0.7696852	0.21720375	0.8924262	0.7911593	0.27380005	0.34077176	0.6422636	0.54071945	0.23304892	0.5622314	0.5089251	0.6457164	0.24503678	0.64669776	0.85266155	0.7169558	0.82853955	0.6435952	0.60135174
588	0.9944922	0.32697213	0.3454972	0.26500282	0.88614637	0.96093315	0.38254905	0.18242396	0.99031746	0.53292334	0.2470961	0.9102671	0.57192117	0.74416995	0.24876222	0.51404595	0.97495306	0.9082586	0.84581923	0.70339024	0.8277265
589	0.79225147	0.45777443	0.25825098	0.2666559	0.8672068	0.74053574	0.3456269	0.130857	0.8477712	0.49206397	0.45815405	0.7812447	0.41580546	0.8590773	0.32059866	0.5934263	0.80476	0.86088884	0.7700903	0.45659557	0.6753877
594	1.0662136	0.32089862	0.34614924	0.21231611	0.9465651	0.95863473	0.6902084	0.120557755	0.28934205	0.4316602	0.15962416	0.7792133	0.2745708	0.29458305	0.95386195	0.372847	0.36564457	0.26629436	0.77346665	0.6370269	0.77631557
612	0.44259903	0.41045505	0.31295666	0.18058431	0.9536538	0.5582627	0.30084985	0.13230252	0.9932252	0.4595341	0.1893683	0.8453757	0.33022487	0.926768	0.25282678	0.47038388	0.99280417	1.0662423	0.82147884	0.63790953	0.82629424
614	0.5728078	0.863187	0.8380103	0.24722227	0.8345174	0.73111314	0.34213352	0.16487649	0.9156161	0.6019092	0.2696663	0.42574328	0.46519965	0.8603372	0.3051369	0.45887884	0.90519875	0.88199127	0.7307786	0.6346704	0.70102406
617	0.95706135	0.38831758	0.29805425	0.22625661	0.8988999	0.7737032	0.44026512	0.18921258	0.8753044	0.5018001	0.27781352	0.76930463	0.47934747	0.85730046	0.27824372	0.6535874	0.84982497	0.7767873	0.85277975	0.6307863	0.66803133
620	0.98566383	0.41942436	0.39827746	0.23429608	0.8796841	0.6090878	0.33949876	0.16442813	0.92036724	0.47631773	0.20497467	0.9355252	0.5027823	0.8988222	0.277186	0.6231069	0.8958001	0.9627297	0.87104434	0.6294316	0.6639498
623	0.80695724	0.55756277	0.6159938	0.35662237	0.8825305	0.88614064	0.31720686	0.23363635	0.87197435	0.59429973	0.27930716	0.80244875	0.45659804	0.8201258	0.28701833	0.6281717	0.94286317	0.65726036	0.84826994	0.62681305	0.7058591
628	0.45915914	0.7190327	0.6723367	0.25542864	0.8634338	0.7428239	0.36220467	0.14663185	0.76328033	0.45743924	0.32066858	0.58072484	0.45790708	0.8771814	0.2998581	0.61010337	0.8429805	0.8286156	0.7640013	0.5690783	0.58148664
641	0.69301605	0.7742931	0.6074247	0.25469363	0.87340873	0.9203232	0.32417756	0.6561951	0.7236684	0.5359443	0.3794706	0.7343117	0.4656064	0.32267243	0.28607786	0.6444627	0.86943656	0.65009826	0.71307385	0.6548506	0.56112707
657	0.28775954	0.9540385	0.84939283	0.3259863	0.6120638	0.6075976	0.41116244	0.15026863	0.73214763	0.5701594	0.28344077	0.61890596	0.50094825	0.8174177	0.38529685	0.50661576	0.39175263	0.37773904	0.5093542	0.54898	0.61885095
670	0.98494315	0.38090712	0.5627174	0.21315272	0.9349641	0.9198136	0.39719063	0.19128045	0.8697813	0.48231894	0.20264089	0.87440604	0.47329044	0.70955086	0.24740991	0.61254686	0.9352854	0.98867905	0.87831223	0.6947026	0.8030273
678	0.6321053	0.69123334	0.7532364	0.22163856	0.917465	0.9546521	0.45866168	0.26155502	0.8437944	0.653062	0.3987733	0.4518035	0.39901987	0.83667237	0.30178115	0.597366	0.91341734	0.9122393	0.79238605	0.6394545	0.7427609
686	0.5907075	0.5228917	0.7809064	0.77293026	0.5503306	0.98212373	0.32630837	0.7207603	0.38716137	0.7129938	0.866973	0.90565073	0.7505082	0.5906443	0.28461993	0.6853826	0.28023016	0.42952034	0.8066125	0.47883078	0.7646347
689	0.7782711	0.9872281	0.84894794	0.28995344	0.83936775	0.5508618	0.368887	0.68229914	0.4017188	0.46790576	0.36256397	0.4061389	0.64218134	0.5350253	0.36632723	0.7208392	0.5715922	0.35129714	0.6472882	0.5446408	0.49445415
690	0.397511	0.55352455	0.8971016	0.23028491	0.9149676	0.9109306	0.28315872	0.4571172	0.8493454	0.56253403	0.20271614	0.6793489	0.33496854	0.8576525	0.29439282	0.45252088	0.89385843	0.87075806	0.8550875	0.6379067	0.81031734
697	0.34594256	0.8565594	0.76628494	0.27233157	0.7904855	0.6519789	0.52168727	0.31614235	0.4139892	0.67912626	0.49988306	0.4359429	0.33175173	0.7968893	0.6633184	0.71651685	0.35914427	0.23727238	0.5414671	0.5055318	0.4653269
711	0.28329158	0.93212545	0.8411698	0.3693111	0.4877143	0.69549835	0.35558504	0.6131634	0.32096022	0.5715981	0.5404421	0.37218505	0.6114455	0.26267594	0.3476482	0.6635131	0.30768096	0.2937372	0.49804655	0.5163404	0.47993338
713	0.47220615	0.94697905	0.54221064	0.27067578	0.38113055	0.49323002	0.3806486	0.41630936	0.4210048	0.582508	0.5091305	0.5100914	0.7461187	0.5129593	0.30213386	0.71802396	0.42815188	0.2974808	0.76269186	0.38954782	0.50835395
720	0.3712838	0.9038434	0.8177992	0.35452443	0.78227866	0.8540027	0.23496713	0.35566273	0.69189686	0.5883507	0.4389324	0.74741733	0.38586593	0.8974563	0.28663287	0.56343293	0.3976752	0.54446733	0.8506255	0.62158406	0.8023785
726	0.29968604	1.0519732	0.89411706	0.29405707	0.64293337	0.8383553	0.25477058	0.52238184	0.2975817	0.70335	0.5742513	0.615099	0.5984223	0.34243983	0.29706213	0.78563154	0.29342818	0.22522515	0.7992288	0.36905226	0.66121554
734	0.26704007	1.0377603	0.8776435	0.29150862	0.63228434	0.554188	0.27214167	0.78327703	0.22904384	0.67542005	0.40486586	0.35745817	0.75184155	0.16666527	0.28286445	0.68922496	0.40406612	0.36433712	0.43587136	0.5582526	0.51709306
736	0.3198356	0.9067428	0.85078245	0.31080055	0.71149045	0.7227689	0.43362176	0.7620403	0.44290394	0.69225407	0.628084	0.444541	0.551138	0.8116391	0.41861755	0.69155586	0.31468725	0.25177848	0.50949156	0.36742947	0.3972081
740	0.32909018	0.82188845	0.9044654	0.27717188	0.43540418	0.62701243	0.27061868	0.45173237	0.8282744	0.6497477	0.7173435	0.42119923	0.4068762	0.77489835	0.2987174	0.7241045	0.2817823	0.25138596	0.74894327	0.34393528	0.5234988
743	1.0170038	0.82046974	0.5869025	0.23120616	0.9098989	0.73626125	0.91459525	0.22550304	0.34496343	0.56480724	0.3247328	0.8515103	0.42930198	0.7003371	0.65788823	0.5293084	0.6209647	0.3172916	0.7907506	0.61385655	0.67616713
744	0.5432357	1.0151206	0.69888186	0.39318767	0.66995776	0.47307068	0.6312559	0.5073146	0.40707844	0.49791512	0.42565137	0.5572707	0.5897718	0.5372801	0.49973997	0.74284506	0.30427507	0.2790348	0.5774522	0.53776777	0.5571183
745	0.95900583	0.5997819	0.756564	0.29800904	0.9316652	0.61174524	0.7985578	0.33255282	0.32196596	0.41115552	0.31637132	0.5756189	0.5020331	0.31424552	0.78240967	0.71811426	0.34287438	0.26229215	0.6756417	0.6782124	0.6281138
751	0.9603973	0.3922266	0.3986199	0.19655725	0.9548217	0.7851319	0.42754072	0.13842802	0.9746726	0.42736608	0.20021124	0.91618353	0.2864925	0.9311928	0.27964035	0.39655817	0.91637695	1.0496883	0.9245057	0.6399565	0.8297338
762	0.32913008	0.791616	0.8858647	0.34372917	0.7523958	0.9911906	0.24593608	0.63534737	0.3172152	0.65629905	0.7074981	0.6022561	0.38316825	0.4618355	0.3508339	0.6776847	0.26425242	0.21245776	0.74978656	0.37535208	0.681741
764	0.26312235	0.68927157	0.9123285	0.64601254	0.62739146	0.98152274	0.2406861	0.6316947	0.47025916	0.65703684	0.7681477	0.66435176	0.4672771	0.8190189	0.2561763	0.77381897	0.27571204	0.22361985	0.81544906	0.30005702	0.6380089
781	0.8881592	0.7334293	0.3302078	0.9248682	0.17169291	0.5400044	0.3275175	0.23353511	0.89635044	0.4423968	0.66943413	0.48032922	0.80050784	0.82519144	0.24186271	0.719256	0.3915032	0.27977923	0.6177869	0.44170377	0.47249696
783	0.88030934	0.36144307	0.36450616	0.9224226	0.13911659	0.8682697	0.32028663	0.45228422	0.84825426	0.49062225	0.82962257	0.7797889	0.49556115	0.8741538	0.31371126	0.89907795	0.24303989	0.24177016	0.7969741	0.26283616	0.40133765
784	0.38861117	0.45161024	0.39609346	0.90251046	0.1500453	0.7460165	0.65643126	0.23913603	0.61075944	0.44081262	0.95012647	0.82594544	0.62103647	0.41530293	0.6382088	0.8565506	0.23776598	0.19569786	0.8785549	0.25843966	0.525985
786	0.9141056	0.8297113	0.42927197	0.9693386	0.17151609	0.44540527	0.27347076	0.18195522	0.7350005	0.4610553	0.6612567	0.60974514	0.66499895	0.80993193	0.27309573	0.72520155	0.27031383	0.25346816	0.73803246	0.28755617	0.4875753
787	0.48002878	0.68129385	0.40587988	0.90908694	0.5212346	0.6041615	0.7098009	0.3518269	0.80609554	0.5100755	0.6998022	0.7161565	0.5319653	0.8785265	0.49204817	0.76299536	0.3428978	0.81422096	0.7663283	0.4212954	0.6609991
797	0.59600866	0.8421472	0.6446071	0.9773753	0.306608	0.61472726	0.39693898	0.8057625	0.40054268	0.5609722	0.79319215	0.76437205	0.69441205	0.37989882	0.31741324	0.73571295	0.30250645	0.24394506	0.7833187	0.34408268	0.6104718
815	1.0197182	0.34247476	0.30159336	0.17419177	0.95764995	0.80400354	0.8754498	0.1373339	0.28464982	0.40674213	0.17402074	0.90637386	0.2527225	0.57876277	0.8811679	0.40678585	0.35159186	0.30031157	0.8559455	0.60261774	0.8268428
816	0.5634442	0.4319779	0.60872495	0.28622615	0.62595737	0.93964773	0.422431	0.29718083	0.65371233	0.6647445	0.6975983	0.56044716	0.34152985	0.7109363	0.44883886	0.50022477	0.35589767	0.34061688	0.6273932	0.6160419	0.63460076
822	0.7129005	0.4066486	0.42712027	0.24718182	0.8386252	0.8993287	0.64146054	0.48841983	0.7082696	0.4935584	0.26337808	0.78590065	0.33402136	0.8316816	0.29350787	0.521598	0.348274	0.5594767	0.755074	0.6350608	0.69568574
825	0.77636987	0.5227594	0.8684366	0.76657146	0.55527925	0.8103516	0.33656037	0.7827794	0.37199846	0.697524	0.720416	0.5099441	0.7242846	0.72571445	0.29232377	0.5553595	0.2876591	0.3149727	0.700306	0.59972656	0.8140889
910	0.3266317	0.86328214	0.91792494	0.60714734	0.454602	0.5840711	0.28213215	0.68551034	0.63512444	0.6547751	0.5377959	0.53354555	0.9289628	0.8405061	0.32255882	0.6607575	0.33882108	0.2562587	0.8940028	0.36327684	0.46609926
912	0.91901815	0.556534	0.40232903	0.23240511	0.87278247	0.7770558	0.53322154	0.13147949	0.88630563	0.504552	0.22868875	0.90420413	0.37048846	0.8700303	0.28004703	0.5715652	0.86840975	1.0250624	0.85191053	0.6655755	0.7819061
915	0.5246543	0.45166117	0.6650499	0.23682737	0.88736725	0.8308926	0.32498115	0.27093425	0.7994533	0.5607	0.26847446	0.80697215	0.4278233	0.76596826	0.25717917	0.6334144	0.77071613	0.9395591	0.7857105	0.6753497	0.8401215
916	0.9933366	0.6658619	0.32452708	1.0251833	0.14827189	0.46995747	0.30117238	0.12749551	0.87516457	0.40543917	0.7880928	0.7985934	0.61082935	0.70496136	0.25472498	0.68767715	0.30740505	0.341088	0.70166516	0.31136075	0.37001604
922	0.3479506	0.56411237	0.8873895	0.97725457	0.17024371	0.9859519	0.3373592	0.7035154	0.82741463	0.5729029	0.9535381	0.6942802	0.8673233	0.75700384	0.24060246	0.8452513	0.24984184	0.22528273	0.8188832	0.27006122	0.6521297
923	0.74865305	0.51069665	0.7901655	1.0164373	0.18811822	0.63356674	0.35978013	0.38277298	0.8069762	0.5611804	0.8690972	0.6976561	0.6685983	0.8520694	0.29426754	0.7753659	0.2721017	0.23509784	0.7528102	0.29098484	0.52132756
2105	0.3058614	0.9468906	0.8709062	0.80677366	0.36786067	1.0207937	0.26964706	0.85782385	0.34227154	0.69923955	0.79670304	0.6277697	0.715103	0.3908029	0.30353588	0.7771685	0.25248268	0.22871368	0.76297706	0.33780965	0.7027112
2109	0.7054981	0.39804667	0.4029389	0.23639977	0.9539174	0.96179503	0.5976757	0.14755818	0.29010782	0.51754034	0.1929257	0.85827404	0.27519634	0.3185208	0.9340903	0.3744109	0.33643606	0.26616848	0.8149356	0.5808811	0.79901516
2115	0.30219626	1.0668846	0.9269789	0.5867536	0.2534389	0.39398453	0.26113766	0.6740055	0.2069312	0.63979775	0.5297544	0.42347974	0.9773361	0.4433703	0.3269	0.7051597	0.24609642	0.25859997	0.9038649	0.26212367	0.4592759
2117	0.3087903	1.0338547	0.87977713	0.3192043	0.5997962	0.56436235	0.39803106	0.27066976	0.5709406	0.6739587	0.3090527	0.7718252	0.8096599	0.75177324	0.3462796	0.5397212	0.39933452	0.29225188	0.8422303	0.5578027	0.7665592
2118	0.30384263	0.7461819	0.54128003	0.53117085	0.47783569	0.51242816	0.76410705	0.8471975	0.51985884	0.6838367	0.27728808	0.82553446	0.7365027	0.19592035	0.3172358	0.70056933	0.28404576	0.969324	0.62171924	0.63669825	0.45596823
2120	0.4773989	0.8007291	0.8443891	0.80548	0.26014122	1.0130357	0.28621662	0.73004097	0.27047786	0.66379803	0.69298214	0.6063968	0.64596766	0.35765523	0.2935523	0.7831327	0.25605634	0.21495897	0.7487117	0.31071138	0.568873
2129	0.2848699	0.83349013	0.524358	0.9524515	0.2134709	0.5256346	0.2938708	0.8046373	0.48847547	0.51750195	0.68347883	0.48459676	0.70870256	0.7528147	0.2348426	0.7140744	0.24945419	0.23050512	0.82645726	0.30742	0.45933115
2134	0.50262064	0.46241263	0.4907091	0.98115206	0.14509475	0.9674047	0.34601116	0.39492768	0.85208625	0.5411738	0.83702046	0.83380336	0.43121418	0.86759824	0.24800804	0.6168865	0.26455584	0.22155058	0.856533	0.27579448	0.5819133
2138	0.7222018	0.6197628	0.38327774	0.7809424	0.49444562	0.65972173	0.45486158	0.74094826	0.35607484	0.5064129	0.4651351	0.8011284	0.6882716	0.475915	0.4548522	0.6467046	0.28076237	0.23473677	0.90210074	0.40076366	0.69109696
2142	0.39796856	0.42835563	0.6587777	0.695176	0.38277858	0.9972069	0.86184967	0.82063085	0.72199166	0.61742306	0.99918073	0.93571454	0.557573	0.3496141	0.7309532	0.7230498	0.2629916	0.22893949	0.9022326	0.30258122	0.8392353
2143	0.26451465	0.6589733	0.5634325	0.8903011	0.2228446	0.43770245	0.30991107	0.74195087	0.23569962	0.61910284	0.6406675	0.49361712	0.96963966	0.1315935	0.23549011	0.72806835	0.23378363	0.22394913	0.764249	0.2712435	0.3789737
2144	0.32088667	0.63434523	0.8670021	0.62916857	0.4306049	1.05619	0.25229776	0.7535881	0.4015606	0.69481295	0.8900609	0.47154084	0.46430597	0.54724985	0.31300247	0.7564091	0.26821733	0.24404281	0.90413713	0.40062135	0.65401906
2145	0.30791354	0.42731813	0.3444071	0.9590481	0.18969938	1.0451747	0.20208852	0.88181925	0.35019213	0.6283476	0.9611379	0.55319893	0.40342826	0.34071425	0.271666	0.84985274	0.22958061	0.19325966	0.8750384	0.254973	0.4948266
2158	0.3002274	0.46851096	0.5269434	0.43941754	0.2440944	0.96654344	0.27151084	0.26027572	0.32605425	0.50978166	0.54067755	0.5808352	0.34619477	0.85742456	0.6289255	0.64115685	0.28296235	0.21914978	0.7760207	0.36566916	0.5885189
2161	0.3821553	0.5801384	0.77473676	0.78172034	0.35213792	0.97830117	0.25840837	0.800479	0.31312257	0.69487077	0.7386442	0.63567495	0.6892712	0.40867668	0.27342165	0.792162	0.25311884	0.22026327	0.84724003	0.3338673	0.62990534
2163	0.56882447	0.31945	0.5393701	0.18145858	0.9828587	1.0081266	0.8852093	0.13848443	0.27725795	0.46241048	0.14979659	0.9167029	0.24329203	0.3352461	0.9920996	0.39043584	0.34453845	0.24552526	0.8579418	0.6490201	0.80459124
2168	0.783768	1.033685	0.93163633	0.23972061	0.84239197	0.5918431	0.3325001	0.46556073	0.57634896	0.6437707	0.2958681	0.8071032	0.89116055	0.74231297	0.34124884	0.61984974	0.862328	0.39285478	0.8392802	0.6561861	0.74779767
2169	0.6267082	0.3662592	0.5018357	0.17400634	0.9763498	0.9389716	0.48630387	0.14452751	0.30050927	0.48867208	0.167297	0.8750391	0.27042606	0.32294968	0.9457002	0.37617573	0.29281974	0.2665183	0.8169613	0.58933747	0.8184242
2172	0.36460748	0.4730596	0.49860317	0.25835222	0.8655563	1.0477338	0.3572443	0.204565	0.16480416	0.45006162	0.41261172	0.93030554	0.32062268	0.24616285	0.8705376	0.3885628	0.4131533	0.25417894	0.89007795	0.66668046	0.8377107
2179	1.0790957	0.35060263	0.3936305	0.21418522	0.92792577	1.0325415	1.0689971	0.16489404	0.30631474	0.43214113	0.22203141	0.9336855	0.29939055	0.22193307	0.93869126	0.44881237	0.375634	0.26274097	0.87142056	0.70771825	0.84386855
2180	0.8453668	0.40474647	0.70000845	0.24585433	0.90031517	0.99401945	0.2857716	0.81631005	0.27349994	0.67083704	0.39690334	0.7999205	0.50121546	0.48473477	0.2738333	0.5871191	0.68906826	0.38708952	0.8814697	0.6390259	0.76874274
2182	0.6838058	0.91938245	0.7549318	0.21600962	0.9233325	0.84433216	0.3211195	0.356641	0.938002	0.48730704	0.30182606	0.76555276	0.51346767	0.81052786	0.24766189	0.57824653	0.89824504	0.7364696	0.7411939	0.6843958	0.80096424
2187	1.0071576	0.79229593	0.76144254	0.20899925	0.92401177	0.69594884	0.30958366	0.35276303	0.41588178	0.49947253	0.23083502	0.82957685	0.5645385	0.6991561	0.26120472	0.5250855	0.79232174	0.64864916	0.87481225	0.64211583	0.84475994
2193	0.8778844	0.47549772	0.25984734	0.68689144	0.3397817	0.8027753	0.76891464	0.67165464	0.19821522	0.4307685	0.67345315	0.86432153	0.7523408	0.29852858	0.342365	0.59375286	0.33001792	0.54049844	0.80317754	0.38099107	0.65229976
2194	0.5201696	0.57231355	0.49402994	0.9526036	0.46126083	0.5821664	0.28802246	0.2503095	0.7849786	0.5329325	0.7080769	0.45245597	0.58290774	0.8181722	0.26503503	0.5817033	0.37635833	0.79273486	0.84561116	0.28370166	0.44566476
2195	0.31510738	0.4658834	0.5279593	0.8789942	0.31824073	0.7800945	0.2507407	0.8167597	0.3694124	0.57717377	0.6105349	0.54532224	0.55854625	0.21628809	0.31990778	0.7454834	0.2549207	0.23262179	0.8421987	0.2572366	0.7714507
2198	0.6513035	0.5960578	0.3348305	0.8994049	0.27775016	0.7017361	0.3314126	0.16424333	0.7433259	0.557914	0.6804431	0.71582806	0.49928865	0.843067	0.46911815	0.6645375	0.31179458	0.2725507	0.6272196	0.37057406	0.59258366
2210	0.512955	0.58112717	0.39268863	0.9078501	0.19576511	0.96053755	0.6138827	0.80860555	0.676491	0.43945155	0.9657307	0.8248663	0.6653229	0.69105244	0.3004097	0.77996236	0.27923524	0.234608	0.7769936	0.29353735	0.71379375
2211	0.40274993	0.83029795	0.78929275	0.862301	0.22431076	0.65318954	0.29063958	0.6898198	0.53765327	0.5932813	0.79924774	0.8859956	0.73010224	0.7076949	0.261843	0.6671368	0.26273668	0.27244174	0.8759085	0.28765595	0.46804392
2212	0.5880338	1.0197257	0.8892167	0.60881394	0.4904094	0.5037207	0.3893969	0.19400343	0.57209283	0.5046844	0.84295934	0.40192986	0.59128904	0.5258294	0.35929075	0.5042906	0.32964182	0.27493954	0.58085614	0.450377	0.45232168
2213	0.76239574	0.46987432	0.43879512	0.69315267	0.28753576	0.99188846	0.28878868	0.590597	0.68511534	0.50851387	0.81841904	0.65311766	0.41343674	0.8273628	0.3543119	0.63791794	0.2568553	0.35083923	0.7495002	0.37941164	0.50572443
2218	0.4886469	0.86758316	0.4948435	0.41338846	0.42632025	0.85110664	0.46611816	0.76422006	0.19054624	0.57417023	0.6248335	0.7177099	0.9176197	0.53808	0.32870924	0.7106092	0.27902883	0.2971355	0.847861	0.32694796	0.50854594
2224	0.38915533	0.7957101	0.91369575	0.7145801	0.3540503	0.67404926	0.33349788	0.45932746	0.7697396	0.6031332	0.7755908	0.39820278	0.79371953	0.8148815	0.26730108	0.5838465	0.41775593	0.2871943	0.7250373	0.41547325	0.63880116
2225	0.98489505	0.43854085	0.24818075	0.44342554	0.75038487	0.9095152	0.3683898	0.40516323	0.7934245	0.5079008	0.5015776	0.8953997	0.54215425	0.8170932	0.21495518	0.6868063	0.5522926	1.0617774	0.83070713	0.63574684	0.8294803
2226	0.3627732	0.80483323	0.9238478	0.61342335	0.43252102	0.9515092	0.30313718	0.77846164	0.67799824	0.671334	0.84696347	0.79190767	1.0119872	0.55193406	0.29695165	0.65515244	0.29968587	0.26726103	0.90434664	0.36035052	0.7231227
2227	0.56371063	0.8458398	0.8111501	0.8336305	0.30835593	0.8434204	0.5570138	0.64874756	0.44704902	0.63035494	0.78201157	0.41920063	0.7702466	0.61032027	0.45676768	0.70125407	0.3828681	0.27704018	0.75968313	0.3863464	0.7239707
2228	0.879088	0.5438236	0.8514142	0.39378694	0.8831341	0.68437344	0.28725708	0.7411087	0.32214212	0.4662561	0.63373286	0.9306879	0.54401594	0.58680326	0.50414306	0.73431104	0.25482735	0.21659811	0.9066285	0.38495445	0.7564427
2230	0.7317884	0.4392811	0.44408134	0.46082687	0.8974983	0.65752023	0.62537354	0.57011276	0.2265183	0.45007116	0.29984888	0.8486872	0.51155216	0.4098437	0.6374976	0.7468501	0.4479711	0.3330214	0.8058213	0.57658684	0.8048079
2231	0.44909322	0.7205051	0.5261275	0.7837227	0.31568354	0.77750933	0.32671475	0.57945186	0.7319898	0.58142686	0.6212095	0.51853514	0.68585557	0.7749623	0.2586797	0.7072577	0.29813415	0.27637175	0.8586298	0.35001048	0.6359212
3107	0.6467712	0.8478829	0.88309693	0.3155254	0.9241694	0.86276555	0.33527452	0.375782	0.82275933	0.5567035	0.7973505	0.44985014	0.49671027	0.9218402	0.30446014	0.6659558	0.5674057	0.5133235	0.7741279	0.4125316	0.6879473
3113	1.0331628	0.3648954	0.22794113	0.18181832	0.965909	0.87909305	0.51744545	0.1402765	0.96550107	0.4346	0.18085632	0.9553324	0.48534298	0.9015701	0.31207216	0.42740107	0.7903751	1.0337384	0.9172071	0.6463524	0.7966451
3117	0.9855072	0.32571745	0.379398	0.22699177	0.9055983	0.9717377	0.31216282	0.17420812	0.9846729	0.5779447	0.2237387	0.90959984	0.61236584	0.8360941	0.2513416	0.51521236	0.97182363	0.96239054	0.85384965	0.6835768	0.82326823
3118	0.9943546	0.38629043	0.35609522	0.18859597	0.9564962	0.5041087	0.66238886	0.12948467	0.79299784	0.4015409	0.16650768	0.8911828	0.5322936	0.87227196	0.4780844	0.5568332	0.7823239	1.0072407	0.90858346	0.65797055	0.7494657
3131	0.33787447	0.9487743	0.8023714	0.37261298	0.6269367	0.6496706	0.35345578	0.48719078	0.41943854	0.61462045	0.58115065	0.75122046	0.61429256	0.6793319	0.3111741	0.66588485	0.4551514	0.47525993	0.4631484	0.6032245	0.67253923
3137	0.28933778	1.0246581	0.83330023	0.4438673	0.33461332	0.47084764	0.30945414	0.7046902	0.1994395	0.63192147	0.52984744	0.3621381	0.65182483	0.13581881	0.25473833	0.6429009	0.34384885	0.25760162	0.33416212	0.63183343	0.43333444
3138	0.3323619	0.97964656	0.5771317	0.32650265	0.3823135	0.512026	0.34798086	0.21439433	0.62672234	0.43537152	0.3196213	0.37759608	0.53471357	0.8390287	0.3855289	0.5626638	0.31247234	0.22063613	0.4021101	0.3398281	0.42561153
3140	0.30022073	1.0164834	0.8212455	0.285225	0.81673247	0.653814	0.3596323	0.6462222	0.36374468	0.652286	0.26511988	0.35148293	0.7257984	0.28358316	0.35158923	0.51841754	0.45735818	0.27756307	0.40616694	0.6094892	0.5375014
3143	0.32532814	1.0503931	0.85596156	0.44079855	0.7151085	0.5277292	0.30887264	0.63496226	0.28544953	0.6495298	0.4094643	0.35667524	0.8053755	0.2562063	0.323624	0.59862	0.4786327	0.29000777	0.35868105	0.48864514	0.4319524
3150	0.28559467	0.9359834	0.8397091	0.5883085	0.5344483	0.9124896	0.29898602	0.67203546	0.23860535	0.7136156	0.85255694	0.7661972	0.8094422	0.5506204	0.26925918	0.7477587	0.28227377	0.2313066	0.90827173	0.5174266	0.63367146
3157	0.9672433	0.91163373	0.7805612	0.29486507	0.83262885	0.4919512	0.6573611	0.2870807	0.26963547	0.51008755	0.29196373	0.47064275	0.4615578	0.4066598	0.7286191	0.58042485	0.32054132	0.24889112	0.349866	0.6442864	0.4630816
3159	0.260488	0.92548066	0.90203345	0.25462124	0.81409764	0.49550474	0.29676396	0.41786125	0.54424036	0.63431346	0.2584496	0.36655226	0.5862594	0.61197394	0.2931575	0.6534037	0.37361732	0.2556117	0.37129486	0.57751715	0.490313
3170	0.9868815	0.5086957	0.5479295	0.24012162	0.90799665	0.714062	0.9946279	0.18604341	0.32570726	0.5760447	0.29365373	0.8675952	0.47316846	0.6740556	0.7102741	0.57966244	0.5331195	0.34460908	0.82972586	0.60000336	0.59783435
3187	0.27516997	1.013581	0.89887637	0.31244335	0.6162409	0.45168728	0.28184175	0.37484547	0.5492074	0.6855364	0.4039339	0.37089443	0.4736652	0.79241574	0.30409095	0.6683826	0.3246041	0.2545225	0.77457935	0.40018934	0.5955194
3189	0.39360094	0.9436901	0.82427603	0.2561569	0.7905023	0.57038385	0.29300106	0.47675326	0.40535933	0.5730462	0.3486315	0.6139388	0.5306649	0.440556	0.31320298	0.64212674	0.31249768	0.28526103	0.49982676	0.59341776	0.5336356
3192	0.35135314	0.97384685	0.8710484	0.33952793	0.7637665	0.6084472	0.48357993	0.6555927	0.57884204	0.64615715	0.37358227	0.36195898	0.71629894	0.28553522	0.3520838	0.66185045	0.36175358	0.50973594	0.35394302	0.6434212	0.4737197
3195	0.28668135	0.98892415	0.79785454	0.43406835	0.65167886	0.45428652	0.2651208	0.72439444	0.36818495	0.6108653	0.48690212	0.35308966	0.7524279	0.57206213	0.3194004	0.6763607	0.28834152	0.21411066	0.32622346	0.30981123	0.42098108
3207	0.24758355	0.81881505	0.8603919	0.32873935	0.72210944	0.59289944	0.23874748	0.20600921	0.5250307	0.6250147	0.59622455	0.44583496	0.4125653	0.8501316	0.34620303	0.6290448	0.3901649	0.34899735	0.7843571	0.48115268	0.608943
3211	0.9500852	1.011916	0.86209273	0.21887895	0.7913997	0.5068827	1.0631131	0.39995328	0.5069657	0.5676525	0.2504691	0.39067274	0.52121365	0.71243167	0.6679748	0.7199758	0.55386335	0.48471007	0.90101963	0.61408746	0.4637152
3214	0.32867214	0.98709637	0.76478976	0.34464946	0.7298932	0.5444725	0.75844294	0.25603724	0.5400059	0.4469483	0.37903342	0.37929782	0.5211211	0.6640592	0.5914412	0.5054173	0.4283897	0.30527985	0.3602635	0.5666666	0.47315657
3220	0.58546627	0.75989664	0.7538965	0.42889577	0.8094502	0.46347547	0.25375587	0.14992024	0.5998732	0.47111425	0.36223465	0.42097497	0.4881082	0.60639405	0.27319983	0.7440647	0.3087475	0.24149562	0.46837732	0.50958836	0.46150252
3223	0.39889264	1.0188155	0.92370236	0.37557334	0.4653596	0.5720041	0.30803698	0.7700312	0.21872607	0.67911655	0.4175119	0.60993236	0.7979735	0.31967548	0.3566838	0.72343904	0.4276777	0.44456327	0.77310747	0.55668116	0.5870657
3225	0.265824	0.9387714	0.88820827	0.23460501	0.79474646	0.4643369	0.44900906	0.6985247	0.20803249	0.67655593	0.25153488	0.37682974	0.66489863	0.2265475	0.40691763	0.7392969	0.33285344	0.23625007	0.34286875	0.5431998	0.41810054
3231	0.60680485	0.48440656	0.66600543	0.3168084	0.8767612	0.7022667	0.8268451	0.21039209	0.63654643	0.49643824	0.409975	0.83191025	0.48680976	0.89760447	0.91935897	0.6610917	0.32994533	1.0211766	0.7569506	0.6145866	0.66146976
3233	0.25664976	0.8270266	0.9710838	0.6347512	0.7369324	0.83954066	0.27602112	0.33389813	0.5509581	0.66609615	0.64240986	0.3881418	0.48304743	0.88627523	0.29045132	0.59342456	0.38528356	1.0098072	0.79716986	0.28601867	0.6085781
3237	0.28059098	0.9893413	0.79635507	0.30986235	0.5920932	0.416212	0.3354742	0.55217475	0.20146993	0.6257076	0.35575548	0.34914026	0.6601836	0.19048561	0.4990885	0.7084202	0.29529604	0.24562596	0.32286218	0.4803145	0.43890822
3248	0.7779206	0.8262772	0.88683707	0.2141695	0.8713189	0.46091357	0.31002915	0.13196589	0.73970836	0.58060694	0.51836187	0.8413376	0.3328209	0.78011394	0.22882855	0.70796084	0.28355563	0.23225255	0.8015064	0.6254338	0.47878936
3254	0.68463916	0.84427977	0.39518476	0.25215736	0.787504	0.47166255	1.0170858	0.17643127	0.3564592	0.5195836	0.2866785	0.5241537	0.5182825	0.31597808	0.8142925	0.76130825	0.5129518	0.35500172	0.6524409	0.670738	0.5029888
3260	0.97489303	0.4156246	0.42725423	0.2547049	0.93210906	0.7193813	0.30268884	0.14223553	0.8849202	0.49502707	0.21776411	0.8978541	0.4217613	0.91637224	0.26514503	0.4661767	0.9130122	0.99933404	0.82044667	0.5970336	0.72262007
3263	0.57469517	0.7581068	0.3915833	0.3683929	0.7445716	0.6127153	0.448996	0.14905335	0.94216186	0.53084433	0.3872991	0.5016646	0.5384657	0.86947864	0.3106019	0.5684951	0.9452144	0.7171159	0.6851705	0.6302444	0.6713873
3264	0.662305	0.5004167	0.42616948	0.21880679	0.9057235	0.7151801	0.33335412	0.12926173	0.82691616	0.5002686	0.2604075	0.7685219	0.3056366	0.8284275	0.27506977	0.63561577	0.93292594	0.9990316	0.7736568	0.6678494	0.78493357
3267	0.42457616	0.7163512	0.44035587	0.26374194	0.81546646	0.5801636	0.2932815	0.1472154	0.80798346	0.4681957	0.21717264	0.61807525	0.40959463	0.72114104	0.35629785	0.67131656	0.7919386	1.0473567	0.7832102	0.5783638	0.7507265
3272	0.87021166	0.5077546	0.58530176	0.19643521	0.950295	0.70208293	0.34133667	0.13747454	0.93651736	0.50538117	0.21067233	0.74749446	0.27158532	0.88704765	0.30646443	0.6279851	0.91476876	0.97200185	0.7972738	0.64609313	0.7737688
3274	0.89162666	0.41724527	0.28321964	0.23642953	0.6733805	0.38813433	0.6226082	0.12987183	0.82459074	0.40370166	0.17042977	0.9355348	0.52688223	0.70346254	0.26869264	0.7140932	0.8248073	1.0349019	0.69358647	0.6842432	0.45775482
3283	0.608045	0.5466038	0.48888323	0.35071132	0.420057	0.592108	0.46049803	0.3014167	0.8158026	0.6387603	0.6422221	0.41902006	0.29353198	0.85633594	0.42523655	0.728642	0.5534266	1.000461	0.71696323	0.36285746	0.6057564
3285	0.9038048	0.4894671	0.31311548	0.28336436	0.5950805	0.5677977	0.3503883	0.1877418	0.8751514	0.4130457	0.3107177	0.7342388	0.5133411	0.8726307	0.24071148	0.6955203	0.8932164	0.92788553	0.7297961	0.6152036	0.6562745
3287	0.60634327	0.41915184	0.45401362	0.21843395	0.9284195	0.80903995	0.30105788	0.15425251	0.8621272	0.5511498	0.23059306	0.83237624	0.48129103	0.8661252	0.27705258	0.5898736	0.8179964	0.5770654	0.7882596	0.6300069	0.79895675
3290	0.9313664	0.5544322	0.27193478	0.21582606	0.93988067	0.4538724	1.0352476	0.15731531	0.2356416	0.409687	0.19703376	0.83974385	0.6080284	0.3105347	0.92980623	0.7841878	0.5124737	0.39314693	0.87396485	0.61881495	0.7318903
3292	0.83707863	0.39503628	0.4208163	0.19952287	0.86389375	0.4937484	0.34924847	0.17001078	0.51277035	0.43447256	0.2153997	0.6680299	0.25208408	0.8701998	0.33151785	0.6656345	0.3084915	0.5190424	0.50598377	0.6791016	0.5645893
3302	0.64335865	0.99013543	0.9441144	0.9276598	0.25808924	0.5823206	0.6272319	0.41794828	0.8027348	0.5780623	0.73393697	0.6333128	0.861442	0.77596796	0.5156849	0.73499286	0.3333168	0.3383301	0.69377685	0.34331056	0.5803589
3315	0.41485295	0.5127937	0.3866773	0.5422449	0.5263084	0.9194428	0.42588598	0.46508357	0.53947234	0.44584814	0.5744872	0.8072498	0.41159683	0.732436	0.29635283	0.6475686	0.37240657	0.36261487	0.8703489	0.47123647	0.67811733
3319	0.96558523	0.6365919	0.43144393	0.35350704	0.9040541	0.36359197	0.35196388	0.8166901	0.1787872	0.4288107	0.22285748	0.7557778	0.67190504	0.13561103	0.36284348	0.7943248	0.37497845	0.30918786	0.6907614	0.5353378	0.43277887
3320	0.56480175	0.98136276	0.7825234	0.3109087	0.63619035	0.6202131	0.27834004	0.23503715	0.78651154	0.617506	0.50848204	0.80148524	0.65833336	0.8576958	0.31475392	0.5109257	0.5391964	0.52397096	0.66080165	0.60573196	0.5527944
3321	0.4249098	0.6631495	0.67554355	0.56371254	0.7124601	0.51134634	0.291914	0.24584603	0.80993456	0.4975267	0.35006323	0.6613117	0.65944076	0.81567556	0.2690474	0.73511446	0.41249573	0.9950197	0.75039154	0.583691	0.72015333
3325	0.32696655	0.9167713	0.60056883	0.46284503	0.60480124	0.7658547	0.28369504	0.5415105	0.71155095	0.507328	0.69881564	0.46016032	0.470509	0.85331327	0.3384516	0.7141935	0.3391654	0.9501593	0.8339185	0.39254144	0.5616457
3328	0.9349976	0.62594306	0.5494119	0.31286404	0.8140951	0.40883502	0.31255555	0.2853958	0.28769088	0.40580693	0.29200083	0.4410535	0.5851977	0.16438776	0.26084006	0.7605429	0.38179117	0.29152295	0.4551709	0.66333854	0.37300122
3338	0.77613884	0.5403665	0.39120996	0.52283657	0.3751488	0.588042	0.3280791	0.13560595	0.8606122	0.51974565	0.48213193	0.7682049	0.46387547	0.813493	0.23332435	0.6953273	0.68142647	0.80156904	0.7589327	0.51376665	0.65471226
3339	0.87096095	0.34597582	0.38752723	0.21123154	0.9722764	0.933688	0.8621204	0.12320112	0.33974558	0.3993877	0.19116718	0.9276572	0.24337164	0.85850215	0.97283626	0.39116794	0.62584186	0.63484055	0.77009404	0.63391566	0.75394756
3344	0.8098684	0.47995308	0.40163988	0.19012809	0.9413488	0.4080189	0.6210153	0.14313686	0.69009835	0.39596954	0.17345998	0.9150146	0.44434312	0.80585426	0.56185937	0.525084	0.7010651	1.0575032	0.8587998	0.6289246	0.6929787
3347	0.9619329	0.40395322	0.2772766	0.23701595	0.8647264	0.4025079	0.56280285	0.12070693	0.684191	0.38824442	0.19452566	0.6795241	0.34699467	0.7862609	0.35284197	0.6183362	0.517041	0.9834799	0.6279175	0.6398517	0.47616485
3348	0.8638898	0.72565144	0.68560714	0.28993464	0.23564556	0.44755438	0.47274643	0.12359421	0.65526396	0.49874076	0.6226916	0.45200312	0.33576995	0.73862994	0.3257254	0.7373328	0.31045076	0.28562307	0.6714867	0.3794879	0.48558757
3360	0.4904541	0.7846521	0.5332995	0.31031817	0.6468526	0.47490403	0.49085206	0.5087585	0.5226764	0.641229	0.5076809	0.42533335	0.38599816	0.7429868	0.61773914	0.7497759	0.3108424	0.2550743	0.549348	0.39652923	0.48455533
3361	0.70793885	0.5318934	0.5997802	0.25115308	0.89029443	0.5296955	0.7826865	0.58560306	0.34277466	0.4825354	0.24442802	0.6416415	0.5224054	0.46110022	0.632043	0.7419929	0.3532466	0.46078262	0.7216664	0.53367686	0.72333556
3366	0.9324787	0.3830722	0.39359957	0.18305524	0.9778757	0.9359834	1.0725147	0.15349858	0.24233174	0.44347352	0.23991585	0.80653703	0.2748225	0.6548721	0.8409401	0.3824547	0.43059808	0.3088978	0.857658	0.6347275	0.8008631
3370	1.0617994	0.32481337	0.27255258	0.1843185	0.964725	0.83392775	0.41883916	0.18130934	0.94528806	0.42505324	0.17870489	0.9564172	0.45358375	0.83021885	0.29379714	0.49184853	0.863502	1.0329704	0.91136664	0.68591404	0.770193
3373	1.0321808	0.36620304	0.43917534	0.18408151	0.9804016	0.83055055	0.8362067	0.1581341	0.7684852	0.5124158	0.16880372	0.94762266	0.33042452	0.8048444	0.7630096	0.44156295	0.4364023	0.3380243	0.86541027	0.5785557	0.7543336
3378	0.34649053	0.66490555	0.8417904	0.23188157	0.8217563	0.8259119	0.56679976	0.41964483	0.6095781	0.49687877	0.79860425	0.91359	0.4704251	0.600002	0.5296297	0.60053265	0.29125834	0.42776716	0.789349	0.4111107	0.7557788
3399	1.0422626	0.36962032	0.2759223	0.21396042	0.9315589	0.9148726	1.0035005	0.13207015	0.8797548	0.38996857	0.21105148	0.93672144	0.2940383	0.78002995	0.4884878	0.41937938	0.48537686	0.4670798	0.86768335	0.6116893	0.74792075
3401	1.0363019	0.6868228	0.30985168	0.29672512	0.814891	0.56752366	0.40369385	0.19175512	0.28813532	0.46114203	0.2560699	0.9017385	0.5229092	0.70389473	0.76017135	0.5022174	0.39632958	0.28917593	0.71063197	0.64828885	0.55442876
3404	0.7617394	0.40247095	0.4290432	0.21751197	0.9268814	0.99101007	0.4959665	0.16626902	0.29322097	0.52776915	0.22450177	0.93557984	0.25722304	0.8062515	0.31044713	0.43185273	0.37666476	0.24403784	0.8622462	0.59918237	0.80131763
3414	1.0429214	0.4608106	0.3639922	0.18552253	0.96007633	0.7845209	0.69816583	0.17991936	0.8957201	0.4371345	0.18665305	0.9427604	0.46679106	0.8029288	0.33140704	0.4126773	0.6013308	0.25323632	0.9405208	0.5412761	0.77137184
3422	0.89289814	0.73581517	0.34964952	0.24022405	0.8342414	0.49148965	0.4791999	0.14345323	0.8715144	0.49637905	0.26472944	0.7295846	0.61001325	0.83097273	0.30395943	0.6154406	0.8936157	1.0511152	0.8351307	0.63873744	0.6767982
3423	0.9398645	0.3617427	0.44078773	0.23649994	0.9509003	0.6875197	0.4033599	0.16158408	0.97653013	0.5204913	0.2159539	0.7816809	0.4827891	0.8776281	0.2864766	0.5182397	0.9654352	1.0127997	0.8974951	0.7012323	0.84449923
3426	0.9907426	0.42420155	0.33878854	0.20444548	0.9368272	0.5480909	0.6686568	0.13842209	0.8290321	0.40112436	0.17943655	0.86523396	0.46181846	0.8700013	0.33100215	0.54584926	0.5579671	1.0141869	0.890596	0.58717406	0.78172654
3427	0.6752098	0.617946	0.6833817	0.2490331	0.90329814	0.9180938	0.919625	0.26460773	0.16861498	0.46256363	0.43409657	0.90464586	0.3375002	0.5801841	0.4011781	0.61291224	0.48564154	0.32825232	0.74076015	0.7023052	0.7200117
3431	0.8414867	0.39164686	0.81967133	0.30140126	0.8568121	0.64979863	0.451788	0.32723334	0.15122998	0.5569353	0.34489396	0.6845529	0.52265733	0.30627754	0.44353575	0.5189353	0.5055768	0.36411968	0.7516219	0.70962954	0.741496
3436	0.89226896	0.40104872	0.24342579	0.36624667	0.8681214	0.58479977	0.5906312	0.14302994	0.86290485	0.4292453	0.21212946	0.8620307	0.549981	0.87250483	0.3476475	0.52867043	0.7426536	1.0388386	0.865014	0.47786564	0.7220587
3437	0.9067116	0.7296085	0.37188894	0.24795836	0.8058837	0.5045968	0.47782338	0.15886866	0.81024635	0.4545167	0.22854756	0.7329714	0.6109789	0.7273521	0.4333485	0.59845024	0.5882316	0.9114095	0.7015031	0.67689276	0.60951495
3440	0.69072026	0.9796635	0.5816968	0.22902831	0.88260627	0.6461055	0.33379346	0.70874894	0.27523583	0.6113859	0.22698003	0.77842	0.61158234	0.44995552	0.40036833	0.5374869	0.72019565	0.3482835	0.7361396	0.62024283	0.67086875
3442	1.0454603	0.42156914	0.49729836	0.19723289	0.98046446	0.8313878	1.1294544	0.55294603	0.20794505	0.4449961	0.17552324	0.9528896	0.574586	0.3165156	0.5989997	0.51455605	0.486412	0.42307582	0.92386943	0.57459986	0.7996162
3443	0.32221973	0.663922	0.21231651	0.42276856	0.5914461	0.9770247	0.5527523	0.17987324	0.24840736	0.39895448	0.7375498	0.555782	0.42637154	0.31859574	0.96328604	0.63027024	0.4154533	0.25536612	0.5957328	0.3361816	0.6558274
3450	1.0671343	0.41691828	0.3913531	0.23240496	0.96340716	0.85495764	0.86924475	0.62391084	0.14227399	0.4927413	0.1958845	0.96504205	0.6029768	0.33668873	0.65162134	0.42837375	0.7306412	0.4607589	0.9409606	0.6170871	0.7375545
3451	0.76217526	0.47739053	0.40225154	0.26093802	0.9177756	0.7284757	1.0644317	0.1954447	0.35307595	0.46565908	0.22497755	0.47312987	0.37677062	0.6356345	0.87053704	0.5488298	0.36087933	0.2954879	0.45230857	0.58942604	0.46291733
3462	0.69079286	0.65713084	0.5069102	0.1993931	0.93180203	0.5469026	0.55622745	0.2042436	0.9390814	0.52259654	0.21048786	0.63552177	0.52267545	0.90472054	0.31862032	0.5540802	0.7573413	1.0488102	0.80038774	0.5762472	0.731858
3467	0.6210437	0.4331006	0.42657036	0.2684726	0.5936029	0.84525096	0.33015984	0.51687056	0.811782	0.5869205	0.76247954	0.74674547	0.64542353	0.82820946	0.31184986	0.8366762	0.45464665	0.9072149	0.88104784	0.33215263	0.56899905
3469	1.0217308	0.39697838	0.2527016	0.21229927	0.94769204	0.7482309	0.8359779	0.15457582	0.945237	0.4028186	0.20334847	0.94895256	0.49464485	0.85358834	0.42979085	0.48442265	0.82805675	1.0026652	0.9198866	0.63273656	0.80844134
3474	0.49598822	0.63931024	0.43617222	0.30916828	0.8169755	0.5611902	0.8380195	0.20552981	0.4849555	0.47665286	0.4009144	0.7307516	0.36333475	0.85873145	0.7530725	0.5920382	0.55824536	0.67447823	0.75496936	0.5458509	0.66660374
3480	0.30301964	0.84319013	0.89798653	0.2717067	0.8551275	0.8119553	0.28486395	0.83587193	0.2846184	0.699366	0.32176632	0.40230364	0.7059471	0.270712	0.26315978	0.672043	0.6721114	0.49109212	0.7389177	0.5995263	0.5556115
3481	0.38664696	1.023619	0.8539314	0.31178188	0.7694716	0.83446723	0.29598725	0.8002204	0.26549762	0.64471304	0.29509747	0.7235895	0.75655293	0.19561075	0.3227762	0.49022588	0.74431545	0.4071668	0.6364433	0.6715219	0.5858012
3492	0.9435016	0.5122738	0.2534018	0.24612798	0.85572696	0.7841315	0.8900262	0.1473537	0.5687556	0.46098143	0.24668598	0.808853	0.36879578	0.7649452	0.5408738	0.4825679	0.8435768	0.5012833	0.82718927	0.648103	0.7920432
3493	0.7085392	0.5283754	0.52513164	0.32063636	0.9029432	0.76167357	0.44010687	0.71686697	0.51820815	0.6529533	0.37876007	0.47535014	0.9734808	0.7332638	0.2516934	0.57874966	0.9248572	0.8864487	0.48898768	0.694648	0.7660832
3498	0.5866744	0.4846343	0.7938044	0.2008866	0.9247266	0.8108026	0.5214706	0.18562797	0.3053479	0.57327086	0.1986626	0.48135498	0.47785547	0.33418658	0.7410099	0.3847295	0.33718362	0.3384318	0.6606153	0.6361171	0.7967852
3502	0.5512476	0.36792004	0.77771634	0.376742	0.8801182	0.9513328	0.34391028	0.68303466	0.51635045	0.6229021	0.2825827	0.88022816	0.9155339	0.25165105	0.27193367	0.5356496	0.9228623	0.72870135	0.8293753	0.675285	0.8142684
3514	0.7361958	0.3112264	0.46601662	0.36781403	0.9192659	0.9246256	0.32372773	0.46291855	0.73759735	0.6083117	0.2519471	0.9060821	0.6910527	0.78894925	0.22491327	0.533554	0.96272933	1.0013804	0.8660498	0.70529103	0.8393122
3519	0.5582503	0.6633227	0.33886284	0.77410394	0.37396446	0.44673675	0.33401847	0.77352333	0.29790726	0.5916233	0.70166284	0.6862172	0.7743551	0.20990932	0.28464755	0.7553497	0.3036962	0.2315068	0.75977546	0.34637675	0.47352853
3522	0.44539183	0.8035379	0.58069074	0.29470918	0.78399754	0.71813905	0.7441247	0.6712429	0.27575773	0.57087475	0.34218788	0.665249	0.6736019	0.37751803	0.30575052	0.54880524	0.7672702	0.5260788	0.6274881	0.5797111	0.6039431
3523	0.56476307	0.57049936	0.78348005	0.5844133	0.86488795	0.5957966	0.39577723	0.74612683	0.55774754	0.51093477	0.37399825	0.50030434	0.63593966	0.7828219	0.2610115	0.5300358	0.39797264	0.23199724	0.55899197	0.5753206	0.50959593
3525	0.73347336	0.83999014	0.56262696	0.32600912	0.4680799	0.58289754	0.3914069	0.2708366	0.80012876	0.6073846	0.60567373	0.4051277	0.76370084	0.7878549	0.28307357	0.7295958	0.7675681	0.4445783	0.63784415	0.52972376	0.4979736
3528	0.43294132	0.7170861	0.69435215	0.33253822	0.7746309	0.7795416	0.3846774	0.322859	0.7149717	0.62807465	0.3534524	0.42336142	0.5296455	0.5758392	0.3041365	0.5906653	0.5039656	0.7348727	0.6768873	0.5671859	0.71991456
3533	0.38959795	0.9152989	0.9054016	0.31762642	0.8695049	0.7048045	0.50693077	0.7250268	0.30628163	0.5477702	0.27341318	0.57080585	0.80321896	0.5464797	0.3252527	0.5606302	0.8093211	0.5902042	0.64417726	0.6115767	0.6816906
3536	0.90823215	0.47149998	0.43351075	0.7397783	0.25936058	0.71235853	0.7006069	0.6125174	0.39687023	0.51927555	0.8639796	0.7268501	0.5077429	0.47402596	0.5322457	0.69594777	0.35208064	0.27465594	0.679684	0.36413667	0.5043034
3538	0.80823505	0.37363964	0.6818192	0.9810408	0.17637077	0.98781484	0.3895318	0.7933042	0.6572591	0.7149472	0.9219975	0.78837395	0.7008883	0.71864414	0.24587214	0.80381167	0.23463649	0.19525576	0.9069171	0.25401658	0.6101721
3542	0.44099414	0.42936534	0.30098817	0.9948502	0.14930376	0.5687044	0.63559705	0.25897193	0.54253846	0.49773303	0.8236948	0.7202587	0.6711805	0.7003206	0.48692653	0.86004335	0.23524123	0.21359855	0.8451701	0.24691571	0.52330744
3546	0.34352407	0.36413115	0.6540767	0.96215767	0.15109414	1.028487	0.30098337	0.71730524	0.48384166	0.673889	0.9098364	0.70116997	0.46659663	0.6672056	0.3011756	0.7760597	0.2624663	0.21534379	0.74942666	0.30465886	0.5982648
3576	1.0085806	0.35361966	0.36227095	0.99715155	0.14072697	0.9660361	0.42100674	0.29150802	0.9307765	0.56491435	1.0097647	0.9213708	0.58189183	0.8221732	0.26676843	0.85586053	0.26573324	0.23427668	0.83568174	0.24915156	0.7057808
3579	0.4391562	0.38318065	0.8298239	0.9245331	0.2668369	0.53067297	0.21679862	0.7505156	0.3486403	0.6616368	0.8068693	0.80095583	0.8040211	0.53632027	0.40975073	0.759652	0.24131818	0.23607045	0.84864575	0.28862965	0.7682462
3584	0.39103922	0.851504	0.876973	0.88672036	0.39448223	0.53806657	0.5819749	0.59376377	0.42135417	0.57156974	0.8741631	0.3788562	0.8659545	0.51594555	0.39240745	0.7339806	0.29946074	0.26556554	0.4928923	0.34129626	0.4708298
3586	0.61606234	0.37805504	0.807859	0.9689695	0.386228	0.6710078	0.25427902	0.7557497	0.28068635	0.47458836	0.8842202	0.7244479	0.5033138	0.37489542	0.3642677	0.77606475	0.2450076	0.2634193	0.8243211	0.28890863	0.70732665
3587	0.62584233	0.38367882	0.5983493	1.0003704	0.137508	0.97167856	0.38881034	0.43344098	0.90241003	0.5848716	0.9783897	0.899683	1.0087662	0.84204966	0.24696004	0.85952014	0.2513068	0.24291846	0.893791	0.27361342	0.63756096
3589	0.34809676	0.68255764	0.81097996	0.8140826	0.18269774	0.97905207	0.6503675	0.8709694	0.7151893	0.63228047	0.9994752	0.8210389	0.6992339	0.5468571	0.55744076	0.83249325	0.2422739	0.21863532	0.8606653	0.26354778	0.7354805
3601	0.39238194	0.4777887	0.87129515	0.9416755	0.15875626	0.5900152	0.31867367	0.615232	0.800577	0.5660725	0.8741805	0.593344	0.8113758	0.7202407	0.28563097	0.90397006	0.2421451	0.22791763	0.81938565	0.23882669	0.44793192
3603	0.43411484	0.59900266	0.69840485	0.9170398	0.19818202	0.8895457	0.37551284	0.8671623	0.2835737	0.6532187	0.8775391	0.5697089	0.86501247	0.24684708	0.26595622	0.77179384	0.2859323	0.3322289	0.79465175	0.35201016	0.60773164
3604	0.32111526	0.48541924	0.8182964	0.96443236	0.17807579	0.81359094	0.27242494	0.7748756	0.8257279	0.60163444	0.8415226	0.57653207	0.58545905	0.82220966	0.2710337	0.6383886	0.2669219	0.21973604	0.79371077	0.30247816	0.62573785
3605	0.3913736	0.45555755	0.53590757	0.6139543	0.18191335	0.999434	0.49281847	0.69436914	0.4953243	0.55700403	0.7870271	0.8703262	0.7530558	0.7673275	0.2850693	0.738803	0.23898113	0.20385875	0.85073155	0.29957062	0.5430662
3612	0.34727675	0.7052497	0.9310886	0.73531944	0.32587013	0.9566428	0.5152446	0.81705165	0.6913135	0.68427444	0.93636537	0.8227542	0.6854402	0.45166954	0.5252235	0.8718161	0.27932885	0.24214727	0.8573266	0.29526916	0.75487536
3615	0.3393384	0.8152332	0.826114	0.9955799	0.19539323	0.52038956	0.32277167	0.59876347	0.73420066	0.55448115	0.88600934	0.38294497	0.86542	0.81370777	0.34565789	0.78275657	0.24699378	0.23128709	0.5473256	0.2832747	0.5067119
3618	0.4448273	0.41797233	0.5871793	0.96341676	0.17422843	1.0094017	0.28644192	0.78786045	0.46271902	0.69222045	0.8941647	0.91705656	0.73195183	0.741616	0.27824143	0.76605105	0.23697828	0.20938018	0.85742384	0.25285864	0.53813756
3620	0.3527047	0.7597902	0.5476075	0.9531208	0.32879236	0.78309715	0.6237975	0.7415311	0.4293156	0.53619874	0.67618954	0.5628624	0.6168591	0.367238	0.510011	0.78799284	0.28570497	0.24053039	0.7427061	0.28062245	0.6406906
3639	0.33393008	0.6812437	0.8533033	0.85549754	0.5634791	0.6197441	0.34862882	0.51911306	0.483859	0.65702736	0.8036928	0.4205486	0.6878285	0.86002773	0.36791506	0.6314192	0.30067724	0.25510383	0.714793	0.45966604	0.5786019
3641	0.60897076	0.46129352	0.50527805	0.96169645	0.15472886	0.9616087	0.41264844	0.5826342	0.3734387	0.5636292	0.87560356	0.90877336	0.93256307	0.60912144	0.2506479	0.7600043	0.29233348	0.26358667	0.80662364	0.30614716	0.5293692
3644	0.29451802	0.8178959	0.72516304	0.88385546	0.4979953	0.49100557	0.29856455	0.24236915	0.80332726	0.56132853	0.5592159	0.45498124	0.3926578	0.7909968	0.36659047	0.68886316	0.3241742	0.2628927	0.66537106	0.35967803	0.5339269
3645	0.5811659	0.50358063	0.62220687	0.91758204	0.1805667	1.0143878	0.32372004	0.76546556	0.43206945	0.5863287	0.8664713	0.58442676	0.41872737	0.58527714	0.31262547	0.59362763	0.24547759	0.21677141	0.74716735	0.39625257	0.6629117
3647	0.30015054	0.8827147	0.8157194	0.88359547	0.24922314	0.49960357	0.30765706	0.67146456	0.3286943	0.6109643	0.7547557	0.35707283	0.8707211	0.35650355	0.42408925	0.731808	0.26010737	0.24082802	0.41987687	0.2732083	0.40287203
3649	0.22292192	0.4429051	0.7312918	0.8027377	0.42703065	0.8290373	0.22946519	0.76726496	0.3252718	0.689217	0.86455107	0.6895467	0.9423192	0.34241632	0.29643843	0.842844	0.2504684	0.22421728	0.93170494	0.2665035	0.85275596
3651	0.32625574	0.99061656	0.92360234	0.8602042	0.22631836	0.6230204	0.31227612	0.7510427	0.23222354	0.70668566	0.81545043	0.4025716	0.8084396	0.44085303	0.2939337	0.7299646	0.26775613	0.2342438	0.40587866	0.32844013	0.4603873
3662	0.8887421	0.6030459	0.53700316	0.73903996	0.42822647	0.90904075	0.5998321	0.21652497	0.89399606	0.5404621	0.5635807	0.86504716	0.556954	0.91851264	0.43475348	0.38343117	0.27436343	0.26145327	0.86069655	0.39194584	0.79132146
3672	0.32745534	1.0241474	0.89912575	0.6105453	0.3156834	0.46102613	0.26567483	0.5094978	0.4724964	0.60013354	0.4721084	0.65698695	0.9121132	0.5642755	0.32075366	0.7421611	0.29715562	0.27412966	0.89034355	0.30455208	0.4103004
3676	0.27171427	0.9640204	0.9166162	0.5899355	0.33377334	0.50062305	0.24150033	0.6675684	0.28510624	0.610749	0.59358066	0.6758368	0.68465483	0.44521332	0.28833562	0.7494247	0.26084974	0.21624476	0.69039094	0.2723627	0.45372155
3686	0.33200467	0.9402401	0.8293248	0.68753034	0.22416198	0.4250846	0.30230492	0.8363604	0.16945827	0.5614238	0.7115705	0.44828272	0.87706995	0.14414504	0.2891637	0.7414501	0.22957669	0.25451243	0.68337375	0.2878106	0.41103676
3687	0.5826409	0.99408454	0.9050542	0.9391665	0.2543342	0.5627999	0.6852528	0.37240314	0.77096736	0.56022894	0.7153436	0.6536023	0.76874244	0.7207961	0.527224	0.70815945	0.34849456	0.38931933	0.6264236	0.3660495	0.52862954
3697	0.35963163	1.006657	0.89605784	0.39127713	0.52366287	0.46583945	0.29715216	0.8428669	0.17522466	0.63988954	0.33822036	0.3640635	0.8168319	0.16019963	0.26028264	0.6759901	0.47527492	0.33098277	0.3982418	0.5947026	0.41764995
3701	0.8818619	0.9646473	0.85287094	0.26790157	0.871763	0.8167108	0.42465824	0.49360296	0.57141465	0.6264442	0.25290206	0.66269934	0.63453805	0.6507264	0.33692652	0.5223816	0.3731741	0.4060746	0.67107487	0.6379417	0.73708797
3704	0.41440922	0.82524496	0.9430972	0.7480292	0.25121525	0.8849731	0.42635244	0.73425806	0.39552483	0.64068013	0.73568726	0.3837984	0.7078661	0.3378533	0.36697236	0.6801622	0.32099265	0.35595244	0.553295	0.35841092	0.60876197
3706	0.87732416	0.43320465	0.49194473	0.2457455	0.8598989	0.62614185	0.61440176	0.14906509	0.38380343	0.48275954	0.21038422	0.56736124	0.29452658	0.4065861	0.73859096	0.47691014	0.29951528	0.30526453	0.60864264	0.60402524	0.63002735
3708	0.34597227	1.0867969	0.84066576	0.62994933	0.24930295	0.41420516	0.28413522	0.7649922	0.2086936	0.6688227	0.60835606	0.42558894	1.0246947	0.16935949	0.21819362	0.7194272	0.25816253	0.22504011	0.6962637	0.27597204	0.37494954
3709	0.3357445	0.7609442	0.6920535	0.46602046	0.4592097	0.4208033	0.34113014	0.5468375	0.41276893	0.46102968	0.4156215	0.446403	0.61712104	0.5351033	0.24854141	0.7325174	0.3266339	0.24560241	0.6414369	0.38764718	0.39809433
3710	0.96769357	0.48892802	0.45227572	0.49335113	0.74025285	0.6759309	0.7495542	0.23445332	0.69991285	0.46910653	0.24707642	0.85482025	0.4473207	0.8087687	0.42396602	0.48797056	0.49605614	0.95208097	0.6839368	0.58053505	0.6810711
3712	0.7665393	0.78131205	0.3961924	0.8237696	0.37380344	0.43117586	0.5044094	0.12874313	0.9241174	0.45570174	0.39391062	0.43512693	0.6403543	0.83747345	0.30099434	0.7784278	0.5641483	0.39888662	0.61992395	0.34008506	0.42238826
3725	0.34676698	0.91886795	0.9350109	0.8227207	0.6013753	0.61501896	0.28666085	0.65355283	0.4150037	0.65068454	0.6231632	0.86048883	0.680789	0.8334578	0.25454065	0.6369662	0.30823502	0.27899635	0.8071785	0.42628437	0.6699461
3726	0.81061345	0.62074184	0.37101987	0.52351844	0.40486944	0.6211365	0.35791993	0.15983723	0.77659726	0.48244694	0.4463365	0.74116385	0.5169647	0.84037346	0.3402818	0.70345753	0.3410393	0.3737433	0.7949363	0.50161105	0.6298761
3733	0.28360495	1.0834562	0.92831254	0.40068078	0.32330313	0.52787364	0.24340709	0.7516789	0.19767684	0.6562791	0.4886602	0.4089261	0.94252825	0.3209951	0.25669208	0.763375	0.29006925	0.22818203	0.60156083	0.3401307	0.4838175
3734	0.9413071	0.33406505	0.38948712	0.18452507	0.9392286	0.9290517	0.69706374	0.122722626	0.3181963	0.48180258	0.16984208	0.62497216	0.26873374	0.4111743	0.91342664	0.39677587	0.30492428	0.2654899	0.7423958	0.6694801	0.7667144
3737	0.74712807	0.9152036	0.7121637	0.25669315	0.86060333	0.9780348	0.50719845	0.27855685	0.21839601	0.51826596	0.28961766	0.86258197	0.47178552	0.41104776	0.570044	0.40853316	0.5493166	0.34641495	0.7953045	0.66253304	0.8024675
3748	0.32549557	1.0738412	0.9516488	0.5031064	0.3232916	0.44056344	0.2836907	0.65519446	0.22415116	0.68085074	0.4873101	0.39092153	0.90283424	0.47930261	0.32733315	0.62354785	0.2562192	0.24296422	0.83083355	0.27207989	0.45992172
3773	0.2951532	1.0646387	0.7930026	0.51199526	0.57269037	0.49479863	0.30170447	0.56686604	0.46010348	0.65556985	0.56955665	0.38254133	1.0109239	0.62859637	0.3480694	0.6429831	0.36040217	0.27747807	0.7517938	0.3977282	0.4596314
3779	0.4150307	0.53773683	0.8867431	1.0165542	0.18216154	0.9985326	0.22899207	0.8237313	0.41678524	0.6629171	0.9497385	0.41595313	0.7139503	0.35076222	0.2834357	0.8163376	0.26993743	0.22703348	0.81989783	0.28052434	0.57538706
3797	0.31589055	0.92405856	0.9101507	0.93666905	0.23616022	0.6165577	0.41793948	0.6085833	0.7667554	0.65090597	0.9802022	0.40703458	0.90176225	0.8725435	0.36057597	0.63148993	0.26352668	0.2293661	0.57196146	0.2967386	0.53964037
3804	0.4206518	0.5237599	0.773323	0.824926	0.32493326	0.8783971	0.26169902	0.8152139	0.21028367	0.57126516	0.775742	0.723629	0.52902627	0.23777892	0.3616952	0.7332505	0.25386	0.23971426	0.87084544	0.3064718	0.71372914
3811	0.299768	0.42374128	0.88773024	0.99564236	0.16971126	0.9997514	0.20532705	0.17194235	0.81361806	0.68175966	0.9061321	0.71894485	0.32454145	0.8721649	0.27241492	0.7722584	0.24606305	0.20729294	0.9013818	0.26444495	0.5460294
3816	0.76949966	0.85061574	0.61963105	0.76263624	0.23191348	0.9569129	0.24746837	0.80260444	0.2927723	0.62155557	0.6192836	0.59998995	0.6380974	0.30594176	0.3038918	0.7897135	0.25705716	0.22961015	0.8517856	0.3392658	0.5114588
3819	0.2944072	0.3955901	0.84959906	0.910273	0.22762236	1.0134006	0.23103657	0.77631545	0.32689226	0.7085987	0.9658891	0.4743578	0.517777	0.44521877	0.29272947	0.7664541	0.26995197	0.22607893	0.8182139	0.34874126	0.6982505
3827	0.35468772	0.43187597	0.72916615	0.9852366	0.19111365	1.0111977	0.23850861	0.8582089	0.38579035	0.6455523	0.84717625	0.63047117	0.44631898	0.6286402	0.2761794	0.8530225	0.2261382	0.20192271	0.82562196	0.25793704	0.53970474
3830	0.34528726	0.44004425	0.5416137	1.046977	0.1596537	0.64683044	0.3588717	0.80885494	0.3075649	0.62297297	0.84758735	0.6413037	0.8866622	0.42144176	0.30856177	0.79072106	0.23936814	0.22350693	0.8564479	0.25442213	0.5140633
3833	1.0126995	0.62510717	0.86678255	0.2583464	0.7562033	0.73421806	0.57492083	0.64408815	0.8531624	0.45470834	0.30620927	0.89016026	0.56859624	0.60249573	0.32550344	0.59742546	0.7786703	0.38313693	0.79181474	0.65636647	0.78833336
3836	0.8547046	0.84388584	0.40194407	0.39329058	0.5047019	0.6797299	0.5986632	0.18594909	0.77975327	0.48474723	0.30623224	0.7876561	0.75467587	0.8574766	0.62152076	0.62555194	0.44140604	0.38041162	0.86192024	0.44074133	0.6062023
3850	0.48840454	0.57852924	0.75864637	0.9640555	0.29188052	0.5858558	0.5051859	0.6524524	0.21949175	0.62615937	0.87922144	0.6847101	0.6216028	0.20632659	0.53417844	0.75428206	0.26709303	0.23098956	0.85037994	0.28916386	0.74861133
3857	1.0154394	0.50110376	0.31074035	0.48684052	0.85533327	0.4894488	0.41771877	0.15227392	0.832526	0.43871114	0.25727656	0.8508781	0.5082206	0.8245362	0.2969299	0.5276412	0.27627006	0.4962715	0.814078	0.4499749	0.53196824
3859	0.590091	0.5427061	0.5007481	0.6236686	0.4531024	0.9869775	0.7120559	0.35686705	0.48832902	0.64509606	0.70550394	0.7027454	0.5363662	0.65953356	0.5393627	0.7075064	0.30058163	0.27798736	0.71908313	0.3821982	0.693479
3864	0.94068646	0.40851504	0.29559335	0.89830667	0.1392192	0.62740725	0.38998163	0.13794492	0.8731397	0.41663134	0.38701555	0.76368403	0.37951976	0.88679117	0.3096853	0.85331696	0.28761804	0.60673636	0.8115379	0.31006196	0.465407
3866	0.88348615	0.5693124	0.6895459	0.67231846	0.44844127	0.6490376	0.29945552	0.3520904	0.4158473	0.49570003	0.3663198	0.7398956	0.6172146	0.6141793	0.4429628	0.67705816	0.28933245	0.2250225	0.90800714	0.34089887	0.49753603
3868	0.2978213	0.42283988	0.5673094	0.99981934	0.15684474	1.0316659	0.1817384	0.84964186	0.43221208	0.617993	0.97955906	0.44393405	0.36317268	0.59085864	0.27856505	0.84375525	0.23455502	0.19477281	0.78694063	0.26836506	0.5245561
3873	0.42445624	0.6424926	0.4915859	0.26797903	0.397168	0.69143665	0.36951333	0.3139319	0.82149917	0.5873756	0.38116625	0.61855376	0.40716654	0.8671807	0.38546595	0.59022874	0.42282933	0.5381337	0.8785917	0.3829442	0.633592
3882	0.6036753	0.5269261	0.5498646	0.8906451	0.2124981	0.9883314	0.39074278	0.77576566	0.44652498	0.6108158	0.8776078	0.68220466	0.5996245	0.7458404	0.37245125	0.73705876	0.26753888	0.22992185	0.6134818	0.30618054	0.57061297
3884	0.7438308	0.5415975	0.37214956	0.92206824	0.21354628	0.48130605	0.26031357	0.22344719	0.54355997	0.38435075	0.7738179	0.6279885	0.4700484	0.6365504	0.23691559	0.7748528	0.2920358	0.24324374	0.7315673	0.3183781	0.48659194
3887	0.39685643	0.47625715	0.42371336	0.9382282	0.18075842	0.9599236	0.30137628	0.7890949	0.36723468	0.68677616	0.8980751	0.82591516	0.80430144	0.58783704	0.24724913	0.7342783	0.23658004	0.20470802	0.8820527	0.28333014	0.68928105
3890	0.9949113	0.37856823	0.27507576	0.261181	0.8900812	0.6167026	0.96426255	0.123067364	0.6803664	0.41060552	0.16856828	0.90045464	0.2935203	0.6961871	0.50685495	0.47723305	0.5487673	0.7202949	0.8473492	0.6783322	0.75865227
3893	0.29861045	0.8666596	0.8893522	0.7777891	0.24363795	0.7008785	0.33742738	0.67363155	0.3918064	0.68547344	0.87471306	0.55606955	0.8323579	0.7420615	0.37517306	0.6565205	0.23506053	0.21323143	0.5050463	0.3011979	0.4860966
3919	0.8403506	0.5111667	0.5464943	0.30655175	0.46415085	0.97224927	0.9737645	0.84007496	0.6439973	0.5326429	0.5269635	0.8210272	0.39367652	0.1317475	0.41693333	0.6012481	0.46442333	0.38965634	0.81805617	0.66086924	0.81865734
3923	0.5297368	0.4757007	0.57387286	0.976983	0.1919212	0.98775774	0.31128007	0.82544756	0.36292785	0.6430359	0.87414557	0.7982245	0.80319923	0.49359298	0.3094298	0.7244923	0.25779518	0.2699752	0.8186236	0.32291687	0.6578481
3926	0.4696705	0.92179805	0.72988933	0.8714602	0.18403837	0.8321937	0.31977534	0.8880399	0.19523877	0.7049128	0.9091775	0.46679053	0.8390491	0.1837199	0.27959463	0.6812225	0.30088043	0.26072964	0.7149983	0.38406566	0.41227242
3934	0.55275434	0.40515053	0.4339735	0.83731294	0.43067387	0.9361627	0.90836215	0.23875988	0.66553134	0.4802795	0.87115145	0.8860614	0.4630069	0.82919097	0.6753898	0.69952106	0.3389375	0.53010464	0.7980408	0.399007	0.7090264
3936	0.39801893	0.67156535	0.9303118	0.8490303	0.15931213	1.0197366	0.33006495	0.72306	0.34755662	0.6996212	0.8106795	0.52421045	0.6315818	0.48897174	0.3045003	0.6894422	0.34248406	0.25192732	0.80959576	0.31673568	0.6576244
3937	0.91381156	0.37440196	0.25800255	0.9849972	0.18299547	0.7168051	0.76877797	0.2789275	0.5999492	0.5518161	0.9147161	0.9107307	0.6456299	0.50581634	0.4641598	0.7225327	0.2775787	0.2504586	0.89697105	0.29669854	0.7690219
3942	0.90568835	0.37339106	0.24314183	0.9663793	0.13761926	0.98961425	0.91502094	0.8278857	0.78216714	0.56704307	0.97642016	0.92283684	0.6949893	0.52838415	0.49644983	0.75049525	0.2686501	0.29115012	0.9288684	0.28857985	0.8222343
3944	0.5945969	0.8061885	0.4319841	0.8664875	0.1767819	0.66962504	0.37018162	0.694462	0.36628062	0.49989054	0.66850835	0.64211625	0.71886694	0.55210674	0.36635903	0.7339776	0.25267857	0.20384094	0.7554243	0.36602458	0.5810423
3948	0.66645503	0.47107998	0.42267153	0.4274992	0.56575745	1.0443068	0.67608416	0.2456912	0.36969325	0.5451775	0.58453256	0.73535997	0.3200659	0.3370159	0.9710464	0.45757776	0.55060023	0.24562259	0.756726	0.62948334	0.7254735
3964	0.96821344	0.6445505	0.33969748	0.5059912	0.5539504	0.83615685	0.33524317	0.6980501	0.39915434	0.44860694	0.3728632	0.828151	0.60950637	0.80605936	0.26016143	0.62820876	0.40155143	0.44951892	0.8324337	0.50071216	0.7198777
3966	0.59412485	0.62648296	0.7347442	0.36615288	0.8258237	0.7012705	0.97489226	0.28600806	0.717398	0.50904894	0.25603136	0.5962894	0.38012752	0.77406585	0.5759042	0.61398757	0.40637767	0.66384554	0.7753265	0.57884145	0.67762446
3969	0.93972003	0.4398745	0.2971161	0.35248834	0.85684586	0.49873698	0.45052367	0.13242157	0.82956755	0.42737728	0.18982036	0.911877	0.4027826	0.794038	0.26461935	0.5466395	0.6323288	1.0345566	0.8532694	0.6541698	0.67906535
3973	0.39270052	0.6483728	0.60945964	0.6880135	0.4002357	0.8550506	0.36180425	0.8082753	0.23957273	0.5432505	0.6880257	0.6950043	0.6574925	0.2676444	0.2807125	0.4905146	0.29672113	0.26335153	0.8559622	0.435793	0.62046987
3975	0.46030557	0.4564619	0.38809392	0.99449486	0.13736108	0.99283934	0.40612024	0.77744037	0.40020144	0.6573797	0.88816047	0.7981808	0.77574277	0.64661	0.25899333	0.73885524	0.27452907	0.20803465	0.8119146	0.26289552	0.54856014
3983	0.30907393	0.8562525	0.7408953	0.8829193	0.2167607	0.7643059	0.25318044	0.65458685	0.5207482	0.6185595	0.8653832	0.47047448	0.803138	0.7220247	0.26404142	0.6958368	0.23566929	0.2447086	0.5240913	0.31732464	0.47767472
3991	0.34050015	0.84227914	0.8050011	0.91727954	0.31349257	0.74819195	0.31799883	0.81669456	0.23251495	0.6671241	0.76395947	0.7359011	0.9474912	0.21918462	0.29665554	0.7197465	0.2559339	0.23956934	0.78893197	0.35072732	0.5052977
3998	0.26864794	0.6127146	0.88201356	0.717138	0.2805554	0.8744025	0.25514817	0.7856667	0.41314858	0.69532967	0.6991074	0.39969152	0.51605266	0.7510427	0.29476154	0.73132277	0.24294211	0.22159491	0.6324578	0.3566708	0.6308539
4117	0.96776897	0.69918853	0.67947304	0.29200304	0.86279696	0.9471878	0.2709325	0.80464566	0.28465858	0.6132162	0.53672737	0.49864736	0.52057284	0.26843518	0.32818517	0.6958957	0.3982677	0.23117042	0.78114235	0.5600735	0.59120715
4146	0.9203104	0.4599282	0.2998428	0.21945825	0.90653235	0.4435057	0.45013493	0.17033237	0.71616566	0.42124972	0.2291436	0.7066908	0.48434836	0.511087	0.22140566	0.6546441	0.7908287	0.99829257	0.51875424	0.6434902	0.50190234
4150	0.7917926	0.48629794	0.33938724	0.8350805	0.27043965	0.61373824	0.3187918	0.15108377	0.90062517	0.50302494	0.47677302	0.64129555	0.55688256	0.94024944	0.3232777	0.6980982	0.69675285	1.023005	0.79125965	0.38118026	0.6955716
4151	0.97656864	0.37722158	0.32448593	0.25174564	0.9083389	0.6695039	0.49353683	0.15773964	0.9570356	0.42326504	0.2449209	0.8969814	0.45721388	0.76105297	0.34978867	0.45599106	0.43062434	1.0399263	0.7930594	0.71070147	0.69558144
4155	0.9459157	0.4389083	0.5281019	0.45797634	0.65986073	0.7005098	0.36724985	0.12322533	0.9040136	0.5596738	0.43909144	0.87062603	0.39288497	0.872404	0.2650435	0.4427737	0.31344151	0.23669647	0.8174263	0.5584694	0.7213301
4163	0.32110754	0.7487437	0.6802331	0.5928858	0.60821867	0.5060082	0.4244218	0.52399313	0.29791945	0.5901975	0.6563595	0.39004558	0.7294648	0.21500729	0.542037	0.75388193	0.28130636	0.2511801	0.6582434	0.36547324	0.45038512
4165	0.42211726	0.37248877	0.7156893	0.75518334	0.18293464	0.99647427	0.52162224	0.85468733	0.68768865	0.6563252	0.9848964	0.9210579	0.8132938	0.430609	0.40075797	0.85354686	0.25211534	0.2296642	0.9330223	0.27289978	0.8342736
4170	0.293094	1.0387475	0.92086166	0.36601192	0.6772642	0.39569944	0.2954402	0.7986429	0.320527	0.669248	0.308568	0.6306903	0.7981485	0.38965994	0.30860084	0.6785916	0.35568842	0.25478873	0.6353666	0.55273783	0.4165516
4174	0.26952377	1.0047551	0.9171663	0.57220155	0.41387796	0.7127663	0.27974832	0.45231816	0.4075702	0.6552854	0.43458873	0.37977815	0.5437358	0.6159196	0.42474633	0.7015577	0.31840438	0.34137833	0.47806913	0.35990655	0.58046407
4213	0.2832692	1.0622698	0.9010926	0.39094317	0.6286459	0.6971541	0.24776582	0.4584716	0.4247343	0.70437807	0.72825825	0.76762974	0.94659096	0.78752726	0.2498878	0.7289096	0.28693718	0.24391618	0.87935966	0.36609203	0.6824023
4215	0.48985374	0.8901855	0.94210327	0.26012063	0.7589425	0.59691215	0.23843421	0.15580937	0.54671603	0.5953116	0.31876147	0.4284631	0.4109054	0.8168651	0.30406585	0.7091956	0.2643189	0.25621092	0.8332651	0.49536774	0.6284737
4217	0.2538268	0.9820835	0.80058277	0.281095	0.66899216	0.6876406	0.26251036	0.59276205	0.34509182	0.6251376	0.5314021	0.38826922	0.4531086	0.78485304	0.3036437	0.73836917	0.3426524	0.3075592	0.68366325	0.56114423	0.67808765
4254	0.27451956	1.0056051	0.9284878	0.24970941	0.70621467	0.46091965	0.27732635	0.24233572	0.6920771	0.6417108	0.41094044	0.40430114	0.333242	0.91533977	0.298799	0.7616911	0.27571777	0.20736079	0.80631447	0.5509014	0.603011
4269	0.3593765	0.93931603	0.8907227	0.6839978	0.5357822	0.88531566	0.34144616	0.77082765	0.25905812	0.67838496	0.32487404	0.42448738	0.78571105	0.34169683	0.3389722	0.59913737	0.71709836	0.61145955	0.6192591	0.6229719	0.6715103
4281	0.39209652	0.9710399	0.88205785	0.29813656	0.7097778	0.7404389	0.4124244	0.76765555	0.25716388	0.63070256	0.34878552	0.36948356	0.7355705	0.25335953	0.35211623	0.61233777	0.34643763	0.3054971	0.53180933	0.5396879	0.5391574
4288	0.36812398	0.96835166	0.78019965	0.28584987	0.7762667	0.51175886	0.41990036	0.68304294	0.39029807	0.5789362	0.37960967	0.3556819	0.66443473	0.26192197	0.29372498	0.6547935	0.42200547	0.25891137	0.34998357	0.6460086	0.44541925
4290	0.38371596	0.97625554	0.80530417	0.2623158	0.8186125	0.63770145	0.33357334	0.36831066	0.27372593	0.6557875	0.37513432	0.35617554	0.6434678	0.17100367	0.4189024	0.49166325	0.46440157	0.34811968	0.3922751	0.5988959	0.49857777
4304	0.48075533	1.0323831	0.8240903	0.24986069	0.51808614	0.36019856	0.67459816	0.55191517	0.35595492	0.57177293	0.4419446	0.3772142	0.51548326	0.67587364	0.38510215	0.74920964	0.36708504	0.2721025	0.4858183	0.37637636	0.35128507
4306	0.27574262	0.7710308	0.88601714	0.6215443	0.6450998	0.4251539	0.24376234	0.6469526	0.8100505	0.6820192	0.53349507	0.47608122	0.63419956	0.8514708	0.2745469	0.8131435	0.29750848	0.28064814	0.5998954	0.3430195	0.4523828
4317	0.28594306	1.000723	0.7898704	0.23984513	0.69866616	0.58786094	0.36933386	0.44845942	0.2992105	0.6547585	0.3148788	0.37942398	0.5785661	0.3578986	0.5039114	0.62409306	0.35663214	0.33338216	0.5352522	0.49738213	0.5839682
4327	0.7177022	0.69818354	0.8106982	0.22173217	0.93175006	0.85740143	0.4374541	0.17556393	0.9407745	0.5169812	0.27667817	0.68219036	0.43943506	0.8352386	0.2980016	0.6065624	0.86516976	0.82967687	0.7776084	0.65774655	0.80362433
4337	0.6643025	0.34187657	0.28529721	0.20359193	0.9121989	0.4818258	0.37343258	0.13467567	0.95541483	0.43639886	0.28201184	0.7367919	0.42084798	0.90729123	0.24335828	0.7770649	1.010747	1.0681337	0.67870367	0.6746484	0.57341224
4343	0.5336271	0.63265634	0.7756731	0.26827484	0.82089454	0.7458932	0.34780842	0.3206433	0.6011283	0.5760836	0.35206777	0.4058401	0.5926659	0.6349016	0.40812775	0.69774085	0.845649	0.9498732	0.77336997	0.6159276	0.65137506
4348	0.38280934	0.9319519	0.72713494	0.2899739	0.66041654	0.5711832	0.3707885	0.20077053	0.85179603	0.5652926	0.24988447	0.39622864	0.51719207	0.8542322	0.2698712	0.5937491	0.39710736	0.904468	0.6465093	0.5763202	0.633401
4364	1.053091	0.38317105	0.20361972	0.24165675	0.87086886	0.7505364	0.5072961	0.13698387	0.88179356	0.42734694	0.2689082	0.92253155	0.40542167	0.80153006	0.37650767	0.44350937	0.88721704	1.0346779	0.85664874	0.6400566	0.7239593
4387	0.7645122	0.50141853	0.34912816	0.23809431	0.9674214	0.80644184	0.4336486	0.13343172	0.92417336	0.5085984	0.18106265	0.5269655	0.34251302	0.8919526	0.3783387	0.42442918	0.9525695	1.0386617	0.7807842	0.63433266	0.79826427
4400	0.9737712	0.46278724	0.26413733	0.18643135	0.9478481	0.42532223	1.1099577	0.1508188	0.34570158	0.42833167	0.1759053	0.80448776	0.48195213	0.26136208	0.97740114	0.78822374	0.47388402	0.81025505	0.7003305	0.6846349	0.58438826
4408	0.9201591	0.47677693	0.77141136	0.24948409	0.87333626	0.81779903	0.44261414	0.26812387	0.87066895	0.5500429	0.25428456	0.8701862	0.6560446	0.76567376	0.25456646	0.57883084	0.76861393	0.6158529	0.7985126	0.66677284	0.8038992
4410	0.6882112	0.73566216	0.8806291	0.24990763	0.9039966	0.907616	0.34331352	0.26916772	0.86416495	0.62425774	0.27821672	0.83101857	0.4614019	0.7749486	0.3002737	0.42697802	0.8919908	0.47503418	0.8382788	0.64602494	0.8024599
4431	1.0033854	0.3931289	0.23247167	0.20941512	0.92173123	0.35827968	1.0173746	0.13276951	0.3840408	0.3614502	0.16633187	0.68920714	0.41097587	0.23695199	0.8349251	0.74803615	0.6297059	1.0547816	0.5521747	0.6618047	0.38577217
4454	0.9325917	0.4654712	0.5172936	0.23297937	0.9162921	0.39767104	0.99722123	0.15824729	0.66863996	0.39737338	0.19567017	0.93764555	0.44295973	0.5537454	0.27469245	0.696837	0.90710324	0.999272	0.6876842	0.6789156	0.4437753
4461	0.9939182	0.4880359	0.26052007	0.20785524	0.9356675	0.5468418	0.33825922	0.12526366	0.8833203	0.51571953	0.18110369	0.91799814	0.39250162	0.87938774	0.34102044	0.40671605	0.6846707	1.0406436	0.8132483	0.5091671	0.77188617
4475	0.9223506	0.6440187	0.345487	0.351439	0.783512	0.7378033	0.35857373	0.19217817	0.71673644	0.5343184	0.36421418	0.5765593	0.68383384	0.743492	0.38571942	0.50448626	0.575889	0.8282585	0.6687505	0.63106334	0.5535702
4490	0.9995693	0.41862735	0.39444336	0.20610109	0.94562364	0.6052501	1.1888565	0.1518972	0.3720915	0.45040974	0.19512624	0.875992	0.3793603	0.6737957	0.895306	0.52330923	0.4967288	0.6922578	0.79248035	0.6276065	0.7745393
4496	1.0069662	0.75223243	0.51423186	0.23227407	0.8908503	0.7901903	0.63904524	0.6885377	0.14881486	0.55414253	0.24431068	0.7779274	0.5437339	0.33069354	0.5422003	0.49182484	0.60567886	0.363387	0.8716337	0.63822985	0.78138447
4497	1.0554554	0.51227456	0.33549625	0.22475083	0.83176416	0.52553725	1.1078262	0.1405311	0.2635319	0.44426194	0.24127477	0.8776842	0.42718783	0.4585978	0.8389583	0.60853845	0.33061534	0.28334606	0.7468776	0.569288	0.5658905
4504	0.8769668	0.40508443	0.5670894	0.22598204	0.9337028	1.0034698	0.58290774	0.151487	0.31716752	0.51570773	0.25881937	0.9252319	0.25702938	0.92190784	0.2773626	0.46928433	0.3767187	0.26782665	0.8349867	0.6533363	0.8095102
4510	0.78309363	0.4705597	0.42428938	0.20741713	0.92746526	0.60558885	0.3089887	0.118781805	0.85053575	0.46873772	0.19433738	0.6852468	0.34752944	0.77736706	0.24177131	0.5779093	0.92327017	1.0279932	0.7993235	0.64809334	0.7596124
4517	1.0142415	0.3778591	0.2381706	0.15958449	0.95380646	0.8562142	0.7844126	0.13793515	0.81286436	0.4195547	0.22308591	0.89987826	0.38293773	0.8327149	0.46798378	0.4074417	0.81656396	0.98889893	0.87066245	0.6776624	0.84831125
4519	0.37310255	0.6234444	0.47351244	0.31198668	0.83168465	0.889961	0.32296234	0.23718914	0.1975911	0.54006624	0.48929682	0.9153669	0.34315345	0.60158646	0.50443196	0.57857215	0.29068968	0.24761775	0.8064591	0.64899766	0.69811124
4538	1.0530173	0.34498993	0.24898791	0.212583	0.9501046	0.58075416	1.1353266	0.1537796	0.42225698	0.36398825	0.21127608	0.92230254	0.47814032	0.23126	0.9861071	0.6459806	0.66560566	0.7787148	0.83307177	0.659389	0.70512646
4539	0.90260607	0.56130666	0.6303656	0.26074928	0.8825026	0.67643803	0.36831492	0.7784228	0.15928996	0.45479962	0.22539859	0.8905805	0.5974572	0.23681332	0.74804676	0.64855635	0.31296074	0.25326887	0.8123304	0.5528512	0.7781141
4571	0.67257965	0.46437725	0.3193213	0.18554212	0.9253914	0.6566467	0.32354254	0.15510681	0.9108474	0.4805613	0.2470447	0.8256367	0.4843905	0.90145487	0.2380977	0.6821986	0.961941	1.072016	0.875084	0.65299094	0.8283065
4573	0.34788746	0.72040373	0.81520975	0.24164146	0.8514602	0.66032755	0.3311928	0.19210544	0.7604436	0.56657284	0.32850218	0.5189177	0.4132063	0.67681646	0.34965432	0.6326813	0.84067374	0.58649665	0.8344571	0.595852	0.5918813
4579	0.90676075	0.6979576	0.5616205	0.21894172	0.8508042	0.7207806	0.3577156	0.32867536	0.8050607	0.5282319	0.3079891	0.81467104	0.71425074	0.8514428	0.28769824	0.7207522	0.7830606	0.607465	0.85666543	0.655516	0.82260054
4582	0.5723497	0.7211977	0.5468045	0.22031158	0.87488306	0.5306054	0.271605	0.5451334	0.45632556	0.5473229	0.2953741	0.67657	0.4639303	0.66611415	0.46261176	0.7368011	0.35128322	0.35150468	0.8603233	0.63972914	0.78723615
4583	0.89047724	0.41471395	0.26388338	0.2044237	0.9234767	0.4150231	0.46331388	0.11188479	0.91114914	0.44300708	0.17436403	0.49617153	0.40950975	0.9223716	0.2579816	0.60371727	0.9658241	1.057097	0.77649504	0.66256046	0.5654026
4592	0.4821604	0.5875509	0.35309812	0.87902373	0.7224711	0.48475796	0.28868616	0.47923633	0.4985573	0.6271985	0.5235164	0.36551636	0.5100754	0.81307	0.42161277	0.59649444	0.30028006	0.33611646	0.71882147	0.428294	0.51782805
4594	0.8207799	0.655547	0.47608116	0.23642412	0.8296079	0.5294856	0.52711457	0.14767446	0.7383005	0.43851814	0.23777802	0.6467048	0.53045	0.7464119	0.3890853	0.6075272	0.7799703	0.7707746	0.742983	0.5947546	0.6928726
4600	0.57322884	0.8829687	0.65484875	0.27622065	0.82875204	0.9671278	0.40733021	0.49904957	0.08404717	0.6000741	0.33511245	0.7728571	0.6275138	0.26176924	0.54894024	0.54046124	0.53333306	0.315971	0.79960513	0.667945	0.79026127
4609	1.0578594	0.4120055	0.24178562	0.18923704	0.97382504	0.77780163	0.9725608	0.24089974	0.97007513	0.43060535	0.18167263	0.93118346	0.47714263	0.7717043	0.35252178	0.49938107	0.7042891	0.8987738	0.9205487	0.58990586	0.7388646
4633	0.99907166	0.42642078	0.3630563	0.25302196	0.9395452	0.90251315	0.73909664	0.1333886	0.41536242	0.4707012	0.21516368	0.908206	0.47788623	0.5388655	0.36100993	0.42062396	0.7059318	0.45330468	0.82595104	0.6526898	0.7490251
4636	1.0437516	0.40687087	0.376049	0.26015612	0.88573915	0.6361094	0.899043	0.35053027	0.56839186	0.47234467	0.22954185	0.94870305	0.51937795	0.43991014	0.4857484	0.6519435	0.24764884	0.38298598	0.8475557	0.5829679	0.6914117
4639	0.74635214	0.46057466	0.689191	0.24804279	0.88545924	0.97909003	0.6401176	0.6435064	0.44873938	0.59122247	0.25630948	0.7919281	0.43775007	0.74057776	0.31145862	0.51772386	0.53354955	0.5478949	0.8370341	0.63708436	0.7030184
4649	0.37482345	0.877349	0.7461561	0.78652924	0.21399763	0.41538492	0.3317675	0.56994075	0.32811022	0.6568918	0.621456	0.38693786	0.8349732	0.36979964	0.27752048	0.7517955	0.26591593	0.2569197	0.5973911	0.30825686	0.42880926
4655	1.0678997	0.41517764	0.27208215	0.2460685	0.9155796	0.64771277	0.60876065	0.8554419	0.1776318	0.3994746	0.21275254	0.939117	0.5743185	0.2252349	0.27891156	0.77966976	0.6908563	0.6278903	0.81893504	0.61067224	0.5761888
4659	0.8034753	0.8045439	0.5839232	0.21895142	0.8940514	0.8059717	0.36306322	0.6971377	0.2722228	0.64269197	0.56638277	0.7299328	0.95892906	0.347731	0.26548746	0.54209393	0.7049189	0.32549214	0.7863539	0.6721145	0.79256403
4666	0.92807955	0.46343562	0.27818432	0.21673621	0.92249775	0.533007	0.3961352	0.13302588	0.75474536	0.46659628	0.20937955	0.66688114	0.47744986	0.79399705	0.27957588	0.46391815	0.86300844	0.67815053	0.76632375	0.6734539	0.7526948
4671	0.85920864	0.53286844	0.4196104	0.22454622	0.93503124	0.7048033	0.29850245	0.8251188	0.30238885	0.4736069	0.21863472	0.88898396	0.47481504	0.6392686	0.2502947	0.59512323	0.8670469	0.6047747	0.82549	0.63232815	0.7009565
4692	0.39782384	0.37966225	0.5734462	0.24758808	0.91935647	0.9278881	0.3571241	0.7270723	0.6628131	0.54124534	0.37269518	0.81244797	0.73852265	0.6884999	0.22701561	0.5705315	0.88134784	0.9327676	0.84535414	0.6807264	0.85917646
4706	0.38319996	0.50153524	0.84725183	0.22740267	0.91752553	0.87813646	0.3127799	0.73095584	0.4311474	0.6910065	0.26407397	0.87074786	0.7772533	0.60139126	0.22547317	0.5729004	0.97237736	0.9736063	0.8153902	0.6952616	0.83271813
4745	0.44380602	0.63020474	0.71469665	0.9941983	0.30763575	0.5171907	0.27582324	0.55925566	0.4754427	0.5563879	0.8097176	0.38175339	0.5202805	0.69417185	0.3611049	0.7524971	0.25865027	0.22414789	0.5517881	0.26689035	0.56133837
4759	0.4580054	0.87819606	0.8134893	0.97399974	0.21077788	0.96195054	0.32256764	0.7853323	0.28130138	0.62081885	0.86737365	0.5097818	0.86842495	0.2543383	0.38132653	0.768768	0.28859153	0.2762826	0.77892643	0.37558445	0.7128811
4763	0.36692548	0.52736026	0.7555763	0.9521496	0.13928184	0.8172753	0.42202467	0.4812361	0.49704674	0.647649	0.92182064	0.8335704	0.59596246	0.53808534	0.33201864	0.7890469	0.25442436	0.23479275	0.85917574	0.2660883	0.430619
4768	0.71997416	0.7014089	0.54800874	1.0492558	0.14444506	0.5682866	0.33668292	0.49254113	0.758475	0.47280213	0.8512609	0.53646505	0.7079163	0.7960258	0.25339967	0.79111373	0.2750813	0.24649417	0.66400576	0.2978482	0.4142611
4773	0.8863793	0.52103037	0.3165033	0.62252295	0.7662539	0.84763217	0.31858528	0.20903198	0.8903206	0.63170785	0.8144837	0.8521707	0.39642993	0.7616782	0.26199737	0.46131954	0.29607278	0.29107943	0.7570174	0.32170066	0.6002379
4778	0.48809323	0.38547927	0.32699296	0.34208953	0.78031284	0.93903095	0.76726496	0.70189995	0.53486675	0.45032045	0.9901962	0.93287635	0.33434305	0.43140513	0.83501095	0.54304457	0.27723134	0.21780342	0.80837804	0.33855027	0.80205494
4780	0.37613377	0.7943235	0.6761373	0.9911796	0.14882454	0.8704253	0.39577746	0.57258195	0.78983885	0.605411	0.8378369	0.7781238	0.5394327	0.7946147	0.26006174	0.6461198	0.28645042	0.30598518	0.81192887	0.2736598	0.6934087
4802	0.31528986	0.84993416	0.6729126	1.0014998	0.23685464	0.61940616	0.43298495	0.20106603	0.6957174	0.613105	0.79573166	0.49560735	0.3270997	0.86302614	0.5706849	0.6127194	0.2864481	0.24180569	0.75912976	0.29694974	0.5537847
4804	0.40621144	0.6951701	0.8694298	0.8887608	0.2483457	0.512274	0.26505733	0.30062136	0.79750174	0.6544887	0.66987044	0.46004823	0.3475075	0.8106429	0.40803045	0.7226915	0.27704334	0.24248919	0.86178815	0.31124508	0.57865644
4814	0.52644444	0.5257797	0.5766007	0.8781455	0.25831652	0.75544304	0.48832113	0.7938253	0.38889822	0.53003305	0.8471264	0.57759583	0.86440736	0.2957735	0.27565724	0.6985021	0.2627642	0.2582607	0.74942684	0.29720858	0.6108164
4817	0.2952837	0.5448143	0.6154338	0.87781644	0.15725133	0.7360412	0.26702136	0.21059649	0.8386875	0.62246525	0.8023001	0.61991805	0.411775	0.8884859	0.30630854	0.75129765	0.25906903	0.22527532	0.8147188	0.2506981	0.5182326
4821	0.6263289	0.7865617	0.43233123	0.64013845	0.40996477	0.645849	0.4371403	0.3051111	0.4904146	0.48289862	0.35355008	0.78272545	0.7553142	0.5311865	0.2683605	0.5558266	0.41403577	0.75893486	0.7654627	0.37865558	0.70396453
4842	0.46016297	0.5836348	0.79603666	1.0154965	0.17444682	0.60893637	0.33005613	0.7416976	0.49729893	0.63739794	0.81868577	0.39390326	0.7630716	0.618187	0.29944462	0.744117	0.26104772	0.23149326	0.77004504	0.27470434	0.52465147
4868	0.71929073	1.0627203	0.8234418	0.637749	0.5714597	0.6101072	0.27228355	0.7587185	0.31053746	0.5180778	0.55860263	0.40624347	0.77072674	0.28730026	0.32992855	0.6086498	0.36677828	0.29308122	0.81982064	0.36676875	0.50529087
4874	0.40566778	0.75680476	0.9192555	1.0585515	0.14655408	0.64013684	0.42945486	0.69989777	0.61727643	0.6441538	0.70900804	0.65635926	1.021968	0.7187734	0.37758738	0.76117724	0.27273384	0.2862037	0.7755164	0.2833502	0.53858817
4904	1.0100536	0.4235832	0.3024207	0.19642061	0.9265946	0.9238247	0.87605155	0.20682564	0.16427541	0.46049687	0.20826977	0.87790465	0.27206895	0.6295424	0.91893846	0.43920723	0.58919334	0.35639313	0.80964464	0.6450901	0.809846
4925	0.722438	0.933114	0.84173423	0.4961904	0.63991755	0.98814225	0.28146064	0.44829732	0.5032075	0.5323852	0.50757784	0.52982557	0.4769306	0.61663157	0.3631485	0.56474054	0.39651337	0.36097825	0.8195159	0.59890914	0.795151
4928	0.4332589	0.6788655	0.8227359	0.4797584	0.7665968	0.8924949	0.26067543	0.74544644	0.29416692	0.53078735	0.6002162	0.46874142	0.46190718	0.2688328	0.28700384	0.71661496	0.46118927	0.31543308	0.68578476	0.60242283	0.53270304
4929	0.27164844	0.77786636	0.8048191	0.8956659	0.60694283	0.55552435	0.306987	0.71692854	0.43696237	0.66618794	0.7584285	0.44093764	0.80674976	0.8179167	0.48594964	0.76420575	0.29143566	0.25136268	0.6143072	0.32296568	0.4619318
4930	0.9656124	0.6599694	0.39940485	0.39140543	0.41676262	0.7334444	0.64519614	0.21294287	0.8354041	0.5135233	0.46962407	0.8683439	0.43507814	0.55966824	0.42182195	0.5711134	0.37538883	0.28592494	0.8027074	0.5382558	0.768125
4940	0.31266898	0.6517342	0.82387334	0.57822984	0.5390238	0.9561792	0.24774854	0.6824492	0.31905383	0.72015905	0.7833237	0.43371987	0.68785787	0.5349938	0.3201538	0.7355223	0.25312042	0.21519215	0.7843506	0.33124676	0.6889364
4943	0.95609564	0.38839233	0.42099378	0.2729307	0.8919988	0.990089	0.42833865	0.1790473	0.9144327	0.6039473	0.22916897	0.90767336	0.43943125	0.82644403	0.2990667	0.4543959	0.49427634	0.43260014	0.88209575	0.64991105	0.84976274
4976	0.96185386	0.43711925	0.3792855	0.22269826	0.88640696	0.7812837	0.9341702	0.13754167	0.30238974	0.4453062	0.18377003	0.69849885	0.31092644	0.3802745	0.9332569	0.42267588	0.35210508	0.298974	0.78133196	0.5944674	0.74789286
4981	0.27032635	1.0339803	0.94681025	0.7241475	0.27795532	0.3972441	0.3054998	0.8434189	0.2552168	0.673443	0.4363415	0.4190952	0.8335732	0.2838036	0.26895222	0.7237304	0.2888971	0.24215162	0.7433922	0.29931682	0.35250512
4987	0.29267162	0.41838747	0.8979573	0.91112894	0.23513779	1.0001277	0.2275125	0.8141162	0.32947573	0.7017251	0.9611174	0.43665725	0.68500924	0.49231607	0.28310284	0.80219156	0.27271459	0.22720617	0.81596756	0.33522084	0.7730379
5103	0.4964645	0.6475208	0.6840672	0.24511932	0.9415189	0.63957316	0.32814372	0.1786175	0.88308614	0.4913703	0.32220262	0.7089294	0.32567534	0.8975846	0.26284257	0.5111739	0.74483955	0.9056371	0.7713116	0.58983123	0.6554992
5105	0.28261513	0.801469	0.9145036	0.2648927	0.7102295	0.58821654	0.3060475	0.23534125	0.86862737	0.6317016	0.27883524	0.43352416	0.40907457	0.76519966	0.26798093	0.4469907	0.41211268	0.29854247	0.5989803	0.5256461	0.55612546
5109	0.887099	0.40027112	0.32258305	0.20596668	0.91776854	0.73075366	0.8216007	0.38854352	0.6087868	0.468318	0.3702794	0.82471573	0.41621295	0.34245804	0.41577548	0.475746	0.39376304	0.3054618	0.75765795	0.5873631	0.6024069
5123	0.8828525	0.5891981	0.51880085	0.23545064	0.91337156	0.75658196	0.90784824	0.7316412	0.24523452	0.56062335	0.81042385	0.74420995	0.5301754	0.55970025	0.54519737	0.6017293	0.8136524	0.36572865	0.7201168	0.5970408	0.52194434
5130	0.7335494	0.51811427	0.5453996	0.2555882	0.89001185	0.90536857	0.35993582	0.41752902	0.8316452	0.48354313	0.30376926	0.7213746	0.50951666	0.7958871	0.2625857	0.58401453	0.82826066	0.84544337	0.8488522	0.5985676	0.72434515
5145	0.56110585	0.72854257	0.6219071	0.3791945	0.6935024	0.6093156	0.36713028	0.34144655	0.7547426	0.55195194	0.4602279	0.8402174	0.6151598	0.8195733	0.2832903	0.70216775	0.5068714	0.2905288	0.8655508	0.50344765	0.46845877
5149	0.9410258	0.9881799	0.9138872	0.27129024	0.86732346	0.8839377	0.31517375	0.3499821	0.8081399	0.6066771	0.24271852	0.58746547	0.58031607	0.8169012	0.32056433	0.50898755	0.89869344	0.61028934	0.780763	0.6385292	0.7804209
5158	0.91531646	0.434872	0.31521374	0.2186912	0.91815054	0.433048	0.3081246	0.12036143	0.9200019	0.43040952	0.1719593	0.9321934	0.42779404	0.8645033	0.25133517	0.63479733	0.89998436	1.0155436	0.7939476	0.64172995	0.5289974
5166	0.6364781	0.53179044	0.41479918	0.41231722	0.67535985	0.9734039	0.33713716	0.30069858	0.81245965	0.4390738	0.6835223	0.7058879	0.3936943	0.8487093	0.27327415	0.5866362	0.6239631	0.4495508	0.7683167	0.5055872	0.52760786
5189	0.47914386	0.6253128	0.68943757	0.27346516	0.86795926	0.44494724	0.33279228	0.2100671	0.79970825	0.44021937	0.26565698	0.82177556	0.5325899	0.54289603	0.2572949	0.73473436	0.5789518	1.0204413	0.76571023	0.5336555	0.43503526
5206	0.71368384	0.80781263	0.56456935	0.26832095	0.8515644	0.6792411	0.5790501	0.14602254	0.86960644	0.5329689	0.27637774	0.8633579	0.46385074	0.86506426	0.3385985	0.46815914	0.9318687	0.81060666	0.67747587	0.6646563	0.68495786
5208	0.84019274	0.51335126	0.33488637	0.3441383	0.80930567	0.77764976	0.47539735	0.17941155	0.751014	0.4683287	0.3926762	0.83091384	0.43073425	0.8628396	0.3725912	0.5786026	0.7955924	0.6423817	0.80794203	0.6072147	0.56882465
5210	0.84865403	0.52390814	0.27571082	0.43222117	0.7506921	0.6273183	0.5169357	0.14246286	0.83250445	0.3865114	0.26648992	0.62261707	0.38159716	0.87316185	0.38968942	0.5931063	0.53052753	0.29145446	0.6947323	0.5763278	0.4757915
5225	0.8591667	0.78021336	0.42714253	0.3892587	0.71668243	0.72666633	0.47452027	0.19453646	0.9162116	0.55960727	0.25967035	0.68735015	0.63019407	0.8672686	0.35625255	0.63615686	0.67923313	0.48216438	0.5822646	0.6126218	0.5074939
5238	0.5638649	0.8927626	0.7587268	0.2894828	0.79044294	0.73033184	0.6785342	0.15952715	0.6663654	0.53247887	0.3637815	0.8169336	0.34596288	0.86758804	0.5492294	0.5653686	0.49332199	0.3077686	0.6187765	0.5391476	0.6110744
5240	0.31991166	1.0008	0.89151514	0.38439864	0.6157751	0.45929334	0.40005094	0.45955643	0.39074853	0.5495984	0.49244386	0.63617945	0.52826893	0.8188441	0.40644538	0.7346218	0.3131217	0.22772339	0.5619892	0.3603249	0.38126045
5243	0.3625108	0.84666663	0.6397372	0.3251288	0.8103289	0.54270303	0.2595203	0.17160031	0.8873458	0.5421326	0.35299855	0.7340879	0.4302506	0.8718931	0.24323523	0.7015563	0.6392168	0.36180335	0.7823029	0.57628	0.69332767
5247	0.24244218	1.0139837	0.86030805	0.33224797	0.65223485	0.46171203	0.25358015	0.7370989	0.27064818	0.6941997	0.49245262	0.37358505	0.8144669	0.37614578	0.27946618	0.76129276	0.3906105	0.2669663	0.61338323	0.40754312	0.45656782
5254	0.592041	0.9138077	0.82823044	0.4695549	0.5894147	0.594058	0.41867888	0.25591922	0.4979967	0.5461268	0.6217647	0.88049483	0.5655904	0.7750768	0.31836355	0.7264191	0.30746812	0.29247987	0.7257948	0.42376283	0.53395927
5257	0.36647364	0.9171192	0.604528	0.2961027	0.795263	0.7279961	0.7984124	0.19213033	0.5782854	0.5786101	0.42157462	0.66565967	0.32486886	0.85855526	0.59898716	0.6378721	0.36792907	0.3590689	0.51375186	0.4831337	0.4207009
5263	0.26061428	1.0407467	0.8928331	0.3648888	0.6964229	0.47975284	0.25577933	0.23121864	0.6985784	0.6379084	0.4342641	0.7500836	0.34235787	0.88673174	0.28754923	0.7420529	0.29076004	0.23383032	0.77038413	0.39526626	0.62458295
5276	0.39490834	1.0022932	0.80191	0.2733593	0.6397505	0.50128055	0.43012923	0.7822558	0.36046296	0.6889083	0.58879614	0.3868115	0.49817872	0.694813	0.33271953	0.7921754	0.36255112	0.25856778	0.5723861	0.4077054	0.37628177
5284	0.3045542	0.9198522	0.5543433	0.61658305	0.4985815	0.5133196	0.41189796	0.15646848	0.5300222	0.50294304	0.36014867	0.7545056	0.40885285	0.83249044	0.3563746	0.6197532	0.448165	0.69437414	0.4945676	0.57125306	0.54744905
5298	0.3071942	0.9878305	0.87958103	0.8313636	0.4714964	0.48266158	0.2539047	0.19983454	0.4734915	0.6209351	0.72245866	0.3779337	0.5168846	0.4575299	0.2739502	0.735	0.27017817	0.2586529	0.4161491	0.37302187	0.45303836
5306	0.2712945	0.5270292	0.93686116	0.5567282	0.5939757	0.54362506	0.30145484	0.7300864	0.396614	0.6544801	0.84395593	0.37141922	0.7682728	0.6505372	0.30547005	0.8042972	0.26131955	0.27666864	0.40419853	0.40705895	0.48953167
5307	0.4048254	0.8926686	0.86226094	0.31387886	0.79312867	0.49513474	0.52396643	0.3985881	0.35003233	0.58012176	0.27823824	0.39106822	0.5147893	0.29938844	0.48499945	0.69538647	0.39682716	0.26920074	0.33754042	0.6086807	0.50120103
5329	0.32792473	1.0283712	0.89109737	0.2599877	0.6711361	0.65976334	0.24658707	0.86498994	0.47250962	0.61382186	0.29554936	0.41497937	0.91985494	0.2617787	0.30872446	0.7114223	0.40698677	0.7426484	0.42945042	0.46271116	0.5676762
5339	0.2825902	1.0650735	0.6691354	0.3138425	0.6787873	0.86876917	0.3283049	0.36097905	0.3460102	0.6294943	0.7008275	0.5463158	0.4235454	0.80449224	0.6217352	0.78070253	0.30085966	0.22501475	0.51010036	0.4210036	0.47187087
5341	0.28316215	0.87333626	0.7768675	0.22014253	0.8325448	0.5055478	0.2566591	0.455098	0.3194889	0.6579658	0.4749727	0.6322786	0.52502507	0.4363943	0.26390278	0.71905977	0.36147484	0.4038722	0.84904426	0.58243656	0.6478147
5356	0.3630017	0.94826615	0.7395863	0.76988775	0.549614	0.7362044	0.537788	0.62321657	0.40648028	0.64299804	0.32428226	0.3777794	0.7115825	0.27483007	0.35240313	0.5233975	0.41774398	0.2644143	0.45549992	0.59170544	0.46652073
5361	0.3844684	1.0155951	0.8969769	0.39026907	0.69172335	0.59896713	0.4336053	0.62015754	0.51662064	0.5884152	0.61537844	0.54426503	0.6696207	0.70830655	0.33852512	0.72358	0.35957497	0.25307384	0.47978476	0.3089628	0.3708359
5371	0.32030627	1.0517691	0.89447176	0.35940227	0.50732315	0.73215234	0.2565924	0.45348	0.37295496	0.65307146	0.63461596	0.6740163	0.8735153	0.6655504	0.28377274	0.74684745	0.3003104	0.23266505	0.6996543	0.3691469	0.7190693
5382	0.26045045	0.9620718	0.83857924	0.2632464	0.73350906	0.5180382	0.39035594	0.29334924	0.3300071	0.68584764	0.40439805	0.37563303	0.51230216	0.6764148	0.31802246	0.6829699	0.3520298	0.45394188	0.77972466	0.5739728	0.62569326
5388	0.95713985	0.56580323	0.38613006	0.27505392	0.8034276	0.7008032	0.6807495	0.27950403	0.23561001	0.5112016	0.3027626	0.7428231	0.48615548	0.41833577	0.5847719	0.61465424	0.55309534	0.35450378	0.8416485	0.5507699	0.6165161
5389	0.32738066	0.46842685	0.62993	0.36577243	0.79482424	0.5340467	0.2732519	0.23498826	0.8746716	0.5290777	0.3101993	0.60633343	0.5635809	0.8555289	0.23131281	0.6919342	0.7323563	1.006084	0.8143648	0.58877575	0.59078103
5413	0.45678386	1.0095253	0.6178113	0.35158026	0.8614099	0.6218506	0.5038833	0.5843431	0.35584784	0.6023803	0.39980435	0.3593764	0.6822484	0.2613201	0.4147239	0.48279232	0.50627506	0.27613434	0.465511	0.61382425	0.51143473
5420	0.9858504	0.92614895	0.84687155	0.2038962	0.8643675	0.4327375	1.0596813	0.3797944	0.39632818	0.60711306	0.25574327	0.38021487	0.51980144	0.5607395	0.68927264	0.6837117	0.43073022	0.3037482	0.7168136	0.571141	0.4454245
5454	0.32812268	0.9476729	0.9090839	0.31243983	0.7965108	0.46583614	0.308762	0.7856694	0.45446312	0.6333298	0.42922935	0.36239624	0.52846944	0.6497684	0.28344053	0.65351295	0.4416231	0.31252778	0.39103967	0.636055	0.43937597
5456	0.72363585	0.44993427	0.5241561	0.2324213	0.8771845	0.64585286	0.94240505	0.16501155	0.49955004	0.55449665	0.24663165	0.66761994	0.2685798	0.8817308	0.80641854	0.5565184	0.4835587	0.4517556	0.67657787	0.55149055	0.43030518
5471	0.26495543	0.8199175	0.9112067	0.44670606	0.5386572	0.7140622	0.23276213	0.3578598	0.6434824	0.65149826	0.5503379	0.39145923	0.5268724	0.64365613	0.30411497	0.73137265	0.2925835	0.21932971	0.62491196	0.42488018	0.6605585
5481	0.7017095	0.7049372	0.7332488	0.20217457	0.8542198	0.4615636	0.7081223	0.1765934	0.4663881	0.5467794	0.2628023	0.6319661	0.31144768	0.74999666	0.58672094	0.6150013	0.3916479	0.60000545	0.63744193	0.61619234	0.5466827
5502	1.0020579	0.4027661	0.48613256	0.21334086	0.9389585	0.5399553	1.013292	0.142358	0.96686774	0.38569835	0.18898207	0.94426894	0.4275509	0.8762047	0.48432025	0.6617291	0.5564776	0.96174335	0.89457244	0.601138	0.79570043
5515	1.0034668	0.386336	0.22897366	0.23713031	0.85845685	0.38737473	0.95848113	0.1419288	0.42364705	0.3703849	0.20089592	0.930858	0.5063695	0.2552917	0.7441345	0.7490608	0.6008627	0.47278905	0.8347337	0.6480099	0.44086185
5517	0.99978983	0.36880392	0.2087622	0.2087776	0.8433777	0.65382546	0.42404312	0.1289052	0.9609166	0.39705083	0.25036338	0.7974108	0.34770027	0.89296603	0.25615484	0.60426056	0.9524964	1.0532584	0.7906599	0.64731777	0.7475555
5524	0.9855072	0.32571745	0.379398	0.22699177	0.9055983	0.9717377	0.31216282	0.17420812	0.9846729	0.5779447	0.2237387	0.90959984	0.61236584	0.8360941	0.2513416	0.51521236	0.97182363	0.96239054	0.85384965	0.6835768	0.82326823
5538	0.72380817	0.68809915	0.6146741	0.2836227	0.68287563	0.87476385	0.7002642	0.36924154	0.5862946	0.58645195	0.3061048	0.56681204	0.5027922	0.74895906	0.4876273	0.5428389	0.47484043	0.3459078	0.7561949	0.58305335	0.5639299
5546	0.8609086	0.46854517	0.6855092	0.27469203	0.91977984	0.60200083	0.40156794	0.11293675	0.93536806	0.55896384	0.1973416	0.773298	0.418808	0.8883431	0.2878487	0.44084093	0.8908022	1.0398129	0.78825957	0.6250559	0.80204135
5550	0.8272898	0.9698396	0.9053625	0.24684198	0.79586565	0.4907684	0.35692436	0.20081338	0.8019896	0.58222926	0.25012398	0.43263704	0.55966854	0.6696587	0.3371886	0.6925667	0.69181156	0.4539623	0.59533864	0.6646724	0.53423
5556	0.568649	0.5471128	0.5337103	0.2307131	0.8906291	0.59615695	0.3756345	0.16605103	0.75080407	0.5228236	0.34007066	0.8456988	0.4366948	0.89913404	0.24541053	0.6599655	0.67721945	0.9966455	0.8381862	0.5880817	0.69777787
5561	0.9153063	0.37130082	0.26302284	0.28731966	0.301388	0.8630585	0.3169939	0.14545964	0.7344632	0.3714436	0.816695	0.72613645	0.3486652	0.725786	0.60527986	0.4415267	0.35493636	0.39981174	0.87429637	0.3298342	0.6932043
5567	0.91716933	0.5874305	0.5412776	0.21800825	0.84071845	0.57073027	0.4307543	0.14171761	0.7427216	0.43096554	0.22223976	0.66418856	0.30402258	0.8523256	0.4966054	0.7113099	0.87862134	0.91488016	0.7624907	0.639956	0.61020243
5568	0.89140713	0.3629298	0.34255904	0.20122261	0.94241387	0.88627505	0.43023187	0.19458576	0.8304049	0.4421597	0.27023953	0.84025323	0.3681656	0.8032434	0.28189075	0.56103075	0.9546994	0.9677134	0.8473571	0.6720152	0.83510214
5572	0.9447921	0.4530817	0.28601152	0.2602234	0.8870785	0.49065155	0.72463626	0.16015758	0.47525218	0.47879043	0.19174543	0.9323027	0.60085464	0.35422745	0.25737	0.7013584	0.67616755	0.8562396	0.8327407	0.62478256	0.5538186
5575	1.0058974	0.43072465	0.27110714	0.20238668	0.91067594	0.48709285	0.45306796	0.11254628	0.96390456	0.43279892	0.20580389	0.76991415	0.35974595	0.9132971	0.3109241	0.5353538	0.92621106	1.0369748	0.79074126	0.6414232	0.74893844
5577	0.83588827	0.36831057	0.32837245	0.22912218	0.8865319	0.72225314	0.45337856	0.14731908	0.89154685	0.46287724	0.27815267	0.5870958	0.3003324	0.92016804	0.33546874	0.5252964	0.92971855	1.0168341	0.7284882	0.61139464	0.6184323
5580	0.69659394	0.44542733	0.45264304	0.21290587	0.9607063	0.38558975	0.33304387	0.29488617	0.37105727	0.45996088	0.1988937	0.9024682	0.54167527	0.74978876	0.34724894	0.80358964	0.7827824	0.9820823	0.8632132	0.6627079	0.6940901
5600	0.7469796	0.5207657	0.34521052	0.25829712	0.7526894	0.4645167	0.34021974	0.4875688	0.40165886	0.47569156	0.25986177	0.4920365	0.35391483	0.25273213	0.7208503	0.7871795	0.49269396	0.7229838	0.6803366	0.6085694	0.4475368
5601	0.46396065	0.6495087	0.6156303	0.75568634	0.50408155	0.9784371	0.444008	0.4886222	0.5157215	0.54177654	0.7916497	0.8676976	0.70870155	0.88293713	0.4758866	0.52418685	0.34055957	0.2660279	0.8689565	0.3843083	0.72897786
5603	0.8464485	0.42432424	0.2983378	0.19579537	0.95451725	0.7420423	0.34547704	0.13495667	0.85799354	0.5784629	0.20694798	0.87307835	0.42134234	0.8686887	0.2750471	0.5562661	0.88432926	1.0559964	0.85973376	0.6336472	0.8188546
5605	0.9789083	0.6859456	0.39799643	0.28586373	0.8421536	0.4297398	0.6029922	0.49935195	0.527886	0.4952967	0.2453561	0.7299062	0.559177	0.39539704	0.2535768	0.7674954	0.4229013	0.61335856	0.5740401	0.6402545	0.5968714
5609	0.83170575	0.5643583	0.56260425	0.22810248	0.8630005	0.704654	0.48647112	0.19565569	0.4096425	0.48761436	0.3810538	0.8302863	0.41156787	0.73424214	0.57391846	0.76325035	0.4684459	0.592686	0.8011475	0.6290282	0.66625494
5627	0.9455716	0.6959062	0.6010935	0.25161487	0.8557966	0.41729406	0.85219175	0.29858992	0.35072255	0.4157697	0.22448257	0.82891923	0.6161374	0.23175633	0.33485538	0.7432977	0.53694296	0.3074323	0.6256907	0.6317829	0.42594665
5629	0.96239525	0.46972257	0.3297205	0.21663502	0.8860921	0.47577155	0.51399237	0.12325603	0.8741778	0.50739425	0.20077193	0.5486024	0.36831376	0.8802868	0.27769473	0.6840796	0.9466572	1.0330235	0.71884227	0.660238	0.54089653
5632	0.9828476	0.56823754	0.343242	0.22250241	0.8889668	0.657315	0.3962443	0.18720265	0.8797161	0.4315348	0.23535976	0.68228436	0.5129222	0.80028915	0.25133365	0.6997986	0.95861423	0.9628014	0.6724572	0.6647421	0.68311775
5639	0.88268787	0.4046793	0.24426287	0.21364085	0.9274353	0.45968243	0.43898296	0.11769484	0.9767689	0.43348804	0.27842742	0.80097497	0.40057045	0.89400595	0.23457745	0.6644911	1.0001285	1.0718019	0.7908338	0.6797136	0.7138627
5641	0.7486856	0.47625238	0.47986105	0.21268332	0.8942415	0.61388105	0.34266216	0.1258973	0.88963854	0.44634742	0.2355424	0.8359474	0.47403675	0.8613335	0.29431382	0.6614654	0.89089626	1.0037603	0.9048059	0.5942447	0.79232407
5642	1.0159835	0.32642373	0.26580217	0.20852475	0.9255749	0.91310614	0.36721206	0.15037888	0.90972847	0.4683465	0.22803123	0.92325246	0.39069417	0.8377383	0.23741603	0.4034462	0.9578548	0.4564843	0.89282006	0.6729709	0.8355612
5653	1.0024993	0.4190562	0.28496417	0.26793417	0.9196548	0.5996426	1.0330508	0.76961845	0.25769848	0.40375397	0.22572616	0.9128029	0.57607967	0.44619393	0.5426854	0.5747553	0.6724861	0.32442543	0.7785496	0.6028596	0.5215354
5654	0.7932741	0.7511914	0.7527574	0.21223454	0.78182024	0.41321027	0.38508093	0.13279666	0.8018066	0.48973492	0.1848576	0.6341271	0.45994306	0.84109354	0.36440036	0.5576065	0.46677443	0.87486255	0.5218718	0.6344224	0.49771893
5658	0.93166554	0.44071817	0.27437848	0.194313	0.9205118	0.36513373	0.761648	0.14649399	0.85697275	0.42351866	0.17532331	0.8505997	0.419986	0.86003953	0.47281948	0.7803403	0.81504804	1.0465033	0.6905913	0.6231296	0.57288015
5661	0.60946757	0.49759302	0.4898714	0.21584095	0.9239562	0.6324573	0.25838512	0.14962609	0.8165633	0.4510491	0.2828708	0.78709364	0.30175453	0.8336385	0.24432907	0.53030264	0.9142884	1.0187924	0.8334193	0.6214285	0.79690605
5680	0.87210256	0.4269885	0.3676044	0.23501286	0.9602982	0.42106414	0.27552304	0.11731951	0.9360635	0.39465874	0.17576614	0.89922756	0.42133346	0.8796154	0.33007616	0.69667864	0.9351893	0.8884134	0.6594115	0.65418553	0.54047525
5684	0.8547763	0.35081047	0.45558926	0.20694165	0.9489428	0.9018696	0.29322046	0.12662949	0.9444172	0.48413533	0.27151227	0.8396098	0.30412728	0.8914891	0.2573369	0.42523888	0.98122674	1.0183614	0.9011612	0.67373896	0.8471303
5688	0.5101406	0.49145454	0.53254765	0.25827807	0.73573595	0.48314002	0.33589536	0.14304754	0.91835374	0.5945896	0.56243414	0.3790016	0.52536345	0.85480165	0.25250298	0.78224236	0.8920167	1.0219282	0.62907946	0.60574615	0.6748268
5689	0.8757147	0.5911008	0.45526308	0.24054882	0.91290903	0.4627484	0.35854572	0.17939548	0.48677212	0.4429058	0.2600318	0.7495651	0.47920525	0.31834155	0.3571407	0.6804026	0.6954528	0.5371369	0.7538011	0.6600512	0.43331367
5691	0.84434026	0.3382124	0.5006409	0.23108472	0.9303665	0.7051513	0.33717698	0.13652053	0.91361547	0.5691802	0.25091913	0.51490676	0.30049834	0.8538016	0.28792626	0.70250154	0.8476385	0.8765454	0.68327415	0.66278386	0.82156754
5700	0.85480034	0.51957864	0.22999582	0.21824512	0.8760289	0.6026234	0.47518784	0.13911434	0.7552926	0.46248108	0.23334487	0.6358244	0.4765815	0.72609043	0.29081613	0.65716064	0.9438554	1.0555198	0.82289034	0.6389469	0.73871446
5704	1.0168908	0.41019952	0.26965368	0.18380247	0.9670314	0.44801348	1.0294088	0.14920977	0.8420702	0.38262883	0.19612853	0.9434621	0.49867347	0.60544527	0.48267287	0.7836921	0.6145446	0.9544541	0.68677944	0.67946076	0.608256
5705	0.7381724	0.49959385	0.31263587	0.19321467	0.91916716	0.6515461	0.407605	0.12344989	0.85665333	0.47498348	0.23492306	0.62990695	0.28363267	0.8823796	0.368646	0.5749467	0.934125	1.0575556	0.81289625	0.62631905	0.70641077
5720	0.3585989	0.8884571	0.642971	0.24143574	0.78928846	0.43209776	0.8375079	0.14507616	0.74564564	0.46630657	0.22389017	0.4053791	0.54089016	0.5737754	0.60567474	0.72421664	0.6115826	0.8731965	0.3863745	0.59861386	0.44247472
5725	0.82079	0.52436286	0.29222804	0.19248554	0.9486414	0.6799025	0.41546297	0.13763355	0.8787531	0.46945435	0.20403673	0.87944424	0.38792405	0.8760463	0.29562038	0.38091996	0.96554786	1.0548342	0.879291	0.654104	0.8392245
5727	1.0746998	0.33039135	0.23076153	0.25920212	0.8380056	0.7113673	1.0944618	0.1604556	0.24610543	0.4117026	0.26436925	0.8502849	0.31680587	0.39072976	0.9361892	0.51991487	0.4066526	0.4507992	0.70871717	0.5588815	0.54219455
5730	1.0026768	0.40045765	0.32387775	0.19124067	0.930781	0.5922177	0.36956328	0.12768841	0.9368269	0.40747458	0.1983473	0.9283394	0.45730025	0.93939406	0.2978011	0.6440136	0.8741327	1.0430537	0.8859364	0.6685351	0.7955394
5734	0.8831988	0.2713776	0.31771293	0.23845638	0.92063993	1.0379602	0.9657523	0.2893435	0.23239908	0.44386637	0.4899738	0.94520587	0.30442813	0.3814574	0.9256201	0.46661153	0.34845012	0.24478431	0.7501186	0.614071	0.82494515
5752	0.3422419	0.74802744	0.79428583	0.32698414	0.73597515	0.9221874	0.23778473	0.6826643	0.2808925	0.6858251	0.7084573	0.73029315	0.52851766	0.5730686	0.2973336	0.68074095	0.2670772	0.23172867	0.8342149	0.41349018	0.66416705
5753	0.91237426	0.5216933	0.5206166	0.23556682	0.92882663	0.94042736	0.99043024	0.2514683	0.37360415	0.56370676	0.68753505	0.7603462	0.42341447	0.4951446	0.49970597	0.47017062	0.776668	0.7562255	0.8151448	0.67956066	0.7815121
5754	1.0417571	0.38725507	0.25642422	0.20566715	0.93711257	0.65117455	0.35256243	0.13215104	0.92901343	0.423386	0.19025072	0.8976609	0.4532495	0.90891856	0.25207755	0.47684902	0.90878326	1.0533413	0.8898477	0.63817143	0.8106821
5766	0.930608	0.7520954	0.8091172	0.21216269	0.9360833	0.53301024	0.32948422	0.11854127	0.842453	0.5544113	0.2191512	0.743883	0.4668908	0.8923661	0.28823775	0.6413913	0.82519954	0.879559	0.7973629	0.6345588	0.7457597
5769	1.0643528	0.31907687	0.2609894	0.18184294	0.9621774	0.94749194	0.7766224	0.11365387	0.23102942	0.3964007	0.18811864	0.9126008	0.2523699	0.52064246	0.94186896	0.3850504	0.36060816	0.2498159	0.8398219	0.66101205	0.7938573
5773	1.0505011	0.3352169	0.35485843	0.24265182	0.9402365	0.9706584	0.84936875	0.13532151	0.16408193	0.42165425	0.19677919	0.9405165	0.29001534	0.33391598	0.94829726	0.39041024	0.45328546	0.30135325	0.91582817	0.64395773	0.8119442
5774	1.0064535	0.60504544	0.52936244	0.25333655	0.8804486	0.930188	0.74505484	0.2424452	0.16973627	0.42137116	0.2834275	0.84089774	0.41136423	0.2632926	0.9442535	0.4996676	0.4882422	0.31941897	0.7776277	0.6420392	0.6992378
5796	0.95144355	0.92318237	0.37997186	0.29593968	0.8568933	0.52795225	0.81928927	0.17505178	0.52277833	0.51365924	0.28495392	0.38602042	0.5363165	0.5023171	0.721158	0.46068496	0.40133974	0.3084554	0.6017495	0.57434714	0.539714
5798	0.4038114	0.43443185	0.8653053	0.7759714	0.16563404	0.9839508	0.59768575	0.8599739	0.7048452	0.63147914	0.9989664	0.9250752	0.6431839	0.4429634	0.51681554	0.91400665	0.26076168	0.2362743	0.92708296	0.2578267	0.8207275
5802	0.3400189	0.60793006	0.73494637	0.26586995	0.612713	0.9152552	0.27041417	0.8532476	0.2900717	0.65196836	0.285828	0.5653736	0.6034908	0.3563558	0.27834252	0.6319101	0.733422	0.3186956	0.8075371	0.57956004	0.6766427
5810	1.0772843	0.36186355	0.28801113	0.19560772	0.9628739	0.7693736	0.64223427	0.1588592	0.83133686	0.41995662	0.18019667	0.9265664	0.3883807	0.687182	0.45862785	0.4726052	0.69022673	0.9734104	0.90268654	0.64732504	0.81321377
5813	0.94953054	0.4726012	0.51516986	0.2409648	0.9469396	0.6202121	0.42575067	0.36928546	0.64295197	0.42307293	0.24616985	0.91028446	0.5664013	0.46193406	0.37674135	0.61859244	0.34341154	0.26826036	0.8439434	0.57970834	0.7677255
5830	1.0156215	0.53683436	0.31586075	0.23088486	0.881359	0.84816647	0.75710595	0.12947549	0.34136477	0.40178305	0.19112965	0.91869867	0.48117304	0.43693995	0.9376969	0.47533688	0.4596834	0.27028537	0.8958964	0.5313437	0.7361171
5841	0.885489	0.94440484	0.82301515	0.27011997	0.877829	0.8458938	0.65088207	0.4544816	0.19442531	0.5802917	0.2916212	0.60020083	0.6694379	0.24841008	0.68543255	0.45082095	0.6879987	0.5084843	0.75561535	0.6888343	0.77918065
5848	0.45725888	0.77157074	0.5543628	0.37033856	0.81372756	0.9401977	0.29856634	0.61078274	0.35796538	0.5808432	0.56043816	0.6299278	0.40432772	0.38741007	0.37820444	0.65509325	0.4625586	0.40032887	0.7887535	0.59334624	0.62764627
5856	1.0280385	0.4682168	0.4090141	0.21982768	0.92828494	0.629406	0.5207508	0.31359756	0.8629638	0.4166291	0.24311738	0.86987853	0.62164396	0.8171219	0.2762701	0.7568924	0.6712628	0.99217963	0.8654734	0.64993846	0.7552551
5873	0.8051335	0.35947785	0.2569999	0.40462282	0.87708104	0.6760912	0.7029192	0.17542678	0.6719687	0.4527704	0.34514073	0.9017979	0.5701272	0.9128317	0.60502106	0.5431519	0.39677963	0.8325898	0.896014	0.48366073	0.7703655
5880	0.9385728	0.553681	0.75342566	0.30680794	0.8945094	0.9062012	0.8424199	0.2736289	0.30525926	0.6000203	0.40685853	0.8533584	0.3642944	0.7088317	0.45721412	0.5373588	0.43169135	0.26798832	0.82954246	0.6223525	0.72731835
5892	1.0162666	0.45802328	0.22744125	0.2663536	0.8507463	0.4003102	1.0888869	0.12819164	0.16923496	0.3781404	0.20285368	0.9162892	0.46257114	0.47740826	0.9710003	0.8223186	0.3843787	0.28263426	0.8338186	0.6349338	0.7187904
5901	0.9697415	0.5464563	0.36777115	0.23514666	0.8884011	0.8407053	0.8884182	0.20386782	0.4123624	0.43626437	0.5096764	0.8087545	0.30058476	0.5206487	0.7757688	0.44369993	0.50867784	0.40589565	0.81172216	0.58983624	0.652374
5914	1.0165188	0.37465516	0.31911722	0.23522004	0.93203056	0.9331702	1.0460463	0.3724615	0.23545602	0.41334757	0.36219501	0.92079693	0.31943944	0.3878143	0.87035465	0.41545573	0.3610974	0.28948227	0.870084	0.59542215	0.8521929
5916	0.6620645	0.82106924	0.7729797	0.2699448	0.8680306	0.73193276	0.4481321	0.7690407	0.33536646	0.6893856	0.3825814	0.6133181	0.77268463	0.4202748	0.31491706	0.58781743	0.7929452	0.5679293	0.89604354	0.6241368	0.5486601
5920	0.99425304	0.58157575	0.38146973	0.20702092	0.92454803	0.5451371	0.46384037	0.14883818	0.9150907	0.42962745	0.2181592	0.83531797	0.49849662	0.93183744	0.28958124	0.61392033	0.86260104	1.0101289	0.8787757	0.6327814	0.72472876
5929	0.8446594	0.7580682	0.3465186	0.27714634	0.8305002	0.44471067	0.9521396	0.14185376	0.27477568	0.4161212	0.22119378	0.834673	0.52856976	0.44593906	0.96334445	0.7806025	0.40067574	0.30398878	0.7400312	0.6441258	0.65751404
5931	1.0117782	0.3688193	0.33354375	0.26371473	0.8947357	0.77982813	0.8085435	0.15132338	0.95392406	0.43384624	0.23695059	0.9091439	0.40851903	0.87919265	0.3516337	0.49532527	0.76223576	1.0174935	0.849388	0.62871253	0.7844378
5936	1.0018996	0.5465689	0.24624828	0.30564138	0.84302115	0.82872206	0.3605498	0.8688481	0.18837285	0.43139127	0.27374506	0.93859017	0.6078408	0.4285079	0.2533137	0.6132949	0.8389357	0.7550957	0.84668875	0.6175034	0.6713406
5951	0.32742652	0.95211977	0.7657332	0.30385056	0.81425834	0.598539	0.29328024	0.5595142	0.565187	0.6629598	0.4626198	0.6016621	0.80358785	0.74282616	0.34292	0.5858475	0.3781319	0.32858926	0.8298675	0.5442734	0.7208998
5953	0.4612603	0.49910188	0.5347629	0.22016142	0.60894644	0.52020204	0.22709459	0.5524373	0.50760573	0.5470281	0.7487932	0.84669775	0.38824886	0.81159925	0.35628653	0.7515952	0.27235007	0.24139474	0.7706376	0.6233716	0.8389361
5955	1.0852342	0.31737992	0.2474936	0.20617744	0.9455724	0.9399793	1.0608555	0.25759867	0.9354105	0.41305336	0.21114907	0.8862973	0.35614356	0.84144664	0.43780485	0.41624847	0.5954438	0.7893526	0.878324	0.64560115	0.80366653
5964	0.9969983	0.40280685	0.34531435	0.23689699	0.8918442	0.5903717	0.46262735	0.16133794	0.91442245	0.39531928	0.20896529	0.9152795	0.56139743	0.82724947	0.2792971	0.65370435	0.9039738	1.0352495	0.8826476	0.65130186	0.7846155
5981	0.31146556	0.53318626	0.3454752	0.5434341	0.76808155	1.0005703	0.7022866	0.22909217	0.34822798	0.49655688	0.37819913	0.7526757	0.29339448	0.55708957	0.6582867	0.37071425	0.5083671	0.4697118	0.8394285	0.56501067	0.7785128
5986	1.0344337	0.35784814	0.2989926	0.21050881	0.9633742	0.6455962	0.79045475	0.75266665	0.1892921	0.42914715	0.22196196	0.9426969	0.47294137	0.26696932	0.27425474	0.57112205	0.6576429	0.3201189	0.8513498	0.6364306	0.66453797
5996	0.40433452	0.8536441	0.33912584	0.3135913	0.84539163	0.5387059	0.325597	0.6498435	0.41549224	0.52835476	0.2721821	0.39660084	0.5031014	0.6849826	0.270596	0.61300725	0.73243785	0.40160796	0.49289292	0.60056686	0.40926498
6101	0.26915613	0.9228933	0.739509	0.32100156	0.65412784	0.69348294	0.2871949	0.5382895	0.27467933	0.69188726	0.5545054	0.7229804	0.6327416	0.45072827	0.36162412	0.6728009	0.31252635	0.24032348	0.7115745	0.4507507	0.4810656
6106	0.33631456	0.9010768	0.84849435	0.3782057	0.5896969	0.57536215	0.45934355	0.7401604	0.23965156	0.66075003	0.5275038	0.37316117	0.7237852	0.28365403	0.35382518	0.65312904	0.34427342	0.42719203	0.41809997	0.59395623	0.4738836
6110	0.6450725	0.9705646	0.78567797	0.26336005	0.87409294	0.7738377	0.66269267	0.5447938	0.20651671	0.57925963	0.32656375	0.631592	0.59562135	0.23050457	0.76711625	0.53019184	0.6199502	0.32808173	0.5509137	0.6806178	0.70394903
6122	0.24551082	0.95581007	0.9144226	0.2919361	0.4579397	0.53666437	0.28511775	0.17840008	0.65447384	0.5537162	0.31045	0.63541013	0.33446878	0.800093	0.3372211	0.70184255	0.32778853	0.3194392	0.72265387	0.55156994	0.58693373
6124	0.31563523	0.9654167	0.8693981	0.31365368	0.73555744	0.5941641	0.23888655	0.50864094	0.2962304	0.65125686	0.45336944	0.59193796	0.66055745	0.32607973	0.3414629	0.7599538	0.34938973	0.22961178	0.8691531	0.5838189	0.6559201
6135	0.26791042	0.4842652	0.76075655	0.8736214	0.26534173	0.51066715	0.2778505	0.2031219	0.84360087	0.57043284	0.7568572	0.59288836	0.656279	0.84235597	0.26906928	0.8034341	0.27308157	0.22998503	0.6878194	0.30060157	0.37971994
6143	0.27062836	0.86332035	0.8373952	0.22921002	0.78753906	0.5041225	0.2603984	0.19627859	0.61586124	0.62173283	0.40927607	0.45147705	0.36391097	0.87359416	0.44135022	0.72993815	0.34601247	0.67382723	0.79152614	0.5704117	0.64915925
6144	0.41446415	0.9828141	0.9092601	0.7629083	0.64856136	0.78068894	0.45517236	0.5268128	0.26660728	0.6689014	0.3659306	0.39622477	0.6680743	0.38710004	0.32107046	0.60064685	0.41176915	0.32381216	0.5226638	0.5821054	0.49928644
6154	0.40544277	0.5398697	0.6029229	0.20681798	0.9118887	0.4795536	0.8814688	0.30551758	0.33093056	0.63228804	0.24945128	0.46323603	0.3737125	0.84397644	0.56566864	0.55053884	0.45946485	0.5040459	0.62961143	0.60851336	0.50146437
6156	1.013048	0.46544567	0.5375497	0.31305668	0.8330812	0.8533872	0.94794625	0.16967465	0.37987715	0.59999764	0.3202394	0.93805766	0.50021416	0.8492339	0.9536419	0.5217058	0.43427312	0.26592067	0.8039753	0.5777788	0.79641896
6161	0.24372253	1.0287299	0.85748297	0.7411485	0.26204586	0.5351865	0.2888571	0.7778803	0.5291821	0.6723736	0.6538914	0.37329483	1.0693604	0.8320168	0.26156121	0.64365876	0.30056491	0.23803991	0.41039085	0.30491632	0.43564594
6162	0.24722905	0.9469119	0.9116961	0.25816345	0.70053715	0.45276287	0.29094344	0.5884417	0.37170237	0.6730975	0.56557107	0.3811822	0.48553535	0.7686243	0.33366445	0.7448917	0.3201645	0.23506802	0.60411406	0.4641329	0.49311113
6170	0.34863365	1.0244008	0.4141532	0.3730076	0.8121494	0.6227974	0.38996845	0.51402926	0.29467207	0.55034375	0.4437792	0.3679528	0.6714648	0.29173735	0.3970837	0.49227783	0.4651485	0.30705854	0.38842747	0.47664565	0.49498728
6174	0.48767796	0.9028498	0.5224714	0.24141452	0.8569858	0.53848445	0.63594115	0.20723358	0.7556205	0.49140507	0.257036	0.66893274	0.44703728	0.8355929	0.5901046	0.66578054	0.5920205	0.30564344	0.5493457	0.51887697	0.4071544
6178	0.35523912	0.7715815	0.8135702	0.27918494	0.84664994	0.45919088	0.4233389	0.46185818	0.3171995	0.4959306	0.4288176	0.4705581	0.5180854	0.4852619	0.4794357	0.6747773	0.34062874	0.22658612	0.49788052	0.4918673	0.52402246
6181	0.27329627	0.97026235	0.9291257	0.45104703	0.5639781	0.4434947	0.2880404	0.36553726	0.6255524	0.6425147	0.46310312	0.38105097	0.49781117	0.804757	0.3154196	0.6827133	0.29232365	0.25536117	0.81415194	0.33295888	0.61996716
6192	0.58132845	0.58569604	0.49967214	0.27951315	0.7985207	0.6115335	0.34271336	0.5767794	0.45268157	0.58412826	0.39784265	0.5699596	0.34917006	0.80092126	0.28842857	0.71651846	0.42238948	0.4281815	0.68875164	0.569324	0.6419197
6204	0.7917865	0.6631515	0.59522104	0.22850582	0.89929235	0.81592524	0.9829302	0.29732314	0.31202826	0.62738997	0.3546038	0.74364024	0.33636084	0.6567263	0.6877974	0.5334781	0.4737184	0.2640823	0.63778627	0.6139846	0.733993
6210	0.33902976	0.96755	0.7557222	0.4120908	0.5588111	0.47725415	0.29518932	0.73559403	0.41900006	0.65679777	0.44280735	0.40229416	0.88487417	0.3313452	0.27493024	0.75820696	0.3582579	0.266493	0.71705997	0.44949517	0.45178273
6218	0.8278431	0.7457938	0.6481213	0.31006292	0.8730413	0.83332807	0.44811136	0.76878387	0.18881115	0.6005902	0.32205692	0.7255883	0.8350433	0.29827198	0.30589718	0.6340558	0.79336464	0.53007805	0.7313152	0.680145	0.68080837
6221	0.71790934	0.5651609	0.3792656	0.24585927	0.8919923	0.8220064	0.2780221	0.2400441	0.83254355	0.48003435	0.29439652	0.72211677	0.5150838	0.8375499	0.23408243	0.67848897	0.9129219	0.900059	0.7942188	0.6309712	0.68859667
6224	0.7965071	0.38443348	0.69881845	0.8817315	0.15401289	0.8301179	0.44469774	0.13752966	0.9080252	0.5508311	0.5817071	0.77138823	0.49647817	0.8397817	0.27990872	0.7458644	0.38809064	0.41960755	0.79960567	0.31574434	0.64997673
6228	0.87885344	0.40043515	0.34037927	0.1893964	0.97244936	0.4239201	0.86962545	0.116109565	0.3365971	0.4001502	0.15498756	0.92945623	0.5571066	0.3309857	0.84931594	0.76829934	0.4932524	0.37279233	0.7913445	0.6644726	0.5171971
6235	1.010537	0.38516483	0.33848348	0.20994829	0.89808005	0.4941088	1.065839	0.22534253	0.22686249	0.3727243	0.21263297	0.88341916	0.5481232	0.21272087	0.8896822	0.7347779	0.36654344	0.43138725	0.7934154	0.6909579	0.50742525
6249	0.72741795	0.5267756	0.30127224	0.26313466	0.54624	0.39121255	0.37530166	0.19510254	0.7911538	0.39831892	0.2702618	0.42054346	0.35735184	0.5348094	0.35107893	0.7782831	0.6799976	0.671872	0.4686491	0.6582861	0.35843548
6258	0.85773915	0.4116566	0.38445756	0.30364648	0.69481623	0.6611076	0.9348011	0.13956277	0.3756101	0.40769157	0.24304548	0.82170904	0.42547074	0.5260917	0.6645358	0.53607565	0.42160448	0.30482817	0.49746042	0.6359174	0.64958704
6277	0.8075305	0.731862	0.37857556	0.22455637	0.8337192	0.43177718	0.36462843	0.12127924	0.9325049	0.4440853	0.2311939	0.65867454	0.4355048	0.8595077	0.25807124	0.6394503	0.89502764	0.9740104	0.6855275	0.6298193	0.45276627
6281	0.8330707	0.5051191	0.25770393	0.21889459	0.8501131	0.35847712	0.35636544	0.13400716	0.6854336	0.44611475	0.20908314	0.40600494	0.42221454	0.44106582	0.43361545	0.7820975	0.38085255	0.5172597	0.5207839	0.64923203	0.47202155
6283	1.0477164	0.431215	0.35701162	0.3104556	0.8081609	0.51095897	1.0649513	0.16578415	0.24437702	0.39546645	0.23118559	0.9144357	0.49596584	0.2812715	0.92577785	0.7839869	0.32671967	0.31343177	0.77978545	0.6414677	0.49475905
6288	1.0040185	0.53370357	0.35331398	0.20657857	0.91452456	0.4088438	0.40146643	0.3053842	0.43529505	0.38866034	0.21299648	0.8535199	0.5201542	0.4909203	0.30003193	0.7961796	0.7020798	0.96292573	0.70706743	0.6663655	0.55049807
6290	0.4527123	0.59436935	0.53183925	0.20352614	0.9231667	0.5028326	0.32159472	0.1337422	0.9142829	0.49996528	0.19618152	0.78672105	0.47123176	0.8845001	0.28192	0.57828045	0.9545043	1.0016519	0.69747525	0.64615047	0.6158336
6294	0.4679669	0.401117	0.3442972	0.19311447	0.94382846	0.51978433	0.3662387	0.12797923	0.96279436	0.52131736	0.20197475	0.7757585	0.36191577	0.95653856	0.3023184	0.5580182	0.9651461	1.07261	0.82103	0.6515496	0.7382943
6304	0.73618835	0.48465	0.2597883	0.22095141	0.9238706	0.4862034	0.9536621	0.14165655	0.30873528	0.44848293	0.18430442	0.80868167	0.5055571	0.3968986	0.7920361	0.62755626	0.6544529	0.9704611	0.8455463	0.6745845	0.70321864
6306	0.90841496	0.3819777	0.4131848	0.22089961	0.90796876	0.80095255	0.31986457	0.13027456	0.79096085	0.5292057	0.20229667	0.75244623	0.3081402	0.855631	0.27762994	0.5801419	0.93821764	1.0456579	0.8649009	0.63635314	0.7587534
6307	0.92612886	0.61413854	0.52021104	0.22444238	0.95052636	0.7624538	0.9748041	0.5908342	0.16098952	0.5110853	0.21667103	0.9204192	0.5596917	0.2878967	0.5944914	0.73178905	0.53318805	0.34242168	0.76814735	0.6838207	0.7510299
6308	0.89772874	0.92191684	0.6668224	0.25846392	0.5087027	0.38915178	0.4553504	0.28917482	0.7136708	0.43977237	0.34046042	0.4030245	0.52783	0.6981457	0.26682487	0.78696746	0.39800856	0.42058808	0.39490592	0.6710863	0.40843797
6315	0.38741228	0.9709502	0.88258594	0.25447285	0.8122478	0.9277171	0.37968665	0.7931975	0.3121227	0.6682785	0.33448297	0.5185847	0.73801106	0.22961038	0.38438046	0.48558813	0.7022473	0.49539867	0.8288006	0.64535356	0.75826895
6320	0.96618855	0.5876174	0.68640405	0.22053218	0.90976435	0.83177	0.7160502	0.7787961	0.23468113	0.5578505	0.33830556	0.9163734	0.6272473	0.4993529	0.31701648	0.46526185	0.5997147	0.77775925	0.8893674	0.6336585	0.69519323
6324	0.35393253	0.6517828	0.39149833	0.28473598	0.8151414	0.90677285	0.69828314	0.17930658	0.2824448	0.60600954	0.445378	0.83195937	0.29716536	0.9041456	0.636493	0.57743925	0.30353084	0.23009007	0.62119555	0.5380075	0.64485526
6329	1.01929	0.36042383	0.28103587	0.20746711	0.9388903	0.59893566	0.6466017	0.15883581	0.6147665	0.37393618	0.20205905	0.8958153	0.49554324	0.6291255	0.6002781	0.62970996	0.6253087	0.95793337	0.85123044	0.648	0.73351914
6333	0.4853815	0.9161345	0.8439352	0.23505893	0.77572757	0.87285274	0.4794923	0.37110808	0.29383498	0.5472397	0.3329787	0.40480572	0.5683677	0.26909244	0.73072976	0.42717257	0.36031148	0.39045227	0.6161741	0.6577085	0.71664315
6337	0.3649803	0.70891386	0.805954	0.95316833	0.6063126	0.5168288	0.2875631	0.40843248	0.49861017	0.5416663	0.7034265	0.537581	0.36593187	0.8407673	0.2629251	0.7437875	0.30301556	0.27013338	0.806143	0.33844423	0.6738275
6339	0.96674246	0.44215727	0.34459522	0.20918208	0.9583646	1.0045896	0.92126423	0.18740177	0.16912559	0.4021049	0.2417203	0.9366392	0.36390284	0.2612047	0.90552473	0.45197368	0.5029705	0.3060803	0.81196386	0.7075299	0.8162641
6364	0.8401195	0.43548077	0.6686949	0.34716928	0.87073475	0.5254276	0.259768	0.3287468	0.47467902	0.5274065	0.5157077	0.7305407	0.48709837	0.50627345	0.44278848	0.68847036	0.33824036	0.32824117	0.7601904	0.4344022	0.6230379
6366	0.9578602	0.32548586	0.38532662	0.20326214	0.950919	1.0016137	0.7956017	0.12691057	0.25178877	0.43167904	0.17042318	0.857464	0.276136	0.44450995	0.95660245	0.3964253	0.39460185	0.27331725	0.8893032	0.685313	0.81084824
6370	1.0302557	0.40148407	0.27858678	0.37473047	0.83868927	0.58262694	0.9847971	0.1702178	0.28213447	0.39504328	0.21503359	0.78219754	0.3912889	0.4672016	0.8862472	0.646355	0.38098258	0.33364597	0.7518558	0.49712497	0.75041854
6374	0.94085467	0.33589613	0.4262102	0.2010126	0.8997776	0.98580086	0.8904695	0.24589333	0.2650693	0.4785569	0.40662298	0.93736434	0.28884783	0.5347288	0.7702694	0.45987105	0.3248035	0.3256591	0.8542758	0.6079216	0.8332459
6375	1.020721	0.53442514	0.25134942	0.9393207	0.7726031	0.4655295	0.29785287	0.15205012	0.51373374	0.39930844	0.5679204	0.49102473	0.40635476	0.53966266	0.653139	0.58947927	0.3099642	0.26102182	0.68052876	0.44909236	0.57704043
6389	0.98612446	0.5515961	0.4552339	0.1942242	0.95884806	0.9279258	0.7476276	0.38134068	0.21804473	0.4581355	0.20990126	0.91298556	0.38992074	0.21162052	0.86839616	0.43849516	0.41086596	0.39867303	0.8409353	0.65113926	0.8482029
6392	0.4071975	0.5486534	0.87314034	0.2289164	0.4451315	0.82672334	0.74135846	0.75452787	0.55300975	0.5387217	0.8384047	0.88451046	0.531422	0.4138285	0.39486924	0.47304502	0.63278115	0.3826549	0.8257917	0.42490295	0.75367004
6397	0.73256856	0.6904232	0.39248747	0.22881342	0.8792584	0.7066065	0.31313598	0.84844303	0.25007477	0.564841	0.22136793	0.59228224	0.7167905	0.49912605	0.38652945	0.5723975	0.7671359	0.48727942	0.65049255	0.556793	0.5506797
6403	0.9449243	0.45892546	0.61656076	0.22555082	0.8415167	0.5942559	0.30007237	0.28044015	0.72968304	0.43175033	0.48874465	0.92877066	0.6091905	0.6928924	0.22932702	0.67513746	0.8229034	0.7558456	0.8320195	0.6091206	0.6425071
6407	0.38612512	0.5252286	0.46829915	0.7437784	0.3875906	0.4633113	0.30966622	0.44725978	0.4453896	0.4231543	0.44053796	0.68932736	0.58518463	0.71966755	0.2666416	0.72162795	0.31279492	0.4361043	0.7656169	0.46222696	0.38278612
6418	1.0581666	0.4184909	0.2939909	0.438642	0.39967746	0.48381117	0.80595845	0.6761992	0.13964152	0.42215925	0.3574009	0.92270374	0.5914472	0.3301644	0.74333197	0.7255515	0.2987314	0.28562772	0.8215989	0.49360588	0.47596532
6422	0.8599551	0.37774277	0.5743676	0.22564451	0.9724335	0.9475247	0.4115467	0.80346173	0.28222656	0.6581424	0.5252408	0.9174478	0.5028509	0.46780047	0.23848155	0.42667514	0.7112254	0.2607305	0.9289656	0.6311816	0.7741218
6423	0.33727762	0.90108454	0.86166006	0.89256245	0.16459325	0.5545587	0.28140432	0.56852907	0.69525987	0.5061045	0.64185995	0.41757816	0.5299634	0.8871322	0.2660134	0.5867547	0.2785909	0.22480325	0.52541274	0.301212	0.4908337
6424	0.5953451	0.9552864	0.74236655	0.21838818	0.93073124	0.6951824	0.6266333	0.2313482	0.5729298	0.48122102	0.2642474	0.9119138	0.5207281	0.53020674	0.4215883	0.42270774	0.6152094	0.42778	0.6596818	0.595441	0.79975647
6436	0.4013935	0.69109637	0.40068787	0.9704094	0.27431938	0.86973655	0.30634993	0.8310768	0.38280708	0.56229895	0.80645835	0.6163094	0.82907885	0.26691276	0.31946674	0.6992177	0.26911545	0.23616791	0.80430245	0.31188756	0.77252334
6440	0.4141829	0.95332193	0.84688777	1.0048283	0.2790726	0.5113925	0.3056093	0.6563218	0.6674947	0.62409437	0.70663744	0.46916887	0.93334323	0.7852904	0.25786614	0.7019934	0.3003119	0.2467118	0.7432563	0.3466588	0.57592493
6443	0.28461203	0.5285238	0.42209595	0.94065815	0.15109575	0.8647438	0.45698136	0.6726283	0.3446747	0.4777932	0.98017913	0.55232525	0.48789054	0.63192767	0.3229764	0.7452006	0.26251355	0.21473327	0.6463425	0.3853121	0.3848392
6450	0.92412674	0.50569385	0.32648742	0.9900749	0.17466807	0.52938694	0.65669346	0.29437387	0.8692374	0.4844604	0.87742954	0.738958	0.61185634	0.75780845	0.28807572	0.8073978	0.25986332	0.21253838	0.81645745	0.26912248	0.5933655
6468	0.33649626	0.55070615	0.87072396	0.9801338	0.17337	0.9525671	0.37753475	0.6008824	0.79002184	0.62729496	0.99712956	0.81930244	1.0045109	0.7575702	0.24985418	0.8456594	0.27246183	0.23583247	0.82055914	0.27512738	0.73732
6472	0.52077216	0.57065755	0.4708805	0.48360264	0.40296844	1.0605903	0.25524724	0.21400054	0.1884788	0.4550296	0.43972075	0.8946	0.3242041	0.261662	0.78213906	0.46694577	0.34137115	0.26773712	0.8691638	0.44207287	0.7914837
6492	0.43237984	0.74989414	0.6676839	1.0232894	0.22741964	0.50540745	0.5078994	0.57322174	0.34546164	0.5784707	0.83288664	0.37383425	0.73385173	0.43527344	0.39157355	0.7550311	0.267954	0.23958029	0.5657539	0.2869511	0.44092596
6499	0.43349105	0.7159304	0.62569094	0.7319429	0.23439458	0.64019936	0.5350135	0.7955114	0.27446294	0.5610866	0.88786566	0.44132942	0.8050733	0.20550056	0.5119193	0.77632654	0.2760278	0.24673763	0.7667979	0.32908988	0.4859174
6502	0.3083761	0.9206456	0.9402172	0.9617615	0.18086642	0.63811374	0.28508425	0.6664253	0.4218911	0.51998085	0.8517016	0.64573693	0.89751005	0.6012913	0.29568133	0.7303568	0.24470195	0.21412253	0.740964	0.280312	0.47548658
6508	0.33324093	0.6031555	0.7727278	1.06674	0.16806558	0.73386	0.47999918	0.7537499	0.3939118	0.62716997	0.87168586	0.4131682	0.9728811	0.53194857	0.32678443	0.787123	0.24969937	0.24711831	0.6003276	0.2564184	0.47858152
6519	0.4139124	0.40252712	0.40588072	0.9665327	0.1216524	0.6979959	0.40508747	0.4909888	0.7744891	0.62062055	0.6847026	0.7037696	0.9780879	0.80827194	0.2600477	0.79783314	0.24733794	0.22271597	0.850704	0.24188435	0.61338854
6524	0.5265105	0.5516098	0.4219681	0.98009914	0.22197416	0.4835984	0.36545908	0.2422064	0.77084523	0.5699018	0.5571391	0.46594375	0.5702739	0.8515885	0.40627357	0.6346802	0.27973738	0.30775562	0.6341731	0.28706235	0.5490688
6535	1.011746	0.33525735	0.26664332	0.20318595	0.9367012	0.62208194	0.33710188	0.13414739	0.9614769	0.41556215	0.19165966	0.8751702	0.37248006	0.9110257	0.24854907	0.5604648	0.9593736	1.047113	0.8205418	0.6938933	0.8221181
6537	0.97579426	0.4347359	0.28965536	0.59910107	0.49099666	0.5977646	0.82627994	0.16786338	0.9002173	0.40542367	0.5031335	0.5197162	0.3266503	0.8458178	0.46516845	0.7239693	0.41473398	0.5065266	0.6118425	0.38651472	0.5041778
6546	0.30766	0.95417047	0.831657	0.702822	0.33925274	0.5979919	0.3218603	0.59244627	0.5088183	0.60206634	0.82066345	0.56659454	0.41354382	0.8205554	0.36018354	0.72322685	0.25727993	0.23346311	0.39804548	0.2893503	0.4216596
6565	0.5983501	0.69324535	0.65325665	0.31818146	0.76905274	0.8166739	0.76392466	0.33281994	0.455712	0.6175912	0.34017596	0.47907048	0.36964566	0.5626851	0.5543095	0.5211536	0.45672226	0.3795201	0.6874605	0.6199169	0.67599845
6573	0.29780188	0.61189705	0.72521776	0.64568514	0.3114666	0.7636818	0.25428075	0.54195946	0.55395734	0.6194376	0.78863	0.7062426	0.7784424	0.88945633	0.2797356	0.76124567	0.2593993	0.20949577	0.83080715	0.2879266	0.6148002
6575	0.74004996	0.43472934	0.8527459	0.23260593	0.8855667	0.58163655	0.34176838	0.19069657	0.89124525	0.601701	0.21932468	0.8549333	0.34429738	0.8775955	0.26527372	0.5688505	0.6946042	0.80367166	0.759093	0.5920415	0.73855525
6579	0.34374836	0.6506387	0.5399155	0.32629582	0.55512965	0.76150614	0.51078004	0.25532025	0.37628654	0.5919092	0.5631798	0.91725934	0.46835878	0.6858663	0.4226548	0.5572216	0.34613827	0.37300402	0.8897678	0.4064237	0.5885933
6582	0.31656408	1.0184618	0.8685287	0.7263734	0.4436371	0.441803	0.29347646	0.7472046	0.34423015	0.6944451	0.5532226	0.3690961	0.97705615	0.29078904	0.34625646	0.6667352	0.30777356	0.2580751	0.4325707	0.3646912	0.43987846
6590	0.38744184	0.5214878	0.64122206	0.8968105	0.22106504	0.4707246	0.37874883	0.38721773	0.58917207	0.5921239	0.7990783	0.54183364	0.8115501	0.81886524	0.24724829	0.72465795	0.2798182	0.23400804	0.58555233	0.31683755	0.48118082
6595	0.43953303	0.81557375	0.8884765	0.31165516	0.75336885	0.69430023	0.51038444	0.4160426	0.48186824	0.57443684	0.8092775	0.48095647	0.70299643	0.39099416	0.31726718	0.5859731	0.37057054	0.46593767	0.592777	0.593227	0.6341738
6598	0.2590705	0.8439726	0.76837647	0.5755806	0.322135	0.63094926	0.2423886	0.18746108	0.7146614	0.62918776	0.5383882	0.44170955	0.42594954	0.85704565	0.2970157	0.71807325	0.30494556	0.25310767	0.8388701	0.31407052	0.53909856
6602	0.4431531	0.8291628	0.8894639	0.66917133	0.4538182	0.5980714	0.2604198	0.7511018	0.14747924	0.53297883	0.78525597	0.56116146	0.9171398	0.24747053	0.30717325	0.81922007	0.27613375	0.2387211	0.71069473	0.38933104	0.58599675
6603	0.22752629	1.0028924	0.8630002	0.238358	0.57087654	0.6803035	0.24300951	0.24069095	0.7206592	0.5484113	0.48023126	0.46607888	0.4999768	0.89524835	0.2955694	0.63063055	0.35039696	0.26174313	0.68609667	0.48327646	0.7396746
6609	0.56710917	0.38959056	0.8907656	0.29074165	0.95051944	0.9443305	0.39872152	0.51142824	0.88405323	0.6821794	0.23201053	0.92473376	0.580267	0.75344765	0.28533763	0.4601094	0.47506022	0.28474557	0.92512375	0.6641922	0.8697258
6613	0.24550901	1.0036662	0.93396294	0.60659957	0.28707564	0.76901174	0.28013313	0.25922182	0.31257865	0.6037039	0.6223479	0.5026438	0.40635604	0.7369256	0.34738952	0.75579906	0.25872225	0.21187924	0.5792299	0.3020244	0.53726786
6619	0.3051557	0.96436316	0.88047373	0.6352299	0.34180075	0.5546107	0.25431377	0.7381339	0.4721858	0.6391241	0.6539447	0.40780377	0.83529544	0.25662455	0.26676548	0.70046514	0.31294522	0.24612609	0.7586086	0.3295501	0.47056237
6625	0.7938753	0.4269781	0.49040842	0.3691817	0.27611998	1.0232896	0.2668507	0.23912819	0.3509782	0.53968805	0.8359248	0.70511395	0.38068774	0.72157866	0.84536624	0.56744546	0.2769885	0.23458207	0.64353025	0.37128565	0.5027753
6629	0.2561128	0.8895767	0.84864724	0.31691775	0.3671025	0.47956353	0.25957507	0.53253466	0.23200786	0.53541905	0.53302974	0.4815894	0.49988246	0.2832644	0.25735414	0.7626247	0.2845584	0.22851183	0.66514987	0.3141534	0.56016415
6630	0.45687735	1.0198189	0.91693515	0.58402777	0.47756606	0.464444	0.28139752	0.80215114	0.16453803	0.63986874	0.47115952	0.4259287	0.7818151	0.1434888	0.28417158	0.72637874	0.26138374	0.21673015	0.70905787	0.38638452	0.46537966
6649	0.6683401	0.42810595	0.3520438	1.0379001	0.1466614	0.9907639	0.4681667	0.7355309	0.7191179	0.4651649	0.9310889	0.8433951	0.7392695	0.809548	0.24752697	0.75586206	0.25315154	0.20799184	0.8465658	0.27503607	0.5360672
6652	0.29448393	0.51954097	0.4781055	1.0332428	0.18576646	0.6246505	0.2719664	0.62690824	0.5145604	0.52348447	0.77236015	0.6505944	0.6135311	0.73964375	0.33570364	0.6999209	0.31062406	0.25607347	0.84174025	0.30039373	0.6770377
6696	0.28526625	0.46575907	0.9095392	1.0599563	0.19343334	0.5294493	0.23344815	0.19101131	0.8355732	0.6329416	0.64434665	0.75446695	0.27939317	0.8993216	0.3019179	0.706953	0.2552256	0.21852107	0.85084844	0.2808574	0.55843955
6716	0.34013543	0.36737192	0.86803067	0.69018734	0.308781	0.90161455	0.30559212	0.3942687	0.7053277	0.66362095	0.86236197	0.77252173	0.44452944	0.82888186	0.36874261	0.5408921	0.26188684	0.22748205	0.8868517	0.2751362	0.6621556
6717	0.26741797	0.4277736	0.37392297	1.0336308	0.16105205	0.81714207	0.23796642	0.7516389	0.71841764	0.52754146	0.87354106	0.5920879	0.5187971	0.7397302	0.24602482	0.7761331	0.2374257	0.20376138	0.88332254	0.26775485	0.5765997
6720	0.569529	0.49627778	0.3658279	0.80956286	0.208155	0.6008596	0.49621838	0.24416246	0.5545792	0.43926418	0.65638095	0.49021316	0.43391535	0.7979379	0.3746628	0.7521873	0.2677931	0.49829668	0.6471012	0.30784178	0.48036638
6728	0.5378488	0.5418425	0.45930088	0.96521056	0.16739112	0.5999998	0.26164967	0.71800035	0.6913822	0.45701072	0.6622483	0.6304422	0.51215506	0.7996205	0.2824514	0.7581111	0.24029198	0.21684481	0.8183403	0.27931195	0.5532747
6729	0.43041632	0.769017	0.5852514	0.5358907	0.53953314	0.9190269	0.4063207	0.14088668	0.43143386	0.43823996	0.6671897	0.8000953	0.29362154	0.68407726	0.7568042	0.42116955	0.2980888	0.24321313	0.8960725	0.38805157	0.81104684
6732	0.46231937	0.8629544	0.8715717	0.8252156	0.25739086	0.815093	0.30738086	0.80595857	0.28127643	0.63456404	0.7728792	0.38752934	0.8884072	0.22238126	0.33433938	0.7042795	0.28775778	0.29083693	0.7136614	0.34665754	0.5818024
6736	0.3117624	1.0451609	0.890942	0.81751406	0.26548627	0.59977174	0.32510024	0.70169765	0.39493468	0.70335674	0.7697971	0.3658027	0.8657967	0.4589302	0.3298553	0.6883561	0.29054216	0.2936517	0.36117506	0.3822248	0.47524747
6752	0.32039568	0.5886717	0.7155947	0.6124787	0.5756388	0.96872914	0.33126748	0.60729986	0.59921277	0.6266432	0.8041312	0.8561592	0.75905466	0.78482354	0.2770853	0.6166351	0.30877376	0.22680801	0.8491672	0.37771052	0.65916616
6761	0.97375995	0.65357727	0.4174508	0.4511678	0.63311744	0.9335685	0.4252416	0.41082144	0.33292687	0.4355592	0.65013653	0.93597865	0.5007038	0.7799948	0.30720192	0.5278133	0.3882346	0.289979	0.83480126	0.392794	0.76220614
6768	0.618648	0.39205304	0.412917	0.5513345	0.5475598	0.9846311	0.91448385	0.13269544	0.27188796	0.44305557	0.2716794	0.76351714	0.24701518	0.76453966	0.9424942	0.44422877	0.29710022	0.24650165	0.8651669	0.53311586	0.6372175
6773	0.6211848	0.4637658	0.40393868	0.5329435	0.5418914	1.0107497	0.7048652	0.20439997	0.2958591	0.43536347	0.60111535	0.79885894	0.29651904	0.2971089	0.98259	0.41265035	0.36813095	0.24956276	0.67858183	0.61655736	0.70559484
6779	0.6350655	0.43463594	0.66155094	0.7766087	0.7343183	0.9225262	0.36289078	0.64625126	0.40884453	0.69156176	0.8564179	0.88927466	0.7350521	0.7133705	0.2773224	0.588093	0.33500832	0.34301698	0.76078004	0.63261044	0.7633668
6789	0.7056008	0.4549052	0.345854	0.8807856	0.26992998	0.9037053	0.5674921	0.6063286	0.7289243	0.48283002	0.87487495	0.7664126	0.32949924	0.79196763	0.34890875	0.666565	0.2386644	0.19920321	0.8118923	0.30320838	0.6726406
6796	0.40922874	0.9301349	0.8497036	0.3336775	0.73745394	0.6861811	0.41721517	0.26374575	0.547661	0.49734083	0.47672373	0.46156967	0.4283934	0.6946942	0.47396904	0.5261255	0.36905816	0.26102456	0.6831095	0.540995	0.52806836
6799	1.0259194	0.40296498	0.35846364	0.37605926	0.41557273	0.4930638	0.832956	0.6425089	0.247926	0.41238564	0.23947547	0.90284187	0.5920634	0.28908482	0.65361476	0.80699915	0.27934438	0.25559595	0.80317616	0.3895259	0.47148502
6801	0.296154	0.80437464	0.73626965	0.6830238	0.32923365	0.4813515	0.24590288	0.7888447	0.2714051	0.6667493	0.84325296	0.61499894	0.7036238	0.1661051	0.26806533	0.80699676	0.25022864	0.22107643	0.8404226	0.29622978	0.5719072
6804	0.8165131	0.5978332	0.43881214	0.36937428	0.8686958	0.7225056	0.75662565	0.21920735	0.8433267	0.48936337	0.58917737	0.77707356	0.36391416	0.86804974	0.45025682	0.5993567	0.4561284	0.92145365	0.7647694	0.5940707	0.6303413
6808	0.7692014	0.4163228	0.3432655	0.806295	0.22836214	0.8892525	0.57491803	0.35066792	0.7474658	0.5128961	0.79608154	0.73206675	0.32733357	0.7556936	0.546278	0.58284307	0.26052767	0.39075217	0.84618753	0.33720836	0.77482146
6810	0.39501753	0.6079548	0.52982193	0.94657737	0.19465604	0.9974356	0.2363912	0.843948	0.317888	0.5520809	0.78638786	0.52541226	0.39516854	0.30864906	0.3166604	0.6904311	0.2528893	0.22103676	0.7174146	0.33059576	0.55174434
6815	0.6806279	0.4612658	0.39483207	0.5663782	0.5251379	1.0134803	0.8754694	0.17276928	0.23879987	0.4435197	0.4118342	0.72993976	0.27534425	0.5899471	0.8395781	0.46432436	0.29495102	0.27407762	0.86675936	0.54782283	0.6510524
6829	0.6861845	0.42672727	0.29993242	0.25028405	0.721684	0.9908535	0.93035376	0.5349237	0.7353574	0.5917455	0.63222146	0.9178064	0.3821627	0.13852079	0.53582895	0.5677843	0.39507845	0.28503922	0.879456	0.5500417	0.83937925
6831	0.848685	0.37888768	0.5498993	0.3507228	0.89982843	0.9851158	0.5073485	0.61199826	0.85906196	0.6383472	0.25930598	0.90533483	0.57375115	0.7113952	0.2675031	0.48739123	0.36596173	0.30274612	0.8976764	0.6822102	0.8384737
6835	0.30340993	0.85398275	0.8987275	0.4394589	0.22916445	0.61198765	0.34371972	0.75132895	0.37373766	0.6626739	0.83928293	0.3824836	0.77878547	0.48844117	0.3261198	0.6707678	0.24844651	0.21299279	0.4306294	0.31414875	0.45877296
6836	0.9169253	0.5526632	0.5979625	0.23571481	0.88421714	0.8977311	0.36442393	0.33898324	0.7741866	0.5263859	0.42637962	0.64262295	0.41676173	0.85760933	0.3054345	0.6234181	0.8413109	0.64010483	0.83234376	0.6252073	0.72834474
6848	0.9623855	0.6542196	0.49793854	0.22859149	0.8975173	0.91004926	0.6450418	0.23129138	0.92116445	0.51706326	0.23898312	0.83405584	0.5040794	0.80762845	0.32628646	0.50834036	0.6954207	0.3375346	0.66692644	0.62465537	0.75015277
6852	0.8702147	0.46828657	0.42060876	0.3236349	0.84753454	0.6908019	0.9892862	0.16326149	0.705611	0.4903745	0.26056498	0.586136	0.27630693	0.8921033	0.8180829	0.53037524	0.38631862	0.9902651	0.5834369	0.5748888	0.55164343
6864	0.98650575	0.40919483	0.30262858	0.25502682	0.9432831	0.76100326	0.31665474	0.1510223	0.9239832	0.515925	0.27504548	0.9322133	0.50481105	0.8701611	0.24789008	0.53603494	0.92239803	0.9449092	0.8247298	0.61147916	0.8204331
6869	0.88538706	0.31683743	0.34616208	0.21768396	0.9455346	0.8928771	0.29671443	0.18276253	0.90024805	0.61773807	0.2368157	0.92022055	0.42656663	0.8393473	0.24998048	0.52961713	0.9681555	1.0310016	0.83394104	0.68195546	0.8573925
6879	0.9081482	0.31800264	0.4056436	0.1992746	0.93958676	0.8975407	0.3125043	0.15115538	0.89032847	0.57775056	0.23654184	0.88918155	0.33339858	0.81389886	0.28850794	0.5405696	0.9510955	0.88168085	0.8344189	0.69785905	0.83325154
6885	0.4653545	0.46272635	0.9283725	0.33434716	0.9283281	0.8861513	0.36674982	0.51869637	0.7869297	0.6604822	0.3293994	0.72216576	0.50458205	0.7576998	0.26833624	0.5621014	0.30506784	0.26680315	0.7596509	0.57595074	0.8176937
6899	0.7499221	0.5204183	0.8761083	0.21913354	0.9445141	0.9404833	0.3816051	0.5817751	0.6355679	0.62280726	0.25659645	0.70380014	0.55914503	0.6318716	0.28994447	0.5524683	0.65704685	0.4481204	0.7661215	0.692505	0.8272296
6906	0.9892993	0.5681285	0.325575	0.23413286	0.84505427	0.61350536	0.44014192	0.18628798	0.8873473	0.40435573	0.26078486	0.84950316	0.4529345	0.8566967	0.27470073	0.6632892	0.87831974	0.86487514	0.75432986	0.66305065	0.70290667
6907	1.0553656	0.703322	0.49170467	0.24214166	0.8852786	0.9122734	0.29240018	0.4009164	0.16185805	0.617803	0.24982901	0.932713	0.5620801	0.4205868	0.3601612	0.37598115	0.5104643	0.43005735	0.8892846	0.59451747	0.8040041
6915	0.5822766	0.51239914	0.4523234	0.37498212	0.8196243	0.5058008	0.4548319	0.17453705	0.70615214	0.5336508	0.20326093	0.40109262	0.2491431	0.83422744	0.5633869	0.5161712	0.56316584	1.0190878	0.65300447	0.49315712	0.7114863
6916	0.5413918	0.5452146	0.5981141	0.30211976	0.8712549	0.86874694	0.4370327	0.591854	0.50923026	0.6231441	0.4649601	0.48110738	0.5468857	0.7665812	0.34298438	0.5341384	0.3266056	0.39014262	0.7244617	0.5212252	0.76372576
6920	0.7975903	0.3407537	0.28628945	0.37965146	0.9060246	0.95390415	0.35405242	0.17269264	0.90382385	0.5367588	0.2967184	0.81618524	0.46624175	0.8075401	0.37333742	0.41361803	0.322348	0.3434579	0.87052715	0.6386118	0.8467497
6928	0.97285616	0.42547268	0.4314768	0.18817057	0.9477101	0.9626777	0.48804253	0.48357633	0.830972	0.61784106	0.20555569	0.66180456	0.35452843	0.74848264	0.4342584	0.4970115	0.34219527	0.31604484	0.79549253	0.66657305	0.79092264
6933	0.9996143	0.50992155	0.3958074	0.2247577	0.8739347	0.9929037	1.0508758	0.20870745	0.37862974	0.5689932	0.84954005	0.91853887	0.307712	0.7343244	0.57880616	0.51607424	0.7371194	0.3348165	0.80386287	0.65343547	0.8044819
6938	0.37095702	0.9087792	0.8332312	0.32779932	0.80199265	0.6673173	0.3103525	0.6847816	0.33879423	0.6664652	0.33789858	0.42755505	0.66964483	0.32661185	0.33849323	0.65067625	0.56019485	0.37209967	0.5168916	0.57818305	0.5274326
6944	0.4275196	0.8511518	0.6379853	0.19663095	0.9278411	0.95412034	0.7385461	0.32719612	0.41367668	0.56100214	0.22502933	0.7439619	0.55488944	0.704083	0.54371655	0.39936233	0.8790497	0.3795563	0.8550754	0.6317252	0.85215926
6950	0.8665266	0.56873447	0.37355658	0.2291737	0.8523706	0.49146688	0.47271174	0.33675715	0.34530026	0.40763706	0.2830379	0.7211703	0.5388624	0.4044646	0.33768559	0.69408756	0.5149852	0.3413076	0.7746539	0.60189724	0.50262314
6953	0.814008	0.5948061	0.48605403	0.22509424	0.9174232	0.8192609	0.33968306	0.62335724	0.6609737	0.46134996	0.3070564	0.70143986	0.47805065	0.7348826	0.31843746	0.40910628	0.7592955	0.7371508	0.7948844	0.6657102	0.8417797
6954	0.6992097	0.4214233	0.5265781	0.31772807	0.8596876	0.53667736	0.33409047	0.62612504	0.6703532	0.5169238	0.39535192	0.86066383	0.711792	0.80327433	0.22989416	0.71744	0.8692876	1.0478927	0.7983312	0.64514685	0.6715201
6957	0.66842026	0.61625135	0.31165332	0.24355574	0.86367005	0.6612162	0.2905888	0.61025465	0.31401858	0.5081057	0.26219207	0.69475055	0.6218181	0.5536682	0.26267877	0.52582955	0.58157533	0.37014407	0.80081093	0.6397394	0.649821
6968	0.3036781	0.80957067	0.61287904	0.28752905	0.70149404	0.6578804	0.30915135	0.2143451	0.87211573	0.5109127	0.24240144	0.7882501	0.45263228	0.89932126	0.3084127	0.4049434	0.5701049	0.66651815	0.5833903	0.57814777	0.646473
6981	0.846075	0.3370814	0.32760224	0.869492	0.30998525	0.5937998	0.37951368	0.1259599	0.8358168	0.39524645	0.4990107	0.8721425	0.44720334	0.80872333	0.3124246	0.7770342	0.3056038	0.3995305	0.69294316	0.32839572	0.55375665
6987	0.37399873	0.65252095	0.77250695	0.9303717	0.14417534	0.57985854	0.46567136	0.15039888	0.8362678	0.44213423	0.721921	0.6512709	0.5561052	0.83608955	0.3593425	0.58802694	0.24986096	0.2300681	0.60240364	0.25047415	0.5057508
6989	0.7907149	0.8771706	0.66912127	0.8304053	0.23201123	0.78397846	0.31803715	0.7361951	0.64965904	0.4795566	0.80684686	0.74053806	0.5360645	0.67922264	0.25227693	0.7301171	0.25992078	0.25479084	0.8230421	0.32768843	0.4804155
6992	0.97020614	0.5890596	0.38297185	0.9906079	0.28234282	0.67141503	1.0765362	0.31468534	0.3507975	0.44388306	0.8817087	0.5485811	0.5629806	0.19004098	0.93706805	0.76336074	0.30557418	0.2574722	0.57290983	0.32728508	0.48015526
6997	0.53800774	0.50538015	0.34167022	0.797003	0.1653755	0.5889051	0.4359901	0.18258291	0.7441923	0.50981337	0.67825496	0.6393526	0.5840245	0.7540637	0.3273728	0.7616387	0.26603305	0.23167686	0.8043266	0.2494449	0.5889465
7100	0.89993596	0.3175656	0.5499956	0.177943	0.9415319	0.97799635	0.6935626	0.121879965	0.4730716	0.4687889	0.17089857	0.6561447	0.25969788	0.53338665	0.90848595	0.3817609	0.29211196	0.25705445	0.84820384	0.66327894	0.82043
7113	0.31118017	0.9492016	0.84566	0.8977286	0.27518037	0.4354033	0.28394485	0.6310652	0.60729957	0.5948492	0.8818107	0.46662998	0.8130988	0.5476821	0.22807065	0.79673994	0.25550854	0.22016527	0.64145976	0.34769347	0.48379835
7118	0.327172	0.5708197	0.63533837	0.25157	0.8120574	0.68541473	0.33258772	0.60995805	0.4409546	0.64643717	0.52913135	0.6025851	0.4155875	0.6372483	0.34078658	0.48617256	0.28289625	0.25354978	0.8031032	0.497821	0.737349
7125	0.39406875	0.8532901	0.58912563	1.0022571	0.24686229	0.7312973	0.3433138	0.77645123	0.3380007	0.60867184	0.7297352	0.62200814	0.840325	0.54199946	0.3103135	0.63917744	0.32530046	0.3182961	0.75230104	0.33927062	0.5002223
7128	0.47236794	0.41250363	0.8067665	0.9217223	0.18605936	0.64588964	0.25227353	0.6957741	0.8027965	0.6354958	0.8755441	0.6285606	0.5060034	0.6721062	0.28353843	0.85638887	0.25129622	0.22537999	0.9322469	0.25126207	0.4854485
7134	0.3379187	0.81518155	0.7876909	0.7133253	0.5715862	0.5584087	0.51909155	0.581381	0.52392375	0.4800324	0.6731752	0.53783715	0.70736563	0.74156874	0.30284408	0.5669561	0.3045604	0.24865794	0.7931534	0.36899233	0.5805011
7135	0.6505523	0.8483981	0.3580186	0.91118264	0.21807748	0.80396205	0.56022316	0.623755	0.4804655	0.51022077	0.4789687	0.9007687	0.87125134	0.6068195	0.26867497	0.54224175	0.3121793	0.2803804	0.7996384	0.3291085	0.7212719
7143	0.69576156	0.7001533	0.73611766	0.64811265	0.656588	0.50541997	0.4548955	0.4964516	0.3685212	0.501092	0.42840412	0.4890974	0.4350505	0.40314004	0.4051375	0.7796274	0.28134015	0.24748546	0.51459026	0.39085636	0.4942753
7144	0.4083915	0.93655825	0.7265415	0.9450128	0.36642483	0.6878396	0.31961495	0.67874354	0.3428492	0.5837527	0.7113337	0.6797785	0.7859666	0.47594947	0.3337046	0.6397555	0.28413492	0.27895173	0.8627296	0.37498727	0.66082954
7146	1.0500193	0.43923196	0.35470754	0.29199126	0.5618597	0.55237	0.9293321	0.1765014	0.60327667	0.454109	0.23461016	0.9446854	0.52065796	0.5104516	0.8224863	0.7158949	0.28465286	0.24760123	0.6497776	0.5774195	0.45182803
7147	0.4412017	0.8479265	0.6757302	0.19913606	0.9336713	0.62713814	0.33339196	0.13101214	0.8590011	0.5604382	0.21731766	0.4927133	0.32921034	0.8920755	0.2985564	0.5845662	0.85461175	1.0467095	0.5697125	0.63389766	0.8191272
7157	0.71471673	0.51217717	0.40416396	0.256525	0.71205497	0.7348895	0.3540082	0.41371346	0.4035055	0.48025554	0.52058476	0.822779	0.39995915	0.6026334	0.24596488	0.61481166	0.35351217	0.2918387	0.8257432	0.47963855	0.6739752
7160	0.91407704	0.6594076	0.33256596	0.25763148	0.49120992	0.9396021	0.32512343	0.71363723	0.14380547	0.42158526	0.2759181	0.6706167	0.54202145	0.18070002	0.39002642	0.4881823	0.5424841	0.429962	0.8010662	0.58718014	0.8150295
7161	0.67330444	0.5394	0.5645093	0.3532297	0.75472355	0.9046028	0.29621166	0.62914145	0.6070715	0.6467363	0.7588862	0.6838598	0.48523113	0.782563	0.2901683	0.5629262	0.39622226	0.47202754	0.8637122	0.51521873	0.8178149
7164	0.8865729	0.34513074	0.2862465	0.3022811	0.90913075	0.9405756	0.32687098	0.17929173	0.8914583	0.5854895	0.31112894	0.82386696	0.4991973	0.80925447	0.29768616	0.49187067	0.360666	0.5125039	0.8646186	0.59442043	0.87313426
7175	0.7630754	0.36313692	0.32448247	0.20639086	0.94396985	0.7957244	0.33976066	0.13340755	0.92193186	0.43381593	0.20341182	0.7758745	0.38455415	0.9335787	0.24180624	0.522868	0.9577262	1.0565379	0.8600785	0.6607095	0.81145537
7179	0.99903965	0.84548885	0.48121545	0.25317368	0.89821064	0.7712858	0.41581184	0.2977536	0.41179764	0.46835497	0.22574776	0.84741914	0.5089283	0.38264015	0.3605432	0.41702932	0.6673785	0.4858934	0.7665892	0.6608664	0.77369756
7180	0.9233945	0.7703173	0.7755588	0.3014306	0.9169282	0.8441721	0.37622607	0.26211616	0.9644704	0.5748071	0.37567556	0.894765	0.58448476	0.88039154	0.27935666	0.52146935	0.9356502	0.7750651	0.8301106	0.6705588	0.83961415
7187	0.35579744	0.4405144	0.61992335	0.3371488	0.74872494	0.86293584	0.46196866	0.6719555	0.4519516	0.64604646	0.7524318	0.48871398	0.5337492	0.7953113	0.30406564	0.72250307	0.26002064	0.22644252	0.7648585	0.44786432	0.7697942
7192	0.8752228	0.36489293	0.68887186	0.2687887	0.9204116	0.96657676	0.55678266	0.5085105	0.8939748	0.6425207	0.21728396	0.90336585	0.4118791	0.7446167	0.3281604	0.5339853	0.32776245	0.28699395	0.883671	0.6379703	0.8521001
7193	0.9519969	0.49977103	0.43973497	0.21967195	0.9079118	0.9401006	0.37556118	0.46519408	0.93422985	0.5873848	0.29422906	0.69270587	0.35908908	0.7817516	0.32667866	0.41313258	0.4869581	0.28518513	0.8503257	0.64232004	0.86069775
7198	0.96820843	0.5708437	0.47009838	0.89219123	0.21598047	1.0050638	0.35554945	0.7930752	0.4886498	0.54059106	0.8791826	0.91265935	0.6564294	0.6657879	0.3304312	0.7810644	0.26352486	0.22912084	0.8256585	0.28054887	0.6933715
7200	0.97414297	0.71025693	0.3242514	0.2621304	0.8569139	0.47363165	0.85803473	0.15443999	0.39546522	0.47754732	0.22127068	0.53163254	0.52354294	0.43654	0.60492724	0.7345297	0.5492192	0.6378932	0.70211273	0.6931157	0.5387906
7204	0.5025123	0.62020564	0.65075374	0.8091255	0.32539573	0.69338703	0.34432405	0.6544454	0.64741015	0.44363433	0.58084834	0.8839569	0.72933644	0.8331437	0.29443148	0.7707151	0.3007279	0.25477555	0.80069417	0.34891564	0.5894461
31009	0.82663846	0.61612743	0.45655483	0.19748634	0.9550702	0.872025	0.7071917	0.20663355	0.30397132	0.47159806	0.1878229	0.75315744	0.37631965	0.45413843	0.6609774	0.39367637	0.8628647	0.43776995	0.7897876	0.69091463	0.8403358
31015	0.957072	0.7296406	0.7307035	0.2224807	0.8805223	0.785314	0.37718374	0.20683718	0.7082054	0.51210207	0.2610211	0.68692046	0.54685867	0.7798353	0.3047781	0.561899	0.5616352	0.41829365	0.7245353	0.6488267	0.80787325
31021	0.40567997	0.89965725	0.53317493	0.45861778	0.6894653	0.8735288	0.47380543	0.53887427	0.8761309	0.6054661	0.7936641	0.859082	0.99763453	0.7805839	0.23576558	0.62035257	0.42974654	0.26350617	0.6915851	0.44680864	0.7186808
31029	0.9790287	0.4040207	0.34981745	0.202591	0.8584855	0.5384211	0.8462293	0.16677144	0.44221953	0.40136933	0.19589588	0.8606771	0.394509	0.8313293	0.7208318	0.47186226	0.30906463	0.41817975	0.8207867	0.5909065	0.6110235
31034	0.9996642	0.34366804	0.35558438	0.17781906	0.96604437	0.9872701	0.7033938	0.14581409	0.30816254	0.5017047	0.1588052	0.7675402	0.2564655	0.6635101	0.92204434	0.38014707	0.27792263	0.22928663	0.84638554	0.6512499	0.8053646
31056	0.80804795	0.41633677	0.5941715	0.3535668	0.8310194	0.8544875	0.45341545	0.15407315	0.90347403	0.60793734	0.21344875	0.734699	0.28745696	0.8658925	0.34675035	0.4334791	0.28633687	0.24197035	0.6789315	0.55875194	0.8116186
31060	0.98401415	0.5520539	0.34060064	0.29882523	0.6665688	0.75781304	0.85102445	0.18226616	0.49664956	0.46033627	0.5136249	0.7264526	0.4249092	0.8708403	0.7325378	0.6415169	0.35759336	0.80767125	0.7366114	0.43757546	0.7533479
31062	0.567963	0.3816114	0.31644505	0.39615068	0.821117	1.0169128	0.9493038	0.14266579	0.30426216	0.5451877	0.42367545	0.9020306	0.35138777	0.46106932	0.8932448	0.41198185	0.49127758	0.49897978	0.7849157	0.6404792	0.779582
31067	0.45868558	0.4207472	0.61891365	0.28274474	0.8523598	0.71333826	0.71789414	0.15287325	0.29768392	0.50769347	0.24576858	0.6251554	0.28261682	0.3467649	0.90794903	0.43093798	0.28875223	0.278486	0.74775183	0.4700064	0.76653844
31070	0.46422064	0.38240388	0.50810415	0.18741877	0.94213986	0.91574585	0.83960575	0.13198613	0.3910601	0.49576566	0.17175047	0.7226523	0.28452548	0.36461085	0.9099484	0.36805618	0.33198234	0.2657422	0.72100425	0.6196748	0.78603023
31077	1.0046557	0.34727097	0.46424454	0.21987417	0.96774656	0.8314709	0.3524999	0.22386295	0.88617116	0.5097177	0.31521535	0.91959673	0.33968034	0.76140743	0.27547374	0.53785247	0.44054246	0.2787397	0.75627285	0.5777571	0.8101268
31083	0.9133346	0.5081181	0.52264565	0.26542786	0.8229213	0.5885326	1.0143613	0.15307803	0.6724109	0.52872175	0.27126336	0.67183405	0.28675935	0.7978886	0.7593899	0.5696311	0.4593076	0.33023137	0.6166255	0.6168475	0.5175451
31089	0.68395454	0.4046347	0.7531066	0.2142882	0.95841694	0.94611335	0.58484024	0.17233688	0.27405354	0.5729088	0.21507157	0.48238185	0.2952357	0.354517	0.8858171	0.39607695	0.32518953	0.35201696	0.75112426	0.6670195	0.79542893
31098	1.0517751	0.3440934	0.35791	0.18665534	0.9540865	0.93669134	1.0250899	0.14157772	0.2712628	0.47423393	0.17553441	0.88134193	0.30599543	0.3644162	0.92615354	0.3769292	0.34380805	0.25861496	0.81880057	0.6738877	0.8165069
31114	0.37477285	0.6429373	0.89898556	0.42370793	0.25562653	0.9222088	0.26837474	0.74205315	0.3472803	0.6783176	0.69295824	0.3758733	0.49058396	0.5210835	0.29924998	0.5763022	0.27722222	0.26048136	0.73400486	0.3718716	0.71278906
31116	1.044755	0.32273558	0.33569294	0.23198557	0.92351073	0.83665967	0.96342415	0.16429588	0.8542566	0.5022784	0.19386418	0.930411	0.34345317	0.6843299	0.72509205	0.49013048	0.46187022	0.7876665	0.8243334	0.62857616	0.8017112
31118	0.6353198	0.32349136	0.7349462	0.20462	0.9331598	0.9656774	0.505243	0.13232656	0.31082666	0.520579	0.16432968	0.66656077	0.27335325	0.29264605	0.92598355	0.37590617	0.33153486	0.27342743	0.7272373	0.6280596	0.77383864
31124	0.6381629	0.5413358	0.27746248	0.18078218	0.94124454	0.53246146	0.32876688	0.7248496	0.4911691	0.52762663	0.50712526	0.4716859	0.467828	0.7091206	0.2591307	0.65922564	0.9126032	0.9583342	0.68560404	0.66097116	0.715926
31129	0.56284046	0.85930616	0.78264964	0.2164635	0.8972984	0.90125716	0.3432659	0.7415766	0.736697	0.6501965	0.2561242	0.6134683	0.62802404	0.5974069	0.27612534	0.6299261	0.8710411	0.653693	0.7706286	0.6866497	0.7443978
31141	0.7946729	0.82782	0.8214031	0.22379223	0.8809269	0.7778114	0.7026556	0.7014935	0.2786546	0.63682705	0.32771453	0.6368688	0.63182396	0.31790832	0.3932661	0.5784265	0.60394317	0.5487153	0.6922593	0.64222836	0.50931805
31143	1.0069269	0.4114912	0.49218944	0.20962308	0.96692157	0.65923864	0.9918914	0.22397023	0.2204377	0.38392463	0.18855448	0.9455924	0.41436565	0.35320196	0.581288	0.46295524	0.54269886	0.50546557	0.8967282	0.6314578	0.7138604
31145	0.35579368	0.74117523	0.68495405	0.41828737	0.72578096	0.7255696	0.38858336	0.57686275	0.4118157	0.5302192	0.4241516	0.5581586	0.54336476	0.6390129	0.30347675	0.64241076	0.7271815	0.5149137	0.8594157	0.6410856	0.6965018
31146	0.31396785	0.7592366	0.8560656	0.7991375	0.34300527	0.60150373	0.29239136	0.7080263	0.6606165	0.5758653	0.4758549	0.623342	0.5285576	0.7485483	0.29192218	0.6523231	0.28392893	0.22126977	0.8084577	0.34117228	0.49954462
31147	0.9835239	0.5277195	0.36992577	0.3281405	0.7685263	0.71885633	0.33778852	0.20343491	0.37682265	0.49077117	0.24056226	0.8955604	0.37291723	0.8209151	0.32123092	0.45683149	0.55822104	0.47668388	0.8870286	0.5759634	0.7626056
31154	1.006604	0.4957024	0.39106858	0.20100355	0.88869107	0.5711331	0.51947147	0.29858065	0.91334313	0.38303432	0.19315137	0.82273173	0.4355965	0.8613585	0.29758492	0.6564325	0.86066556	1.0100328	0.85245705	0.65054727	0.58469296
31174	0.6534885	0.8993109	0.69096524	0.2439351	0.8971023	0.91044253	0.3707524	0.81160235	0.21535265	0.61812234	0.24871764	0.6672933	0.72192883	0.32447717	0.28014842	0.48370817	0.8011278	0.49748465	0.7766509	0.66364694	0.8190254
31177	1.0263096	0.42035604	0.27090207	0.26066318	0.8988318	0.5031212	0.49693918	0.8912606	0.18033603	0.42252582	0.21442711	0.89756143	0.63541394	0.26167274	0.2865405	0.6464046	0.8711423	0.99693346	0.8756775	0.6097554	0.50947285
31179	0.41548347	0.8250514	0.57330894	0.70784366	0.39256707	0.9456401	0.24382624	0.8664845	0.23795879	0.6086607	0.5419645	0.681141	0.6750213	0.2805465	0.25502732	0.7107327	0.6948806	0.695397	0.80008566	0.53160906	0.6681711
31180	0.86524373	0.5789416	0.42062864	0.2225251	0.8650358	0.49244124	0.29971468	0.13361306	0.68668664	0.40570948	0.27184927	0.5794861	0.33325735	0.76317286	0.26380855	0.65451	0.48008925	0.8530419	0.712962	0.61283624	0.4865501
31181	0.57849234	0.4099588	0.33880258	0.8051535	0.1692813	0.94233614	0.7342754	0.6691112	0.72228354	0.4253438	0.9691328	0.9256665	0.3953479	0.35315725	0.58452713	0.8598273	0.2426654	0.21534592	0.88980216	0.24588506	0.81977254
31183	0.9123178	0.33647427	0.51200354	0.82253814	0.15189058	0.6984505	0.5846236	0.13971686	0.9123669	0.508937	0.7641402	0.72652054	0.33322573	0.5558189	0.34921727	0.8367518	0.2802371	0.25723994	0.8096782	0.2860149	0.5839427
31203	0.3373599	0.60669875	0.771587	0.7956979	0.37851164	1.0111686	0.25063506	0.82284886	0.25229228	0.69552004	0.7307445	0.70778346	0.64909494	0.43008572	0.2803975	0.8055541	0.24885045	0.22247615	0.8693859	0.3265945	0.6726218
31207	0.75962996	0.55127907	0.48431158	0.98288804	0.14667994	0.89857554	0.51558095	0.63696194	0.8826159	0.459266	0.91351694	0.67917794	0.5002935	0.83761364	0.28574494	0.7472749	0.28589717	0.24174204	0.8021155	0.31300056	0.65946853
31220	0.6754129	0.44186357	0.36896014	0.9965729	0.159143	0.6662095	0.38824564	0.15440822	0.9265682	0.46049687	0.78558236	0.77162737	0.6506839	0.8210982	0.24328074	0.78723156	0.27070302	0.22205792	0.806142	0.2805659	0.5624545
31227	0.89206797	0.6062933	0.37182724	1.0470237	0.17790735	0.59339476	0.40608072	0.33581787	0.828552	0.47490916	0.91376257	0.48227894	0.43838933	0.8848205	0.33005905	0.8033792	0.26617247	0.22317982	0.61944664	0.28614727	0.41070002
31233	0.9868082	0.93185425	0.7655185	0.2243847	0.9195317	0.8181907	0.33693546	0.6063257	0.8059527	0.5019979	0.23872875	0.79751694	0.57329476	0.79273677	0.30759302	0.45463344	0.8516971	0.45979697	0.8632043	0.63570476	0.84446543
31234	0.9329973	0.51888126	0.48489037	0.76305723	0.34690768	0.7885674	0.3626144	0.51294655	0.74426377	0.45453653	0.7913457	0.75360394	0.44827247	0.8628333	0.30316794	0.6008881	0.38767138	0.8122959	0.7787703	0.5324149	0.520919
31240	0.965443	0.4298717	0.30310026	0.9548379	0.14203829	0.8036859	0.45965683	0.13685356	0.744128	0.44183668	0.81846887	0.60616225	0.31142038	0.82231754	0.46362936	0.8624782	0.2512457	0.21288872	0.7613783	0.26963633	0.54286957
31269	0.43136218	0.6034432	0.3215529	1.0461724	0.15765476	0.86006737	0.2802776	0.78520197	0.61712617	0.45680916	0.8481649	0.47689778	0.39636812	0.76106036	0.2798249	0.77446216	0.23718493	0.23429415	0.7508095	0.26205835	0.5830684
31280	0.84394246	0.75821346	0.41536462	1.0173197	0.1783523	0.46190646	0.32996416	0.18934178	0.80756086	0.44825423	0.83513975	0.4093664	0.56245124	0.8232231	0.24336776	0.788086	0.23785408	0.21557982	0.644123	0.2556671	0.35246298
31285	0.9293572	0.57916766	0.4999022	1.0089792	0.14131835	0.55809677	0.34821147	0.20250335	0.7805926	0.4278369	0.7793831	0.6540531	0.61922485	0.84044814	0.26166067	0.8083748	0.25110364	0.22734182	0.743847	0.27748576	0.55685043
31286	0.49456027	0.44204646	0.5815885	0.94571275	0.7624666	0.59717685	0.32760262	0.23419996	0.89911234	0.50465465	0.53647447	0.6296319	0.60854053	0.8913587	0.25468424	0.73625886	0.34178305	0.26030472	0.7365454	0.34774306	0.48566994
31292	0.9709792	0.5180623	0.24160892	0.9855632	0.14598507	0.471733	0.5651034	0.15372455	0.676767	0.4131013	0.6771792	0.62312835	0.39716133	0.8219457	0.39142963	0.75528365	0.265257	0.248798	0.66791457	0.27149403	0.42784032
31304	0.88144815	0.49771473	0.5846913	0.9223694	0.3302619	0.73378426	0.40584952	0.57807654	0.8677739	0.6181062	0.74137324	0.71673524	0.90713525	0.7219711	0.29632834	0.86105156	0.27019823	0.25100517	0.8884454	0.30225858	0.67553747
31307	0.78713393	0.5234521	0.3125408	0.77986115	0.31665263	0.8796499	0.3988276	0.2101661	0.6778032	0.45592657	0.85309106	0.7115409	0.36269918	0.48237935	0.269497	0.48573864	0.38377982	0.69794255	0.81906897	0.45313638	0.680881
31313	0.5501696	0.93810606	0.7179458	0.6090531	0.37747246	0.80403197	0.64553994	0.46514487	0.74730647	0.5588972	0.71010286	0.8305547	0.69509375	0.7421049	0.35194433	0.5059397	0.38692516	0.2879169	0.7141121	0.41785887	0.7196775
31317	0.78706247	0.6885177	0.5518156	0.25904104	0.8379341	0.9129358	0.40738267	0.6240414	0.54418105	0.5863434	0.3902745	0.84747833	0.80309755	0.6707524	0.28592318	0.5587318	0.8150573	0.3769697	0.80431265	0.65290356	0.7739907
31330	0.73107713	0.5634441	0.49129993	0.31523	0.8047704	0.53550476	0.6808541	0.15712515	0.7188413	0.47926852	0.2895891	0.87504864	0.58206874	0.85297894	0.29712552	0.41221523	0.34570011	0.8085875	0.79734844	0.3829099	0.51482743
31332	0.7431667	0.5507822	0.7190404	0.67622113	0.40839466	0.6711403	0.4037423	0.7678026	0.2798793	0.5160075	0.69105893	0.7751104	0.93671155	0.4401924	0.23783803	0.8006171	0.28503433	0.29980445	0.70702946	0.59338355	0.4871563
31338	0.37995294	0.70409596	0.58006746	0.8585467	0.27942356	0.86080134	0.2673071	0.66522694	0.834493	0.5267357	0.8287356	0.7340282	0.60552514	0.8348896	0.23246542	0.7378918	0.2639422	0.20774321	0.8346862	0.32900548	0.5432913
31340	0.2971769	0.41408482	0.7764503	0.8267606	0.48811582	0.9545224	0.3329093	0.7110432	0.27028716	0.6790155	0.91500866	0.774637	0.8165805	0.5013136	0.3028528	0.6865737	0.26648468	0.24991962	0.8413405	0.31794763	0.66906464
31346	0.54527336	0.42205685	0.7129491	0.5499905	0.4327323	0.5834394	0.33762568	0.82303685	0.17009994	0.6680197	0.6427038	0.86632425	0.95142233	0.45536265	0.2848943	0.74656415	0.2668021	0.27086598	0.87788516	0.5961056	0.4356626
31347	0.53739226	0.5202477	0.50837094	0.8306068	0.20481765	0.8263767	0.34921116	0.3701709	0.8235606	0.5375588	0.63213795	0.69756746	0.6848062	0.84777546	0.32557642	0.64161193	0.29967242	0.2466386	0.6816703	0.3248128	0.526908
31360	0.9976415	0.4580469	0.36636776	0.5191383	0.7804656	0.7806465	0.32534295	0.34609163	0.9066189	0.512482	0.27577358	0.7829631	0.53847986	0.8409987	0.3184598	0.5470672	0.28414303	0.24489641	0.83668935	0.4865474	0.7183268
31361	0.97000706	0.64188725	0.7494525	0.64233744	0.76904625	0.56722087	0.25220537	0.17873159	0.65343344	0.46538958	0.25664783	0.90968025	0.43046978	0.8118677	0.34056482	0.55305684	0.34330288	0.5259462	0.8298402	0.5552145	0.68606544
31378	0.2886545	0.7092058	0.34502426	0.45941758	0.83627236	0.8553691	0.34193504	0.38096994	0.8546701	0.44677994	0.4430664	0.7934182	0.70519876	0.85248494	0.2457839	0.5614853	0.30315983	0.56333864	0.8577543	0.43903035	0.7441482
31382	0.5324162	0.47850955	0.48524156	0.85966367	0.30128735	0.9003462	0.30845928	0.2578447	0.763004	0.45518592	0.8246371	0.47177207	0.34701762	0.88225496	0.31858596	0.7446888	0.2696236	0.28987736	0.65682006	0.28016764	0.49336776
31387	0.70639163	0.54419446	0.53549325	0.6961416	0.50205296	0.4961549	0.34322387	0.1743299	0.61422217	0.42121467	0.58670074	0.70392954	0.34941262	0.86112964	0.28471705	0.7372935	0.34025934	0.6477554	0.7625227	0.41781852	0.41656777
31390	0.95156276	0.54814434	0.3176077	0.7633822	0.40516248	0.86284524	0.5141945	0.6807773	0.36401418	0.55805284	0.62035716	0.6898563	0.7305383	0.69178104	0.3019435	0.68708956	0.29112455	0.31334808	0.8379131	0.42987737	0.76124364
31398	0.7077185	0.8862454	0.6294982	0.275733	0.87638485	0.7756089	0.5385956	0.5448909	0.7017842	0.5253681	0.32352585	0.7860666	0.59861916	0.74886376	0.30155513	0.4905296	0.63358814	0.33572364	0.7674696	0.6431718	0.7927179
31415	0.57369524	0.5218534	0.82603216	0.7337198	0.20311305	0.53725994	0.35588312	0.3897044	0.5915423	0.5308963	0.5587206	0.53169906	0.6842285	0.772173	0.2705857	0.746792	0.27082568	0.23060767	0.73503965	0.33300886	0.51857203
31421	0.98915476	0.6058723	0.2506008	0.6424368	0.6202503	0.67430604	0.48769146	0.2738336	0.4526169	0.45884535	0.605384	0.8212221	0.45947406	0.8113273	0.41533682	0.68668157	0.3169314	0.23571682	0.7402732	0.45174035	0.6701441
41006	0.2717815	1.0988983	0.94039816	0.4858139	0.21408421	0.3745247	0.2704283	0.72670454	0.1801	0.6403112	0.71193224	0.38607886	0.89163727	0.21645929	0.26689002	0.6726023	0.2565213	0.25639832	0.62123966	0.30760345	0.42258796
41007	0.28533986	1.0136366	0.8771697	0.5728844	0.31478316	0.47822574	0.26790184	0.7537186	0.27223685	0.666793	0.6020788	0.39658573	0.87554044	0.18922383	0.26388347	0.76420945	0.30456492	0.24630074	0.7811951	0.30826694	0.4754656
41013	0.8937214	0.70738155	0.8117545	0.52646476	0.33067372	0.5371338	0.26665688	0.11962883	0.73933434	0.41245452	0.4887672	0.4347886	0.38642737	0.8578032	0.49020255	0.7385309	0.30474523	0.26811907	0.65339094	0.35594213	0.48745242
41017	0.3124502	1.013463	0.9116944	0.42140934	0.5558972	0.5794491	0.32167143	0.6188182	0.2711716	0.64190805	0.43587634	0.66025025	0.9237889	0.60792387	0.36100832	0.7261961	0.34550226	0.24904382	0.86755365	0.36677325	0.4873741
41018	0.35070232	0.83321136	0.83475506	0.4646527	0.71008444	0.7484689	0.32687747	0.3727827	0.39201835	0.70049834	0.42017335	0.7655982	0.67812896	0.63689584	0.41619915	0.5547407	0.36962008	0.27523237	0.54298407	0.5777595	0.48537436
41020	0.35628977	1.0497106	0.92171395	0.5473219	0.3680967	0.41705313	0.43094528	0.8364833	0.22712907	0.6551672	0.5153993	0.36663505	0.9466256	0.32127944	0.31323385	0.6541179	0.3660083	0.33583227	0.74314976	0.33679417	0.39809743
41023	0.2507924	0.9997701	0.80836725	0.58639127	0.28953296	0.85793704	0.306392	0.31369364	0.24201381	0.6033771	0.6974652	0.41793716	0.39534217	0.26884004	0.5757694	0.63477564	0.2536341	0.21775056	0.58457386	0.35871473	0.5137955
41045	0.45646405	0.7423261	0.54731387	0.84264255	0.15122849	0.9655642	0.32423484	0.7248756	0.6639057	0.58093435	0.8039555	0.74009174	0.41162273	0.79430896	0.29684085	0.5634387	0.31328356	0.32285684	0.7064029	0.3596495	0.61520296
41049	0.85264784	0.5672257	0.34618512	0.97653866	0.16861099	0.5368296	0.31925493	0.31348476	0.7760246	0.41884106	0.8604116	0.68356514	0.6328095	0.78544736	0.24511093	0.8175471	0.25544938	0.21695688	0.69947934	0.26298112	0.4214232
41051	0.24081215	0.7677464	0.7429794	0.36008433	0.6425062	0.40792146	0.26493454	0.39940703	0.5382785	0.60489726	0.5310861	0.3666409	0.4420311	0.72569746	0.36614594	0.7568196	0.28323492	0.24821304	0.43113005	0.49421573	0.4848893
41052	0.47511813	0.5000203	0.5608817	0.9227555	0.18844995	0.8917751	0.34508014	0.7939537	0.56087595	0.6675204	0.9487402	0.69628316	0.9864165	0.65475076	0.2590303	0.7496089	0.26984414	0.23038471	0.89597833	0.2647438	0.5809448
41058	0.30667388	0.78759706	0.80134237	0.79380506	0.43498436	1.0196681	0.24644578	0.839415	0.28930545	0.72022736	0.85191345	0.67574185	0.6056259	0.46575737	0.28506345	0.81120944	0.25059363	0.21737656	0.837514	0.36343133	0.72629374
41082	0.41913238	0.765852	0.68312454	0.98018235	0.18712255	0.5835946	0.24591702	0.800707	0.43717945	0.48973587	0.853373	0.5391103	0.65025085	0.5111568	0.23509473	0.7434911	0.25341254	0.2129722	0.8206384	0.29366562	0.5147772
41097	0.58955455	0.401889	0.38762605	0.6377607	0.40144792	0.91874593	0.8147986	0.30584973	0.4344321	0.6541722	0.6855233	0.70714486	0.4799205	0.7359764	0.4631967	0.5211872	0.31392908	0.24376553	0.8448585	0.5406854	0.63690406
41102	0.5451348	0.5889803	0.39877114	0.96393645	0.42262986	0.5801696	0.5529309	0.15034002	0.7452965	0.5777304	0.578332	0.4391202	0.34516302	0.8383379	0.53483295	0.5736711	0.32065085	0.37192947	0.6868023	0.43474904	0.54550916
41109	0.6003248	0.5834166	0.33513153	0.6789839	0.34147653	0.67562056	0.65430117	0.2133612	0.46604255	0.48190567	0.27841178	0.91060865	0.7853868	0.67016256	0.23450425	0.53981185	0.31603128	0.28840852	0.7188454	0.37227294	0.6103628
41111	0.93038	0.5053439	0.36920574	0.9562899	0.25044912	0.5356059	0.35922062	0.1712973	0.837449	0.47635332	0.48938644	0.67392784	0.4884568	0.8255474	0.3117727	0.65502036	0.3217078	0.9853108	0.75856835	0.3646058	0.56763583
41128	0.31253022	0.62849855	0.56233305	0.98727596	0.21432623	0.7261913	0.26034886	0.8148709	0.4135135	0.49570423	0.8756021	0.43555787	0.6232666	0.64084554	0.23975605	0.7899771	0.22569978	0.19923028	0.8091838	0.27036923	0.54649127
41142	0.38854498	0.914987	0.72653997	1.0600513	0.19834468	0.83091104	0.2753426	0.8258839	0.47872734	0.64357907	0.86960435	0.51493776	0.74998856	0.58881724	0.32165122	0.7073477	0.28883046	0.26152343	0.8253036	0.29383805	0.5769165
41167	0.31215566	0.8220197	0.7730649	0.83581513	0.28244862	0.7353793	0.21381466	0.82786214	0.23757032	0.62011945	0.7742038	0.43619633	0.8184572	0.23526286	0.33196574	0.71501154	0.2593513	0.232969	0.8465691	0.29211116	0.72057253
41201	0.5235853	0.8541363	0.8611047	0.9029531	0.2035859	0.93415207	0.34573376	0.7402974	0.816255	0.66254365	0.8229842	0.63149226	0.7275649	0.6305808	0.29669133	0.65294385	0.27429757	0.45664868	0.7291067	0.36468887	0.74296606
41202	0.37095982	0.7878749	0.81025374	0.7984141	0.44504958	0.86711234	0.26350975	0.6535426	0.2827539	0.68686837	0.7019651	0.6679983	0.75522786	0.4038667	0.27253753	0.70096505	0.27474886	0.23230079	0.9291243	0.3488987	0.76346797
41208	0.93897825	0.63007003	0.47602582	0.76459926	0.39621124	0.6313333	0.32858354	0.55934846	0.6363505	0.44830024	0.48465413	0.5522703	0.5116347	0.6584809	0.41887897	0.71464825	0.3096777	0.24540964	0.8188931	0.4337399	0.7167978
41209	0.57431126	0.8004078	0.50574213	0.9506886	0.19103849	0.64257383	0.29160273	0.6668106	0.6200618	0.51341134	0.7559221	0.57056427	0.6977798	0.7634176	0.26210272	0.76254284	0.3282788	0.27186403	0.7159342	0.30151403	0.45158887
41210	0.31538615	0.61682326	0.363017	0.9926425	0.21147272	0.8880274	0.35826653	0.7244753	0.46691033	0.49833986	0.89626163	0.59594333	0.3991395	0.7203335	0.27447414	0.78005123	0.26361534	0.22228983	0.8144807	0.29264677	0.566355
41220	1.0353651	0.42578372	0.25943086	0.45941398	0.56430864	0.82870954	0.8082198	0.3151829	0.3479857	0.4162444	0.4376021	0.86185217	0.5066815	0.38933256	0.44413388	0.51100653	0.40027618	0.29108706	0.81240267	0.56099176	0.6899572
41225	1.0442336	0.4066253	0.29093763	0.47296005	0.53324926	0.8513482	0.5164447	0.16238892	0.93017644	0.42423856	0.3079629	0.9001706	0.3569417	0.8094882	0.2765299	0.49903575	0.42312962	0.9831152	0.8786149	0.5222313	0.77248985
41228	0.9686292	0.49631426	0.33950227	0.41753858	0.8483124	0.89706284	1.0011686	0.15601051	0.24917716	0.4620474	0.22821398	0.84917635	0.2586816	0.27045268	1.0131654	0.39882934	0.3710555	0.27252844	0.7596841	0.61271214	0.8076512
41236	0.32895863	0.816268	0.6735895	0.77688754	0.33584857	0.6858823	0.47075516	0.15762466	0.65199554	0.5978398	0.6488157	0.45824218	0.4154002	0.82591635	0.53753716	0.55652153	0.35408702	0.2714794	0.52212054	0.4405364	0.5563001
41239	0.72646475	0.40707418	0.37643057	0.6262857	0.29734588	0.9980392	0.57532537	0.15085125	0.29639143	0.43732348	0.4643527	0.70226467	0.2528124	0.67070746	0.40150687	0.45866948	0.27064878	0.24168676	0.76650345	0.4329663	0.7774817
41251	0.31824198	0.5273463	0.82029325	0.9540214	0.15758255	0.99508876	0.25470775	0.79754823	0.30387378	0.67197394	0.8072346	0.4236794	0.6379844	0.46437266	0.29973593	0.6883899	0.2818463	0.27151933	0.72455585	0.32987607	0.62960637
41260	0.80846244	0.53311276	0.52489704	0.92830986	0.26377264	0.9290628	0.5005995	0.6590745	0.73587084	0.5719361	0.8079386	0.5859247	0.7033877	0.6204762	0.2870691	0.6603459	0.2816964	0.2792228	0.7521397	0.39692768	0.79978025
41262	0.4631604	0.50894976	0.737419	0.70011735	0.33548555	0.94867957	0.3315565	0.7111507	0.80320156	0.5963517	0.8996645	0.88762814	0.3635604	0.73367	0.37038574	0.6734774	0.2526205	0.24102025	0.86952454	0.30790293	0.7774725
41271	0.5427309	0.40138733	0.4838856	0.4004111	0.7186945	0.8401054	0.72203666	0.15012707	0.6678342	0.46486703	0.24511102	0.80294317	0.25924549	0.7519802	0.739388	0.3980112	0.30290002	0.30127335	0.77748054	0.5434463	0.70365757
41278	1.0130917	0.39582565	0.4033369	0.81183505	0.6938383	0.85786057	0.63525957	0.19142348	0.8484619	0.49860847	0.7606961	0.86479175	0.37864006	0.8147831	0.47484317	0.7220857	0.35939315	0.2474839	0.80096364	0.4112441	0.6599127
41287	0.4063868	1.0191879	0.9104917	0.6252294	0.30718878	0.50197774	0.8632181	0.5071212	0.20126748	0.63479745	0.7376909	0.37490144	0.54943407	0.26281726	0.64646673	0.62935144	0.2765573	0.25962916	0.43616137	0.32446745	0.4431986
41296	0.9949743	0.38914093	0.29668212	0.39406997	0.9218639	0.6413792	1.0644116	0.1459436	0.7345036	0.45699024	0.18543641	0.70982754	0.26165915	0.86877066	0.6307529	0.4290534	0.4947731	0.9240045	0.78999573	0.62532806	0.7025314
41299	0.29873163	0.53548664	0.8439703	0.91514695	0.21211275	1.0230747	0.21949983	0.89662725	0.306672	0.7109261	0.9534762	0.51952577	0.5990274	0.28909674	0.29251316	0.79478467	0.2380242	0.20750555	0.76828444	0.32338604	0.5887282
41311	0.43452942	0.46403304	0.5475298	0.771894	0.3600237	0.869824	0.43898064	0.77228767	0.70955515	0.6393155	0.8159635	0.805768	0.64770806	0.733782	0.24116561	0.65320784	0.31490797	0.2584307	0.88418645	0.39406377	0.8143438
41319	0.89760584	0.60718626	0.33182287	0.3955213	0.75386006	0.75922036	0.2976715	0.29235238	0.48049298	0.45493472	0.32652253	0.71214145	0.41950756	0.78963464	0.31496987	0.62231773	0.626093	0.7480062	0.8107487	0.5955144	0.6848417
41343	0.6679014	0.43123066	0.41506943	1.031737	0.18711993	1.0396606	0.28277278	0.83838147	0.48948142	0.57315344	0.9089472	0.55851185	0.47822085	0.7219585	0.2843273	0.8183573	0.24095476	0.20609987	0.74054605	0.2536872	0.5282561
41348	0.41843915	0.56270516	0.8178466	0.8872887	0.3093209	0.8998085	0.34350467	0.7904042	0.5913784	0.7181114	0.9310593	0.70578223	0.89481556	0.6254695	0.23101011	0.75394166	0.26644582	0.2094893	0.8748067	0.32473788	0.6668293
41349	0.33492452	0.8476485	0.86997163	0.49094617	0.7076615	0.9850045	0.38035595	0.41751575	0.4207501	0.5222803	0.7595666	0.7178676	0.33085838	0.8378126	0.30322567	0.5349962	0.28440443	0.2416444	0.5986324	0.56629694	0.66733795
41352	0.25432408	0.8593449	0.8393396	0.6429679	0.4039639	0.43889487	0.321343	0.2833346	0.49308822	0.4647499	0.73944193	0.6553526	0.70797205	0.7187994	0.35927367	0.7813473	0.25888047	0.30634376	0.6063608	0.32823563	0.5137243
41360	0.35653615	0.60449815	0.4794489	0.4178441	0.8381454	0.9760184	0.41832423	0.40841863	0.26776102	0.6003446	0.72504014	0.81145716	0.40750074	0.7521399	0.35810485	0.5925953	0.26776794	0.22813825	0.8593492	0.46742952	0.791507
41363	0.40307933	0.542421	0.59053135	0.6817032	0.7291933	0.64832455	0.31271857	0.7477412	0.35662332	0.6136367	0.74091864	0.4786427	0.714338	0.8093139	0.29414853	0.67855567	0.237141	0.21408524	0.8987427	0.29182336	0.45927578
41377	0.62988275	0.5567661	0.43503013	0.21884765	0.91511554	0.7037082	0.3529212	0.124568805	0.851373	0.47121847	0.22055784	0.6447145	0.2718265	0.8638414	0.3228122	0.45862368	0.8711564	0.86726785	0.760212	0.6015092	0.75651866
41378	0.3269191	0.62317157	0.90289176	0.24102788	0.89618427	0.76941156	0.25071007	0.7265588	0.28019336	0.59142345	0.21787569	0.64013535	0.34355068	0.42648122	0.6895936	0.4144133	0.32683897	0.28139633	0.7255776	0.61398447	0.78736997
41397	0.44960877	0.83762777	0.6383052	0.7274992	0.44535843	0.6700134	0.31245726	0.6602268	0.38207358	0.6721907	0.74001	0.5581762	0.8200764	0.77675956	0.6710121	0.66659415	0.2641985	0.21811661	0.7125894	0.35635233	0.60826516
41402	0.3292773	0.4629663	0.9335486	0.94275904	0.19747856	0.97537094	0.25381535	0.7708973	0.36788052	0.7032198	0.92149323	0.393356	0.5415159	0.5007201	0.29352865	0.7477165	0.29075527	0.24370758	0.79264146	0.29403624	0.7403071
41407	0.97946376	0.38166165	0.2946392	0.20317456	0.93697375	0.94612473	0.54771227	0.68051213	0.2733153	0.41372824	0.3008941	0.9317884	0.52051806	0.41894722	0.27019325	0.47287765	0.89860183	0.7266678	0.8476722	0.67867637	0.8510479
41415	0.87707114	0.45976043	0.4696806	0.23736353	0.86500525	0.9603689	0.7267458	0.44879967	0.42545027	0.5397182	0.27291518	0.6209193	0.36779532	0.7429344	0.3430487	0.6523912	0.34560078	0.29330298	0.717399	0.585999	0.66014415
41425	1.057995	0.3776775	0.29218897	0.19228338	0.87733704	0.80489796	0.9670893	0.18497288	0.8263334	0.45184442	0.20016003	0.87563646	0.28777942	0.77770704	0.39246193	0.3862361	0.4512626	0.5377558	0.8562353	0.61955655	0.7802737
41448	0.51780134	0.4770918	0.501849	0.23177564	0.9009869	0.9816994	0.5006385	0.13986516	0.2370764	0.4997943	0.15190417	0.85629284	0.27004105	0.41184938	0.87806696	0.39581528	0.34198457	0.32650527	0.8548304	0.61131287	0.80676705
41479	0.9927642	0.37482616	0.5161797	0.17973916	0.9793365	0.81923336	0.53867394	0.14660971	0.28805152	0.49289387	0.16490254	0.8301866	0.25544587	0.35014006	0.9626712	0.37510392	0.2960455	0.25037462	0.7706784	0.6304532	0.7989349
41481	0.9600077	0.4935494	0.43804637	0.20070012	0.924594	0.8766509	1.0062896	0.18070123	0.38998023	0.46463522	0.40860295	0.7811334	0.35809144	0.4141369	0.6014484	0.61183494	0.4084417	0.31738323	0.8340474	0.5675317	0.78870225
41503	0.70159304	0.61371636	0.6112174	0.66744876	0.1727353	0.60240424	0.39619166	0.13422066	0.8567381	0.4611168	0.5046307	0.57954013	0.41656524	0.8723001	0.42327574	0.59417105	0.2892275	0.23552194	0.60143393	0.32139024	0.49670655
41507	0.7177099	0.75668365	0.5772549	0.30950406	0.6748122	0.8432884	0.6072624	0.20066287	0.5396172	0.6105558	0.575681	0.5865594	0.33200112	0.8500726	0.40195408	0.62530935	0.29906002	0.22253026	0.7741676	0.5543406	0.65848154
41515	0.33419725	0.94498014	0.90517116	0.52721786	0.637116	0.639294	0.37010956	0.7210305	0.42658126	0.67082065	0.7598971	0.39182234	0.7615522	0.5365407	0.3765472	0.6294132	0.26562256	0.23493996	0.42108715	0.4743528	0.4677795
41529	0.6693	0.3977703	0.30799147	0.19411013	0.95461226	0.7670449	0.26570678	0.24737477	0.8841903	0.46591252	0.23931113	0.81703615	0.42039022	0.8422081	0.2307474	0.5181627	0.87052315	1.0809705	0.8481345	0.6760739	0.846446
41548	0.8286517	0.43149078	0.36080346	0.49390098	0.32764772	0.77279496	0.31487626	0.7021715	0.45942363	0.5008737	0.5024401	0.6788632	0.5014291	0.68055606	0.2749807	0.8004644	0.3973955	0.31974816	0.78315634	0.35727036	0.5809917
41581	0.8847677	0.37346	0.40708283	0.26806164	0.9224741	0.94416565	0.4151855	0.71538913	0.8628026	0.55761534	0.93788236	0.90270555	0.5822277	0.6146808	0.30136782	0.40475583	0.29039583	0.99714094	0.92985636	0.66476214	0.84628713
41583	0.9449537	0.8150295	0.5810073	0.23876224	0.88089556	0.9500667	0.24818067	0.6866949	0.5326921	0.55197585	0.3495748	0.8113452	0.5182205	0.8597621	0.24545118	0.53147477	0.6375319	0.5983681	0.89648724	0.66063464	0.8219003
41586	0.77344745	0.6106974	0.5001052	0.24972607	0.8721617	0.72620875	0.3262595	0.44525102	0.7945869	0.49991482	0.3441252	0.74738884	0.53409815	0.7349685	0.22758773	0.6839932	0.88102704	0.7577658	0.8069182	0.6476501	0.77397865
41589	0.9378124	0.7484184	0.5170084	0.36555293	0.83299094	0.7051262	0.37491935	0.8116708	0.27242118	0.48599166	0.4057245	0.8187079	0.59417534	0.32509902	0.3134143	0.7171718	0.7211618	0.3634941	0.8673091	0.59663486	0.6239405
41600	0.41026852	0.52543116	0.53019965	0.21038929	0.94815314	0.8529692	0.28481758	0.76008254	0.6453423	0.53312546	0.24916494	0.77982426	0.5059572	0.7691936	0.2408489	0.6138743	0.93895847	0.88910294	0.8359702	0.63399243	0.82236266
41606	0.76861405	0.65297174	0.509184	0.20271577	0.96064353	0.749339	0.4603039	0.6712624	0.39832374	0.56734383	0.21091902	0.6739359	0.58034396	0.5521218	0.29463398	0.42453322	0.84443265	0.6130981	0.8476509	0.6329632	0.7899388
41607	0.3123744	0.9394268	0.8905825	0.30746192	0.719142	0.7074264	0.5202177	0.5970616	0.764996	0.67365175	0.3263027	0.58211356	0.59989977	0.7165576	0.40373316	0.38248822	0.46082664	0.47908258	0.7569463	0.5402783	0.78226274
41621	0.8990082	0.37899834	0.5239748	0.8599464	0.16711041	0.7426486	0.6100137	0.18096155	0.8102002	0.4432763	0.7377883	0.8103756	0.3491168	0.74655557	0.32863337	0.85045624	0.26282018	0.23105761	0.7208874	0.2554458	0.45976734
41628	0.9874689	0.46793696	0.29024422	1.034131	0.13684277	0.8815998	0.42227793	0.4282458	0.9317088	0.4187328	0.9315698	0.7793301	0.5680177	0.7738685	0.2737095	0.81766564	0.25033727	0.23548333	0.7385356	0.26742676	0.62055624
41629	0.42087686	0.8370788	0.66651624	0.893797	0.2625194	0.78031975	0.435665	0.2444824	0.71160394	0.5910818	0.7837083	0.65715677	0.37550506	0.87585086	0.5647194	0.62110245	0.29584572	0.2393923	0.80522686	0.32445782	0.69931287
41630	0.93784124	0.5542195	0.34554538	0.99593234	0.14524987	0.5182687	0.35704267	0.21776785	0.849299	0.4187055	0.9216555	0.64760745	0.66020733	0.8170668	0.24676654	0.85713947	0.24112888	0.22064203	0.7943039	0.25343663	0.46977758
41632	0.46267614	0.55762863	0.37163052	0.8203632	0.2980633	1.0034221	0.88696617	0.759316	0.33738327	0.4575327	0.8658519	0.85488135	0.35111225	0.18294407	0.6186848	0.4609531	0.35414422	0.27435213	0.8517004	0.4555408	0.83319616
41641	0.6838347	0.7511763	0.6557624	0.95074517	0.19111079	0.6351183	0.32054758	0.2369366	0.8135619	0.5388985	0.8403364	0.54920477	0.5120542	0.8246261	0.2480019	0.7870801	0.2611053	0.24709745	0.6966139	0.30135927	0.6000849
41642	0.88367295	0.37399274	0.2848433	0.87057096	0.13422662	0.7617215	0.6779148	0.17175084	0.83058506	0.4694908	0.789359	0.690053	0.28871644	0.7985294	0.4888615	0.8159612	0.22671993	0.20391728	0.77751124	0.23916586	0.4431357
41648	0.9907908	0.42490166	0.27691814	0.99349594	0.1632534	0.5489993	0.45320135	0.21803664	0.7481426	0.42150566	0.9325188	0.75694215	0.62259763	0.5543334	0.24330539	0.69249463	0.25852302	0.22303262	0.62533265	0.2581532	0.40572175
41651	0.49635622	0.77852726	0.7718634	0.63991827	0.5351572	0.7702354	0.4485476	0.5988255	0.41687304	0.5729715	0.5834752	0.41657686	0.5828435	0.6602037	0.380561	0.6760214	0.29384542	0.2845361	0.7044444	0.53595364	0.6957034
41654	0.34422103	0.5465558	0.5754957	0.8750338	0.27213585	1.0193398	0.24519278	0.8635456	0.3082763	0.6008107	0.80795234	0.56932235	0.61149514	0.2929906	0.29019248	0.7227944	0.2632659	0.22020954	0.8178616	0.3653516	0.6006482
41658	0.9992856	0.59628725	0.5188765	1.0385578	0.18107915	0.6592715	0.34359777	0.22381404	0.8657065	0.49703118	0.89185464	0.8296971	0.64948624	0.8727028	0.2576266	0.7352006	0.2720042	0.2274462	0.76645505	0.2778789	0.5598516
41660	0.5429317	0.604944	0.5160401	0.86393994	0.17992884	0.7585806	0.36498123	0.46136642	0.8821361	0.5397088	0.85211694	0.7262791	0.7729284	0.7746789	0.2602356	0.77762616	0.2610393	0.2756188	0.7610612	0.30080938	0.5417954
41661	0.35073695	0.4113764	0.2923278	0.95873207	0.17088908	0.78328276	0.43923718	0.39503345	0.8411451	0.45378304	0.9428684	0.6984823	0.4683227	0.79636997	0.3511571	0.82876414	0.31530848	0.23528677	0.8311885	0.27376235	0.65138495
41664	0.5645783	0.4953525	0.5552429	0.8319925	0.24044836	0.70724326	0.39084387	0.62196916	0.7744083	0.5613832	0.7545716	0.47010303	0.48447162	0.8754175	0.25509512	0.6963125	0.2812208	0.20222224	0.7471293	0.37476805	0.6581394
41671	0.34685674	0.50117105	0.3705307	0.98101634	0.26073834	0.6377348	0.32206088	0.65603834	0.5684808	0.46065718	0.66725224	0.581644	0.50479543	0.68085176	0.38129547	0.8008867	0.2598519	0.23058605	0.8410258	0.27795106	0.6702675
41674	0.75768423	0.49467602	0.37823188	0.9814287	0.16879737	0.88727826	0.48365808	0.780202	0.71177304	0.4343995	0.82634425	0.6799195	0.515705	0.83920175	0.2652731	0.7852942	0.25128293	0.20436627	0.81360346	0.2992445	0.6459412
41681	0.74798054	0.4997079	0.43123943	0.9028055	0.17236817	0.6197375	0.5098415	0.2334195	0.8588792	0.4497536	0.6361273	0.7022878	0.61980754	0.7770901	0.26379904	0.6789102	0.2749222	0.25410435	0.75316274	0.3129996	0.6040129
41688	0.982681	0.45270783	0.8227419	0.82173425	0.2676271	0.7618053	0.44695407	0.17403302	0.84096587	0.56174177	0.70879394	0.7178157	0.43627968	0.7559213	0.28244573	0.8682997	0.30241147	0.28285196	0.84124386	0.28557733	0.6858881
41693	0.9125661	0.45026764	0.45569775	0.8552827	0.1948615	0.8096135	0.4405731	0.2724224	0.8738108	0.45426136	0.8316291	0.9041067	0.4414609	0.8626202	0.25714043	0.74966776	0.32817128	0.24484242	0.8140679	0.3670208	0.57234544
41722	0.493964	0.56789637	0.7347134	0.87840885	0.20943862	0.6859913	0.36878467	0.6909512	0.5178302	0.6390789	0.73270524	0.62576497	0.7694609	0.7506211	0.23352548	0.80358714	0.37821883	0.804268	0.76395303	0.44437575	0.74902153
41744	0.966265	0.44124538	0.42926633	0.28885338	0.4029081	0.7811418	0.54993474	0.1455933	0.8759885	0.46063724	0.3762694	0.6272005	0.28690138	0.85724556	0.3944566	0.5826879	0.26423585	0.24122173	0.73575073	0.5909964	0.5750942
41759	0.94193786	0.43235993	0.6146382	0.91697127	0.44211242	0.6661853	0.31542617	0.2958042	0.91869223	0.56353575	0.71025294	0.88904005	0.56526107	0.7816594	0.23382378	0.80022234	0.7608728	0.2305853	0.8100129	0.6905668	0.5064319
41760	0.5501949	0.4632468	0.36554894	0.9206253	0.17480966	0.9668942	0.440072	0.6536407	0.5771443	0.47049287	0.82231176	0.70826095	0.5704138	0.75919604	0.27268475	0.63282824	0.26606864	0.23390095	0.81334424	0.31067628	0.6359095
41763	0.5331367	0.5891927	0.410346	0.9681932	0.14989948	0.91586447	0.49292427	0.59072936	0.7470949	0.5547692	0.8827252	0.6239454	0.75106853	0.779805	0.3392785	0.7625715	0.2864731	0.25688252	0.838679	0.31170326	0.6877719
41769	0.3326756	0.85894775	0.9167141	0.9562939	0.17941847	1.0108807	0.24891211	0.82261014	0.38047135	0.6674801	0.9274337	0.6644938	0.57878953	0.6299724	0.24398315	0.8312999	0.23464227	0.20389166	0.85012144	0.27049124	0.5040399
41778	0.43975875	0.92054826	0.8176191	0.6633333	0.42921478	0.84297454	0.30285197	0.58033735	0.67885345	0.5960784	0.6668135	0.4355205	0.6494855	0.7464153	0.28242597	0.5662763	0.38114274	0.3254017	0.74687237	0.41643822	0.692931
41779	0.3945271	0.8932669	0.6109987	0.8754472	0.24628958	0.8216872	0.33777857	0.58549404	0.7783438	0.56664467	0.8515842	0.44394538	0.8329008	0.70720994	0.2654897	0.7106452	0.3116823	0.2706149	0.84370655	0.32128012	0.64572483
41780	0.5560291	0.7365149	0.37835154	0.6656782	0.6699628	0.85583526	0.3251186	0.6330348	0.45930666	0.5533811	0.5958167	0.47987404	0.7996013	0.66622114	0.2625831	0.7594714	0.29618824	0.27559105	0.8492731	0.37244028	0.75766695
41789	0.31627214	0.39356422	0.40615728	0.31384462	0.8165231	0.9233547	0.41215873	0.22485116	0.36689085	0.5363225	0.69756633	0.6395369	0.29476908	0.8716252	0.44584244	0.6254235	0.37562418	0.33369875	0.79089546	0.38146865	0.69716614
41791	0.7864268	0.5601114	0.29057983	0.75366515	0.4319412	0.76626444	0.41613376	0.15295924	0.829547	0.46245188	0.5905176	0.6988791	0.3936984	0.8596783	0.27142754	0.6776609	0.35100988	0.5936818	0.7990791	0.4563863	0.6420347
41794	0.7924827	0.56838274	0.33287895	0.77601534	0.31692073	0.6887837	0.3673494	0.29131517	0.86981374	0.4917245	0.66353333	0.62575835	0.7581198	0.85321474	0.2201699	0.72194314	0.2815845	0.2701572	0.786387	0.33177722	0.52307516
41795	0.8079285	0.62808347	0.5930026	0.9297417	0.17674142	0.96707636	0.304343	0.7757349	0.704362	0.5974636	0.78035086	0.57433176	0.358585	0.67023003	0.30880466	0.78508353	0.31357935	0.2562152	0.7862898	0.3021317	0.60721165
41801	0.39985862	0.42111364	0.34827346	0.4513285	0.76969767	0.62693375	0.34701735	0.29798052	0.5578596	0.42017725	0.5671519	0.8900672	0.38953876	0.9075511	0.41740334	0.5379649	0.39887163	0.49300218	0.83665484	0.44486034	0.6308267
41814	0.8140744	0.47030652	0.29386443	0.709494	0.46411774	0.8137112	0.3568915	0.25021112	0.880269	0.4749546	0.45069146	0.8135751	0.54349774	0.8567006	0.2568384	0.65582	0.40806937	0.83271354	0.870839	0.4772166	0.822394
41826	0.8218205	0.511661	0.48996496	0.6853056	0.20619658	0.87326425	0.30018896	0.1596788	0.7022846	0.44551653	0.810597	0.770102	0.4597336	0.8110639	0.27832782	0.7419201	0.25879958	0.29076016	0.8294329	0.37524965	0.70583224
41830	1.0068226	0.5712249	0.29098046	0.47373596	0.62387127	0.82937926	0.609552	0.15542372	0.90329736	0.41640216	0.39718235	0.9319741	0.6362118	0.90939873	0.2795941	0.46537384	0.34528792	0.35835576	0.8912596	0.39713043	0.75058526
41835	0.6111528	0.49224547	0.6461982	0.34744224	0.6748926	0.7943842	0.33464533	0.22112218	0.8451206	0.5373581	0.6674788	0.6907052	0.60314924	0.8371453	0.2338013	0.757874	0.31276774	0.37094098	0.7997647	0.5533165	0.614973
41840	0.68085027	0.8442663	0.503168	0.6602236	0.64296764	0.86777836	0.31455004	0.75050735	0.21391347	0.6698682	0.5820675	0.61994463	0.826132	0.33733305	0.271924	0.68361634	0.3225962	0.30383918	0.81536	0.47512954	0.77091336
41844	0.6264293	0.65358937	0.41447747	0.76521933	0.41971755	0.9189419	0.48645592	0.78696865	0.63102496	0.50437087	0.6820543	0.71440077	0.64561665	0.54706675	0.2931332	0.5687316	0.38112664	0.31085315	0.8074089	0.5066838	0.7540018
41847	0.54577994	0.55331784	0.33746746	1.0031959	0.16092038	0.91848785	0.40816092	0.706813	0.5217573	0.51938367	0.87988675	0.7099855	0.61205924	0.61758447	0.28323802	0.73924565	0.28776926	0.28422558	0.80442816	0.3157456	0.58133304
41857	0.3620076	0.7384198	0.48773775	0.74429494	0.28487068	0.96101844	0.35459632	0.72587043	0.5197978	0.48074743	0.80937934	0.8412283	0.7318484	0.7735588	0.2450757	0.7046078	0.2908601	0.2363707	0.8719924	0.32580715	0.6784492
41862	0.95642793	0.46918565	0.5100859	0.2372456	0.937309	0.5850238	1.083824	0.5020158	0.4642384	0.44930908	0.22675927	0.8137088	0.6575381	0.5690675	0.517637	0.54422885	0.50246686	0.69123137	0.82322705	0.5781208	0.58449423
41871	0.3843068	0.58679014	0.6602078	0.7594187	0.26461318	0.91994095	0.27950317	0.6642918	0.727093	0.5495612	0.710887	0.743997	0.59112996	0.70029086	0.22912252	0.6728802	0.3122834	0.28714973	0.81597245	0.36788195	0.6563235
41872	0.5586869	0.45582452	0.37496632	0.998355	0.15183821	0.84728485	0.35170573	0.6759598	0.61667204	0.6185271	0.8899255	0.6606872	0.62042755	0.88761145	0.25201643	0.7896309	0.25271237	0.2129644	0.85399437	0.25376678	0.51774395
41882	0.40892872	0.7366156	0.77646774	0.99015695	0.2351268	0.97190964	0.29839438	0.79938936	0.391189	0.6442918	0.7602172	0.43362415	0.64672303	0.40619633	0.29188433	0.66327333	0.29706764	0.27298358	0.7799023	0.34855565	0.5930613
41895	0.42796305	0.6631154	0.8489552	0.82883835	0.22011325	0.49337068	0.28424758	0.16889304	0.8379553	0.5595835	0.71654254	0.5776563	0.54315615	0.87354344	0.27943188	0.55758727	0.24953067	0.22938065	0.6847667	0.28885186	0.39200288
41912	0.7551612	0.51908326	0.38085032	0.9793006	0.14291382	0.90271884	0.33214116	0.5385714	0.83318233	0.5550776	0.84503317	0.6144959	0.6126172	0.784238	0.31065747	0.84808713	0.26728666	0.2369104	0.812356	0.28043097	0.49234316
51005	0.7694717	0.7301941	0.46583754	0.3632832	0.77904004	0.86837035	0.53073025	0.41610187	0.8570467	0.6002096	0.67311126	0.80681133	0.8759791	0.6663989	0.33876795	0.6947999	0.46689698	0.32785338	0.8477426	0.5030674	0.81047416
51014	0.9427778	0.7278946	0.5581604	0.3940526	0.78694355	0.6373006	0.31204116	0.7604416	0.3347565	0.5242183	0.4169826	0.84064853	0.58287483	0.39714503	0.3747986	0.6533831	0.5108365	0.3449402	0.77645	0.6003518	0.580858
51017	0.38785198	0.7654579	0.37671828	0.6924964	0.27586454	0.72432864	0.35286796	0.7110408	0.3756116	0.570843	0.74959475	0.84020734	0.61918277	0.7734798	0.25324625	0.71773374	0.3670359	0.35141206	0.73589915	0.36781758	0.5112561
51023	1.0526086	0.3488725	0.3288366	0.20918244	0.9677752	0.7696154	0.5575103	0.8257622	0.32853332	0.45219335	0.19519776	0.9413477	0.6487302	0.5274461	0.25711825	0.50412416	0.8577942	0.41452384	0.85942185	0.6265607	0.7974396
51041	0.34850895	0.4048389	0.4759185	0.31689882	0.48715353	0.60543597	0.5235978	0.29850373	0.523558	0.5570876	0.33247858	0.7934684	0.36121935	0.525931	0.33004618	0.48242635	0.37680122	0.26025942	0.8353397	0.47681388	0.6724448
51047	0.6582218	0.45284128	0.75177705	0.29406866	0.8587968	0.8336934	0.34496516	0.759333	0.23695374	0.6437001	0.5548708	0.9264339	0.85120547	0.3085348	0.32674617	0.5090156	0.6685047	0.6145314	0.84666485	0.6336694	0.811427
51051	0.81983894	0.6347879	0.52247065	0.33298352	0.81466866	0.47119832	0.31513357	0.7629305	0.3450207	0.54252917	0.2754686	0.63283545	0.7698605	0.3150934	0.22030315	0.6880193	0.4489879	0.6075362	0.58920705	0.6305158	0.41934597
51053	0.339035	0.7503625	0.92392653	0.49526322	0.8718201	0.6256686	0.3253458	0.60585177	0.65908617	0.60395825	0.29224348	0.61332697	0.54821134	0.83956337	0.32321036	0.42229912	0.2709961	0.23226067	0.73009855	0.40156785	0.6312211
51054	0.38762614	0.5945428	0.59991634	0.8089008	0.6061622	0.6120198	0.2657413	0.569764	0.44796783	0.4782761	0.7173101	0.6159817	0.5155932	0.553937	0.2566622	0.72727466	0.32690454	0.28692484	0.6984163	0.54018724	0.68228155
51061	0.8944469	0.71377325	0.53419167	0.21778089	0.9079493	0.7515535	0.34053266	0.78563267	0.24540216	0.4722015	0.21388519	0.8411403	0.6791746	0.35188228	0.29349643	0.4276803	0.8784105	0.55391145	0.80400443	0.6456853	0.8366422
51065	0.49302804	0.33065933	0.63893986	0.27137765	0.9237471	0.9394014	0.3551119	0.70926124	0.51611656	0.67390734	0.26875317	0.92153704	0.9868071	0.6301795	0.24004161	0.55629545	0.9657516	0.93448615	0.8257902	0.71154296	0.8346762
51067	0.73266757	0.5954082	0.31211767	0.47661898	0.803035	0.89292246	0.4532504	0.6877167	0.21747163	0.44834954	0.24046612	0.857075	0.46732596	0.41048652	0.61890125	0.42861968	0.84951156	0.5351473	0.7411465	0.59043396	0.72474754
51081	0.46032158	1.0479003	0.8782094	0.212816	0.9146631	0.7869079	0.3708207	0.5780548	0.3447617	0.689575	0.23639442	0.7724711	0.9217424	0.69203913	0.338933	0.44970658	0.42149875	0.4278541	0.7976469	0.6867236	0.8390411
51082	0.47720268	0.88595057	0.7915846	0.27950323	0.86128074	0.9563894	0.42154217	0.72746605	0.31758988	0.60899585	0.2874647	0.8935381	0.7673367	0.30602863	0.32847092	0.43329	0.6836043	0.8620729	0.8838143	0.6957761	0.83541656
51085	0.63538474	0.7514933	0.664589	0.19764061	0.9326489	0.8543536	0.49994487	0.22578065	0.31712168	0.59799206	0.19593713	0.72979224	0.33376	0.46667212	0.40497574	0.47708485	0.58651286	0.33506897	0.7441608	0.6502838	0.77093905
51092	0.90876913	0.39496267	0.6554969	0.77578646	0.3382841	0.99560994	0.2603842	0.85762566	0.2643218	0.6884614	0.8776632	0.7731358	0.7386346	0.47878408	0.24230936	0.8298135	0.25333753	0.22187221	0.9308169	0.30426782	0.7021986
51096	0.35625795	0.7071337	0.66950613	1.0572737	0.15503496	0.602004	0.24555342	0.7283735	0.4145208	0.55973595	0.79945236	0.40201038	0.8128891	0.5960214	0.30782786	0.7145491	0.23909189	0.2179039	0.74818605	0.2829383	0.593532
51111	0.31115732	0.47097644	0.76639766	0.8225438	0.22270542	0.5213383	0.3298996	0.6610257	0.34695262	0.6649252	0.8881725	0.60639375	0.86311424	0.2784445	0.50639313	0.806554	0.2489794	0.22154005	0.88027483	0.28265828	0.4547098
51131	0.330034	0.55441785	0.6834923	0.92385644	0.27298194	0.8962116	0.2490141	0.7242885	0.67079306	0.5975935	0.9216053	0.46315256	0.7100463	0.8139826	0.28368792	0.7618483	0.2682522	0.21258987	0.6460113	0.30479702	0.6268941
51136	0.3915721	0.4008016	0.8531596	0.77257264	0.19716132	0.99111176	0.626321	0.8834623	0.690654	0.64988494	1.0084846	0.9263857	0.6249809	0.39538783	0.54935926	0.9095347	0.25517595	0.22903802	0.9376592	0.2578362	0.8197513
51139	0.3535981	0.62331414	0.74056524	1.0369649	0.1617803	0.6350893	0.368863	0.7428853	0.57358724	0.65149647	0.8910798	0.48207104	0.9063873	0.7314784	0.28790203	0.8043975	0.251907	0.21978867	0.61127603	0.26081818	0.5335438
51145	0.46841544	1.0720383	0.7919422	0.8234136	0.1769917	0.45050478	0.37536556	0.5655796	0.9162552	0.5265198	0.84386015	0.42230102	0.632579	0.8517771	0.27209705	0.80611026	0.28301537	0.27849457	0.7843863	0.2839982	0.45858005
51153	0.47711235	0.8615692	0.9172843	0.95873314	0.22891387	0.8327591	0.49340695	0.6555987	0.6900466	0.64730704	0.9509016	0.7725259	0.8431842	0.6471534	0.26427403	0.8200479	0.30558512	0.3234318	0.84195966	0.3257274	0.73206687
51176	0.9930128	0.63186425	0.32029232	0.7072876	0.31083816	0.5037128	0.385974	0.24090008	0.3991407	0.43236193	0.33024928	0.65208286	0.5817467	0.3877555	0.31519875	0.72950643	0.33086663	0.37096387	0.66618216	0.43160558	0.614807
51178	0.58140576	0.50414777	0.5525884	1.0225137	0.16146919	0.9869985	0.28631657	0.75954884	0.62847143	0.5820646	0.9274931	0.7445071	0.6446265	0.66572636	0.26077282	0.61624414	0.2799919	0.21295409	0.8106243	0.325644	0.7658376
51184	0.41762367	0.4103112	0.6171707	0.79490995	0.24127677	0.91025925	0.62642926	0.79031	0.7075593	0.5120487	0.9898575	0.9231326	0.45218536	0.6976	0.606135	0.8902862	0.24654922	0.22318159	0.9335807	0.27564716	0.82118785
51185	0.3432137	0.7419551	0.75583625	0.97217053	0.21695271	0.96800035	0.2251224	0.8373642	0.29924896	0.65325457	0.82510924	0.47978085	0.5728664	0.26346478	0.25514555	0.80053216	0.26939574	0.22246094	0.86188996	0.35595027	0.6005628
51208	0.5930829	0.9887451	0.41534722	0.8575864	0.35091716	0.7051945	0.37526548	0.24982497	0.5281104	0.54383343	0.7554097	0.7011791	0.510592	0.8285559	0.5242707	0.6252428	0.28993747	0.24069072	0.8094538	0.3216275	0.7466652
51227	0.48454353	0.50887895	0.36141753	0.930581	0.14871332	0.6243714	0.3239414	0.6196659	0.47644588	0.57171243	0.6487101	0.660318	0.7199439	0.74009216	0.3017609	0.7012383	0.2946679	0.22596179	0.7257801	0.27501974	0.4604464
51231	0.31800503	0.7755901	0.6692446	0.91696274	0.2566671	0.6692323	0.23859064	0.7731755	0.31116304	0.65613264	0.8401862	0.61803746	0.7913579	0.19968532	0.23281315	0.7081734	0.24667613	0.22269797	0.868272	0.31855828	0.60634136
51236	0.27879313	0.9763417	0.8901548	0.98227984	0.1850889	0.55409735	0.30198777	0.4875143	0.74960774	0.679225	0.84669906	0.38626537	0.6251085	0.8543295	0.24291524	0.74965996	0.23265576	0.21808624	0.5517293	0.2548526	0.4761893
51240	0.9255177	0.36640653	0.5141079	0.85322744	0.15691221	1.0091608	0.8272709	0.87875724	0.69747573	0.57835793	0.9523845	0.6821518	0.5394873	0.19180311	0.3515429	0.8335646	0.2607444	0.22794193	0.8593522	0.25360084	0.7405123
51241	0.31359538	0.7929551	0.48267862	0.80966747	0.3479008	0.6170119	0.29379296	0.31001818	0.72763264	0.5725176	0.6863508	0.6876461	0.4335052	0.7305565	0.32465938	0.4773414	0.26224887	0.23523358	0.7760224	0.31216827	0.51500696
51249	0.54296297	0.72614014	0.8996671	1.028895	0.13001591	0.9658795	0.40102845	0.65143734	0.8203841	0.6611033	0.9164013	0.8417015	1.066169	0.7290927	0.2556265	0.8064152	0.3090801	0.27024987	0.8740107	0.2714471	0.7369444
51258	0.3976255	0.78991216	0.75580823	0.8961871	0.15275621	0.7264264	0.5374754	0.2740766	0.58622515	0.450279	0.8953047	0.7259877	0.7935463	0.7230788	0.33477452	0.733206	0.29748803	0.28443164	0.8358019	0.27258325	0.5855906
51259	0.2869948	1.0302503	0.8915986	0.97733384	0.18876758	0.5151997	0.34502184	0.74591804	0.43925035	0.64269954	0.84837246	0.393482	1.1088731	0.63956213	0.23457003	0.7149552	0.26868498	0.23534833	0.48014143	0.31751207	0.41925254
51263	0.62589633	0.6331017	0.596145	0.95788217	0.22895247	0.6108228	0.37892562	0.7412667	0.48756072	0.5389191	0.71991265	0.7129093	0.9149675	0.6080719	0.24777693	0.7291987	0.26668185	0.22401655	0.7507048	0.38320932	0.5472464
51268	0.50435203	0.48416024	0.5288525	0.966376	0.18711361	0.8518137	0.32815164	0.8372683	0.37787622	0.6148818	0.98761755	0.6668606	0.93722016	0.29707646	0.25140154	0.7960621	0.27433178	0.22355357	0.8455505	0.28300554	0.5779467
51275	0.33616233	0.89654166	0.694502	0.8279258	0.24436876	0.82089466	0.25806218	0.7438869	0.30917645	0.6519489	0.76355165	0.3790957	0.79690796	0.21308948	0.42422947	0.63461494	0.2474882	0.22767776	0.66696024	0.30201092	0.66407436
51276	0.36657858	0.5748688	0.57704914	0.8688096	0.17753989	1.0297647	0.26277044	0.8505779	0.32171354	0.62719136	0.9493766	0.6714665	0.38204432	0.49556985	0.31456718	0.77671796	0.2453778	0.22056603	0.79016554	0.33254063	0.643406
51278	0.3716603	0.4533338	0.5847252	0.99150765	0.2120747	0.819936	0.6692254	0.6671777	0.51338655	0.57716304	0.91534597	0.6833739	0.5789566	0.5884037	0.49472177	0.62115204	0.24035425	0.20777965	0.83945775	0.26805335	0.7434908
51281	0.26979658	1.0379936	0.9326286	0.81759137	0.1806429	0.40760803	0.25875354	0.72281116	0.29187235	0.6391732	0.59660345	0.36069787	1.0273131	0.5748804	0.25059447	0.7659326	0.26790926	0.23368862	0.42228955	0.26333284	0.3844019
51285	0.5270048	0.7477539	0.7574649	0.93832225	0.16651386	0.9354179	0.50760865	0.6094509	0.7810567	0.5843655	0.89350885	0.4301538	0.5030578	0.7673972	0.51264715	0.62766117	0.26459438	0.23715042	0.67712075	0.30868623	0.58885473
51287	0.6099427	0.6712798	0.64307594	0.8607657	0.2518898	0.74666965	0.21540204	0.7678906	0.32182312	0.654642	0.765775	0.7518467	0.863422	0.2302438	0.29143012	0.7785221	0.23321383	0.22368236	0.8856792	0.2994246	0.71880436
51289	0.42374012	0.9020171	0.9099229	0.91478133	0.16491395	0.58346033	0.39566952	0.5949966	0.8170114	0.6100853	0.778369	0.6928259	0.8504675	0.7807107	0.36057675	0.6159366	0.28305864	0.2821784	0.6144264	0.3101866	0.5407745
51292	0.45407525	0.9031575	0.799522	0.5928338	0.4293398	0.9215547	0.40857697	0.77039194	0.20654672	0.67863286	0.7510633	0.76769537	0.76023394	0.2127447	0.3236658	0.6412985	0.32181096	0.274787	0.7885842	0.4553179	0.8361989
51294	0.40009013	0.96893585	0.8805099	0.7617332	0.29231128	0.4792973	0.29228508	0.46600875	0.60958785	0.59249896	0.7202719	0.36792937	0.74561083	0.614507	0.25078034	0.7596503	0.29473716	0.25285876	0.5222145	0.34113216	0.47903362
51300	0.2923281	0.65189075	0.68898565	0.8342148	0.5127912	0.54017025	0.2550493	0.65423197	0.3076493	0.6107464	0.75320315	0.86106586	0.6973923	0.5691721	0.49262774	0.807676	0.28372112	0.24406146	0.8683645	0.3254311	0.7234994
51302	0.378089	0.34803456	0.4651137	0.8936376	0.16452298	0.5856648	0.35894263	0.7168378	0.6999869	0.5859655	0.9481365	0.8965278	0.7189899	0.699314	0.3525641	0.83694243	0.2492124	0.21337183	0.8776875	0.25005874	0.6078126
51324	0.5138147	0.38580093	0.82716215	0.9559592	0.32249916	0.5402292	0.22534876	0.7411759	0.40507665	0.65687597	0.88349736	0.89320946	0.7812541	0.54272926	0.40492862	0.76991665	0.26753038	0.25005335	0.86129504	0.31605226	0.7882998
51328	0.77441764	0.5918366	0.53326523	0.6962974	0.41046003	1.0014118	0.58136135	0.45444068	0.6034086	0.58748955	0.9312292	0.6261948	0.4105988	0.66287214	0.4074478	0.57004714	0.31563616	0.420925	0.7459042	0.45350084	0.6756828
51329	0.32618728	0.9606137	0.8410047	0.9719237	0.3033191	0.6062461	0.29290766	0.6799412	0.5201197	0.6500653	0.74395096	0.36540288	0.9199368	0.680488	0.30691972	0.6760891	0.29048175	0.26356545	0.44130152	0.32468465	0.46647942
51346	0.4677803	0.48320484	0.43277332	0.8718887	0.19307142	0.82889074	0.48274034	0.21350384	0.8844066	0.45620602	0.67562264	0.85039043	0.37679762	0.8823862	0.29176307	0.7212549	0.30157566	0.25263542	0.77951026	0.3386611	0.56029373
51353	0.9611492	0.3639803	0.3335052	0.34319425	0.8424086	0.8615266	0.32035547	0.13930099	0.9164448	0.52746826	0.2522643	0.75949967	0.3487265	0.8049876	0.29801944	0.60065603	0.797989	0.8632879	0.72511077	0.5627097	0.7966125
51355	0.7673207	0.5573532	0.8493209	0.21394849	0.9445454	0.93432087	0.7831047	0.153488	0.5445876	0.48927528	0.28299823	0.9370583	0.41222727	0.573918	0.53328115	0.37487137	0.84217215	0.7063483	0.8662264	0.66525936	0.8442964
51390	0.37887865	0.92393684	0.83852535	0.75872606	0.3033442	0.53900594	0.2846371	0.6445339	0.3005502	0.6555148	0.5821977	0.4456473	0.8491679	0.56209683	0.3274492	0.7469222	0.27779916	0.25810218	0.84411603	0.32223633	0.4429003
51394	0.32550198	0.9167936	0.8342856	0.33175486	0.5193862	0.78109443	0.4596818	0.3528805	0.30296025	0.6469954	0.66812366	0.3791069	0.40775028	0.38410673	0.51891166	0.73896325	0.30613196	0.23814517	0.48774374	0.41943315	0.49050537
51395	0.9845784	0.573933	0.35320452	0.8501258	0.15053868	0.64774877	0.38143903	0.17882192	0.81366646	0.44876435	0.74955857	0.68059814	0.3613661	0.726062	0.3163914	0.8473593	0.24461974	0.22723272	0.7303601	0.25625122	0.43684015
51414	0.8925178	0.52795327	0.46919876	0.2475539	0.8732219	0.5334716	0.9192843	0.15030938	0.7794853	0.5152023	0.2658038	0.634176	0.2835509	0.84173167	0.76470095	0.5946492	0.439494	0.38259968	0.6426831	0.61771667	0.5326937
51415	0.6141769	0.37597498	0.45590374	1.0020467	0.15474951	1.0027361	0.40368092	0.39995688	0.817881	0.6487302	0.9623949	0.89430374	0.9618259	0.72705585	0.24500084	0.8678337	0.2817396	0.24560465	0.8313211	0.2715431	0.6381186
51416	0.88358814	0.39619812	0.4116534	0.2384521	0.87791663	0.8736572	0.36124367	0.18715654	0.91772735	0.56418127	0.4249917	0.8420373	0.58604354	0.879803	0.26147825	0.5854286	0.6247879	0.8728574	0.8364942	0.5447035	0.78904366
51435	1.052329	0.38011584	0.2778997	0.1853793	0.91599494	0.64406705	1.0057262	0.15211391	0.8047661	0.46051723	0.1912333	0.9168097	0.3741951	0.66715014	0.6572144	0.49692518	0.48113534	0.4873432	0.8490966	0.63419557	0.72739583
51436	0.29416165	0.6370523	0.7731584	0.4432619	0.6236362	0.62006134	0.6305441	0.18957372	0.74103177	0.5709269	0.26605445	0.37776408	0.2776949	0.5528413	0.77326405	0.49876258	0.2792122	0.30215132	0.4839212	0.55418205	0.6744998
51441	0.26651534	1.0116633	0.87511384	0.3620003	0.5302081	0.43183565	0.27529687	0.7691669	0.37074605	0.59409004	0.45959678	0.36096677	0.89101577	0.4794815	0.2697272	0.76783293	0.33215877	0.24823079	0.35299265	0.3807614	0.34988683
51442	0.2615616	0.93387824	0.96705186	0.6708784	0.27803746	0.472776	0.26130825	0.6675008	0.39992085	0.69080055	0.6824872	0.3782278	0.7565752	0.65473	0.31111988	0.73313063	0.25217688	0.22961709	0.8459982	0.27068418	0.4792764
51445	0.25101528	1.0986452	0.97982806	0.5008569	0.17446375	0.39447653	0.26101577	0.7977798	0.15812573	0.69506955	0.671106	0.37015364	1.0505699	0.16233751	0.23133945	0.70246935	0.24556974	0.22610502	0.7421783	0.25006047	0.38149467
51454	0.30930433	0.60078233	0.61689097	0.79339504	0.25504917	0.50528145	0.32633424	0.8823269	0.25473776	0.6337151	0.7286866	0.44337425	0.7994552	0.14500503	0.26402235	0.7501906	0.2677864	0.23062965	0.59116334	0.28304577	0.36578035
51458	0.5961162	0.489037	0.54869664	0.25328547	0.86736625	0.8900158	0.4280141	0.6045081	0.8098725	0.60421604	0.40209118	0.64530027	0.80483216	0.73072636	0.26470372	0.6035738	0.4458883	0.36479193	0.6890437	0.67152476	0.7651704
51465	1.059488	0.3772616	0.2808296	0.23211125	0.94000536	0.7868488	1.0358078	0.16781522	0.9679596	0.43534943	0.20321615	0.9456169	0.463897	0.90810174	0.36736745	0.47302005	0.7095531	0.9232172	0.90976554	0.6118958	0.7849923
51472	0.6131151	0.8171637	0.8818695	0.8451905	0.38960144	0.9554348	0.25480083	0.72489214	0.1630114	0.5386835	0.83984685	0.3953812	0.5919677	0.25428608	0.30922502	0.6334332	0.28168288	0.21913208	0.723737	0.42961052	0.5879937
51474	0.9531781	0.68729645	0.47792098	0.2821938	0.7757923	0.98379004	0.6264184	0.16998458	0.63323426	0.5064478	0.25835752	0.79004145	0.31243992	0.78796977	0.40393648	0.49100578	0.33296937	0.24967904	0.7560414	0.60402	0.59283626
51479	0.52283096	0.62647307	0.74030703	0.7664384	0.44159812	0.5670155	0.2794801	0.6238794	0.49396265	0.6025712	0.7896385	0.5455339	0.65855616	0.73760027	0.6136912	0.7956733	0.26102078	0.23913282	0.7885114	0.32835448	0.6999101
51484	0.45360976	0.46938914	0.67046076	0.5516066	0.45926914	0.85308015	0.42454225	0.19019388	0.7073379	0.59086275	0.30380014	0.74013394	0.43078038	0.8291212	0.30412072	0.5093093	0.3358258	0.3011144	0.765431	0.5274255	0.61166525
51487	0.6372484	0.94500613	0.6389975	0.33870494	0.74322176	0.7762107	0.596651	0.30533978	0.40532553	0.63569117	0.3463003	0.3870244	0.6755263	0.3180984	0.5256192	0.5490232	0.46168247	0.3579623	0.5528477	0.62418044	0.6104824
51503	0.7970249	0.6618152	0.42075565	0.34343514	0.72992384	0.581608	0.3201713	0.18124104	0.59749633	0.5360673	0.26101547	0.5489832	0.3020811	0.7384101	0.44351155	0.5688389	0.52781975	0.95843536	0.52697015	0.52507675	0.60852194
51515	0.68294704	0.5566817	0.32303822	0.71379113	0.21702993	0.85588735	0.4739319	0.42379555	0.84300625	0.53583276	0.92534024	0.7977347	0.30489674	0.8202859	0.3803213	0.66595906	0.2631496	0.20995158	0.82493496	0.44599643	0.64268637
51524	0.91336066	0.49955466	0.60245186	0.45422056	0.6500102	0.63077873	0.38186646	0.118736684	0.9417673	0.6252394	0.5931518	0.793026	0.36599728	0.8735765	0.25932717	0.5188615	0.35697818	0.37980393	0.76340955	0.58968115	0.60888124
51530	0.3631876	0.5085544	0.48173967	0.60844254	0.3628061	0.47482875	0.33231336	0.21727279	0.7772456	0.46029627	0.54571503	0.7484918	0.7394382	0.7039803	0.2592597	0.66416556	0.27035922	0.24252729	0.8543744	0.34619233	0.481924
51531	0.3254222	0.9533002	0.7545516	0.5819855	0.39247823	0.6901686	0.365336	0.4152351	0.69487935	0.6021134	0.5058131	0.4620273	0.4567727	0.7978058	0.40969273	0.6216224	0.3761746	0.26435784	0.7061372	0.36654952	0.62786347
51534	0.36977893	0.63475585	0.5496109	0.83069843	0.27800572	0.72116536	0.5693821	0.2413206	0.7433836	0.6236101	0.5819975	0.40003854	0.48063764	0.82715106	0.6135104	0.7167126	0.35676223	0.30583337	0.6635844	0.3490331	0.5549446
51539	0.29801273	1.1270952	0.9496709	0.7530081	0.22843152	0.48838276	0.2549584	0.81974727	0.21539292	0.65719724	0.63167137	0.36473206	0.918385	0.17289522	0.23664072	0.7139756	0.3422169	0.29543236	0.38920277	0.36415175	0.46615812
51541	0.7277423	0.5817627	0.6746564	0.9224157	0.16150701	0.6581031	0.46275777	0.45447508	0.86898273	0.60454816	0.836534	0.8679703	0.9728557	0.7958124	0.26270762	0.7895591	0.2825765	0.28392363	0.76464355	0.2630309	0.68082184
51556	0.27352238	0.9517577	0.84457856	0.7647565	0.27946144	0.4214714	0.30616462	0.77144724	0.22489652	0.62826633	0.48480207	0.51890254	0.8415783	0.23895773	0.26857656	0.7380528	0.26923612	0.22753273	0.5156376	0.30860522	0.42123964
51562	0.28960773	1.0021966	0.907582	0.6584891	0.24962744	0.52765393	0.273294	0.751723	0.2822854	0.6534314	0.4439254	0.4108287	0.65423465	0.47118032	0.34067658	0.7009036	0.28289187	0.2268216	0.6055486	0.30662978	0.42430648
51575	0.36321834	0.45744884	0.6952775	0.7172532	0.3179886	0.9703024	0.7230263	0.8295479	0.68785954	0.52114666	0.9860427	0.8944084	0.53321856	0.3782532	0.6606813	0.67717004	0.23115431	0.21062577	0.9013379	0.24443892	0.7728377
51577	0.30503672	0.43737888	0.90121734	0.7391596	0.23889875	1.0202931	0.24585722	0.830878	0.30096033	0.7000324	0.8640238	0.65245503	0.42286545	0.29663956	0.3030331	0.8234487	0.23804323	0.21437357	0.79555756	0.30836532	0.57476896
51591	0.42692962	0.50867796	0.4360931	0.97105545	0.15247947	0.96618587	0.28748828	0.1930427	0.8622241	0.55303377	0.79219276	0.71072024	0.332389	0.8961097	0.28552318	0.44669428	0.2663959	0.2386392	0.81444323	0.3305508	0.65147096
51592	0.8829796	0.52471894	0.30252016	0.9296265	0.17224967	0.84793025	0.30471772	0.55630517	0.6227946	0.42173392	0.74484617	0.6673938	0.3726191	0.7607715	0.29263026	0.7642032	0.2469978	0.22183326	0.759678	0.29070246	0.5378706
51593	0.30236685	0.90721947	0.7746374	0.7656092	0.2949939	0.7296307	0.2927903	0.61719924	0.56882495	0.6240549	0.74239016	0.74002135	0.78558874	0.7191569	0.24993372	0.64785427	0.30011964	0.2782152	0.8175376	0.3432958	0.5406373
51595	0.49620715	0.5695187	0.7440359	0.9860257	0.19263408	0.948049	0.28139877	0.8202701	0.4557983	0.6074638	0.9143143	0.5281869	0.49847165	0.5092757	0.2987879	0.7787812	0.31663808	0.45487723	0.80082345	0.31054857	0.5757945
51597	0.589924	0.5471202	0.3971603	0.96283156	0.1607556	0.7786124	0.45844275	0.4383133	0.79606956	0.49673417	0.8489389	0.6315631	0.53455365	0.781521	0.26839817	0.6632992	0.2836078	0.28441954	0.71837646	0.29650253	0.57244825
51598	0.5942907	0.6102277	0.52847075	0.89417005	0.23608473	0.7090242	0.43783396	0.25132805	0.6265343	0.5843223	0.6761117	0.6782225	0.31447566	0.7976281	0.5291574	0.53435653	0.28327668	0.22685775	0.70287174	0.32020524	0.7509544
51607	0.2906607	0.4024147	0.8850956	0.89162624	0.23825663	1.0156659	0.22375458	0.7890634	0.3185622	0.7167915	0.97150636	0.4592765	0.5252853	0.4489035	0.28998086	0.7677362	0.26878157	0.22533602	0.8201904	0.34311873	0.74773574
51611	0.33189133	0.5163649	0.894325	0.77273506	0.24835208	0.7762751	0.3283571	0.67559534	0.29570028	0.67549396	0.7299823	0.6363628	0.6968434	0.59515005	0.2760471	0.8504153	0.27011117	0.33829647	0.854693	0.3986949	0.79087734
51613	0.9003913	0.41932163	0.50293493	0.78095984	0.17534623	0.8149512	0.25849319	0.7616569	0.30029756	0.49389502	0.8388954	0.92311436	0.9182204	0.32688528	0.3732062	0.8131108	0.23518291	0.20930669	0.86759585	0.29473528	0.71360856
51624	0.3869252	0.9540507	0.8586275	0.889466	0.36956027	0.75117105	0.2805935	0.75355786	0.28047875	0.66293406	0.7371488	0.760861	0.8406933	0.28686228	0.27762726	0.668226	0.31337115	0.26697364	0.8489172	0.34182593	0.5046878
51626	0.27667496	0.71968746	0.73484564	0.6410024	0.41324827	0.53816414	0.33035338	0.21120793	0.49695212	0.606111	0.5374114	0.5161255	0.5027775	0.90550894	0.36088914	0.63809925	0.3544733	0.28595388	0.71060085	0.3454509	0.5675965
51632	0.29816318	0.4678172	0.67833024	0.99061227	0.20081002	1.0084743	0.19375788	0.8487742	0.37406218	0.7106757	1.0099715	0.59063447	0.44273317	0.56964695	0.26898095	0.8350227	0.25126716	0.2120152	0.8186799	0.27915353	0.5699498
51635	0.77800995	0.8109602	0.5793501	0.91885394	0.19181302	0.7963906	0.28782892	0.6988602	0.7167489	0.4440061	0.8685733	0.7272531	0.5029149	0.8129177	0.25084743	0.6616603	0.2779934	0.24414223	0.8315926	0.31170222	0.49757883
51639	0.609428	0.7003616	0.57262844	0.9639963	0.16265124	0.56168145	0.36986226	0.5382934	0.81329435	0.5230646	0.8578467	0.5129571	0.64136565	0.74016726	0.24761552	0.73376954	0.23960415	0.20687915	0.76214767	0.282451	0.45939466
51652	0.3191493	0.42676768	0.77406144	0.9154771	0.19308886	1.0173081	0.23003781	0.8103953	0.3511892	0.70916575	0.999213	0.7479591	0.72088647	0.43923938	0.27197042	0.8690355	0.25564128	0.22112358	0.8726912	0.26573992	0.61533546
51653	0.41074786	0.5703918	0.86703736	0.7543769	0.20538482	0.9750719	0.70122135	0.86591357	0.74678344	0.6678591	1.0209651	0.9098213	0.6273877	0.4923372	0.5932485	0.85506207	0.26190144	0.23226428	0.87942946	0.27212927	0.808779
51670	0.30885997	0.8744935	0.910017	0.97027445	0.16142797	1.0264549	0.2667899	0.8869844	0.40286773	0.67875	0.9471518	0.40678865	0.5496651	0.44744304	0.28381917	0.74829775	0.25406754	0.2181566	0.7529312	0.30911115	0.5525668
51674	0.2906607	0.4024147	0.8850956	0.89162624	0.23825663	1.0156659	0.22375458	0.7890634	0.3185622	0.7167915	0.97150636	0.4592765	0.5252853	0.4489035	0.28998086	0.7677362	0.26878157	0.22533602	0.8201904	0.34311873	0.74773574
51687	0.58825994	0.7034258	0.6632036	0.95051366	0.14809695	0.5352414	0.30807096	0.62095714	0.6000742	0.48109907	0.7852085	0.6215449	0.7032499	0.5741689	0.22851062	0.7441664	0.27035663	0.22606118	0.7073373	0.2979056	0.54706234
51688	0.24798866	0.9931242	0.8393916	0.97759384	0.24789733	0.5811503	0.25632188	0.7659791	0.45548117	0.61252725	0.82330406	0.38405642	0.8111384	0.40565175	0.2882822	0.7423599	0.27466732	0.25522825	0.814513	0.31488958	0.56305104
51694	0.96829134	0.44811767	0.29677188	0.42568868	0.65813947	0.732272	0.8952697	0.22226803	0.3711077	0.42428246	0.43151608	0.8174773	0.38920373	0.6766922	0.77431524	0.46880493	0.27985367	0.2325101	0.8574227	0.497715	0.7129697
51705	0.27879885	0.5050944	0.87609726	0.9086786	0.2157093	0.9989352	0.25037593	0.84618455	0.31924692	0.6949591	0.8890318	0.44021744	0.5406663	0.38677692	0.2734981	0.79386854	0.22915833	0.20281488	0.82126474	0.27931768	0.6035575
51708	0.30745894	0.5455762	0.7179645	0.94989645	0.16988552	0.8208423	0.23550415	0.24656728	0.8475184	0.44453764	0.88421506	0.66235363	0.31699067	0.9286627	0.24308503	0.66164094	0.25464743	0.22775109	0.8325489	0.31035146	0.47511587
51710	0.32276982	0.5169957	0.93167865	0.86536425	0.20333749	1.0060015	0.22383401	0.8302069	0.38480234	0.7187575	0.8857322	0.45601246	0.55948454	0.38819993	0.28764784	0.7792178	0.24924365	0.21840204	0.8388252	0.28749403	0.6733823
51713	0.39246717	0.56879026	0.6965077	0.9870564	0.1479049	0.89439934	0.55546063	0.5645788	0.80840933	0.62133473	0.9158148	0.5954989	0.9479791	0.7633317	0.3126889	0.83061004	0.2763347	0.24923795	0.7602434	0.26410267	0.57801527
51720	0.41374728	0.52057064	0.64354837	1.0212883	0.13859689	0.9588813	0.30692	0.76984006	0.35480595	0.6003259	0.8363666	0.6725223	0.7406961	0.5722562	0.2868474	0.7846523	0.26689884	0.22472091	0.872822	0.24992311	0.6131101
51730	0.46467507	0.581695	0.6701605	0.73913115	0.34117407	0.9811474	0.35140872	0.6583597	0.42816472	0.62176615	0.7456817	0.60646015	0.40624875	0.63009113	0.44058475	0.5810262	0.28436315	0.43733725	0.7938526	0.34760955	0.74738353
51732	0.29038128	0.65661675	0.7313542	0.9324632	0.18541631	0.4156376	0.27171278	0.8067516	0.332433	0.5983623	0.796318	0.6317112	0.9304832	0.25965244	0.23501268	0.8436808	0.2352661	0.20272453	0.7744315	0.26622617	0.493744
51738	0.27381763	0.6659935	0.80305076	0.72384745	0.53341556	0.52838004	0.26009148	0.5280516	0.36599234	0.65129167	0.5623907	0.5193282	0.453878	0.5924794	0.39125004	0.7638117	0.29206976	0.45784914	0.79681104	0.33942	0.69972986
51751	0.38825336	0.31986457	0.30857623	0.8199919	0.217873	0.96051687	0.5228782	0.33686078	0.88654214	0.4329248	0.9919791	0.9327275	0.28076494	0.8821528	0.30099773	0.7973041	0.26339713	0.2268803	0.8816074	0.28547347	0.6190965
51758	0.3708707	0.6881655	0.76272863	0.99090326	0.20236042	0.88798845	0.3976702	0.7626109	0.39899963	0.50149494	0.94982606	0.46312886	0.77400714	0.7101544	0.35985696	0.7613323	0.24235037	0.21046308	0.59711075	0.29182988	0.5794522
51768	0.33127004	0.8679262	0.888471	0.8522411	0.27045447	0.59334934	0.31623548	0.86119145	0.30421036	0.702699	0.9375819	0.71616775	0.9627636	0.37669048	0.32159325	0.77194744	0.25420618	0.22640474	0.7442741	0.33063632	0.57240367
51774	0.5575336	0.7230362	0.7378766	0.81365854	0.32070702	1.0306251	0.28669107	0.7269986	0.27155727	0.6653487	0.6388575	0.5695313	0.734778	0.30567202	0.34045175	0.7297024	0.25913402	0.23519051	0.81499714	0.33390042	0.6388258
51775	0.37324232	0.5442542	0.6162647	0.7678279	0.2824558	0.7756595	0.42427188	0.80594206	0.38939312	0.5849055	0.9220383	0.9103379	0.53390497	0.4074629	0.4957002	0.77551657	0.25265285	0.22731265	0.88276184	0.28968877	0.5782772
51792	0.32988808	0.6216752	0.72682023	0.94684285	0.26059675	0.9322406	0.3498044	0.7581725	0.36700663	0.6634954	0.8953275	0.7262289	0.73974806	0.43472466	0.26913998	0.7748649	0.26765126	0.25892267	0.8815607	0.3254895	0.6005043
51795	0.6961508	0.42983478	0.53330934	0.9815332	0.21019047	1.0123181	0.5191102	0.78253055	0.5393765	0.67226106	0.9835095	0.8723618	0.5620496	0.38806406	0.33952326	0.76868916	0.27457634	0.24092683	0.8708568	0.29844663	0.765492
51799	0.85992587	0.49602947	0.58310294	0.946286	0.16271263	0.8134487	0.3238687	0.7674056	0.7662101	0.42984995	0.8362674	0.609883	0.47499025	0.8059437	0.3232547	0.73017997	0.2846235	0.24339828	0.7494888	0.32901123	0.49072906
51801	0.6705589	0.6488002	0.40345743	0.9933557	0.29901373	0.9213837	0.30321074	0.80022585	0.37379983	0.56191915	0.7240509	0.4978497	0.49395335	0.3607103	0.41403207	0.64324117	0.27823344	0.23358315	0.7867263	0.3460841	0.6554418
51804	0.3513647	0.6801071	0.73629904	1.0068532	0.20138812	0.6538748	0.26417357	0.22531572	0.85773295	0.611863	0.7544652	0.6683743	0.45087835	0.89451534	0.3307527	0.6355341	0.29652837	0.2574108	0.84951955	0.30124265	0.51759917
51805	0.32284296	0.530057	0.61191535	0.25185454	0.860249	0.6446294	0.5087363	0.20122714	0.5471158	0.57818735	0.33891526	0.62058264	0.42031863	0.5408048	0.47961277	0.45784357	0.31096977	0.2846674	0.80643564	0.6245737	0.79872155
51807	0.34434977	0.44080925	0.6107726	0.6528382	0.3263044	0.9044295	0.28482807	0.16338271	0.920098	0.55800647	0.7848543	0.8716834	0.33542615	0.92834806	0.28497866	0.70350784	0.29941177	0.4128529	0.9131315	0.31968686	0.58126503
51808	0.40474477	0.55456644	0.6661646	0.9984202	0.16750649	0.48612884	0.25687352	0.8185786	0.27161846	0.5850686	0.85824007	0.5339719	0.9512625	0.122236565	0.2652605	0.77222335	0.22408362	0.20557217	0.6117371	0.26277837	0.48472446
51821	0.32081294	0.67124665	0.86951596	0.78732294	0.2894605	0.95782477	0.3287233	0.58755505	0.64152104	0.6707856	0.81082857	0.72517586	0.47697568	0.71481806	0.3432512	0.5590719	0.25332156	0.22357625	0.88217294	0.30011532	0.6364196
51826	0.4972945	0.5589023	0.39829552	0.61245614	0.3834214	1.0420257	0.58531916	0.25794548	0.22704116	0.5425706	0.748049	0.82707703	0.32537326	0.6590749	0.73922163	0.495138	0.26634133	0.22061789	0.7884838	0.50327486	0.70227736
51835	0.84358966	0.5190721	0.5127742	0.5266276	0.7914961	0.8683035	0.32908356	0.14424318	0.9101652	0.5665486	0.56306297	0.81427354	0.48144734	0.86727214	0.26807603	0.558744	0.50704175	0.9540284	0.80554014	0.5559162	0.8287599
51837	0.89723426	0.46409026	0.2812009	0.42680603	0.8721893	0.8085278	0.8963098	0.16899693	0.8188871	0.39454004	0.28823203	0.90973926	0.3726068	0.7529303	0.60018134	0.37878084	0.43179056	0.35874	0.85498196	0.46603364	0.80607843
51849	0.87236696	0.5912575	0.58578634	0.39598566	0.63742846	0.7495397	0.35859835	0.8574213	0.15226373	0.39558664	0.24913207	0.8675496	0.6675446	0.23070025	0.30496627	0.5923859	0.4150157	0.36028352	0.85626435	0.60353804	0.51789165
51857	0.9565703	0.66612536	0.412442	0.7780364	0.22652423	0.755426	0.34660792	0.45251366	0.63173246	0.5365168	0.71702236	0.5577541	0.52372736	0.80684656	0.3621145	0.7528626	0.26968676	0.23989287	0.76517653	0.371692	0.42439076
51866	0.78164184	0.6183056	0.39044917	0.83051395	0.32113153	0.66056305	0.634186	0.28068864	0.65530795	0.4971856	0.75170493	0.84657156	0.50349563	0.24741241	0.45546833	0.6651761	0.27398258	0.24559511	0.6448527	0.34926057	0.47610053
51881	0.96738106	0.45608726	0.30902213	0.6756325	0.77859646	0.77115506	0.8206186	0.6539751	0.3065949	0.5304687	0.57196283	0.87500906	0.69053763	0.5060355	0.48896354	0.6459281	0.36981916	0.26965714	0.7997887	0.3213753	0.55539393
51882	0.4515226	0.63799405	0.41698804	0.41684607	0.7605416	0.87589484	0.4455539	0.17200962	0.7411709	0.59773064	0.21841808	0.45912376	0.47762653	0.8260495	0.4501842	0.5075642	0.37207344	0.39199972	0.7377457	0.6097398	0.65787256
51883	0.58931524	0.47351655	0.36130762	0.9698271	0.16190001	0.9740934	0.43813336	0.74939	0.33773318	0.6769123	0.85149974	0.8907607	0.83284473	0.6657824	0.27782375	0.7724354	0.25028047	0.21514583	0.8680747	0.26746827	0.56401294
51889	0.91088307	0.4210954	0.2867055	0.3932375	0.8899389	0.99552774	0.9706572	0.14850979	0.15710506	0.36738467	0.29086813	0.9016987	0.27226412	0.4482742	0.88218164	0.4353441	0.41961613	0.30036646	0.85022193	0.6738043	0.74300176
51896	0.3310487	0.99650556	0.7772305	0.8360655	0.21034753	0.6543436	0.30464834	0.8082277	0.20209575	0.7184852	0.7634349	0.6579101	1.0651163	0.2204779	0.32595626	0.75539243	0.2562741	0.25508618	0.7009138	0.34210533	0.4740248
51897	0.6062486	0.5295973	0.5570525	0.15887383	0.9550431	0.93197834	0.8948074	0.13279884	0.26671153	0.4993179	0.17630304	0.5449762	0.30334914	0.30382526	0.9202199	0.39945695	0.7172174	0.38483003	0.77045643	0.67734146	0.78825456
51901	0.48957312	0.7912718	0.71513623	0.95949125	0.31485242	0.9614306	0.2761312	0.76653427	0.3407987	0.5286154	0.7871201	0.5480922	0.42596468	0.3632319	0.3548817	0.67875606	0.27295655	0.25299546	0.78210264	0.36034817	0.6663538
51915	0.31870836	0.8841174	0.87787646	0.47353798	0.5624314	0.70544976	0.34297353	0.25802863	0.7078639	0.566674	0.62178946	0.74555075	0.5265363	0.75796837	0.34528187	0.46551144	0.28454933	0.24065226	0.54433066	0.51039183	0.50081193
51918	0.5438744	0.46699342	0.3679738	0.4554424	0.7173736	0.9617898	0.8933413	0.13553812	0.3456781	0.43723413	0.57359487	0.81475425	0.2497032	0.4732278	0.8238224	0.39841783	0.28610128	0.23587088	0.81912583	0.51130867	0.7416186
51919	0.44640192	0.457767	0.35007092	0.453116	0.79201424	0.93283254	0.6277861	0.1440239	0.33135378	0.4271123	0.59210193	0.78819835	0.27880424	0.8203775	0.5695854	0.4661225	0.29827103	0.23491466	0.73790383	0.51744044	0.71468
51922	0.378496	0.4234243	0.58649427	0.9020196	0.17528963	1.028228	0.24718751	0.838087	0.41067898	0.6729755	0.9202438	0.80709016	0.6075234	0.73509854	0.27051076	0.7280472	0.2500535	0.21035355	0.8593555	0.3127313	0.61566657
51926	0.3053096	0.3682936	0.8192606	0.5468196	0.6022901	0.97340226	0.3097592	0.5864984	0.35858706	0.6716681	0.91019344	0.9283778	0.3519779	0.44783658	0.29664338	0.8010979	0.25881597	0.21372193	0.86792356	0.30279025	0.8274726
51929	0.35370392	0.9157233	0.66216254	0.8702181	0.28719038	0.855752	0.3276348	0.76606756	0.20177788	0.6169496	0.81552655	0.79587233	0.8686949	0.2560362	0.29538515	0.68419266	0.2779267	0.26417202	0.87216383	0.39363945	0.6745881
51930	0.9488558	0.47844586	0.38960266	0.4299684	0.89497554	0.5063195	0.6512906	0.117762744	0.8033981	0.44986227	0.20857705	0.90333116	0.54803616	0.800543	0.56521136	0.5637369	0.3482141	0.9694297	0.9082224	0.46603894	0.7599376
51945	0.9835283	0.7097003	0.43372303	0.5625746	0.7929738	0.74051774	0.50145376	0.17525493	0.83264285	0.48417175	0.52225846	0.71710646	0.64283967	0.80318296	0.49317855	0.46714425	0.3038504	0.29713723	0.7763059	0.4750427	0.6787273
51946	0.3869086	0.45528978	0.60603684	0.44272435	0.9165607	0.6204203	0.34055936	0.35075766	0.77221143	0.62013555	0.4962068	0.75404555	0.5384898	0.8003614	0.26818895	0.6275646	0.8102199	0.9749874	0.8120175	0.62612987	0.55437416
51949	0.4083182	0.47153628	0.5273101	0.61401474	0.6634292	0.9553064	0.34380323	0.6579472	0.7464808	0.56988156	0.47548354	0.72199905	0.46480206	0.7462923	0.30102682	0.5566766	0.37120634	0.4348667	0.8605477	0.56642866	0.77570826
51953	0.8023319	0.5165835	0.3571602	0.56281215	0.4728765	1.0140634	0.75017256	0.20099387	0.15126505	0.42939755	0.6883441	0.93173414	0.35189652	0.76815933	0.60057914	0.42835402	0.31777966	0.33749014	0.8369037	0.47575784	0.8098338
51957	0.65978855	0.76051354	0.64329356	0.82048255	0.39111575	0.9533093	0.27322635	0.27362087	0.8557168	0.6430231	0.8040327	0.77442443	0.5816635	0.8648568	0.25549862	0.4926886	0.30673325	0.63661575	0.89172006	0.44875926	0.8393205
51962	0.3630554	0.6234583	0.8291987	0.96670586	0.15324837	0.7739249	0.4035238	0.56771594	0.8833005	0.64975095	0.764306	0.7492351	0.9019747	0.82006115	0.2963998	0.76184654	0.256497	0.2421857	0.85410035	0.26392967	0.6320915
51982	0.34296277	0.6567653	0.7133614	0.9282768	0.24220842	1.0259593	0.22019698	0.8189924	0.33135015	0.5338528	0.74066573	0.64037895	0.46551153	0.2713627	0.2850355	0.71250176	0.2597377	0.21003675	0.80397254	0.3854627	0.5967164
51992	0.70193833	0.7092022	0.2845915	0.893156	0.19102228	0.6298751	0.8351666	0.21824512	0.7342833	0.5483722	0.63870496	0.6166136	0.4235287	0.8192675	0.58352786	0.74053055	0.25442773	0.26078314	0.77655876	0.33659685	0.5992326
51996	0.30851007	0.63454026	0.6284504	0.59131676	0.3166982	0.9359783	0.34176964	0.6216137	0.3911704	0.54367155	0.8279702	0.7374147	0.33349788	0.27009082	0.52186054	0.56834644	0.24604133	0.2115903	0.8174861	0.29708138	0.67907834
52004	0.37608236	0.494686	0.29262465	0.8192023	0.21033782	0.81054705	0.9716174	0.621152	0.45617092	0.50654125	0.7021525	0.6131259	0.5863329	0.5373967	0.4259754	0.7351346	0.2791627	0.23516063	0.726713	0.33546937	0.5749031
52012	0.29226482	0.98054576	0.9173456	0.63208336	0.3361109	0.8855162	0.2771464	0.74815226	0.30408397	0.6858748	0.6736107	0.4570152	0.70989496	0.35579556	0.29072055	0.72476655	0.2346229	0.21792707	0.8330696	0.32519138	0.6275542
52015	0.6510304	0.47258592	0.28405154	0.81752443	0.26147872	0.77255577	0.5644501	0.16777539	0.8675505	0.45745432	0.72908175	0.71329063	0.3736978	0.81582177	0.367954	0.6218135	0.25715405	0.21701299	0.8505304	0.39195657	0.7634424
52018	0.6707239	0.4253875	0.34369195	0.34954387	0.7664795	1.0298924	0.81426346	0.18757112	0.24904102	0.48227027	0.352424	0.83597517	0.2836438	0.38053766	0.9704275	0.4398217	0.36934468	0.2451886	0.8522448	0.682706	0.7437946
52020	1.0430822	0.50635296	0.80017316	0.633092	0.89558846	0.7807468	0.40640825	0.36564174	0.30861232	0.47272572	0.8288174	0.87307346	0.4547288	0.6459108	0.6441746	0.50681525	0.27562237	0.2241161	0.8248534	0.5530958	0.6892181
52029	0.3565867	0.6494636	0.86712354	0.91042286	0.16482219	0.97940135	0.23305622	0.7579011	0.47472003	0.6952028	0.9389323	0.65838766	0.64026356	0.62601393	0.24425551	0.77613384	0.2355884	0.20233376	0.85376555	0.28389758	0.5755771
52036	0.48762354	0.47054732	0.29528046	0.3645461	0.8638949	0.9878155	0.7180611	0.60194784	0.22481799	0.5010348	0.30770665	0.8391187	0.30914295	0.25244683	0.9313685	0.36886242	0.6579707	0.28610006	0.83417237	0.634707	0.7851618
52045	0.946668	0.5238834	0.3276579	0.7241052	0.4602143	0.9159926	0.92561597	0.8174954	0.25702313	0.46968135	0.77791595	0.74771035	0.6299468	0.3873022	0.45548996	0.5679427	0.27135473	0.2345301	0.84422743	0.34962913	0.57447183
52046	0.95454586	0.39899698	0.28210953	0.2711292	0.931692	0.8176783	0.9448882	0.36217242	0.58662254	0.40504253	0.34560847	0.9184081	0.4111193	0.7041852	0.49963838	0.41481337	0.3915006	0.39254636	0.9119518	0.40858418	0.7683851
52049	0.9133208	0.4053457	0.5498957	0.19206257	0.937042	0.7997857	0.86895573	0.1488732	0.288221	0.46105382	0.2103122	0.796924	0.26176277	0.5276872	0.9213849	0.45747524	0.32245094	0.26083502	0.75034004	0.6690818	0.7901824
52050	1.0408993	0.34003818	0.33338746	0.19714612	0.96574783	0.9478953	1.0224671	0.1502768	0.26131487	0.4308907	0.14278087	0.93252224	0.29072124	0.29854658	0.98436195	0.38519078	0.353173	0.2448187	0.86259866	0.64561486	0.8095641
52051	0.51105505	0.4028966	0.62488335	0.19418909	0.9608807	0.9321487	0.5368559	0.12685448	0.28246567	0.45166123	0.15667892	0.8621261	0.2574481	0.236718	0.9735951	0.3759818	0.31636235	0.25940627	0.68671006	0.59841394	0.7761592
52064	0.76462257	0.35639334	0.694077	0.2171853	0.92157257	0.8537853	0.89602584	0.12313843	0.2613086	0.47224325	0.16934057	0.70189553	0.3490497	0.2970538	0.953126	0.50783366	0.29706004	0.25410655	0.7244216	0.6198729	0.7806987
52077	0.7873263	0.50457954	0.40566736	0.25161374	0.9402435	0.88728786	0.9433758	0.23398902	0.27070683	0.4458151	0.23139302	0.813632	0.35018113	0.2933708	0.9263789	0.39562264	0.31972277	0.2629841	0.8671687	0.5459397	0.8082094
52079	0.77893484	0.38200718	0.5867461	0.24157143	0.9612739	0.8871965	0.3216967	0.4755555	0.820337	0.6102243	0.20639804	0.89374584	0.41345403	0.77854544	0.28092483	0.52873987	0.32731467	0.2568081	0.8271852	0.6036079	0.8668366
52087	0.68483377	0.7011783	0.71205086	0.23552784	0.8695437	0.9254532	0.582574	0.74178064	0.3368999	0.6209089	0.28158137	0.71342254	0.5715411	0.42073205	0.34541953	0.50759226	0.79757804	0.49507874	0.81726736	0.626629	0.7076026
52088	0.6508919	0.35620853	0.8139172	0.1983353	0.9598158	0.92102504	0.54846776	0.15452479	0.30728576	0.5584329	0.16751693	0.48850593	0.2778478	0.3207301	0.90573454	0.39463127	0.32442135	0.28365216	0.68038166	0.64638543	0.76264495
52102	1.015562	0.6375089	0.48451263	0.2626609	0.8389188	0.905689	0.45110226	0.45266345	0.87033945	0.4962325	0.2556311	0.80983734	0.450392	0.87855756	0.28409433	0.46512774	0.76765245	0.3736696	0.8261249	0.5716684	0.8285276
52116	0.4177037	1.0068065	0.8834326	0.2919413	0.7222136	0.82099557	0.37182415	0.50456816	0.34786272	0.6688823	0.35089886	0.48907307	0.72912264	0.34825724	0.4096707	0.5402075	0.49711555	0.36868066	0.66116315	0.5963048	0.6820166
52118	0.6153948	0.36440265	0.7769193	0.20464908	0.9468818	0.9400874	0.538385	0.13095355	0.3457945	0.5227974	0.17074355	0.689034	0.2784681	0.30532002	0.90028167	0.3762601	0.32784235	0.2780829	0.763206	0.6311581	0.7851609
52132	0.7517557	0.4464482	0.65777457	0.24976763	0.8578972	0.85530865	0.34310204	0.17411049	0.819972	0.5571211	0.21184902	0.74001724	0.32773533	0.88603675	0.2984657	0.5825953	0.32073867	0.6990867	0.8258559	0.5382099	0.71272284
52138	0.95904875	0.4037615	0.50198084	0.24087986	0.92660064	0.90427536	0.90460753	0.15014051	0.89309573	0.48837334	0.26881427	0.79348624	0.35745612	0.57667017	0.5623181	0.4559174	0.7099916	0.7417242	0.7458531	0.60198057	0.7378039
52149	0.9423618	0.48918715	0.6376179	0.20669909	0.92987823	0.837771	1.0118655	0.14637822	0.33887917	0.47362077	0.1787943	0.6348829	0.30213946	0.30157107	1.0003219	0.4185202	0.30617228	0.26553512	0.7194309	0.6182958	0.7491205
52157	1.0201929	0.55928403	0.32757744	0.20375249	0.89054227	0.59203523	0.79256874	0.13863482	0.3608571	0.44414037	0.194095	0.8060671	0.30506554	0.61130875	0.82811165	0.39617327	0.37377462	0.678293	0.76639646	0.5927067	0.7751867
52176	0.28751835	0.6068769	0.65351665	0.80579185	0.38772923	0.44348717	0.27204734	0.57782686	0.8949349	0.50761306	0.7962205	0.38295305	0.66991913	0.83356106	0.27073514	0.76685166	0.2894202	0.2576135	0.58515894	0.3083223	0.47397903
52184	0.7487196	0.5069695	0.5134785	0.24458943	0.91195446	0.8553612	0.3196088	0.41100937	0.7675573	0.5545073	0.8116241	0.672024	0.4363257	0.69130766	0.26616886	0.6413163	0.6543929	0.39385626	0.82522476	0.6140071	0.69634634
52196	0.41976342	0.7979316	0.63598305	0.24588203	0.8800838	0.8176385	0.35212654	0.15420279	0.80203545	0.5860772	0.30790856	0.541278	0.3903601	0.8104505	0.36948252	0.49719864	0.2613348	0.25308016	0.57583207	0.53596747	0.70236653
52197	0.70250255	0.5634188	0.4803763	0.28111485	0.87048596	0.9154244	0.41739702	0.4678077	0.6629075	0.62477803	0.42797494	0.6328599	0.52513057	0.8325428	0.32890812	0.6439109	0.7717868	0.48280802	0.8068341	0.5835353	0.62561363
52198	1.0586884	0.3265277	0.3908715	0.21244027	0.96720344	0.89289516	0.7491889	0.16553962	0.84510064	0.44735235	0.22438109	0.937449	0.2845192	0.79457015	0.304005	0.4314414	0.50066406	0.30370575	0.8748944	0.57426167	0.77950644
52202	0.97100574	0.34390184	0.3839225	0.281913	0.955614	0.9190764	0.32862008	0.21460626	0.9046692	0.56272024	0.22576255	0.8565222	0.47593135	0.851825	0.27678767	0.6024602	0.471663	0.3255899	0.85074025	0.6636071	0.84325063
52217	0.5500999	0.57385266	0.7884008	0.5142017	0.7516758	0.68127847	0.3655703	0.2576358	0.60190976	0.6484631	0.24669965	0.53684294	0.31910574	0.83948153	0.61579275	0.53611624	0.28269768	0.3811063	0.61394125	0.5724685	0.5152141
52225	0.9527033	0.3928765	0.63336	0.25770804	0.85475457	0.9396513	0.49039543	0.5401851	0.8963738	0.6476328	0.25777313	0.812674	0.37586614	0.7311574	0.31329817	0.49671918	0.3108027	0.2666369	0.84588164	0.5772623	0.86852676
52251	0.91550684	0.5733696	0.30446294	0.8914776	0.34331068	0.48413083	0.37243956	0.25032407	0.4762989	0.41179124	0.73922235	0.6548488	0.45965457	0.36866534	0.27632672	0.7843067	0.28683496	0.27210552	0.6669082	0.3688153	0.6937622
52252	1.0088725	0.44504738	0.32272407	0.257321	0.9207541	0.8940111	0.36768502	0.12527591	0.2751127	0.3927649	0.23172176	0.9234956	0.28374186	0.37205628	0.9553163	0.38049394	0.9442574	0.3556836	0.8749504	0.63781786	0.81409824
52256	0.8229847	0.36652368	0.41561887	0.238264	0.96503806	0.90100086	0.3272031	0.52674174	0.78556734	0.62629783	0.20506454	0.9076715	0.47710997	0.81354	0.29331607	0.50642186	0.36589873	0.25372463	0.86057675	0.6366943	0.87792945
52282	1.0200908	0.42383	0.36628163	0.19427264	0.9499193	0.8597356	0.7889248	0.123128295	0.31538427	0.40252718	0.18763502	0.92529744	0.26496446	0.4952232	0.97882116	0.40237874	0.364536	0.30669034	0.8211044	0.6366905	0.8107893
52284	0.7518286	0.53997844	0.7398314	0.22777592	0.92192674	0.93854046	0.39076364	0.64658725	0.6313536	0.6012318	0.5225872	0.89490426	0.5983318	0.7775234	0.36789885	0.6173705	0.7014521	0.63022244	0.7794134	0.66113997	0.68054867
52289	0.9661695	0.33872682	0.5404909	0.22025186	0.94580114	0.96632135	0.3212319	0.23722553	0.9271513	0.6063038	0.24539088	0.85880244	0.3244995	0.8065672	0.32738814	0.46671575	0.3862276	0.36705112	0.8572617	0.6819223	0.8617941
52290	0.3145568	1.037983	0.95122916	0.426631	0.36941925	0.49518842	0.2891748	0.2515437	0.59878826	0.60394496	0.7011289	0.39993498	0.50743157	0.7890534	0.34546176	0.535765	0.23595151	0.27543685	0.44168925	0.29405388	0.44147784
52305	0.5838115	0.6534068	0.62768406	0.22308044	0.84509295	0.8049371	0.36627084	0.625629	0.38828677	0.49161428	0.22139275	0.7243965	0.49325103	0.7345657	0.27419406	0.68224436	0.83668625	0.48239672	0.8706515	0.63707745	0.6828589
52312	0.9538982	0.80149055	0.81318223	0.22896272	0.9052152	0.9571911	0.36403698	0.66232294	0.57100385	0.59682226	0.28647566	0.93659914	0.72347426	0.74337685	0.2730409	0.4748588	0.86182696	0.5806682	0.9314157	0.59925985	0.86134195
52316	1.0301365	0.38274154	0.2723063	0.19310766	0.9280901	0.48019832	0.81271887	0.4442049	0.7319269	0.43010396	0.2121662	0.8558173	0.53370005	0.74532044	0.5055407	0.7739027	0.8168958	0.9725105	0.77721363	0.677768	0.7689882
52323	1.0685873	0.4008147	0.26831654	0.2002771	0.95526403	0.7800575	0.83950925	0.4777855	0.2532288	0.44987887	0.21842015	0.88443846	0.3995129	0.55455875	0.44853714	0.4503626	0.751554	0.44139618	0.8104754	0.66284025	0.81119573
52327	0.89378524	0.6392995	0.3879734	0.24896055	0.8168362	0.5243178	0.36887294	0.20509805	0.48452556	0.47242898	0.26939207	0.68654186	0.54384935	0.7027085	0.32006198	0.6321546	0.54811937	0.47653988	0.7387385	0.58726907	0.6768807
52330	0.683891	0.35946035	0.40571818	0.8705993	0.29824346	0.9743527	0.8831955	0.8574091	0.7176557	0.5357508	0.93294746	0.9115251	0.72045326	0.27689406	0.30859578	0.79375136	0.3553553	0.27000642	0.86030996	0.3043325	0.7743562
52337	0.59666854	0.5065698	0.8991533	0.24191348	0.43413448	0.60081536	0.36982965	0.82900786	0.31099075	0.5909474	0.34129316	0.8896587	0.8255379	0.50496966	0.23458612	0.7612217	0.7515541	0.45779416	0.74111086	0.60435593	0.5968194
52338	0.9224265	0.41531357	0.27804497	0.25985208	0.88799274	0.67079604	0.43752384	0.53405565	0.9018068	0.45253715	0.23517038	0.9288704	0.66674745	0.57759947	0.28166324	0.446922	0.87338	0.53404576	0.8105242	0.6432606	0.8129361
52339	0.90969056	0.5800716	0.53055507	0.38604885	0.53306425	0.8555031	0.5412709	0.70132035	0.33223486	0.5474937	0.72014827	0.88647306	0.76108074	0.75407	0.36151025	0.73711854	0.301223	0.39037615	0.8139181	0.39795527	0.6819543
52341	0.5239993	0.7725968	0.80650765	0.21340026	0.8905707	0.93233997	0.339953	0.48860958	0.8578918	0.65116024	0.33145368	0.63749665	0.50193423	0.80579627	0.29075757	0.47159275	0.5662373	0.36241382	0.7969608	0.65208364	0.8076834
52343	0.5101321	0.86469513	0.8885297	0.2387026	0.9500799	0.6725957	0.5006659	0.7316337	0.52785033	0.6533519	0.32803667	0.4248602	0.6263524	0.46733025	0.30244076	0.5788251	0.66807765	0.41958514	0.63467044	0.6574867	0.611741
52347	0.81434834	0.5014495	0.5130493	0.25364265	0.9139772	0.85022485	0.26223406	0.7352126	0.3452536	0.44023943	0.2835162	0.7910191	0.38521212	0.7496609	0.285959	0.5332158	0.69884676	0.80682135	0.87471753	0.6408676	0.7316753
52356	0.4169134	0.5305763	0.83506525	0.2659069	0.87710726	0.5201815	0.30667448	0.7768839	0.34320128	0.50600606	0.35125944	0.6218183	0.41289705	0.5354476	0.2575183	0.75505	0.52528006	0.25695878	0.64304703	0.59847856	0.681056
52365	1.0308222	0.38340828	0.2518039	0.2580725	0.8461343	0.62922716	0.5036633	0.69081724	0.6262906	0.37623966	0.27379298	0.9420988	0.48630062	0.27813402	0.26725549	0.6105397	0.88707435	0.9509627	0.85984975	0.63066244	0.55879396
52368	0.29649377	1.0255245	0.82591283	0.56069213	0.5469935	0.6223783	0.25946867	0.7917476	0.2819458	0.6284653	0.70272267	0.47266105	0.7894872	0.25508326	0.24626744	0.6850826	0.28978008	0.23372166	0.5483389	0.5341848	0.48013055
52369	0.99007547	0.54016614	0.37791422	0.34530255	0.7979803	0.7803958	0.42475533	0.1983273	0.3974405	0.4012286	0.21819182	0.94638526	0.57624173	0.5003025	0.32015306	0.65198475	0.90429956	0.7051911	0.8268994	0.63962126	0.7801393
52371	0.34940398	0.95529103	0.80499995	0.27790314	0.8397471	0.93054086	0.33502263	0.36027932	0.29788506	0.67645025	0.63000166	0.7878354	0.478779	0.28562823	0.41829503	0.77934784	0.37187	0.24806157	0.600668	0.61189294	0.5197272
52373	0.5674677	0.5986955	0.7092154	0.3237485	0.8277861	0.9614429	0.26483178	0.804447	0.41852954	0.6835252	0.46467566	0.781957	0.4971244	0.4260255	0.29238293	0.58335507	0.5951325	0.26136777	0.8572871	0.5630697	0.732843
52374	0.70207554	0.70146424	0.53800714	0.30796278	0.7470294	0.7756791	0.4750759	0.78510696	0.23389953	0.55022186	0.2951148	0.8708218	0.66258943	0.5352756	0.32806408	0.5953139	0.776467	0.35080603	0.7920241	0.630594	0.6546895
52378	1.0436178	0.44760948	0.28983194	0.19231173	0.93475354	0.52575624	0.6531724	0.71367615	0.25978374	0.4283883	0.19204585	0.8896433	0.5332289	0.36134502	0.27715936	0.5974928	0.8076565	0.7209698	0.86735094	0.6285993	0.71741706
52396	0.920012	0.44869918	0.35128435	0.19722655	0.9239234	0.760105	0.3680191	0.67626065	0.53983796	0.45379314	0.22901812	0.8569661	0.47059727	0.57571125	0.28291696	0.5903551	0.86177856	0.7495912	0.87014294	0.61060846	0.757426
52398	0.983733	0.49721044	0.486294	0.21829191	0.9153373	0.54031587	0.83003795	0.6653836	0.12599066	0.5272757	0.22645186	0.7800853	0.58214897	0.21026564	0.72269034	0.51635665	0.49145374	0.62234384	0.76066315	0.6400472	0.61021066
52420	0.9334295	0.36394888	0.6174718	0.82142687	0.16336742	0.83875614	0.45433885	0.16073054	0.8811161	0.62585855	0.7450462	0.8933741	0.31954128	0.7808177	0.2849789	0.88666666	0.27289572	0.2542734	0.86862946	0.2724003	0.66505104
52428	0.9320656	0.45413554	0.31768525	0.38130766	0.73678756	0.83361584	0.4658882	0.19308764	0.90721506	0.42674765	0.24371737	0.7633567	0.44585457	0.83422416	0.3999076	0.53370047	0.38437936	0.6444188	0.77511114	0.5934764	0.7521455
52434	0.3446109	0.43886045	0.53978825	0.8299766	0.25657472	0.87442863	0.33523744	0.746048	0.37374923	0.6779253	0.9663908	0.7257904	0.9343834	0.44969073	0.2553181	0.83529085	0.26499465	0.23022573	0.902034	0.27701578	0.61251265
52441	0.7987738	0.40247118	0.41858038	0.8305929	0.16866538	0.846314	0.768656	0.207856	0.85397315	0.45433536	0.7161506	0.86066055	0.37959325	0.67395747	0.3301138	0.8322382	0.3018767	0.26917273	0.8259439	0.28230333	0.6330642
52444	0.84088993	0.49026218	0.35239783	0.7888156	0.39162228	0.7889455	0.4134758	0.18551585	0.8484206	0.45305407	0.61521983	0.85252416	0.70661426	0.7781532	0.2509937	0.6542088	0.3139083	0.2501416	0.78835285	0.3838923	0.7679113
52448	0.9381687	0.5330853	0.27554	0.9411205	0.1895647	0.6076419	0.42182547	0.1733001	0.9073549	0.41702124	0.7278006	0.6759067	0.6158626	0.9051888	0.2631844	0.69879496	0.31670558	0.24480975	0.74847525	0.32646304	0.56418294
52451	0.5599485	0.5400643	0.5624345	0.3799352	0.6796981	0.8275604	0.4276548	0.29095963	0.5691573	0.49364105	0.48985687	0.5002144	0.2843474	0.63919145	0.5086493	0.62085974	0.5133564	0.35874808	0.65963185	0.5447006	0.5380769
52452	0.46577746	0.90317607	0.8821305	0.30250084	0.68076766	0.63759786	0.3972283	0.19857626	0.6013905	0.48572043	0.27809674	0.84250766	0.57117623	0.84812254	0.3709824	0.676731	0.39791125	0.26687464	0.6371099	0.55544245	0.51791847
52458	0.43083084	0.5020964	0.42724338	0.9992928	0.15387723	0.97625774	0.40741313	0.7797427	0.56862897	0.561565	0.88192344	0.6682581	0.5474872	0.70811236	0.2875958	0.69535136	0.24851885	0.20951745	0.838545	0.33431685	0.6134935
52467	0.8806299	0.51385796	0.32945973	0.73929673	0.14866412	0.85843325	0.4484144	0.5079412	0.6303674	0.45373267	0.6426347	0.6870736	0.38469553	0.8221412	0.5133778	0.6348407	0.26713076	0.302644	0.64619136	0.32058373	0.45822674
52472	0.4786304	0.74141216	0.427119	0.978837	0.22846779	0.5587305	0.5902221	0.6323528	0.56395626	0.54881376	0.6013159	0.41829363	0.6792305	0.599076	0.41177776	0.712679	0.2576678	0.23181725	0.73997384	0.2659181	0.46669048
52487	0.3304879	0.42870277	0.88321	0.9629322	0.17656466	0.87404615	0.4002859	0.13121532	0.9512972	0.63446236	0.64248693	0.78613865	0.46516976	0.85292375	0.2564053	0.8600169	0.2793397	0.23516315	0.8010833	0.2891103	0.66453344
52488	0.7886874	0.8647689	0.5670563	0.29313675	0.81269896	0.68056375	0.3247649	0.15829083	0.8987498	0.43268177	0.30119565	0.7449556	0.5685789	0.8674377	0.25243735	0.6314285	0.8400833	0.6274818	0.7715716	0.55347943	0.5840999
52501	0.9292044	0.46090782	0.30262735	0.90185094	0.17964515	0.91906726	1.0190306	0.21523885	0.8738	0.5130697	0.829121	0.8776235	0.32747647	0.61431295	0.54957545	0.55145735	0.260241	0.24048251	0.818862	0.34493932	0.7703012
52502	0.38199535	0.49458838	0.65737313	0.93362224	0.1887759	0.8763034	0.6524148	0.54717106	0.67563754	0.50212264	0.86436534	0.8276123	0.34701386	0.3164694	0.48833334	0.74123335	0.25739133	0.24193755	0.8239558	0.3152853	0.6680538
52520	0.8950436	0.5069922	0.33764526	1.0019999	0.21797854	0.68389225	0.99142903	0.39269745	0.41016883	0.42159468	0.9394387	0.53543824	0.51221144	0.30939803	0.8245191	0.7528645	0.29709482	0.27869383	0.51302403	0.30621696	0.40716982
52521	0.9629895	0.57483476	0.26912627	1.011005	0.14732921	0.60985816	0.34998274	0.25102392	0.8523997	0.48257345	0.8755165	0.50899786	0.6018188	0.8204084	0.2478826	0.7516635	0.27026403	0.21805532	0.674992	0.2911814	0.5040959
52530	0.9985048	0.39771834	0.24418283	0.28464448	0.8834692	0.8292673	0.3602115	0.27113396	0.7878466	0.47827354	0.22452438	0.8457761	0.3994518	0.8001411	0.33710068	0.56000376	0.33657235	0.30315256	0.74443907	0.5288173	0.8195327
52533	1.0429376	0.33063966	0.8129634	0.8614021	0.30334017	0.5662564	0.3076455	0.1733981	0.7190648	0.40433913	0.6878011	0.7635844	0.29042837	0.8994034	0.38240886	0.4779242	0.29921308	0.46538877	0.7941025	0.3227677	0.53013724
52534	0.8871705	0.5374833	0.31968546	0.88544047	0.20136914	0.42174378	0.83464706	0.41326097	0.36776888	0.4304406	0.72671175	0.5252011	0.57002777	0.30943882	0.57101715	0.77087504	0.31145945	0.2676661	0.5971673	0.30534557	0.36502692
52541	0.5691779	0.5435178	0.5742904	1.0136019	0.15140104	0.86332583	0.348269	0.5621337	0.66159546	0.5957655	0.927003	0.8130575	0.67560387	0.6725056	0.21476516	0.8211572	0.27506807	0.22595847	0.8368565	0.26842654	0.62330955
52550	0.9205789	0.4126519	0.4342341	0.8285212	0.1964038	0.69939905	0.5864602	0.19964546	0.8583259	0.41101524	0.77043325	0.7557926	0.6113033	0.8118084	0.37108302	0.8146903	0.3538671	0.41366845	0.82260686	0.3296466	0.6089912
52551	0.6977481	0.46979192	0.35371068	0.9463053	0.16432771	0.85878545	0.6087028	0.6390417	0.82101274	0.6068745	0.92470807	0.67317915	0.614337	0.807914	0.27223757	0.76349175	0.27974528	0.19959617	0.866819	0.27641544	0.6277136
52558	0.9800478	0.66639143	0.54077	1.0296077	0.15591887	0.52699256	0.2599013	0.35747206	0.88303924	0.51275855	0.79765534	0.5781984	0.60941607	0.7913029	0.24171805	0.77298206	0.25033912	0.243454	0.7739626	0.28963378	0.50041884
52562	0.9344149	0.38586143	0.5298563	0.88609034	0.14683634	0.77010393	0.7093975	0.16868831	0.864216	0.4162824	0.8562099	0.8897646	0.32549703	0.74116117	0.30360773	0.84480023	0.26911613	0.24676876	0.72742665	0.25873038	0.47921067
52571	0.43297613	1.0287509	0.3314781	0.98286337	0.27881137	0.57496566	0.34096253	0.26449248	0.8380298	0.5915706	0.83003116	0.42415833	0.7175152	0.86389273	0.2378484	0.73951393	0.2967553	0.2527598	0.6078304	0.35726184	0.4121997
52578	0.4349048	0.49853492	0.8799159	0.9432424	0.13551974	1.0481296	0.26690996	0.784122	0.30737042	0.7106634	0.9612578	0.7652223	0.60264087	0.412657	0.26807684	0.7907646	0.2564932	0.21077704	0.82721823	0.30713385	0.60527045
52579	0.9220475	0.36340657	0.3952175	0.8468358	0.20659211	1.0149562	0.7315783	0.8313157	0.7718637	0.5997543	0.99502796	0.86931723	0.44283432	0.19902886	0.4295999	0.83824396	0.28368577	0.24604794	0.887908	0.26781428	0.82636046
52584	0.50019026	0.62205386	0.6203103	0.45648092	0.37946996	0.63222426	0.25165606	0.5986588	0.63810784	0.52087265	0.65300536	0.7199796	0.6074193	0.7578991	0.2621961	0.7557183	0.23293215	0.22470567	0.87698275	0.31301218	0.6036745
52591	0.97873175	0.42002153	0.3041718	1.0153497	0.1603758	0.7998521	0.3592528	0.18587391	0.8983349	0.43911934	0.97212857	0.8560368	0.6019569	0.8516105	0.21400663	0.8109948	0.262377	0.22916327	0.89377815	0.26125145	0.5684607
52593	0.5464237	0.5628516	0.63897765	0.45062593	0.69892025	0.97256756	0.25513113	0.8645491	0.23921949	0.56974286	0.4606639	0.6943564	0.6054164	0.3127612	0.26722702	0.71813786	0.32908937	0.29031655	0.88863224	0.53232956	0.71761495
52594	0.6938813	0.45495066	0.38540858	0.9382073	0.12534934	0.99444395	0.87697875	0.8899596	0.69735825	0.5820531	0.98056996	0.8098097	0.41164744	0.20307289	0.37812656	0.86458164	0.27649778	0.24953927	0.87223315	0.26552075	0.7427142
52596	0.99626637	0.5475913	0.33008227	0.91294104	0.26924905	0.58231115	0.36465806	0.14919482	0.9114746	0.4075785	0.7356826	0.85286593	0.5147247	0.8804779	0.27019072	0.6911236	0.2881243	0.23518854	0.76840365	0.31943178	0.5247793
52598	0.4216642	0.3607639	0.74601495	0.8518263	0.17997	1.0038035	0.8194549	0.8963098	0.7238867	0.6720719	0.9888868	0.92601657	0.70731354	0.24103081	0.27614322	0.8851969	0.27247363	0.23606785	0.9266277	0.25520092	0.8195239
52614	0.9931681	0.38890654	0.25145486	0.8289216	0.24027297	0.7373206	0.36778665	0.15644582	0.8923689	0.40453687	0.87102985	0.7992144	0.5782404	0.7687706	0.29502738	0.80601615	0.29115802	0.3072685	0.8243445	0.44332442	0.44684467
52625	0.9136888	0.7625442	0.65707916	0.21040976	0.89482147	0.78149027	0.3085137	0.11962849	0.88437605	0.5675942	0.219094	0.8101796	0.39772707	0.8489708	0.32794097	0.5354641	0.96655726	0.74782056	0.80210185	0.6052792	0.81529194
52626	0.6368938	0.7619426	0.55692804	0.59847957	0.5094141	1.0133926	0.3793713	0.37238514	0.6259941	0.56530255	0.7661056	0.83104956	0.41436803	0.85050976	0.34364748	0.5323882	0.3024069	0.24549608	0.86049306	0.39853168	0.65186936
52627	0.8189476	0.40962547	0.41321418	0.201199	0.92486453	0.95240456	0.40989172	0.13382906	0.3957464	0.42105615	0.22224373	0.90592754	0.27379164	0.6224162	0.8866576	0.37906232	0.39541575	0.26860598	0.93829966	0.6112132	0.8209972
52628	0.3813876	0.40351647	0.715307	0.96669656	0.14516917	1.051113	0.20931686	0.78471136	0.36755314	0.70400983	0.9426886	0.77693504	0.5650818	0.46874028	0.25454366	0.8084201	0.243847	0.20672274	0.7891879	0.28680226	0.58922845
52633	0.38937122	0.65587646	0.79342353	0.93635124	0.21171713	0.666407	0.32105	0.2449258	0.435911	0.5589132	0.6932457	0.60184443	0.5129924	0.8144272	0.3074394	0.5565195	0.24435106	0.21360591	0.81470996	0.27955288	0.41582718
52635	0.91375226	0.46008134	0.36977428	0.97015446	0.13734713	0.78835315	0.43354636	0.25730303	0.73133606	0.4922939	0.9557825	0.84180826	0.6947526	0.68040603	0.25553942	0.8433027	0.26059046	0.23207231	0.8453619	0.27025482	0.5403331
52637	0.9492798	0.45131257	0.44647592	0.22201753	0.9143944	0.767846	0.4670695	0.36470145	0.80176884	0.50545454	0.34861696	0.845828	0.57674915	0.7739373	0.30480048	0.6274627	0.51774716	0.4611703	0.8488817	0.6097157	0.8197868
52645	0.79257846	0.4660491	0.43521926	0.3078462	0.18202123	0.9527239	0.3067839	0.6078298	0.6514812	0.56602436	0.96577895	0.56127495	0.38520762	0.84706414	0.30164844	0.7575716	0.26747754	0.22169358	0.7290814	0.35058326	0.5310571
52648	0.47155508	0.4823733	0.520226	0.8914252	0.1800997	0.9372485	0.47238857	0.61604095	0.7082833	0.5239164	0.85147697	0.6640656	0.3613061	0.83920264	0.39114013	0.65620303	0.25562003	0.2328471	0.7801114	0.31626204	0.53525126
52658	0.48518145	0.55258477	0.71535313	0.8970971	0.39064738	0.69136435	0.2648228	0.65662503	0.70726186	0.6254637	0.80503744	0.5743801	0.66288215	0.739924	0.2751426	0.8338413	0.27517468	0.27248982	0.79566646	0.31141338	0.61738944
52667	0.36523047	1.0409323	0.84598917	0.9274968	0.19633213	0.65921795	0.49906236	0.66227764	0.6660541	0.6626851	0.8834081	0.39997664	1.0315045	0.8081793	0.33171928	0.5764012	0.29016668	0.2637239	0.49714923	0.3519475	0.5691465
52679	0.31254858	0.66180766	0.7068518	0.71400064	0.24085355	0.47108087	0.25360507	0.39814782	0.36991048	0.50681037	0.5208942	0.8821457	0.711059	0.78646326	0.25282955	0.7713238	0.31342268	0.51726234	0.8139845	0.30703425	0.51129246
52689	0.48974642	0.49083573	0.516519	0.31376788	0.75030726	0.8264399	0.34500772	0.20287095	0.8590835	0.6094226	0.40061328	0.8986843	0.48377293	0.83033556	0.27715647	0.39227092	0.43678007	0.6657759	0.84578186	0.48367673	0.83728725
52703	0.40181163	0.42840785	0.85663474	0.7369184	0.4492237	1.0024447	0.80042386	0.86744213	0.7579044	0.6743726	0.99582374	0.9344135	0.6845804	0.49121138	0.75021845	0.91258425	0.2516123	0.2331167	0.93586975	0.27183264	0.8347241
52704	0.6463014	0.60166734	0.4494185	0.6862076	0.52975184	0.9523337	0.40240175	0.6187598	0.8252379	0.5006443	0.73442966	0.79077965	0.55737096	0.6080624	0.2794143	0.49893963	0.4566715	0.41339934	0.8058099	0.519508	0.8094197
52706	0.7699487	0.7207362	0.5871554	0.9030018	0.16007808	0.8678738	0.36318022	0.639174	0.63672334	0.5037236	0.70389044	0.57204616	0.6929377	0.82353646	0.3512442	0.7405564	0.30244032	0.26173937	0.8192058	0.3204315	0.53308666
52709	0.94642645	0.52581316	0.31725404	0.5067931	0.4322881	0.68522626	0.46647757	0.55452645	0.7023104	0.41531247	0.5815382	0.7268144	0.52691966	0.85199755	0.40902382	0.7228797	0.34702596	0.3116931	0.70197535	0.39999765	0.49860558
52716	0.29572037	0.45602408	0.5624824	0.7839427	0.22847268	0.6781477	0.324291	0.2168665	0.83290523	0.59765315	0.6134839	0.8191154	0.78294075	0.8339061	0.24061835	0.7252695	0.30781987	0.2759523	0.8146573	0.31296468	0.54196936
52718	0.36211324	0.70390934	0.47774917	0.6169784	0.614019	0.89614457	0.55309796	0.55250525	0.48046035	0.49540877	0.40042868	0.8769593	0.6329446	0.8380638	0.34172672	0.38240853	0.39884958	0.27052146	0.850724	0.44853425	0.7935719
52731	0.6305484	0.55308324	0.6010133	0.7747173	0.32011768	0.74583304	0.35256833	0.86260056	0.35329476	0.5404571	0.93231106	0.6137888	0.94295305	0.47395426	0.24366695	0.5789174	0.34397754	0.29776856	0.6717065	0.62357354	0.42097244
52732	0.35320413	0.39267865	0.88127446	1.0080497	0.15590334	0.99380296	0.46329647	0.62000364	0.8357251	0.6906679	1.0047	0.86305135	1.0254655	0.7108189	0.2287359	0.9147427	0.2600142	0.2226094	0.90580106	0.2492832	0.80557996
52738	0.52155364	0.74535877	0.7414324	0.83706397	0.2889222	0.64604986	0.2715516	0.5460403	0.41649213	0.6160927	0.80228466	0.61641914	0.5694827	0.6869914	0.35608363	0.6797175	0.2862242	0.2950619	0.9058766	0.33106264	0.6026109
52739	0.670785	0.87755287	0.842374	0.8061725	0.256895	0.8248464	0.56485546	0.5447499	0.5355337	0.57564753	0.6840497	0.4197765	0.767294	0.6221444	0.5474921	0.66097605	0.32614565	0.27233395	0.68081325	0.36790124	0.57804173
52742	0.3572849	0.6794033	0.61512697	0.8524144	0.81185234	0.8113178	0.702526	0.7283422	0.7179761	0.5476421	0.8708985	0.9342505	0.9408095	0.44128206	0.49912384	0.4327487	0.32434508	0.26304692	0.90458506	0.36034328	0.8238372
52768	0.3736372	0.7319722	0.79917127	0.72342587	0.5795464	0.6725928	0.3610847	0.73025936	0.28317943	0.6160561	0.86392325	0.54489297	0.9764793	0.19844833	0.2900157	0.6451034	0.27299246	0.25542974	0.7644991	0.66066754	0.51030093
52777	0.42358088	0.570099	0.47105342	0.7148303	0.3194102	0.9205863	0.29432553	0.704445	0.4994757	0.45924887	0.56198657	0.7178481	0.42877218	0.7469017	0.29299054	0.6026434	0.3421679	0.2951386	0.8509699	0.37846017	0.7006984
52778	0.51223314	0.5224768	0.4078295	0.52397317	0.5425192	0.9249571	0.6833001	0.29333872	0.52744037	0.4132447	0.661503	0.8159176	0.31505355	0.82879853	0.52370423	0.5013237	0.31682247	0.24881722	0.75960463	0.46564132	0.74679875
52782	0.9956835	0.51715255	0.38042054	0.47638795	0.5401334	0.6866539	0.3398679	0.20526572	0.5273698	0.4310998	0.53049874	0.77754676	0.51086515	0.70885456	0.35037565	0.7073043	0.29855302	0.3131778	0.82489365	0.42769942	0.67428696
52784	0.8081189	0.58269227	0.5114967	0.5766287	0.5935045	0.83985835	0.28607613	0.18535303	0.849173	0.44553402	0.49849573	0.82732844	0.626648	0.8140674	0.24994794	0.51589847	0.51988745	0.9398232	0.85868657	0.4698617	0.7183442
52802	0.4794779	0.60569316	0.36051375	0.4570606	0.69813925	1.0122515	0.29526752	0.34525922	0.23496076	0.4476161	0.58307	0.8691661	0.515751	0.72335386	0.43963274	0.49566138	0.377968	0.26633224	0.85261315	0.511255	0.8073198
52821	0.9573227	0.46116507	0.33125165	0.70355535	0.48519048	0.8023968	0.36011738	0.1653478	0.7308441	0.5003066	0.52782595	0.9390085	0.4472258	0.83702016	0.25976518	0.48342407	0.364244	0.37353477	0.83334357	0.41035372	0.6215571
52822	0.46545216	0.45235908	0.29942143	0.33315313	0.59244347	1.0207425	0.6943223	0.1988491	0.35383135	0.44702765	0.5247318	0.7862326	0.33742452	0.850092	0.74303275	0.5180942	0.3314812	0.24923526	0.8662838	0.49240208	0.7783304
52823	0.38069245	0.54455185	0.67731047	0.7078977	0.4070745	0.82879347	0.9608732	0.6031183	0.7504192	0.46783993	0.9626826	0.7702577	0.4384813	0.70564026	0.4840938	0.61567897	0.2733902	0.49722442	0.82045835	0.3296637	0.6563501
52826	0.7018147	0.54539454	0.3592031	0.49833855	0.72608006	0.8554972	0.35944223	0.6930572	0.2534281	0.52357095	0.43521032	0.7844487	0.6580616	0.5132	0.23644257	0.5832476	0.33407322	0.34621325	0.8428199	0.5302229	0.7846782
52827	0.7283068	0.56035405	0.3631858	0.5295736	0.5141568	0.7939196	0.34710574	0.25263047	0.6110104	0.5515439	0.48523843	0.7024383	0.46877623	0.7546257	0.2760445	0.6752727	0.45840657	0.98164654	0.80191123	0.52479756	0.76324856
52828	0.36177337	0.74068403	0.7728999	0.28049272	0.63969314	0.57190716	0.29078394	0.18915938	0.641978	0.5857117	0.48773474	0.54157305	0.5320716	0.85587204	0.41074243	0.6633416	0.6196119	1.0036567	0.7879378	0.48733357	0.59923106
52829	0.61376506	0.55648935	0.54720753	0.44678414	0.53368884	0.5933345	0.28372175	0.69967407	0.6059215	0.40755975	0.6142395	0.8035389	0.52982444	0.71107274	0.23166892	0.71001863	0.43073705	0.26479912	0.67721593	0.49274275	0.48895302
52833	0.39356506	0.95040596	0.76169854	0.24757595	0.8670572	0.51763785	0.50119364	0.51546425	0.5220177	0.5110308	0.38077837	0.67994845	0.590726	0.8051273	0.4661795	0.72597903	0.40067306	0.43660614	0.7376284	0.5818907	0.61810297
52857	0.40611783	0.8739035	0.6468917	0.32905814	0.8220419	0.44650465	0.32293612	0.31227797	0.44758493	0.5824338	0.54824436	0.7354993	0.77866036	0.5659924	0.2787166	0.78723645	0.34572035	0.24812676	0.707905	0.48400688	0.36421522
52859	0.8353748	0.78202426	0.61956006	0.34028074	0.57228523	0.88110095	0.29412276	0.75008255	0.5923275	0.4416264	0.53963697	0.7582111	0.43289512	0.8552342	0.24026996	0.6001559	0.3891349	0.5099531	0.84622985	0.45566955	0.707362
52860	0.7080783	0.6694253	0.32478315	0.36938024	0.5344443	0.75012106	0.40620977	0.32719633	0.7001824	0.45926738	0.6552088	0.52235967	0.5359917	0.8631207	0.24209496	0.70700526	0.39725596	0.4187839	0.7856063	0.48412478	0.60688615
52866	0.63650346	0.7710425	0.721045	0.27555946	0.9302745	0.82455796	0.2965297	0.28497544	0.850464	0.5972991	0.36490023	0.53803355	0.39468268	0.9019894	0.26368934	0.575292	0.6625716	0.88044715	0.7548545	0.5124799	0.7287825
52874	0.8700255	0.58059704	0.4830603	0.6310582	0.7599719	0.5715467	0.482908	0.64765537	0.26695243	0.4348226	0.38908252	0.7066437	0.6301946	0.6029523	0.4189473	0.5665358	0.43479106	0.7836552	0.61375433	0.6280327	0.51349986
52895	0.6409128	0.47887444	0.34407967	1.0094804	0.18604586	0.71714306	0.30157375	0.16688502	0.8813327	0.44124234	0.82423586	0.72753036	0.671305	0.7922246	0.24276903	0.77341425	0.29353002	0.24905841	0.81967777	0.31455943	0.52223736
61003	0.9726278	0.3643382	0.4908606	0.89562684	0.13191646	0.78535885	0.41829067	0.131474	0.8813835	0.47781762	0.6253349	0.70349634	0.33335	0.8534655	0.34421352	0.7940603	0.27910465	0.33439425	0.80696994	0.29216826	0.45966578
61018	1.0761129	0.3307161	0.23469949	0.21728496	0.98281133	0.88680524	1.0860021	0.15198956	0.9879137	0.44874004	0.18079297	0.9500862	0.4308269	0.9311102	0.3714866	0.49869648	0.5735508	0.91692513	0.92683786	0.6231004	0.82084066
61021	0.795132	0.47978744	0.49418676	0.23751228	0.8487286	0.974485	0.80318165	0.6324355	0.72910243	0.48883012	0.37389767	0.8885123	0.35005248	0.8773385	0.324427	0.6561486	0.7760875	0.68205184	0.79253924	0.6551069	0.6822182
61031	0.38977134	0.90874195	0.782655	0.8660848	0.31972793	0.89631975	0.43679386	0.4381798	0.8189429	0.5296834	0.81482357	0.6604106	0.6307555	0.7871566	0.37598538	0.4183943	0.3574029	0.30994976	0.7950586	0.35351738	0.68583715
61055	0.66889536	0.73609895	0.39569917	0.377799	0.6795042	0.89551145	0.41624016	0.3129274	0.4414794	0.5163313	0.41882765	0.8248683	0.54815996	0.74534374	0.30271608	0.62915957	0.4094025	0.52704453	0.895813	0.5167922	0.75705004
61071	0.4595331	0.61912465	0.6269672	0.75813496	0.2978008	0.8734057	0.28863424	0.25451124	0.73803943	0.5363325	0.79713297	0.8087978	0.74783033	0.76214266	0.24427918	0.57391834	0.38368118	0.287263	0.8729447	0.39766404	0.528206
61094	0.34552398	0.4201683	0.72216165	0.7076278	0.38272965	0.9107758	0.4789076	0.62583417	0.72836024	0.6661653	0.88845617	0.64148796	0.68121135	0.7707681	0.2957696	0.8076801	0.27601036	0.21479772	0.7978989	0.2666338	0.7294674
61096	0.3375745	0.6949058	0.4456754	0.82946074	0.31955242	0.6666305	0.3200488	0.32919753	0.7088653	0.4930914	0.6324979	0.5496614	0.73192286	0.78673327	0.28868616	0.7785677	0.28702325	0.25451064	0.7904313	0.3373717	0.62300456
61097	0.4121449	0.578124	0.8406508	0.98212737	0.15840963	0.8227621	0.3947878	0.655761	0.77680004	0.56805474	0.9171864	0.6579697	0.8014267	0.69489944	0.2288174	0.8217633	0.24491791	0.23331645	0.827222	0.26978916	0.5521098
61098	0.5320288	0.55733925	0.52657974	0.7142818	0.48577037	0.6728692	0.33444822	0.64212114	0.3838393	0.44788113	0.38362038	0.73205847	0.46119663	0.51543957	0.29967114	0.4258394	0.37846938	0.28692448	0.71927327	0.3744038	0.55122274
61099	1.0466456	0.37322065	0.31352526	0.33549047	0.91154796	0.6308959	1.0287746	0.2455466	0.37935257	0.40349093	0.277931	0.95195377	0.5450041	0.34449816	0.84149563	0.73449427	0.31170923	0.2513369	0.8434309	0.5395827	0.7739623
61101	0.3143267	0.9724033	0.83444536	0.8197584	0.27233654	0.5646322	0.2739522	0.7899511	0.38871574	0.5883375	0.77470994	0.59639794	0.7491141	0.74846333	0.22818136	0.7380761	0.29894352	0.2492907	0.8587375	0.28077558	0.4672107
